[min_gap] fleurs-en-multi: 2.51word/초 × 1200ms → --min-gap 3  (출처 alignment:fleurs_nway_en-de_multi_loop405_unittimes.json)
[grid] min_gap=3 에서 유도: --t-grid [4, 6, 12] --final-t-grid [4, 6, 8, 12]  (도달 가능한 최소 조각 ≈ 3.9단위, 그 아래 T 는 포화한다)
[data] fleurs-en-multi: 전체 405, train 40 / dev 265 / test 100
[profile] English / 어순 SVO — main clauses in the sample show Subject then Verb then Object/Complement (e.g. "Arthur Guinness signed...", "Blood goes away from the heart"). / 띄어쓰기 True(측정) / 타깃 띄어쓰기 True
[translator] local:google/madlad400-3b-mt:ko:ctx=False (대표 타깃 Korean)
[targets] 5개: Korean, Japanese, Chinese, Spanish, German  (목적함수 = 타깃별 z-정규화 effective 의 평균)
[profiler] prompt_v0 작성 완료 (10827자)
/home/mobility/STiTy/.venv-autoseg/lib/python3.10/site-packages/torchmetrics/utilities/imports.py:23: UserWarning: pkg_resources is deprecated as an API. See https://setuptools.pypa.io/en/latest/pkg_resources.html. The pkg_resources package is slated for removal as early as 2025-11-30. Refrain from using this package or pin to Setuptools<81.
  from pkg_resources import DistributionNotFound, get_distribution
Encoder model frozen.
/home/mobility/STiTy/.venv-autoseg/lib/python3.10/site-packages/pytorch_lightning/core/saving.py:197: Found keys that are not in the model state dict but in the checkpoint: ['encoder.model.embeddings.position_ids']
/home/mobility/STiTy/.venv-autoseg/lib/python3.10/site-packages/pytorch_lightning/utilities/_pytree.py:21: `isinstance(treespec, LeafSpec)` is deprecated, use `isinstance(treespec, TreeSpec) and treespec.is_leaf()` instead.
Device set to use cuda:0
/home/mobility/STiTy/.venv-autoseg/lib/python3.10/site-packages/pytorch_lightning/utilities/_pytree.py:21: `isinstance(treespec, LeafSpec)` is deprecated, use `isinstance(treespec, TreeSpec) and treespec.is_leaf()` instead.
/home/mobility/STiTy/.venv-autoseg/lib/python3.10/site-packages/pytorch_lightning/utilities/_pytree.py:21: `isinstance(treespec, LeafSpec)` is deprecated, use `isinstance(treespec, TreeSpec) and treespec.is_leaf()` instead.
/home/mobility/STiTy/.venv-autoseg/lib/python3.10/site-packages/pytorch_lightning/utilities/_pytree.py:21: `isinstance(treespec, LeafSpec)` is deprecated, use `isinstance(treespec, TreeSpec) and treespec.is_leaf()` instead.
/home/mobility/STiTy/.venv-autoseg/lib/python3.10/site-packages/pytorch_lightning/utilities/_pytree.py:21: `isinstance(treespec, LeafSpec)` is deprecated, use `isinstance(treespec, TreeSpec) and treespec.is_leaf()` instead.
/home/mobility/STiTy/.venv-autoseg/lib/python3.10/site-packages/pytorch_lightning/utilities/_pytree.py:21: `isinstance(treespec, LeafSpec)` is deprecated, use `isinstance(treespec, TreeSpec) and treespec.is_leaf()` instead.
/home/mobility/STiTy/.venv-autoseg/lib/python3.10/site-packages/pytorch_lightning/utilities/_pytree.py:21: `isinstance(treespec, LeafSpec)` is deprecated, use `isinstance(treespec, TreeSpec) and treespec.is_leaf()` instead.
You seem to be using the pipelines sequentially on GPU. In order to maximize efficiency please use a dataset
/home/mobility/STiTy/.venv-autoseg/lib/python3.10/site-packages/pytorch_lightning/utilities/_pytree.py:21: `isinstance(treespec, LeafSpec)` is deprecated, use `isinstance(treespec, TreeSpec) and treespec.is_leaf()` instead.
/home/mobility/STiTy/.venv-autoseg/lib/python3.10/site-packages/pytorch_lightning/utilities/_pytree.py:21: `isinstance(treespec, LeafSpec)` is deprecated, use `isinstance(treespec, TreeSpec) and treespec.is_leaf()` instead.
/home/mobility/STiTy/.venv-autoseg/lib/python3.10/site-packages/pytorch_lightning/utilities/_pytree.py:21: `isinstance(treespec, LeafSpec)` is deprecated, use `isinstance(treespec, TreeSpec) and treespec.is_leaf()` instead.
/home/mobility/STiTy/.venv-autoseg/lib/python3.10/site-packages/pytorch_lightning/utilities/_pytree.py:21: `isinstance(treespec, LeafSpec)` is deprecated, use `isinstance(treespec, TreeSpec) and treespec.is_leaf()` instead.
/home/mobility/STiTy/.venv-autoseg/lib/python3.10/site-packages/pytorch_lightning/utilities/_pytree.py:21: `isinstance(treespec, LeafSpec)` is deprecated, use `isinstance(treespec, TreeSpec) and treespec.is_leaf()` instead.
/home/mobility/STiTy/.venv-autoseg/lib/python3.10/site-packages/pytorch_lightning/utilities/_pytree.py:21: `isinstance(treespec, LeafSpec)` is deprecated, use `isinstance(treespec, TreeSpec) and treespec.is_leaf()` instead.
/home/mobility/STiTy/.venv-autoseg/lib/python3.10/site-packages/pytorch_lightning/utilities/_pytree.py:21: `isinstance(treespec, LeafSpec)` is deprecated, use `isinstance(treespec, TreeSpec) and treespec.is_leaf()` instead.
/home/mobility/STiTy/.venv-autoseg/lib/python3.10/site-packages/pytorch_lightning/utilities/_pytree.py:21: `isinstance(treespec, LeafSpec)` is deprecated, use `isinstance(treespec, TreeSpec) and treespec.is_leaf()` instead.
/home/mobility/STiTy/.venv-autoseg/lib/python3.10/site-packages/pytorch_lightning/utilities/_pytree.py:21: `isinstance(treespec, LeafSpec)` is deprecated, use `isinstance(treespec, TreeSpec) and treespec.is_leaf()` instead.
/home/mobility/STiTy/.venv-autoseg/lib/python3.10/site-packages/pytorch_lightning/utilities/_pytree.py:21: `isinstance(treespec, LeafSpec)` is deprecated, use `isinstance(treespec, TreeSpec) and treespec.is_leaf()` instead.
/home/mobility/STiTy/.venv-autoseg/lib/python3.10/site-packages/pytorch_lightning/utilities/_pytree.py:21: `isinstance(treespec, LeafSpec)` is deprecated, use `isinstance(treespec, TreeSpec) and treespec.is_leaf()` instead.
/home/mobility/STiTy/.venv-autoseg/lib/python3.10/site-packages/pytorch_lightning/utilities/_pytree.py:21: `isinstance(treespec, LeafSpec)` is deprecated, use `isinstance(treespec, TreeSpec) and treespec.is_leaf()` instead.
/home/mobility/STiTy/.venv-autoseg/lib/python3.10/site-packages/pytorch_lightning/utilities/_pytree.py:21: `isinstance(treespec, LeafSpec)` is deprecated, use `isinstance(treespec, TreeSpec) and treespec.is_leaf()` instead.
/home/mobility/STiTy/.venv-autoseg/lib/python3.10/site-packages/pytorch_lightning/utilities/_pytree.py:21: `isinstance(treespec, LeafSpec)` is deprecated, use `isinstance(treespec, TreeSpec) and treespec.is_leaf()` instead.
/home/mobility/STiTy/.venv-autoseg/lib/python3.10/site-packages/pytorch_lightning/utilities/_pytree.py:21: `isinstance(treespec, LeafSpec)` is deprecated, use `isinstance(treespec, TreeSpec) and treespec.is_leaf()` instead.
/home/mobility/STiTy/.venv-autoseg/lib/python3.10/site-packages/pytorch_lightning/utilities/_pytree.py:21: `isinstance(treespec, LeafSpec)` is deprecated, use `isinstance(treespec, TreeSpec) and treespec.is_leaf()` instead.
/home/mobility/STiTy/.venv-autoseg/lib/python3.10/site-packages/pytorch_lightning/utilities/_pytree.py:21: `isinstance(treespec, LeafSpec)` is deprecated, use `isinstance(treespec, TreeSpec) and treespec.is_leaf()` instead.
/home/mobility/STiTy/.venv-autoseg/lib/python3.10/site-packages/pytorch_lightning/utilities/_pytree.py:21: `isinstance(treespec, LeafSpec)` is deprecated, use `isinstance(treespec, TreeSpec) and treespec.is_leaf()` instead.
/home/mobility/STiTy/.venv-autoseg/lib/python3.10/site-packages/pytorch_lightning/utilities/_pytree.py:21: `isinstance(treespec, LeafSpec)` is deprecated, use `isinstance(treespec, TreeSpec) and treespec.is_leaf()` instead.
/home/mobility/STiTy/.venv-autoseg/lib/python3.10/site-packages/pytorch_lightning/utilities/_pytree.py:21: `isinstance(treespec, LeafSpec)` is deprecated, use `isinstance(treespec, TreeSpec) and treespec.is_leaf()` instead.
/home/mobility/STiTy/.venv-autoseg/lib/python3.10/site-packages/pytorch_lightning/utilities/_pytree.py:21: `isinstance(treespec, LeafSpec)` is deprecated, use `isinstance(treespec, TreeSpec) and treespec.is_leaf()` instead.
/home/mobility/STiTy/.venv-autoseg/lib/python3.10/site-packages/pytorch_lightning/utilities/_pytree.py:21: `isinstance(treespec, LeafSpec)` is deprecated, use `isinstance(treespec, TreeSpec) and treespec.is_leaf()` instead.
/home/mobility/STiTy/.venv-autoseg/lib/python3.10/site-packages/pytorch_lightning/utilities/_pytree.py:21: `isinstance(treespec, LeafSpec)` is deprecated, use `isinstance(treespec, TreeSpec) and treespec.is_leaf()` instead.
HTTP Request: POST https://gw.letsur.ai/v1/chat/completions "HTTP/1.1 200 OK"
HTTP Request: POST https://gw.letsur.ai/v1/chat/completions "HTTP/1.1 200 OK"
HTTP Request: POST https://gw.letsur.ai/v1/chat/completions "HTTP/1.1 200 OK"
HTTP Request: POST https://gw.letsur.ai/v1/chat/completions "HTTP/1.1 200 OK"
HTTP Request: POST https://gw.letsur.ai/v1/chat/completions "HTTP/1.1 200 OK"
HTTP Request: POST https://gw.letsur.ai/v1/chat/completions "HTTP/1.1 200 OK"
HTTP Request: POST https://gw.letsur.ai/v1/chat/completions "HTTP/1.1 200 OK"
HTTP Request: POST https://gw.letsur.ai/v1/chat/completions "HTTP/1.1 200 OK"
HTTP Request: POST https://gw.letsur.ai/v1/chat/completions "HTTP/1.1 200 OK"
HTTP Request: POST https://gw.letsur.ai/v1/chat/completions "HTTP/1.1 200 OK"
HTTP Request: POST https://gw.letsur.ai/v1/chat/completions "HTTP/1.1 200 OK"
HTTP Request: POST https://gw.letsur.ai/v1/chat/completions "HTTP/1.1 200 OK"
HTTP Request: POST https://gw.letsur.ai/v1/chat/completions "HTTP/1.1 200 OK"
HTTP Request: POST https://gw.letsur.ai/v1/chat/completions "HTTP/1.1 200 OK"
HTTP Request: POST https://gw.letsur.ai/v1/chat/completions "HTTP/1.1 200 OK"
HTTP Request: POST https://gw.letsur.ai/v1/chat/completions "HTTP/1.1 200 OK"
HTTP Request: POST https://gw.letsur.ai/v1/chat/completions "HTTP/1.1 200 OK"
HTTP Request: POST https://gw.letsur.ai/v1/chat/completions "HTTP/1.1 200 OK"
HTTP Request: POST https://gw.letsur.ai/v1/chat/completions "HTTP/1.1 200 OK"
HTTP Request: POST https://gw.letsur.ai/v1/chat/completions "HTTP/1.1 200 OK"
HTTP Request: POST https://gw.letsur.ai/v1/chat/completions "HTTP/1.1 200 OK"
HTTP Request: POST https://gw.letsur.ai/v1/chat/completions "HTTP/1.1 200 OK"
HTTP Request: POST https://gw.letsur.ai/v1/chat/completions "HTTP/1.1 200 OK"
HTTP Request: POST https://gw.letsur.ai/v1/chat/completions "HTTP/1.1 200 OK"
HTTP Request: POST https://gw.letsur.ai/v1/chat/completions "HTTP/1.1 200 OK"
HTTP Request: POST https://gw.letsur.ai/v1/chat/completions "HTTP/1.1 200 OK"
HTTP Request: POST https://gw.letsur.ai/v1/chat/completions "HTTP/1.1 200 OK"
HTTP Request: POST https://gw.letsur.ai/v1/chat/completions "HTTP/1.1 200 OK"
HTTP Request: POST https://gw.letsur.ai/v1/chat/completions "HTTP/1.1 200 OK"
HTTP Request: POST https://gw.letsur.ai/v1/chat/completions "HTTP/1.1 200 OK"
HTTP Request: POST https://gw.letsur.ai/v1/chat/completions "HTTP/1.1 200 OK"
HTTP Request: POST https://gw.letsur.ai/v1/chat/completions "HTTP/1.1 200 OK"
HTTP Request: POST https://gw.letsur.ai/v1/chat/completions "HTTP/1.1 200 OK"
HTTP Request: POST https://gw.letsur.ai/v1/chat/completions "HTTP/1.1 200 OK"
HTTP Request: POST https://gw.letsur.ai/v1/chat/completions "HTTP/1.1 200 OK"
HTTP Request: POST https://gw.letsur.ai/v1/chat/completions "HTTP/1.1 200 OK"
HTTP Request: POST https://gw.letsur.ai/v1/chat/completions "HTTP/1.1 200 OK"
HTTP Request: POST https://gw.letsur.ai/v1/chat/completions "HTTP/1.1 200 OK"
HTTP Request: POST https://gw.letsur.ai/v1/chat/completions "HTTP/1.1 200 OK"
HTTP Request: POST https://gw.letsur.ai/v1/chat/completions "HTTP/1.1 200 OK"
HTTP Request: POST https://gw.letsur.ai/v1/chat/completions "HTTP/1.1 200 OK"
HTTP Request: POST https://gw.letsur.ai/v1/chat/completions "HTTP/1.1 200 OK"
HTTP Request: POST https://gw.letsur.ai/v1/chat/completions "HTTP/1.1 200 OK"
HTTP Request: POST https://gw.letsur.ai/v1/chat/completions "HTTP/1.1 200 OK"
HTTP Request: POST https://gw.letsur.ai/v1/chat/completions "HTTP/1.1 200 OK"
HTTP Request: POST https://gw.letsur.ai/v1/chat/completions "HTTP/1.1 200 OK"
HTTP Request: POST https://gw.letsur.ai/v1/chat/completions "HTTP/1.1 200 OK"
HTTP Request: POST https://gw.letsur.ai/v1/chat/completions "HTTP/1.1 200 OK"
HTTP Request: POST https://gw.letsur.ai/v1/chat/completions "HTTP/1.1 200 OK"
HTTP Request: POST https://gw.letsur.ai/v1/chat/completions "HTTP/1.1 200 OK"
[iter 0] 순위감사 최다 과신 '뒤 구두점 ','' 백분위 0.41 contra 0.1591 (n=20)
[iter 0] 순위진단(T=4) gap=+0.0487±0.0437(n=40) Spearman=+0.126(n=37)
[iter 0] 1차 위반 5건 {'too_few_tags': 5}
[iter 0] 결정론 수정 5건 {'gap_pruned': 4, 'renumbered': 1}
[iter 0] train fmt=1.00(1st 0.88)  T4: eff=0.6361 p10=0.5196 [ent 0.5727] adq=0.7721 contra=0.224 laal=3.37 k=5.28 miss=0.00  T6: eff=0.7064 p10=0.5564 [ent 0.6431] adq=0.8075 contra=0.124 laal=4.53 k=3.60 miss=0.00  T12: eff=0.7514 p10=0.6323 [ent 0.6726] adq=0.8560 contra=0.093 laal=10.21 k=1.73 miss=0.00  score=0.6980  rank_lift=+0.1383(t+3.0, T12)
HTTP Request: POST https://gw.letsur.ai/v1/chat/completions "HTTP/1.1 200 OK"
HTTP Request: POST https://gw.letsur.ai/v1/chat/completions "HTTP/1.1 200 OK"
HTTP Request: POST https://gw.letsur.ai/v1/chat/completions "HTTP/1.1 200 OK"
HTTP Request: POST https://gw.letsur.ai/v1/chat/completions "HTTP/1.1 200 OK"
HTTP Request: POST https://gw.letsur.ai/v1/chat/completions "HTTP/1.1 200 OK"
HTTP Request: POST https://gw.letsur.ai/v1/chat/completions "HTTP/1.1 200 OK"
HTTP Request: POST https://gw.letsur.ai/v1/chat/completions "HTTP/1.1 200 OK"
HTTP Request: POST https://gw.letsur.ai/v1/chat/completions "HTTP/1.1 200 OK"
HTTP Request: POST https://gw.letsur.ai/v1/chat/completions "HTTP/1.1 200 OK"
HTTP Request: POST https://gw.letsur.ai/v1/chat/completions "HTTP/1.1 200 OK"
HTTP Request: POST https://gw.letsur.ai/v1/chat/completions "HTTP/1.1 200 OK"
HTTP Request: POST https://gw.letsur.ai/v1/chat/completions "HTTP/1.1 200 OK"
HTTP Request: POST https://gw.letsur.ai/v1/chat/completions "HTTP/1.1 200 OK"
HTTP Request: POST https://gw.letsur.ai/v1/chat/completions "HTTP/1.1 200 OK"
HTTP Request: POST https://gw.letsur.ai/v1/chat/completions "HTTP/1.1 200 OK"
HTTP Request: POST https://gw.letsur.ai/v1/chat/completions "HTTP/1.1 200 OK"
HTTP Request: POST https://gw.letsur.ai/v1/chat/completions "HTTP/1.1 200 OK"
HTTP Request: POST https://gw.letsur.ai/v1/chat/completions "HTTP/1.1 200 OK"
HTTP Request: POST https://gw.letsur.ai/v1/chat/completions "HTTP/1.1 200 OK"
HTTP Request: POST https://gw.letsur.ai/v1/chat/completions "HTTP/1.1 200 OK"
HTTP Request: POST https://gw.letsur.ai/v1/chat/completions "HTTP/1.1 200 OK"
HTTP Request: POST https://gw.letsur.ai/v1/chat/completions "HTTP/1.1 200 OK"
HTTP Request: POST https://gw.letsur.ai/v1/chat/completions "HTTP/1.1 200 OK"
HTTP Request: POST https://gw.letsur.ai/v1/chat/completions "HTTP/1.1 200 OK"
HTTP Request: POST https://gw.letsur.ai/v1/chat/completions "HTTP/1.1 200 OK"
HTTP Request: POST https://gw.letsur.ai/v1/chat/completions "HTTP/1.1 200 OK"
HTTP Request: POST https://gw.letsur.ai/v1/chat/completions "HTTP/1.1 200 OK"
HTTP Request: POST https://gw.letsur.ai/v1/chat/completions "HTTP/1.1 200 OK"
HTTP Request: POST https://gw.letsur.ai/v1/chat/completions "HTTP/1.1 200 OK"
HTTP Request: POST https://gw.letsur.ai/v1/chat/completions "HTTP/1.1 200 OK"
HTTP Request: POST https://gw.letsur.ai/v1/chat/completions "HTTP/1.1 200 OK"
HTTP Request: POST https://gw.letsur.ai/v1/chat/completions "HTTP/1.1 200 OK"
HTTP Request: POST https://gw.letsur.ai/v1/chat/completions "HTTP/1.1 200 OK"
HTTP Request: POST https://gw.letsur.ai/v1/chat/completions "HTTP/1.1 200 OK"
HTTP Request: POST https://gw.letsur.ai/v1/chat/completions "HTTP/1.1 200 OK"
HTTP Request: POST https://gw.letsur.ai/v1/chat/completions "HTTP/1.1 200 OK"
HTTP Request: POST https://gw.letsur.ai/v1/chat/completions "HTTP/1.1 200 OK"
HTTP Request: POST https://gw.letsur.ai/v1/chat/completions "HTTP/1.1 200 OK"
HTTP Request: POST https://gw.letsur.ai/v1/chat/completions "HTTP/1.1 200 OK"
HTTP Request: POST https://gw.letsur.ai/v1/chat/completions "HTTP/1.1 200 OK"
HTTP Request: POST https://gw.letsur.ai/v1/chat/completions "HTTP/1.1 200 OK"
HTTP Request: POST https://gw.letsur.ai/v1/chat/completions "HTTP/1.1 200 OK"
HTTP Request: POST https://gw.letsur.ai/v1/chat/completions "HTTP/1.1 200 OK"
HTTP Request: POST https://gw.letsur.ai/v1/chat/completions "HTTP/1.1 200 OK"
HTTP Request: POST https://gw.letsur.ai/v1/chat/completions "HTTP/1.1 200 OK"
HTTP Request: POST https://gw.letsur.ai/v1/chat/completions "HTTP/1.1 200 OK"
HTTP Request: POST https://gw.letsur.ai/v1/chat/completions "HTTP/1.1 200 OK"
HTTP Request: POST https://gw.letsur.ai/v1/chat/completions "HTTP/1.1 200 OK"
HTTP Request: POST https://gw.letsur.ai/v1/chat/completions "HTTP/1.1 200 OK"
HTTP Request: POST https://gw.letsur.ai/v1/chat/completions "HTTP/1.1 200 OK"
HTTP Request: POST https://gw.letsur.ai/v1/chat/completions "HTTP/1.1 200 OK"
HTTP Request: POST https://gw.letsur.ai/v1/chat/completions "HTTP/1.1 200 OK"
HTTP Request: POST https://gw.letsur.ai/v1/chat/completions "HTTP/1.1 200 OK"
HTTP Request: POST https://gw.letsur.ai/v1/chat/completions "HTTP/1.1 200 OK"
HTTP Request: POST https://gw.letsur.ai/v1/chat/completions "HTTP/1.1 200 OK"
HTTP Request: POST https://gw.letsur.ai/v1/chat/completions "HTTP/1.1 200 OK"
HTTP Request: POST https://gw.letsur.ai/v1/chat/completions "HTTP/1.1 200 OK"
HTTP Request: POST https://gw.letsur.ai/v1/chat/completions "HTTP/1.1 200 OK"
HTTP Request: POST https://gw.letsur.ai/v1/chat/completions "HTTP/1.1 200 OK"
HTTP Request: POST https://gw.letsur.ai/v1/chat/completions "HTTP/1.1 200 OK"
HTTP Request: POST https://gw.letsur.ai/v1/chat/completions "HTTP/1.1 200 OK"
HTTP Request: POST https://gw.letsur.ai/v1/chat/completions "HTTP/1.1 200 OK"
HTTP Request: POST https://gw.letsur.ai/v1/chat/completions "HTTP/1.1 200 OK"
HTTP Request: POST https://gw.letsur.ai/v1/chat/completions "HTTP/1.1 200 OK"
HTTP Request: POST https://gw.letsur.ai/v1/chat/completions "HTTP/1.1 200 OK"
HTTP Request: POST https://gw.letsur.ai/v1/chat/completions "HTTP/1.1 200 OK"
HTTP Request: POST https://gw.letsur.ai/v1/chat/completions "HTTP/1.1 200 OK"
HTTP Request: POST https://gw.letsur.ai/v1/chat/completions "HTTP/1.1 200 OK"
HTTP Request: POST https://gw.letsur.ai/v1/chat/completions "HTTP/1.1 200 OK"
HTTP Request: POST https://gw.letsur.ai/v1/chat/completions "HTTP/1.1 200 OK"
HTTP Request: POST https://gw.letsur.ai/v1/chat/completions "HTTP/1.1 200 OK"
HTTP Request: POST https://gw.letsur.ai/v1/chat/completions "HTTP/1.1 200 OK"
HTTP Request: POST https://gw.letsur.ai/v1/chat/completions "HTTP/1.1 200 OK"
HTTP Request: POST https://gw.letsur.ai/v1/chat/completions "HTTP/1.1 200 OK"
HTTP Request: POST https://gw.letsur.ai/v1/chat/completions "HTTP/1.1 200 OK"
HTTP Request: POST https://gw.letsur.ai/v1/chat/completions "HTTP/1.1 200 OK"
HTTP Request: POST https://gw.letsur.ai/v1/chat/completions "HTTP/1.1 200 OK"
HTTP Request: POST https://gw.letsur.ai/v1/chat/completions "HTTP/1.1 200 OK"
/home/mobility/STiTy/.venv-autoseg/lib/python3.10/site-packages/pytorch_lightning/utilities/_pytree.py:21: `isinstance(treespec, LeafSpec)` is deprecated, use `isinstance(treespec, TreeSpec) and treespec.is_leaf()` instead.
/home/mobility/STiTy/.venv-autoseg/lib/python3.10/site-packages/pytorch_lightning/utilities/_pytree.py:21: `isinstance(treespec, LeafSpec)` is deprecated, use `isinstance(treespec, TreeSpec) and treespec.is_leaf()` instead.
/home/mobility/STiTy/.venv-autoseg/lib/python3.10/site-packages/pytorch_lightning/utilities/_pytree.py:21: `isinstance(treespec, LeafSpec)` is deprecated, use `isinstance(treespec, TreeSpec) and treespec.is_leaf()` instead.
/home/mobility/STiTy/.venv-autoseg/lib/python3.10/site-packages/pytorch_lightning/utilities/_pytree.py:21: `isinstance(treespec, LeafSpec)` is deprecated, use `isinstance(treespec, TreeSpec) and treespec.is_leaf()` instead.
/home/mobility/STiTy/.venv-autoseg/lib/python3.10/site-packages/pytorch_lightning/utilities/_pytree.py:21: `isinstance(treespec, LeafSpec)` is deprecated, use `isinstance(treespec, TreeSpec) and treespec.is_leaf()` instead.
/home/mobility/STiTy/.venv-autoseg/lib/python3.10/site-packages/pytorch_lightning/utilities/_pytree.py:21: `isinstance(treespec, LeafSpec)` is deprecated, use `isinstance(treespec, TreeSpec) and treespec.is_leaf()` instead.
/home/mobility/STiTy/.venv-autoseg/lib/python3.10/site-packages/pytorch_lightning/utilities/_pytree.py:21: `isinstance(treespec, LeafSpec)` is deprecated, use `isinstance(treespec, TreeSpec) and treespec.is_leaf()` instead.
/home/mobility/STiTy/.venv-autoseg/lib/python3.10/site-packages/pytorch_lightning/utilities/_pytree.py:21: `isinstance(treespec, LeafSpec)` is deprecated, use `isinstance(treespec, TreeSpec) and treespec.is_leaf()` instead.
/home/mobility/STiTy/.venv-autoseg/lib/python3.10/site-packages/pytorch_lightning/utilities/_pytree.py:21: `isinstance(treespec, LeafSpec)` is deprecated, use `isinstance(treespec, TreeSpec) and treespec.is_leaf()` instead.
/home/mobility/STiTy/.venv-autoseg/lib/python3.10/site-packages/pytorch_lightning/utilities/_pytree.py:21: `isinstance(treespec, LeafSpec)` is deprecated, use `isinstance(treespec, TreeSpec) and treespec.is_leaf()` instead.
/home/mobility/STiTy/.venv-autoseg/lib/python3.10/site-packages/pytorch_lightning/utilities/_pytree.py:21: `isinstance(treespec, LeafSpec)` is deprecated, use `isinstance(treespec, TreeSpec) and treespec.is_leaf()` instead.
/home/mobility/STiTy/.venv-autoseg/lib/python3.10/site-packages/pytorch_lightning/utilities/_pytree.py:21: `isinstance(treespec, LeafSpec)` is deprecated, use `isinstance(treespec, TreeSpec) and treespec.is_leaf()` instead.
/home/mobility/STiTy/.venv-autoseg/lib/python3.10/site-packages/pytorch_lightning/utilities/_pytree.py:21: `isinstance(treespec, LeafSpec)` is deprecated, use `isinstance(treespec, TreeSpec) and treespec.is_leaf()` instead.
/home/mobility/STiTy/.venv-autoseg/lib/python3.10/site-packages/pytorch_lightning/utilities/_pytree.py:21: `isinstance(treespec, LeafSpec)` is deprecated, use `isinstance(treespec, TreeSpec) and treespec.is_leaf()` instead.
/home/mobility/STiTy/.venv-autoseg/lib/python3.10/site-packages/pytorch_lightning/utilities/_pytree.py:21: `isinstance(treespec, LeafSpec)` is deprecated, use `isinstance(treespec, TreeSpec) and treespec.is_leaf()` instead.
/home/mobility/STiTy/.venv-autoseg/lib/python3.10/site-packages/pytorch_lightning/utilities/_pytree.py:21: `isinstance(treespec, LeafSpec)` is deprecated, use `isinstance(treespec, TreeSpec) and treespec.is_leaf()` instead.
/home/mobility/STiTy/.venv-autoseg/lib/python3.10/site-packages/pytorch_lightning/utilities/_pytree.py:21: `isinstance(treespec, LeafSpec)` is deprecated, use `isinstance(treespec, TreeSpec) and treespec.is_leaf()` instead.
/home/mobility/STiTy/.venv-autoseg/lib/python3.10/site-packages/pytorch_lightning/utilities/_pytree.py:21: `isinstance(treespec, LeafSpec)` is deprecated, use `isinstance(treespec, TreeSpec) and treespec.is_leaf()` instead.
/home/mobility/STiTy/.venv-autoseg/lib/python3.10/site-packages/pytorch_lightning/utilities/_pytree.py:21: `isinstance(treespec, LeafSpec)` is deprecated, use `isinstance(treespec, TreeSpec) and treespec.is_leaf()` instead.
/home/mobility/STiTy/.venv-autoseg/lib/python3.10/site-packages/pytorch_lightning/utilities/_pytree.py:21: `isinstance(treespec, LeafSpec)` is deprecated, use `isinstance(treespec, TreeSpec) and treespec.is_leaf()` instead.
/home/mobility/STiTy/.venv-autoseg/lib/python3.10/site-packages/pytorch_lightning/utilities/_pytree.py:21: `isinstance(treespec, LeafSpec)` is deprecated, use `isinstance(treespec, TreeSpec) and treespec.is_leaf()` instead.
/home/mobility/STiTy/.venv-autoseg/lib/python3.10/site-packages/pytorch_lightning/utilities/_pytree.py:21: `isinstance(treespec, LeafSpec)` is deprecated, use `isinstance(treespec, TreeSpec) and treespec.is_leaf()` instead.
/home/mobility/STiTy/.venv-autoseg/lib/python3.10/site-packages/pytorch_lightning/utilities/_pytree.py:21: `isinstance(treespec, LeafSpec)` is deprecated, use `isinstance(treespec, TreeSpec) and treespec.is_leaf()` instead.
/home/mobility/STiTy/.venv-autoseg/lib/python3.10/site-packages/pytorch_lightning/utilities/_pytree.py:21: `isinstance(treespec, LeafSpec)` is deprecated, use `isinstance(treespec, TreeSpec) and treespec.is_leaf()` instead.
/home/mobility/STiTy/.venv-autoseg/lib/python3.10/site-packages/pytorch_lightning/utilities/_pytree.py:21: `isinstance(treespec, LeafSpec)` is deprecated, use `isinstance(treespec, TreeSpec) and treespec.is_leaf()` instead.
/home/mobility/STiTy/.venv-autoseg/lib/python3.10/site-packages/pytorch_lightning/utilities/_pytree.py:21: `isinstance(treespec, LeafSpec)` is deprecated, use `isinstance(treespec, TreeSpec) and treespec.is_leaf()` instead.
/home/mobility/STiTy/.venv-autoseg/lib/python3.10/site-packages/pytorch_lightning/utilities/_pytree.py:21: `isinstance(treespec, LeafSpec)` is deprecated, use `isinstance(treespec, TreeSpec) and treespec.is_leaf()` instead.
/home/mobility/STiTy/.venv-autoseg/lib/python3.10/site-packages/pytorch_lightning/utilities/_pytree.py:21: `isinstance(treespec, LeafSpec)` is deprecated, use `isinstance(treespec, TreeSpec) and treespec.is_leaf()` instead.
/home/mobility/STiTy/.venv-autoseg/lib/python3.10/site-packages/pytorch_lightning/utilities/_pytree.py:21: `isinstance(treespec, LeafSpec)` is deprecated, use `isinstance(treespec, TreeSpec) and treespec.is_leaf()` instead.
/home/mobility/STiTy/.venv-autoseg/lib/python3.10/site-packages/pytorch_lightning/utilities/_pytree.py:21: `isinstance(treespec, LeafSpec)` is deprecated, use `isinstance(treespec, TreeSpec) and treespec.is_leaf()` instead.
[iter 0] dev   fmt=0.99(1st 0.89)  T4: eff=0.6568 p10=0.5292 [ent 0.5857] adq=0.7745 contra=0.134 laal=3.38 k=5.30 miss=0.00  T6: eff=0.7117 p10=0.5757 [ent 0.6551] adq=0.8078 contra=0.114 laal=4.54 k=3.56 miss=0.00  T12: eff=0.7674 p10=0.6307 [ent 0.7375] adq=0.8356 contra=0.098 laal=9.73 k=1.75 miss=0.00  score=0.7120  rank_lift=+0.0449(t+2.7, T12)
[iter 0] adopted=True stale=0 calls=142 cost=1.8537
[iter 0] 비용내역 segment $1.296(70%, 57콜, 사고 10,944tok/콜)  segment_retry $0.374(20%, 33콜, 사고 5,531tok/콜)  judge $0.145(8%, 50콜, 사고 1,242tok/콜)  prompt_v0 $0.030(2%, 1콜, 사고 12,224tok/콜)  profiler $0.008(0%, 1콜, 사고 3,456tok/콜)
HTTP Request: POST https://gw.letsur.ai/v1/chat/completions "HTTP/1.1 200 OK"
[iter 0] critic dominant=placement
HTTP Request: POST https://gw.letsur.ai/v1/chat/completions "HTTP/1.1 200 OK"
HTTP Request: POST https://gw.letsur.ai/v1/chat/completions "HTTP/1.1 200 OK"
HTTP Request: POST https://gw.letsur.ai/v1/chat/completions "HTTP/1.1 200 OK"
HTTP Request: POST https://gw.letsur.ai/v1/chat/completions "HTTP/1.1 200 OK"
HTTP Request: POST https://gw.letsur.ai/v1/chat/completions "HTTP/1.1 200 OK"
HTTP Request: POST https://gw.letsur.ai/v1/chat/completions "HTTP/1.1 200 OK"
HTTP Request: POST https://gw.letsur.ai/v1/chat/completions "HTTP/1.1 200 OK"
HTTP Request: POST https://gw.letsur.ai/v1/chat/completions "HTTP/1.1 200 OK"
HTTP Request: POST https://gw.letsur.ai/v1/chat/completions "HTTP/1.1 200 OK"
HTTP Request: POST https://gw.letsur.ai/v1/chat/completions "HTTP/1.1 200 OK"
HTTP Request: POST https://gw.letsur.ai/v1/chat/completions "HTTP/1.1 200 OK"
HTTP Request: POST https://gw.letsur.ai/v1/chat/completions "HTTP/1.1 200 OK"
HTTP Request: POST https://gw.letsur.ai/v1/chat/completions "HTTP/1.1 200 OK"
HTTP Request: POST https://gw.letsur.ai/v1/chat/completions "HTTP/1.1 200 OK"
HTTP Request: POST https://gw.letsur.ai/v1/chat/completions "HTTP/1.1 200 OK"
HTTP Request: POST https://gw.letsur.ai/v1/chat/completions "HTTP/1.1 200 OK"
HTTP Request: POST https://gw.letsur.ai/v1/chat/completions "HTTP/1.1 200 OK"
HTTP Request: POST https://gw.letsur.ai/v1/chat/completions "HTTP/1.1 200 OK"
HTTP Request: POST https://gw.letsur.ai/v1/chat/completions "HTTP/1.1 200 OK"
HTTP Request: POST https://gw.letsur.ai/v1/chat/completions "HTTP/1.1 200 OK"
HTTP Request: POST https://gw.letsur.ai/v1/chat/completions "HTTP/1.1 200 OK"
HTTP Request: POST https://gw.letsur.ai/v1/chat/completions "HTTP/1.1 200 OK"
HTTP Request: POST https://gw.letsur.ai/v1/chat/completions "HTTP/1.1 200 OK"
HTTP Request: POST https://gw.letsur.ai/v1/chat/completions "HTTP/1.1 200 OK"
HTTP Request: POST https://gw.letsur.ai/v1/chat/completions "HTTP/1.1 200 OK"
HTTP Request: POST https://gw.letsur.ai/v1/chat/completions "HTTP/1.1 200 OK"
HTTP Request: POST https://gw.letsur.ai/v1/chat/completions "HTTP/1.1 200 OK"
HTTP Request: POST https://gw.letsur.ai/v1/chat/completions "HTTP/1.1 200 OK"
HTTP Request: POST https://gw.letsur.ai/v1/chat/completions "HTTP/1.1 200 OK"
HTTP Request: POST https://gw.letsur.ai/v1/chat/completions "HTTP/1.1 200 OK"
HTTP Request: POST https://gw.letsur.ai/v1/chat/completions "HTTP/1.1 200 OK"
HTTP Request: POST https://gw.letsur.ai/v1/chat/completions "HTTP/1.1 200 OK"
HTTP Request: POST https://gw.letsur.ai/v1/chat/completions "HTTP/1.1 200 OK"
HTTP Request: POST https://gw.letsur.ai/v1/chat/completions "HTTP/1.1 200 OK"
HTTP Request: POST https://gw.letsur.ai/v1/chat/completions "HTTP/1.1 200 OK"
HTTP Request: POST https://gw.letsur.ai/v1/chat/completions "HTTP/1.1 200 OK"
HTTP Request: POST https://gw.letsur.ai/v1/chat/completions "HTTP/1.1 200 OK"
HTTP Request: POST https://gw.letsur.ai/v1/chat/completions "HTTP/1.1 200 OK"
HTTP Request: POST https://gw.letsur.ai/v1/chat/completions "HTTP/1.1 200 OK"
HTTP Request: POST https://gw.letsur.ai/v1/chat/completions "HTTP/1.1 200 OK"
HTTP Request: POST https://gw.letsur.ai/v1/chat/completions "HTTP/1.1 200 OK"
HTTP Request: POST https://gw.letsur.ai/v1/chat/completions "HTTP/1.1 200 OK"
HTTP Request: POST https://gw.letsur.ai/v1/chat/completions "HTTP/1.1 200 OK"
HTTP Request: POST https://gw.letsur.ai/v1/chat/completions "HTTP/1.1 200 OK"
HTTP Request: POST https://gw.letsur.ai/v1/chat/completions "HTTP/1.1 200 OK"
HTTP Request: POST https://gw.letsur.ai/v1/chat/completions "HTTP/1.1 200 OK"
HTTP Request: POST https://gw.letsur.ai/v1/chat/completions "HTTP/1.1 200 OK"
HTTP Request: POST https://gw.letsur.ai/v1/chat/completions "HTTP/1.1 200 OK"
HTTP Request: POST https://gw.letsur.ai/v1/chat/completions "HTTP/1.1 200 OK"
HTTP Request: POST https://gw.letsur.ai/v1/chat/completions "HTTP/1.1 200 OK"
HTTP Request: POST https://gw.letsur.ai/v1/chat/completions "HTTP/1.1 200 OK"
HTTP Request: POST https://gw.letsur.ai/v1/chat/completions "HTTP/1.1 200 OK"
HTTP Request: POST https://gw.letsur.ai/v1/chat/completions "HTTP/1.1 200 OK"
HTTP Request: POST https://gw.letsur.ai/v1/chat/completions "HTTP/1.1 200 OK"
HTTP Request: POST https://gw.letsur.ai/v1/chat/completions "HTTP/1.1 200 OK"
HTTP Request: POST https://gw.letsur.ai/v1/chat/completions "HTTP/1.1 200 OK"
HTTP Request: POST https://gw.letsur.ai/v1/chat/completions "HTTP/1.1 200 OK"
HTTP Request: POST https://gw.letsur.ai/v1/chat/completions "HTTP/1.1 200 OK"
HTTP Request: POST https://gw.letsur.ai/v1/chat/completions "HTTP/1.1 200 OK"
HTTP Request: POST https://gw.letsur.ai/v1/chat/completions "HTTP/1.1 200 OK"
HTTP Request: POST https://gw.letsur.ai/v1/chat/completions "HTTP/1.1 200 OK"
HTTP Request: POST https://gw.letsur.ai/v1/chat/completions "HTTP/1.1 200 OK"
HTTP Request: POST https://gw.letsur.ai/v1/chat/completions "HTTP/1.1 200 OK"
HTTP Request: POST https://gw.letsur.ai/v1/chat/completions "HTTP/1.1 200 OK"
[prewarm] 후보 3 × 문장 40 예열 완료 (동시 최대 72)
/home/mobility/STiTy/.venv-autoseg/lib/python3.10/site-packages/pytorch_lightning/utilities/_pytree.py:21: `isinstance(treespec, LeafSpec)` is deprecated, use `isinstance(treespec, TreeSpec) and treespec.is_leaf()` instead.
/home/mobility/STiTy/.venv-autoseg/lib/python3.10/site-packages/pytorch_lightning/utilities/_pytree.py:21: `isinstance(treespec, LeafSpec)` is deprecated, use `isinstance(treespec, TreeSpec) and treespec.is_leaf()` instead.
/home/mobility/STiTy/.venv-autoseg/lib/python3.10/site-packages/pytorch_lightning/utilities/_pytree.py:21: `isinstance(treespec, LeafSpec)` is deprecated, use `isinstance(treespec, TreeSpec) and treespec.is_leaf()` instead.
/home/mobility/STiTy/.venv-autoseg/lib/python3.10/site-packages/pytorch_lightning/utilities/_pytree.py:21: `isinstance(treespec, LeafSpec)` is deprecated, use `isinstance(treespec, TreeSpec) and treespec.is_leaf()` instead.
/home/mobility/STiTy/.venv-autoseg/lib/python3.10/site-packages/pytorch_lightning/utilities/_pytree.py:21: `isinstance(treespec, LeafSpec)` is deprecated, use `isinstance(treespec, TreeSpec) and treespec.is_leaf()` instead.
/home/mobility/STiTy/.venv-autoseg/lib/python3.10/site-packages/pytorch_lightning/utilities/_pytree.py:21: `isinstance(treespec, LeafSpec)` is deprecated, use `isinstance(treespec, TreeSpec) and treespec.is_leaf()` instead.
/home/mobility/STiTy/.venv-autoseg/lib/python3.10/site-packages/pytorch_lightning/utilities/_pytree.py:21: `isinstance(treespec, LeafSpec)` is deprecated, use `isinstance(treespec, TreeSpec) and treespec.is_leaf()` instead.
/home/mobility/STiTy/.venv-autoseg/lib/python3.10/site-packages/pytorch_lightning/utilities/_pytree.py:21: `isinstance(treespec, LeafSpec)` is deprecated, use `isinstance(treespec, TreeSpec) and treespec.is_leaf()` instead.
/home/mobility/STiTy/.venv-autoseg/lib/python3.10/site-packages/pytorch_lightning/utilities/_pytree.py:21: `isinstance(treespec, LeafSpec)` is deprecated, use `isinstance(treespec, TreeSpec) and treespec.is_leaf()` instead.
/home/mobility/STiTy/.venv-autoseg/lib/python3.10/site-packages/pytorch_lightning/utilities/_pytree.py:21: `isinstance(treespec, LeafSpec)` is deprecated, use `isinstance(treespec, TreeSpec) and treespec.is_leaf()` instead.
/home/mobility/STiTy/.venv-autoseg/lib/python3.10/site-packages/pytorch_lightning/utilities/_pytree.py:21: `isinstance(treespec, LeafSpec)` is deprecated, use `isinstance(treespec, TreeSpec) and treespec.is_leaf()` instead.
/home/mobility/STiTy/.venv-autoseg/lib/python3.10/site-packages/pytorch_lightning/utilities/_pytree.py:21: `isinstance(treespec, LeafSpec)` is deprecated, use `isinstance(treespec, TreeSpec) and treespec.is_leaf()` instead.
/home/mobility/STiTy/.venv-autoseg/lib/python3.10/site-packages/pytorch_lightning/utilities/_pytree.py:21: `isinstance(treespec, LeafSpec)` is deprecated, use `isinstance(treespec, TreeSpec) and treespec.is_leaf()` instead.
/home/mobility/STiTy/.venv-autoseg/lib/python3.10/site-packages/pytorch_lightning/utilities/_pytree.py:21: `isinstance(treespec, LeafSpec)` is deprecated, use `isinstance(treespec, TreeSpec) and treespec.is_leaf()` instead.
/home/mobility/STiTy/.venv-autoseg/lib/python3.10/site-packages/pytorch_lightning/utilities/_pytree.py:21: `isinstance(treespec, LeafSpec)` is deprecated, use `isinstance(treespec, TreeSpec) and treespec.is_leaf()` instead.
/home/mobility/STiTy/.venv-autoseg/lib/python3.10/site-packages/pytorch_lightning/utilities/_pytree.py:21: `isinstance(treespec, LeafSpec)` is deprecated, use `isinstance(treespec, TreeSpec) and treespec.is_leaf()` instead.
/home/mobility/STiTy/.venv-autoseg/lib/python3.10/site-packages/pytorch_lightning/utilities/_pytree.py:21: `isinstance(treespec, LeafSpec)` is deprecated, use `isinstance(treespec, TreeSpec) and treespec.is_leaf()` instead.
/home/mobility/STiTy/.venv-autoseg/lib/python3.10/site-packages/pytorch_lightning/utilities/_pytree.py:21: `isinstance(treespec, LeafSpec)` is deprecated, use `isinstance(treespec, TreeSpec) and treespec.is_leaf()` instead.
/home/mobility/STiTy/.venv-autoseg/lib/python3.10/site-packages/pytorch_lightning/utilities/_pytree.py:21: `isinstance(treespec, LeafSpec)` is deprecated, use `isinstance(treespec, TreeSpec) and treespec.is_leaf()` instead.
/home/mobility/STiTy/.venv-autoseg/lib/python3.10/site-packages/pytorch_lightning/utilities/_pytree.py:21: `isinstance(treespec, LeafSpec)` is deprecated, use `isinstance(treespec, TreeSpec) and treespec.is_leaf()` instead.
/home/mobility/STiTy/.venv-autoseg/lib/python3.10/site-packages/pytorch_lightning/utilities/_pytree.py:21: `isinstance(treespec, LeafSpec)` is deprecated, use `isinstance(treespec, TreeSpec) and treespec.is_leaf()` instead.
/home/mobility/STiTy/.venv-autoseg/lib/python3.10/site-packages/pytorch_lightning/utilities/_pytree.py:21: `isinstance(treespec, LeafSpec)` is deprecated, use `isinstance(treespec, TreeSpec) and treespec.is_leaf()` instead.
/home/mobility/STiTy/.venv-autoseg/lib/python3.10/site-packages/pytorch_lightning/utilities/_pytree.py:21: `isinstance(treespec, LeafSpec)` is deprecated, use `isinstance(treespec, TreeSpec) and treespec.is_leaf()` instead.
/home/mobility/STiTy/.venv-autoseg/lib/python3.10/site-packages/pytorch_lightning/utilities/_pytree.py:21: `isinstance(treespec, LeafSpec)` is deprecated, use `isinstance(treespec, TreeSpec) and treespec.is_leaf()` instead.
/home/mobility/STiTy/.venv-autoseg/lib/python3.10/site-packages/pytorch_lightning/utilities/_pytree.py:21: `isinstance(treespec, LeafSpec)` is deprecated, use `isinstance(treespec, TreeSpec) and treespec.is_leaf()` instead.
/home/mobility/STiTy/.venv-autoseg/lib/python3.10/site-packages/pytorch_lightning/utilities/_pytree.py:21: `isinstance(treespec, LeafSpec)` is deprecated, use `isinstance(treespec, TreeSpec) and treespec.is_leaf()` instead.
/home/mobility/STiTy/.venv-autoseg/lib/python3.10/site-packages/pytorch_lightning/utilities/_pytree.py:21: `isinstance(treespec, LeafSpec)` is deprecated, use `isinstance(treespec, TreeSpec) and treespec.is_leaf()` instead.
/home/mobility/STiTy/.venv-autoseg/lib/python3.10/site-packages/pytorch_lightning/utilities/_pytree.py:21: `isinstance(treespec, LeafSpec)` is deprecated, use `isinstance(treespec, TreeSpec) and treespec.is_leaf()` instead.
/home/mobility/STiTy/.venv-autoseg/lib/python3.10/site-packages/pytorch_lightning/utilities/_pytree.py:21: `isinstance(treespec, LeafSpec)` is deprecated, use `isinstance(treespec, TreeSpec) and treespec.is_leaf()` instead.
/home/mobility/STiTy/.venv-autoseg/lib/python3.10/site-packages/pytorch_lightning/utilities/_pytree.py:21: `isinstance(treespec, LeafSpec)` is deprecated, use `isinstance(treespec, TreeSpec) and treespec.is_leaf()` instead.
[iter 0 개정] 후보 0: 14480자 train(40) score=0.6876 fmt=0.97
/home/mobility/STiTy/.venv-autoseg/lib/python3.10/site-packages/pytorch_lightning/utilities/_pytree.py:21: `isinstance(treespec, LeafSpec)` is deprecated, use `isinstance(treespec, TreeSpec) and treespec.is_leaf()` instead.
/home/mobility/STiTy/.venv-autoseg/lib/python3.10/site-packages/pytorch_lightning/utilities/_pytree.py:21: `isinstance(treespec, LeafSpec)` is deprecated, use `isinstance(treespec, TreeSpec) and treespec.is_leaf()` instead.
/home/mobility/STiTy/.venv-autoseg/lib/python3.10/site-packages/pytorch_lightning/utilities/_pytree.py:21: `isinstance(treespec, LeafSpec)` is deprecated, use `isinstance(treespec, TreeSpec) and treespec.is_leaf()` instead.
/home/mobility/STiTy/.venv-autoseg/lib/python3.10/site-packages/pytorch_lightning/utilities/_pytree.py:21: `isinstance(treespec, LeafSpec)` is deprecated, use `isinstance(treespec, TreeSpec) and treespec.is_leaf()` instead.
/home/mobility/STiTy/.venv-autoseg/lib/python3.10/site-packages/pytorch_lightning/utilities/_pytree.py:21: `isinstance(treespec, LeafSpec)` is deprecated, use `isinstance(treespec, TreeSpec) and treespec.is_leaf()` instead.
/home/mobility/STiTy/.venv-autoseg/lib/python3.10/site-packages/pytorch_lightning/utilities/_pytree.py:21: `isinstance(treespec, LeafSpec)` is deprecated, use `isinstance(treespec, TreeSpec) and treespec.is_leaf()` instead.
/home/mobility/STiTy/.venv-autoseg/lib/python3.10/site-packages/pytorch_lightning/utilities/_pytree.py:21: `isinstance(treespec, LeafSpec)` is deprecated, use `isinstance(treespec, TreeSpec) and treespec.is_leaf()` instead.
/home/mobility/STiTy/.venv-autoseg/lib/python3.10/site-packages/pytorch_lightning/utilities/_pytree.py:21: `isinstance(treespec, LeafSpec)` is deprecated, use `isinstance(treespec, TreeSpec) and treespec.is_leaf()` instead.
/home/mobility/STiTy/.venv-autoseg/lib/python3.10/site-packages/pytorch_lightning/utilities/_pytree.py:21: `isinstance(treespec, LeafSpec)` is deprecated, use `isinstance(treespec, TreeSpec) and treespec.is_leaf()` instead.
/home/mobility/STiTy/.venv-autoseg/lib/python3.10/site-packages/pytorch_lightning/utilities/_pytree.py:21: `isinstance(treespec, LeafSpec)` is deprecated, use `isinstance(treespec, TreeSpec) and treespec.is_leaf()` instead.
/home/mobility/STiTy/.venv-autoseg/lib/python3.10/site-packages/pytorch_lightning/utilities/_pytree.py:21: `isinstance(treespec, LeafSpec)` is deprecated, use `isinstance(treespec, TreeSpec) and treespec.is_leaf()` instead.
/home/mobility/STiTy/.venv-autoseg/lib/python3.10/site-packages/pytorch_lightning/utilities/_pytree.py:21: `isinstance(treespec, LeafSpec)` is deprecated, use `isinstance(treespec, TreeSpec) and treespec.is_leaf()` instead.
/home/mobility/STiTy/.venv-autoseg/lib/python3.10/site-packages/pytorch_lightning/utilities/_pytree.py:21: `isinstance(treespec, LeafSpec)` is deprecated, use `isinstance(treespec, TreeSpec) and treespec.is_leaf()` instead.
/home/mobility/STiTy/.venv-autoseg/lib/python3.10/site-packages/pytorch_lightning/utilities/_pytree.py:21: `isinstance(treespec, LeafSpec)` is deprecated, use `isinstance(treespec, TreeSpec) and treespec.is_leaf()` instead.
/home/mobility/STiTy/.venv-autoseg/lib/python3.10/site-packages/pytorch_lightning/utilities/_pytree.py:21: `isinstance(treespec, LeafSpec)` is deprecated, use `isinstance(treespec, TreeSpec) and treespec.is_leaf()` instead.
/home/mobility/STiTy/.venv-autoseg/lib/python3.10/site-packages/pytorch_lightning/utilities/_pytree.py:21: `isinstance(treespec, LeafSpec)` is deprecated, use `isinstance(treespec, TreeSpec) and treespec.is_leaf()` instead.
/home/mobility/STiTy/.venv-autoseg/lib/python3.10/site-packages/pytorch_lightning/utilities/_pytree.py:21: `isinstance(treespec, LeafSpec)` is deprecated, use `isinstance(treespec, TreeSpec) and treespec.is_leaf()` instead.
/home/mobility/STiTy/.venv-autoseg/lib/python3.10/site-packages/pytorch_lightning/utilities/_pytree.py:21: `isinstance(treespec, LeafSpec)` is deprecated, use `isinstance(treespec, TreeSpec) and treespec.is_leaf()` instead.
/home/mobility/STiTy/.venv-autoseg/lib/python3.10/site-packages/pytorch_lightning/utilities/_pytree.py:21: `isinstance(treespec, LeafSpec)` is deprecated, use `isinstance(treespec, TreeSpec) and treespec.is_leaf()` instead.
/home/mobility/STiTy/.venv-autoseg/lib/python3.10/site-packages/pytorch_lightning/utilities/_pytree.py:21: `isinstance(treespec, LeafSpec)` is deprecated, use `isinstance(treespec, TreeSpec) and treespec.is_leaf()` instead.
/home/mobility/STiTy/.venv-autoseg/lib/python3.10/site-packages/pytorch_lightning/utilities/_pytree.py:21: `isinstance(treespec, LeafSpec)` is deprecated, use `isinstance(treespec, TreeSpec) and treespec.is_leaf()` instead.
/home/mobility/STiTy/.venv-autoseg/lib/python3.10/site-packages/pytorch_lightning/utilities/_pytree.py:21: `isinstance(treespec, LeafSpec)` is deprecated, use `isinstance(treespec, TreeSpec) and treespec.is_leaf()` instead.
/home/mobility/STiTy/.venv-autoseg/lib/python3.10/site-packages/pytorch_lightning/utilities/_pytree.py:21: `isinstance(treespec, LeafSpec)` is deprecated, use `isinstance(treespec, TreeSpec) and treespec.is_leaf()` instead.
/home/mobility/STiTy/.venv-autoseg/lib/python3.10/site-packages/pytorch_lightning/utilities/_pytree.py:21: `isinstance(treespec, LeafSpec)` is deprecated, use `isinstance(treespec, TreeSpec) and treespec.is_leaf()` instead.
/home/mobility/STiTy/.venv-autoseg/lib/python3.10/site-packages/pytorch_lightning/utilities/_pytree.py:21: `isinstance(treespec, LeafSpec)` is deprecated, use `isinstance(treespec, TreeSpec) and treespec.is_leaf()` instead.
/home/mobility/STiTy/.venv-autoseg/lib/python3.10/site-packages/pytorch_lightning/utilities/_pytree.py:21: `isinstance(treespec, LeafSpec)` is deprecated, use `isinstance(treespec, TreeSpec) and treespec.is_leaf()` instead.
/home/mobility/STiTy/.venv-autoseg/lib/python3.10/site-packages/pytorch_lightning/utilities/_pytree.py:21: `isinstance(treespec, LeafSpec)` is deprecated, use `isinstance(treespec, TreeSpec) and treespec.is_leaf()` instead.
/home/mobility/STiTy/.venv-autoseg/lib/python3.10/site-packages/pytorch_lightning/utilities/_pytree.py:21: `isinstance(treespec, LeafSpec)` is deprecated, use `isinstance(treespec, TreeSpec) and treespec.is_leaf()` instead.
/home/mobility/STiTy/.venv-autoseg/lib/python3.10/site-packages/pytorch_lightning/utilities/_pytree.py:21: `isinstance(treespec, LeafSpec)` is deprecated, use `isinstance(treespec, TreeSpec) and treespec.is_leaf()` instead.
/home/mobility/STiTy/.venv-autoseg/lib/python3.10/site-packages/pytorch_lightning/utilities/_pytree.py:21: `isinstance(treespec, LeafSpec)` is deprecated, use `isinstance(treespec, TreeSpec) and treespec.is_leaf()` instead.
[iter 0 개정] 후보 1: 13781자 train(40) score=0.6792 fmt=0.97
/home/mobility/STiTy/.venv-autoseg/lib/python3.10/site-packages/pytorch_lightning/utilities/_pytree.py:21: `isinstance(treespec, LeafSpec)` is deprecated, use `isinstance(treespec, TreeSpec) and treespec.is_leaf()` instead.
/home/mobility/STiTy/.venv-autoseg/lib/python3.10/site-packages/pytorch_lightning/utilities/_pytree.py:21: `isinstance(treespec, LeafSpec)` is deprecated, use `isinstance(treespec, TreeSpec) and treespec.is_leaf()` instead.
/home/mobility/STiTy/.venv-autoseg/lib/python3.10/site-packages/pytorch_lightning/utilities/_pytree.py:21: `isinstance(treespec, LeafSpec)` is deprecated, use `isinstance(treespec, TreeSpec) and treespec.is_leaf()` instead.
/home/mobility/STiTy/.venv-autoseg/lib/python3.10/site-packages/pytorch_lightning/utilities/_pytree.py:21: `isinstance(treespec, LeafSpec)` is deprecated, use `isinstance(treespec, TreeSpec) and treespec.is_leaf()` instead.
/home/mobility/STiTy/.venv-autoseg/lib/python3.10/site-packages/pytorch_lightning/utilities/_pytree.py:21: `isinstance(treespec, LeafSpec)` is deprecated, use `isinstance(treespec, TreeSpec) and treespec.is_leaf()` instead.
/home/mobility/STiTy/.venv-autoseg/lib/python3.10/site-packages/pytorch_lightning/utilities/_pytree.py:21: `isinstance(treespec, LeafSpec)` is deprecated, use `isinstance(treespec, TreeSpec) and treespec.is_leaf()` instead.
/home/mobility/STiTy/.venv-autoseg/lib/python3.10/site-packages/pytorch_lightning/utilities/_pytree.py:21: `isinstance(treespec, LeafSpec)` is deprecated, use `isinstance(treespec, TreeSpec) and treespec.is_leaf()` instead.
/home/mobility/STiTy/.venv-autoseg/lib/python3.10/site-packages/pytorch_lightning/utilities/_pytree.py:21: `isinstance(treespec, LeafSpec)` is deprecated, use `isinstance(treespec, TreeSpec) and treespec.is_leaf()` instead.
/home/mobility/STiTy/.venv-autoseg/lib/python3.10/site-packages/pytorch_lightning/utilities/_pytree.py:21: `isinstance(treespec, LeafSpec)` is deprecated, use `isinstance(treespec, TreeSpec) and treespec.is_leaf()` instead.
/home/mobility/STiTy/.venv-autoseg/lib/python3.10/site-packages/pytorch_lightning/utilities/_pytree.py:21: `isinstance(treespec, LeafSpec)` is deprecated, use `isinstance(treespec, TreeSpec) and treespec.is_leaf()` instead.
/home/mobility/STiTy/.venv-autoseg/lib/python3.10/site-packages/pytorch_lightning/utilities/_pytree.py:21: `isinstance(treespec, LeafSpec)` is deprecated, use `isinstance(treespec, TreeSpec) and treespec.is_leaf()` instead.
/home/mobility/STiTy/.venv-autoseg/lib/python3.10/site-packages/pytorch_lightning/utilities/_pytree.py:21: `isinstance(treespec, LeafSpec)` is deprecated, use `isinstance(treespec, TreeSpec) and treespec.is_leaf()` instead.
/home/mobility/STiTy/.venv-autoseg/lib/python3.10/site-packages/pytorch_lightning/utilities/_pytree.py:21: `isinstance(treespec, LeafSpec)` is deprecated, use `isinstance(treespec, TreeSpec) and treespec.is_leaf()` instead.
/home/mobility/STiTy/.venv-autoseg/lib/python3.10/site-packages/pytorch_lightning/utilities/_pytree.py:21: `isinstance(treespec, LeafSpec)` is deprecated, use `isinstance(treespec, TreeSpec) and treespec.is_leaf()` instead.
/home/mobility/STiTy/.venv-autoseg/lib/python3.10/site-packages/pytorch_lightning/utilities/_pytree.py:21: `isinstance(treespec, LeafSpec)` is deprecated, use `isinstance(treespec, TreeSpec) and treespec.is_leaf()` instead.
/home/mobility/STiTy/.venv-autoseg/lib/python3.10/site-packages/pytorch_lightning/utilities/_pytree.py:21: `isinstance(treespec, LeafSpec)` is deprecated, use `isinstance(treespec, TreeSpec) and treespec.is_leaf()` instead.
/home/mobility/STiTy/.venv-autoseg/lib/python3.10/site-packages/pytorch_lightning/utilities/_pytree.py:21: `isinstance(treespec, LeafSpec)` is deprecated, use `isinstance(treespec, TreeSpec) and treespec.is_leaf()` instead.
/home/mobility/STiTy/.venv-autoseg/lib/python3.10/site-packages/pytorch_lightning/utilities/_pytree.py:21: `isinstance(treespec, LeafSpec)` is deprecated, use `isinstance(treespec, TreeSpec) and treespec.is_leaf()` instead.
/home/mobility/STiTy/.venv-autoseg/lib/python3.10/site-packages/pytorch_lightning/utilities/_pytree.py:21: `isinstance(treespec, LeafSpec)` is deprecated, use `isinstance(treespec, TreeSpec) and treespec.is_leaf()` instead.
/home/mobility/STiTy/.venv-autoseg/lib/python3.10/site-packages/pytorch_lightning/utilities/_pytree.py:21: `isinstance(treespec, LeafSpec)` is deprecated, use `isinstance(treespec, TreeSpec) and treespec.is_leaf()` instead.
/home/mobility/STiTy/.venv-autoseg/lib/python3.10/site-packages/pytorch_lightning/utilities/_pytree.py:21: `isinstance(treespec, LeafSpec)` is deprecated, use `isinstance(treespec, TreeSpec) and treespec.is_leaf()` instead.
/home/mobility/STiTy/.venv-autoseg/lib/python3.10/site-packages/pytorch_lightning/utilities/_pytree.py:21: `isinstance(treespec, LeafSpec)` is deprecated, use `isinstance(treespec, TreeSpec) and treespec.is_leaf()` instead.
/home/mobility/STiTy/.venv-autoseg/lib/python3.10/site-packages/pytorch_lightning/utilities/_pytree.py:21: `isinstance(treespec, LeafSpec)` is deprecated, use `isinstance(treespec, TreeSpec) and treespec.is_leaf()` instead.
/home/mobility/STiTy/.venv-autoseg/lib/python3.10/site-packages/pytorch_lightning/utilities/_pytree.py:21: `isinstance(treespec, LeafSpec)` is deprecated, use `isinstance(treespec, TreeSpec) and treespec.is_leaf()` instead.
/home/mobility/STiTy/.venv-autoseg/lib/python3.10/site-packages/pytorch_lightning/utilities/_pytree.py:21: `isinstance(treespec, LeafSpec)` is deprecated, use `isinstance(treespec, TreeSpec) and treespec.is_leaf()` instead.
/home/mobility/STiTy/.venv-autoseg/lib/python3.10/site-packages/pytorch_lightning/utilities/_pytree.py:21: `isinstance(treespec, LeafSpec)` is deprecated, use `isinstance(treespec, TreeSpec) and treespec.is_leaf()` instead.
/home/mobility/STiTy/.venv-autoseg/lib/python3.10/site-packages/pytorch_lightning/utilities/_pytree.py:21: `isinstance(treespec, LeafSpec)` is deprecated, use `isinstance(treespec, TreeSpec) and treespec.is_leaf()` instead.
/home/mobility/STiTy/.venv-autoseg/lib/python3.10/site-packages/pytorch_lightning/utilities/_pytree.py:21: `isinstance(treespec, LeafSpec)` is deprecated, use `isinstance(treespec, TreeSpec) and treespec.is_leaf()` instead.
/home/mobility/STiTy/.venv-autoseg/lib/python3.10/site-packages/pytorch_lightning/utilities/_pytree.py:21: `isinstance(treespec, LeafSpec)` is deprecated, use `isinstance(treespec, TreeSpec) and treespec.is_leaf()` instead.
/home/mobility/STiTy/.venv-autoseg/lib/python3.10/site-packages/pytorch_lightning/utilities/_pytree.py:21: `isinstance(treespec, LeafSpec)` is deprecated, use `isinstance(treespec, TreeSpec) and treespec.is_leaf()` instead.
[iter 0 개정] 후보 2: 13615자 train(40) score=0.6746 fmt=1.00
[iter 0 개정] 후보 0 채택 (score=0.6876) — dev 미사용
[iter 0] 개정 후보 3/3 통과
[iter 0] 개정: ['[When to Segment]', '[Priority Rules]', '[Decision Procedure]']
[iter 0] 소요 2097초 = train_eval 334 + judge 126 + rank_audit 1 + dev_eval 829 + critic 48 + prompt_engineer 127 + select_prompt 633
/home/mobility/STiTy/.venv-autoseg/lib/python3.10/site-packages/pytorch_lightning/utilities/_pytree.py:21: `isinstance(treespec, LeafSpec)` is deprecated, use `isinstance(treespec, TreeSpec) and treespec.is_leaf()` instead.
/home/mobility/STiTy/.venv-autoseg/lib/python3.10/site-packages/pytorch_lightning/utilities/_pytree.py:21: `isinstance(treespec, LeafSpec)` is deprecated, use `isinstance(treespec, TreeSpec) and treespec.is_leaf()` instead.
/home/mobility/STiTy/.venv-autoseg/lib/python3.10/site-packages/pytorch_lightning/utilities/_pytree.py:21: `isinstance(treespec, LeafSpec)` is deprecated, use `isinstance(treespec, TreeSpec) and treespec.is_leaf()` instead.
/home/mobility/STiTy/.venv-autoseg/lib/python3.10/site-packages/pytorch_lightning/utilities/_pytree.py:21: `isinstance(treespec, LeafSpec)` is deprecated, use `isinstance(treespec, TreeSpec) and treespec.is_leaf()` instead.
/home/mobility/STiTy/.venv-autoseg/lib/python3.10/site-packages/pytorch_lightning/utilities/_pytree.py:21: `isinstance(treespec, LeafSpec)` is deprecated, use `isinstance(treespec, TreeSpec) and treespec.is_leaf()` instead.
/home/mobility/STiTy/.venv-autoseg/lib/python3.10/site-packages/pytorch_lightning/utilities/_pytree.py:21: `isinstance(treespec, LeafSpec)` is deprecated, use `isinstance(treespec, TreeSpec) and treespec.is_leaf()` instead.
/home/mobility/STiTy/.venv-autoseg/lib/python3.10/site-packages/pytorch_lightning/utilities/_pytree.py:21: `isinstance(treespec, LeafSpec)` is deprecated, use `isinstance(treespec, TreeSpec) and treespec.is_leaf()` instead.
/home/mobility/STiTy/.venv-autoseg/lib/python3.10/site-packages/pytorch_lightning/utilities/_pytree.py:21: `isinstance(treespec, LeafSpec)` is deprecated, use `isinstance(treespec, TreeSpec) and treespec.is_leaf()` instead.
/home/mobility/STiTy/.venv-autoseg/lib/python3.10/site-packages/pytorch_lightning/utilities/_pytree.py:21: `isinstance(treespec, LeafSpec)` is deprecated, use `isinstance(treespec, TreeSpec) and treespec.is_leaf()` instead.
/home/mobility/STiTy/.venv-autoseg/lib/python3.10/site-packages/pytorch_lightning/utilities/_pytree.py:21: `isinstance(treespec, LeafSpec)` is deprecated, use `isinstance(treespec, TreeSpec) and treespec.is_leaf()` instead.
/home/mobility/STiTy/.venv-autoseg/lib/python3.10/site-packages/pytorch_lightning/utilities/_pytree.py:21: `isinstance(treespec, LeafSpec)` is deprecated, use `isinstance(treespec, TreeSpec) and treespec.is_leaf()` instead.
/home/mobility/STiTy/.venv-autoseg/lib/python3.10/site-packages/pytorch_lightning/utilities/_pytree.py:21: `isinstance(treespec, LeafSpec)` is deprecated, use `isinstance(treespec, TreeSpec) and treespec.is_leaf()` instead.
/home/mobility/STiTy/.venv-autoseg/lib/python3.10/site-packages/pytorch_lightning/utilities/_pytree.py:21: `isinstance(treespec, LeafSpec)` is deprecated, use `isinstance(treespec, TreeSpec) and treespec.is_leaf()` instead.
/home/mobility/STiTy/.venv-autoseg/lib/python3.10/site-packages/pytorch_lightning/utilities/_pytree.py:21: `isinstance(treespec, LeafSpec)` is deprecated, use `isinstance(treespec, TreeSpec) and treespec.is_leaf()` instead.
/home/mobility/STiTy/.venv-autoseg/lib/python3.10/site-packages/pytorch_lightning/utilities/_pytree.py:21: `isinstance(treespec, LeafSpec)` is deprecated, use `isinstance(treespec, TreeSpec) and treespec.is_leaf()` instead.
/home/mobility/STiTy/.venv-autoseg/lib/python3.10/site-packages/pytorch_lightning/utilities/_pytree.py:21: `isinstance(treespec, LeafSpec)` is deprecated, use `isinstance(treespec, TreeSpec) and treespec.is_leaf()` instead.
/home/mobility/STiTy/.venv-autoseg/lib/python3.10/site-packages/pytorch_lightning/utilities/_pytree.py:21: `isinstance(treespec, LeafSpec)` is deprecated, use `isinstance(treespec, TreeSpec) and treespec.is_leaf()` instead.
/home/mobility/STiTy/.venv-autoseg/lib/python3.10/site-packages/pytorch_lightning/utilities/_pytree.py:21: `isinstance(treespec, LeafSpec)` is deprecated, use `isinstance(treespec, TreeSpec) and treespec.is_leaf()` instead.
/home/mobility/STiTy/.venv-autoseg/lib/python3.10/site-packages/pytorch_lightning/utilities/_pytree.py:21: `isinstance(treespec, LeafSpec)` is deprecated, use `isinstance(treespec, TreeSpec) and treespec.is_leaf()` instead.
/home/mobility/STiTy/.venv-autoseg/lib/python3.10/site-packages/pytorch_lightning/utilities/_pytree.py:21: `isinstance(treespec, LeafSpec)` is deprecated, use `isinstance(treespec, TreeSpec) and treespec.is_leaf()` instead.
/home/mobility/STiTy/.venv-autoseg/lib/python3.10/site-packages/pytorch_lightning/utilities/_pytree.py:21: `isinstance(treespec, LeafSpec)` is deprecated, use `isinstance(treespec, TreeSpec) and treespec.is_leaf()` instead.
/home/mobility/STiTy/.venv-autoseg/lib/python3.10/site-packages/pytorch_lightning/utilities/_pytree.py:21: `isinstance(treespec, LeafSpec)` is deprecated, use `isinstance(treespec, TreeSpec) and treespec.is_leaf()` instead.
/home/mobility/STiTy/.venv-autoseg/lib/python3.10/site-packages/pytorch_lightning/utilities/_pytree.py:21: `isinstance(treespec, LeafSpec)` is deprecated, use `isinstance(treespec, TreeSpec) and treespec.is_leaf()` instead.
/home/mobility/STiTy/.venv-autoseg/lib/python3.10/site-packages/pytorch_lightning/utilities/_pytree.py:21: `isinstance(treespec, LeafSpec)` is deprecated, use `isinstance(treespec, TreeSpec) and treespec.is_leaf()` instead.
/home/mobility/STiTy/.venv-autoseg/lib/python3.10/site-packages/pytorch_lightning/utilities/_pytree.py:21: `isinstance(treespec, LeafSpec)` is deprecated, use `isinstance(treespec, TreeSpec) and treespec.is_leaf()` instead.
/home/mobility/STiTy/.venv-autoseg/lib/python3.10/site-packages/pytorch_lightning/utilities/_pytree.py:21: `isinstance(treespec, LeafSpec)` is deprecated, use `isinstance(treespec, TreeSpec) and treespec.is_leaf()` instead.
/home/mobility/STiTy/.venv-autoseg/lib/python3.10/site-packages/pytorch_lightning/utilities/_pytree.py:21: `isinstance(treespec, LeafSpec)` is deprecated, use `isinstance(treespec, TreeSpec) and treespec.is_leaf()` instead.
/home/mobility/STiTy/.venv-autoseg/lib/python3.10/site-packages/pytorch_lightning/utilities/_pytree.py:21: `isinstance(treespec, LeafSpec)` is deprecated, use `isinstance(treespec, TreeSpec) and treespec.is_leaf()` instead.
/home/mobility/STiTy/.venv-autoseg/lib/python3.10/site-packages/pytorch_lightning/utilities/_pytree.py:21: `isinstance(treespec, LeafSpec)` is deprecated, use `isinstance(treespec, TreeSpec) and treespec.is_leaf()` instead.
/home/mobility/STiTy/.venv-autoseg/lib/python3.10/site-packages/pytorch_lightning/utilities/_pytree.py:21: `isinstance(treespec, LeafSpec)` is deprecated, use `isinstance(treespec, TreeSpec) and treespec.is_leaf()` instead.
HTTP Request: POST https://gw.letsur.ai/v1/chat/completions "HTTP/1.1 200 OK"
HTTP Request: POST https://gw.letsur.ai/v1/chat/completions "HTTP/1.1 200 OK"
HTTP Request: POST https://gw.letsur.ai/v1/chat/completions "HTTP/1.1 200 OK"
HTTP Request: POST https://gw.letsur.ai/v1/chat/completions "HTTP/1.1 200 OK"
HTTP Request: POST https://gw.letsur.ai/v1/chat/completions "HTTP/1.1 200 OK"
HTTP Request: POST https://gw.letsur.ai/v1/chat/completions "HTTP/1.1 200 OK"
HTTP Request: POST https://gw.letsur.ai/v1/chat/completions "HTTP/1.1 200 OK"
HTTP Request: POST https://gw.letsur.ai/v1/chat/completions "HTTP/1.1 200 OK"
HTTP Request: POST https://gw.letsur.ai/v1/chat/completions "HTTP/1.1 200 OK"
HTTP Request: POST https://gw.letsur.ai/v1/chat/completions "HTTP/1.1 200 OK"
HTTP Request: POST https://gw.letsur.ai/v1/chat/completions "HTTP/1.1 200 OK"
HTTP Request: POST https://gw.letsur.ai/v1/chat/completions "HTTP/1.1 200 OK"
HTTP Request: POST https://gw.letsur.ai/v1/chat/completions "HTTP/1.1 200 OK"
HTTP Request: POST https://gw.letsur.ai/v1/chat/completions "HTTP/1.1 200 OK"
HTTP Request: POST https://gw.letsur.ai/v1/chat/completions "HTTP/1.1 200 OK"
HTTP Request: POST https://gw.letsur.ai/v1/chat/completions "HTTP/1.1 200 OK"
HTTP Request: POST https://gw.letsur.ai/v1/chat/completions "HTTP/1.1 200 OK"
HTTP Request: POST https://gw.letsur.ai/v1/chat/completions "HTTP/1.1 200 OK"
HTTP Request: POST https://gw.letsur.ai/v1/chat/completions "HTTP/1.1 200 OK"
HTTP Request: POST https://gw.letsur.ai/v1/chat/completions "HTTP/1.1 200 OK"
HTTP Request: POST https://gw.letsur.ai/v1/chat/completions "HTTP/1.1 200 OK"
HTTP Request: POST https://gw.letsur.ai/v1/chat/completions "HTTP/1.1 200 OK"
HTTP Request: POST https://gw.letsur.ai/v1/chat/completions "HTTP/1.1 200 OK"
HTTP Request: POST https://gw.letsur.ai/v1/chat/completions "HTTP/1.1 200 OK"
HTTP Request: POST https://gw.letsur.ai/v1/chat/completions "HTTP/1.1 200 OK"
HTTP Request: POST https://gw.letsur.ai/v1/chat/completions "HTTP/1.1 200 OK"
HTTP Request: POST https://gw.letsur.ai/v1/chat/completions "HTTP/1.1 200 OK"
HTTP Request: POST https://gw.letsur.ai/v1/chat/completions "HTTP/1.1 200 OK"
HTTP Request: POST https://gw.letsur.ai/v1/chat/completions "HTTP/1.1 200 OK"
HTTP Request: POST https://gw.letsur.ai/v1/chat/completions "HTTP/1.1 200 OK"
HTTP Request: POST https://gw.letsur.ai/v1/chat/completions "HTTP/1.1 200 OK"
HTTP Request: POST https://gw.letsur.ai/v1/chat/completions "HTTP/1.1 200 OK"
HTTP Request: POST https://gw.letsur.ai/v1/chat/completions "HTTP/1.1 200 OK"
HTTP Request: POST https://gw.letsur.ai/v1/chat/completions "HTTP/1.1 200 OK"
HTTP Request: POST https://gw.letsur.ai/v1/chat/completions "HTTP/1.1 200 OK"
HTTP Request: POST https://gw.letsur.ai/v1/chat/completions "HTTP/1.1 200 OK"
HTTP Request: POST https://gw.letsur.ai/v1/chat/completions "HTTP/1.1 200 OK"
HTTP Request: POST https://gw.letsur.ai/v1/chat/completions "HTTP/1.1 200 OK"
HTTP Request: POST https://gw.letsur.ai/v1/chat/completions "HTTP/1.1 200 OK"
HTTP Request: POST https://gw.letsur.ai/v1/chat/completions "HTTP/1.1 200 OK"
HTTP Request: POST https://gw.letsur.ai/v1/chat/completions "HTTP/1.1 200 OK"
HTTP Request: POST https://gw.letsur.ai/v1/chat/completions "HTTP/1.1 200 OK"
HTTP Request: POST https://gw.letsur.ai/v1/chat/completions "HTTP/1.1 200 OK"
HTTP Request: POST https://gw.letsur.ai/v1/chat/completions "HTTP/1.1 200 OK"
HTTP Request: POST https://gw.letsur.ai/v1/chat/completions "HTTP/1.1 200 OK"
HTTP Request: POST https://gw.letsur.ai/v1/chat/completions "HTTP/1.1 200 OK"
HTTP Request: POST https://gw.letsur.ai/v1/chat/completions "HTTP/1.1 200 OK"
HTTP Request: POST https://gw.letsur.ai/v1/chat/completions "HTTP/1.1 200 OK"
HTTP Request: POST https://gw.letsur.ai/v1/chat/completions "HTTP/1.1 200 OK"
HTTP Request: POST https://gw.letsur.ai/v1/chat/completions "HTTP/1.1 200 OK"
[iter 1] 순위감사 최다 과신 '뒤 구두점 ','' 백분위 0.41 contra 0.1566 (n=16)
[iter 1] 순위진단(T=4) gap=-0.0241±0.0454(n=40) Spearman=+0.094(n=37)
[iter 1] train fmt=0.97(1st 0.53)  T4: eff=0.6310 p10=0.4370 [ent 0.5501] adq=0.7643 contra=0.177 laal=3.31 k=5.25 miss=0.03  T6: eff=0.6901 p10=0.4806 [ent 0.6173] adq=0.8128 contra=0.141 laal=4.56 k=3.60 miss=0.00  T12: eff=0.7418 p10=0.5682 [ent 0.6861] adq=0.8505 contra=0.054 laal=10.24 k=1.73 miss=0.00  score=0.6876  rank_lift=+0.1102(t+2.0, T12)
HTTP Request: POST https://gw.letsur.ai/v1/chat/completions "HTTP/1.1 200 OK"
HTTP Request: POST https://gw.letsur.ai/v1/chat/completions "HTTP/1.1 200 OK"
HTTP Request: POST https://gw.letsur.ai/v1/chat/completions "HTTP/1.1 200 OK"
HTTP Request: POST https://gw.letsur.ai/v1/chat/completions "HTTP/1.1 200 OK"
HTTP Request: POST https://gw.letsur.ai/v1/chat/completions "HTTP/1.1 200 OK"
HTTP Request: POST https://gw.letsur.ai/v1/chat/completions "HTTP/1.1 200 OK"
HTTP Request: POST https://gw.letsur.ai/v1/chat/completions "HTTP/1.1 200 OK"
HTTP Request: POST https://gw.letsur.ai/v1/chat/completions "HTTP/1.1 200 OK"
HTTP Request: POST https://gw.letsur.ai/v1/chat/completions "HTTP/1.1 200 OK"
HTTP Request: POST https://gw.letsur.ai/v1/chat/completions "HTTP/1.1 200 OK"
HTTP Request: POST https://gw.letsur.ai/v1/chat/completions "HTTP/1.1 200 OK"
HTTP Request: POST https://gw.letsur.ai/v1/chat/completions "HTTP/1.1 200 OK"
HTTP Request: POST https://gw.letsur.ai/v1/chat/completions "HTTP/1.1 200 OK"
HTTP Request: POST https://gw.letsur.ai/v1/chat/completions "HTTP/1.1 200 OK"
HTTP Request: POST https://gw.letsur.ai/v1/chat/completions "HTTP/1.1 200 OK"
HTTP Request: POST https://gw.letsur.ai/v1/chat/completions "HTTP/1.1 200 OK"
HTTP Request: POST https://gw.letsur.ai/v1/chat/completions "HTTP/1.1 200 OK"
HTTP Request: POST https://gw.letsur.ai/v1/chat/completions "HTTP/1.1 200 OK"
HTTP Request: POST https://gw.letsur.ai/v1/chat/completions "HTTP/1.1 200 OK"
HTTP Request: POST https://gw.letsur.ai/v1/chat/completions "HTTP/1.1 200 OK"
HTTP Request: POST https://gw.letsur.ai/v1/chat/completions "HTTP/1.1 200 OK"
HTTP Request: POST https://gw.letsur.ai/v1/chat/completions "HTTP/1.1 200 OK"
HTTP Request: POST https://gw.letsur.ai/v1/chat/completions "HTTP/1.1 200 OK"
HTTP Request: POST https://gw.letsur.ai/v1/chat/completions "HTTP/1.1 200 OK"
HTTP Request: POST https://gw.letsur.ai/v1/chat/completions "HTTP/1.1 200 OK"
HTTP Request: POST https://gw.letsur.ai/v1/chat/completions "HTTP/1.1 200 OK"
HTTP Request: POST https://gw.letsur.ai/v1/chat/completions "HTTP/1.1 200 OK"
HTTP Request: POST https://gw.letsur.ai/v1/chat/completions "HTTP/1.1 200 OK"
HTTP Request: POST https://gw.letsur.ai/v1/chat/completions "HTTP/1.1 200 OK"
HTTP Request: POST https://gw.letsur.ai/v1/chat/completions "HTTP/1.1 200 OK"
HTTP Request: POST https://gw.letsur.ai/v1/chat/completions "HTTP/1.1 200 OK"
HTTP Request: POST https://gw.letsur.ai/v1/chat/completions "HTTP/1.1 200 OK"
HTTP Request: POST https://gw.letsur.ai/v1/chat/completions "HTTP/1.1 200 OK"
HTTP Request: POST https://gw.letsur.ai/v1/chat/completions "HTTP/1.1 200 OK"
HTTP Request: POST https://gw.letsur.ai/v1/chat/completions "HTTP/1.1 200 OK"
HTTP Request: POST https://gw.letsur.ai/v1/chat/completions "HTTP/1.1 200 OK"
HTTP Request: POST https://gw.letsur.ai/v1/chat/completions "HTTP/1.1 200 OK"
HTTP Request: POST https://gw.letsur.ai/v1/chat/completions "HTTP/1.1 200 OK"
HTTP Request: POST https://gw.letsur.ai/v1/chat/completions "HTTP/1.1 200 OK"
HTTP Request: POST https://gw.letsur.ai/v1/chat/completions "HTTP/1.1 200 OK"
HTTP Request: POST https://gw.letsur.ai/v1/chat/completions "HTTP/1.1 200 OK"
HTTP Request: POST https://gw.letsur.ai/v1/chat/completions "HTTP/1.1 200 OK"
HTTP Request: POST https://gw.letsur.ai/v1/chat/completions "HTTP/1.1 200 OK"
HTTP Request: POST https://gw.letsur.ai/v1/chat/completions "HTTP/1.1 200 OK"
HTTP Request: POST https://gw.letsur.ai/v1/chat/completions "HTTP/1.1 200 OK"
HTTP Request: POST https://gw.letsur.ai/v1/chat/completions "HTTP/1.1 200 OK"
HTTP Request: POST https://gw.letsur.ai/v1/chat/completions "HTTP/1.1 200 OK"
HTTP Request: POST https://gw.letsur.ai/v1/chat/completions "HTTP/1.1 200 OK"
HTTP Request: POST https://gw.letsur.ai/v1/chat/completions "HTTP/1.1 200 OK"
HTTP Request: POST https://gw.letsur.ai/v1/chat/completions "HTTP/1.1 200 OK"
HTTP Request: POST https://gw.letsur.ai/v1/chat/completions "HTTP/1.1 200 OK"
HTTP Request: POST https://gw.letsur.ai/v1/chat/completions "HTTP/1.1 200 OK"
HTTP Request: POST https://gw.letsur.ai/v1/chat/completions "HTTP/1.1 200 OK"
HTTP Request: POST https://gw.letsur.ai/v1/chat/completions "HTTP/1.1 200 OK"
HTTP Request: POST https://gw.letsur.ai/v1/chat/completions "HTTP/1.1 200 OK"
HTTP Request: POST https://gw.letsur.ai/v1/chat/completions "HTTP/1.1 200 OK"
HTTP Request: POST https://gw.letsur.ai/v1/chat/completions "HTTP/1.1 200 OK"
HTTP Request: POST https://gw.letsur.ai/v1/chat/completions "HTTP/1.1 200 OK"
HTTP Request: POST https://gw.letsur.ai/v1/chat/completions "HTTP/1.1 200 OK"
HTTP Request: POST https://gw.letsur.ai/v1/chat/completions "HTTP/1.1 200 OK"
HTTP Request: POST https://gw.letsur.ai/v1/chat/completions "HTTP/1.1 200 OK"
HTTP Request: POST https://gw.letsur.ai/v1/chat/completions "HTTP/1.1 200 OK"
HTTP Request: POST https://gw.letsur.ai/v1/chat/completions "HTTP/1.1 200 OK"
HTTP Request: POST https://gw.letsur.ai/v1/chat/completions "HTTP/1.1 200 OK"
HTTP Request: POST https://gw.letsur.ai/v1/chat/completions "HTTP/1.1 200 OK"
HTTP Request: POST https://gw.letsur.ai/v1/chat/completions "HTTP/1.1 200 OK"
/home/mobility/STiTy/.venv-autoseg/lib/python3.10/site-packages/pytorch_lightning/utilities/_pytree.py:21: `isinstance(treespec, LeafSpec)` is deprecated, use `isinstance(treespec, TreeSpec) and treespec.is_leaf()` instead.
/home/mobility/STiTy/.venv-autoseg/lib/python3.10/site-packages/pytorch_lightning/utilities/_pytree.py:21: `isinstance(treespec, LeafSpec)` is deprecated, use `isinstance(treespec, TreeSpec) and treespec.is_leaf()` instead.
/home/mobility/STiTy/.venv-autoseg/lib/python3.10/site-packages/pytorch_lightning/utilities/_pytree.py:21: `isinstance(treespec, LeafSpec)` is deprecated, use `isinstance(treespec, TreeSpec) and treespec.is_leaf()` instead.
/home/mobility/STiTy/.venv-autoseg/lib/python3.10/site-packages/pytorch_lightning/utilities/_pytree.py:21: `isinstance(treespec, LeafSpec)` is deprecated, use `isinstance(treespec, TreeSpec) and treespec.is_leaf()` instead.
/home/mobility/STiTy/.venv-autoseg/lib/python3.10/site-packages/pytorch_lightning/utilities/_pytree.py:21: `isinstance(treespec, LeafSpec)` is deprecated, use `isinstance(treespec, TreeSpec) and treespec.is_leaf()` instead.
/home/mobility/STiTy/.venv-autoseg/lib/python3.10/site-packages/pytorch_lightning/utilities/_pytree.py:21: `isinstance(treespec, LeafSpec)` is deprecated, use `isinstance(treespec, TreeSpec) and treespec.is_leaf()` instead.
/home/mobility/STiTy/.venv-autoseg/lib/python3.10/site-packages/pytorch_lightning/utilities/_pytree.py:21: `isinstance(treespec, LeafSpec)` is deprecated, use `isinstance(treespec, TreeSpec) and treespec.is_leaf()` instead.
/home/mobility/STiTy/.venv-autoseg/lib/python3.10/site-packages/pytorch_lightning/utilities/_pytree.py:21: `isinstance(treespec, LeafSpec)` is deprecated, use `isinstance(treespec, TreeSpec) and treespec.is_leaf()` instead.
/home/mobility/STiTy/.venv-autoseg/lib/python3.10/site-packages/pytorch_lightning/utilities/_pytree.py:21: `isinstance(treespec, LeafSpec)` is deprecated, use `isinstance(treespec, TreeSpec) and treespec.is_leaf()` instead.
/home/mobility/STiTy/.venv-autoseg/lib/python3.10/site-packages/pytorch_lightning/utilities/_pytree.py:21: `isinstance(treespec, LeafSpec)` is deprecated, use `isinstance(treespec, TreeSpec) and treespec.is_leaf()` instead.
/home/mobility/STiTy/.venv-autoseg/lib/python3.10/site-packages/pytorch_lightning/utilities/_pytree.py:21: `isinstance(treespec, LeafSpec)` is deprecated, use `isinstance(treespec, TreeSpec) and treespec.is_leaf()` instead.
/home/mobility/STiTy/.venv-autoseg/lib/python3.10/site-packages/pytorch_lightning/utilities/_pytree.py:21: `isinstance(treespec, LeafSpec)` is deprecated, use `isinstance(treespec, TreeSpec) and treespec.is_leaf()` instead.
/home/mobility/STiTy/.venv-autoseg/lib/python3.10/site-packages/pytorch_lightning/utilities/_pytree.py:21: `isinstance(treespec, LeafSpec)` is deprecated, use `isinstance(treespec, TreeSpec) and treespec.is_leaf()` instead.
/home/mobility/STiTy/.venv-autoseg/lib/python3.10/site-packages/pytorch_lightning/utilities/_pytree.py:21: `isinstance(treespec, LeafSpec)` is deprecated, use `isinstance(treespec, TreeSpec) and treespec.is_leaf()` instead.
/home/mobility/STiTy/.venv-autoseg/lib/python3.10/site-packages/pytorch_lightning/utilities/_pytree.py:21: `isinstance(treespec, LeafSpec)` is deprecated, use `isinstance(treespec, TreeSpec) and treespec.is_leaf()` instead.
/home/mobility/STiTy/.venv-autoseg/lib/python3.10/site-packages/pytorch_lightning/utilities/_pytree.py:21: `isinstance(treespec, LeafSpec)` is deprecated, use `isinstance(treespec, TreeSpec) and treespec.is_leaf()` instead.
/home/mobility/STiTy/.venv-autoseg/lib/python3.10/site-packages/pytorch_lightning/utilities/_pytree.py:21: `isinstance(treespec, LeafSpec)` is deprecated, use `isinstance(treespec, TreeSpec) and treespec.is_leaf()` instead.
/home/mobility/STiTy/.venv-autoseg/lib/python3.10/site-packages/pytorch_lightning/utilities/_pytree.py:21: `isinstance(treespec, LeafSpec)` is deprecated, use `isinstance(treespec, TreeSpec) and treespec.is_leaf()` instead.
/home/mobility/STiTy/.venv-autoseg/lib/python3.10/site-packages/pytorch_lightning/utilities/_pytree.py:21: `isinstance(treespec, LeafSpec)` is deprecated, use `isinstance(treespec, TreeSpec) and treespec.is_leaf()` instead.
/home/mobility/STiTy/.venv-autoseg/lib/python3.10/site-packages/pytorch_lightning/utilities/_pytree.py:21: `isinstance(treespec, LeafSpec)` is deprecated, use `isinstance(treespec, TreeSpec) and treespec.is_leaf()` instead.
/home/mobility/STiTy/.venv-autoseg/lib/python3.10/site-packages/pytorch_lightning/utilities/_pytree.py:21: `isinstance(treespec, LeafSpec)` is deprecated, use `isinstance(treespec, TreeSpec) and treespec.is_leaf()` instead.
/home/mobility/STiTy/.venv-autoseg/lib/python3.10/site-packages/pytorch_lightning/utilities/_pytree.py:21: `isinstance(treespec, LeafSpec)` is deprecated, use `isinstance(treespec, TreeSpec) and treespec.is_leaf()` instead.
/home/mobility/STiTy/.venv-autoseg/lib/python3.10/site-packages/pytorch_lightning/utilities/_pytree.py:21: `isinstance(treespec, LeafSpec)` is deprecated, use `isinstance(treespec, TreeSpec) and treespec.is_leaf()` instead.
/home/mobility/STiTy/.venv-autoseg/lib/python3.10/site-packages/pytorch_lightning/utilities/_pytree.py:21: `isinstance(treespec, LeafSpec)` is deprecated, use `isinstance(treespec, TreeSpec) and treespec.is_leaf()` instead.
/home/mobility/STiTy/.venv-autoseg/lib/python3.10/site-packages/pytorch_lightning/utilities/_pytree.py:21: `isinstance(treespec, LeafSpec)` is deprecated, use `isinstance(treespec, TreeSpec) and treespec.is_leaf()` instead.
/home/mobility/STiTy/.venv-autoseg/lib/python3.10/site-packages/pytorch_lightning/utilities/_pytree.py:21: `isinstance(treespec, LeafSpec)` is deprecated, use `isinstance(treespec, TreeSpec) and treespec.is_leaf()` instead.
/home/mobility/STiTy/.venv-autoseg/lib/python3.10/site-packages/pytorch_lightning/utilities/_pytree.py:21: `isinstance(treespec, LeafSpec)` is deprecated, use `isinstance(treespec, TreeSpec) and treespec.is_leaf()` instead.
/home/mobility/STiTy/.venv-autoseg/lib/python3.10/site-packages/pytorch_lightning/utilities/_pytree.py:21: `isinstance(treespec, LeafSpec)` is deprecated, use `isinstance(treespec, TreeSpec) and treespec.is_leaf()` instead.
/home/mobility/STiTy/.venv-autoseg/lib/python3.10/site-packages/pytorch_lightning/utilities/_pytree.py:21: `isinstance(treespec, LeafSpec)` is deprecated, use `isinstance(treespec, TreeSpec) and treespec.is_leaf()` instead.
/home/mobility/STiTy/.venv-autoseg/lib/python3.10/site-packages/pytorch_lightning/utilities/_pytree.py:21: `isinstance(treespec, LeafSpec)` is deprecated, use `isinstance(treespec, TreeSpec) and treespec.is_leaf()` instead.
[iter 1] dev   fmt=0.99(1st 0.92)  T4: eff=0.6560 p10=0.5027 [ent 0.5820] adq=0.7723 contra=0.128 laal=3.41 k=5.29 miss=0.01  T6: eff=0.7090 p10=0.5333 [ent 0.6533] adq=0.8097 contra=0.112 laal=4.62 k=3.56 miss=0.00  T12: eff=0.7640 p10=0.6224 [ent 0.7305] adq=0.8342 contra=0.101 laal=9.84 k=1.75 miss=0.00  score=0.7097  rank_lift=+0.0716(t+3.8, T12)  Δ=-0.01409 ±0.02076 (변경 225/265)
[iter 1] adopted=False stale=1 calls=323 cost=4.4309
[iter 1] 비용내역 segment $2.971(67%, 123콜, 사고 11,628tok/콜)  segment_retry $1.084(24%, 94콜, 사고 5,559tok/콜)  judge $0.287(6%, 100콜, 사고 1,230tok/콜)  prompt_engineer $0.037(1%, 3콜, 사고 2,154tok/콜)  prompt_v0 $0.030(1%, 1콜, 사고 12,224tok/콜)  critic $0.014(0%, 1콜, 사고 2,688tok/콜)
[iter 1] critic dominant=placement
HTTP Request: POST https://gw.letsur.ai/v1/chat/completions "HTTP/1.1 200 OK"
HTTP Request: POST https://gw.letsur.ai/v1/chat/completions "HTTP/1.1 200 OK"
HTTP Request: POST https://gw.letsur.ai/v1/chat/completions "HTTP/1.1 200 OK"
HTTP Request: POST https://gw.letsur.ai/v1/chat/completions "HTTP/1.1 200 OK"
HTTP Request: POST https://gw.letsur.ai/v1/chat/completions "HTTP/1.1 200 OK"
HTTP Request: POST https://gw.letsur.ai/v1/chat/completions "HTTP/1.1 200 OK"
HTTP Request: POST https://gw.letsur.ai/v1/chat/completions "HTTP/1.1 200 OK"
HTTP Request: POST https://gw.letsur.ai/v1/chat/completions "HTTP/1.1 200 OK"
HTTP Request: POST https://gw.letsur.ai/v1/chat/completions "HTTP/1.1 200 OK"
HTTP Request: POST https://gw.letsur.ai/v1/chat/completions "HTTP/1.1 200 OK"
HTTP Request: POST https://gw.letsur.ai/v1/chat/completions "HTTP/1.1 200 OK"
HTTP Request: POST https://gw.letsur.ai/v1/chat/completions "HTTP/1.1 200 OK"
HTTP Request: POST https://gw.letsur.ai/v1/chat/completions "HTTP/1.1 200 OK"
HTTP Request: POST https://gw.letsur.ai/v1/chat/completions "HTTP/1.1 200 OK"
HTTP Request: POST https://gw.letsur.ai/v1/chat/completions "HTTP/1.1 200 OK"
HTTP Request: POST https://gw.letsur.ai/v1/chat/completions "HTTP/1.1 200 OK"
HTTP Request: POST https://gw.letsur.ai/v1/chat/completions "HTTP/1.1 200 OK"
HTTP Request: POST https://gw.letsur.ai/v1/chat/completions "HTTP/1.1 200 OK"
HTTP Request: POST https://gw.letsur.ai/v1/chat/completions "HTTP/1.1 200 OK"
HTTP Request: POST https://gw.letsur.ai/v1/chat/completions "HTTP/1.1 200 OK"
HTTP Request: POST https://gw.letsur.ai/v1/chat/completions "HTTP/1.1 200 OK"
HTTP Request: POST https://gw.letsur.ai/v1/chat/completions "HTTP/1.1 200 OK"
HTTP Request: POST https://gw.letsur.ai/v1/chat/completions "HTTP/1.1 200 OK"
HTTP Request: POST https://gw.letsur.ai/v1/chat/completions "HTTP/1.1 200 OK"
HTTP Request: POST https://gw.letsur.ai/v1/chat/completions "HTTP/1.1 200 OK"
HTTP Request: POST https://gw.letsur.ai/v1/chat/completions "HTTP/1.1 200 OK"
HTTP Request: POST https://gw.letsur.ai/v1/chat/completions "HTTP/1.1 200 OK"
HTTP Request: POST https://gw.letsur.ai/v1/chat/completions "HTTP/1.1 200 OK"
HTTP Request: POST https://gw.letsur.ai/v1/chat/completions "HTTP/1.1 200 OK"
HTTP Request: POST https://gw.letsur.ai/v1/chat/completions "HTTP/1.1 200 OK"
HTTP Request: POST https://gw.letsur.ai/v1/chat/completions "HTTP/1.1 200 OK"
HTTP Request: POST https://gw.letsur.ai/v1/chat/completions "HTTP/1.1 200 OK"
HTTP Request: POST https://gw.letsur.ai/v1/chat/completions "HTTP/1.1 200 OK"
HTTP Request: POST https://gw.letsur.ai/v1/chat/completions "HTTP/1.1 200 OK"
HTTP Request: POST https://gw.letsur.ai/v1/chat/completions "HTTP/1.1 200 OK"
HTTP Request: POST https://gw.letsur.ai/v1/chat/completions "HTTP/1.1 200 OK"
HTTP Request: POST https://gw.letsur.ai/v1/chat/completions "HTTP/1.1 200 OK"
HTTP Request: POST https://gw.letsur.ai/v1/chat/completions "HTTP/1.1 200 OK"
HTTP Request: POST https://gw.letsur.ai/v1/chat/completions "HTTP/1.1 200 OK"
HTTP Request: POST https://gw.letsur.ai/v1/chat/completions "HTTP/1.1 200 OK"
HTTP Request: POST https://gw.letsur.ai/v1/chat/completions "HTTP/1.1 200 OK"
HTTP Request: POST https://gw.letsur.ai/v1/chat/completions "HTTP/1.1 200 OK"
HTTP Request: POST https://gw.letsur.ai/v1/chat/completions "HTTP/1.1 200 OK"
HTTP Request: POST https://gw.letsur.ai/v1/chat/completions "HTTP/1.1 200 OK"
HTTP Request: POST https://gw.letsur.ai/v1/chat/completions "HTTP/1.1 200 OK"
HTTP Request: POST https://gw.letsur.ai/v1/chat/completions "HTTP/1.1 200 OK"
HTTP Request: POST https://gw.letsur.ai/v1/chat/completions "HTTP/1.1 200 OK"
HTTP Request: POST https://gw.letsur.ai/v1/chat/completions "HTTP/1.1 200 OK"
HTTP Request: POST https://gw.letsur.ai/v1/chat/completions "HTTP/1.1 200 OK"
HTTP Request: POST https://gw.letsur.ai/v1/chat/completions "HTTP/1.1 200 OK"
HTTP Request: POST https://gw.letsur.ai/v1/chat/completions "HTTP/1.1 200 OK"
HTTP Request: POST https://gw.letsur.ai/v1/chat/completions "HTTP/1.1 200 OK"
HTTP Request: POST https://gw.letsur.ai/v1/chat/completions "HTTP/1.1 200 OK"
HTTP Request: POST https://gw.letsur.ai/v1/chat/completions "HTTP/1.1 200 OK"
HTTP Request: POST https://gw.letsur.ai/v1/chat/completions "HTTP/1.1 200 OK"
HTTP Request: POST https://gw.letsur.ai/v1/chat/completions "HTTP/1.1 200 OK"
HTTP Request: POST https://gw.letsur.ai/v1/chat/completions "HTTP/1.1 200 OK"
HTTP Request: POST https://gw.letsur.ai/v1/chat/completions "HTTP/1.1 200 OK"
HTTP Request: POST https://gw.letsur.ai/v1/chat/completions "HTTP/1.1 200 OK"
HTTP Request: POST https://gw.letsur.ai/v1/chat/completions "HTTP/1.1 200 OK"
HTTP Request: POST https://gw.letsur.ai/v1/chat/completions "HTTP/1.1 200 OK"
HTTP Request: POST https://gw.letsur.ai/v1/chat/completions "HTTP/1.1 200 OK"
HTTP Request: POST https://gw.letsur.ai/v1/chat/completions "HTTP/1.1 200 OK"
HTTP Request: POST https://gw.letsur.ai/v1/chat/completions "HTTP/1.1 200 OK"
HTTP Request: POST https://gw.letsur.ai/v1/chat/completions "HTTP/1.1 200 OK"
HTTP Request: POST https://gw.letsur.ai/v1/chat/completions "HTTP/1.1 200 OK"
HTTP Request: POST https://gw.letsur.ai/v1/chat/completions "HTTP/1.1 200 OK"
HTTP Request: POST https://gw.letsur.ai/v1/chat/completions "HTTP/1.1 200 OK"
HTTP Request: POST https://gw.letsur.ai/v1/chat/completions "HTTP/1.1 200 OK"
HTTP Request: POST https://gw.letsur.ai/v1/chat/completions "HTTP/1.1 200 OK"
HTTP Request: POST https://gw.letsur.ai/v1/chat/completions "HTTP/1.1 200 OK"
HTTP Request: POST https://gw.letsur.ai/v1/chat/completions "HTTP/1.1 200 OK"
HTTP Request: POST https://gw.letsur.ai/v1/chat/completions "HTTP/1.1 200 OK"
HTTP Request: POST https://gw.letsur.ai/v1/chat/completions "HTTP/1.1 200 OK"
HTTP Request: POST https://gw.letsur.ai/v1/chat/completions "HTTP/1.1 200 OK"
HTTP Request: POST https://gw.letsur.ai/v1/chat/completions "HTTP/1.1 200 OK"
HTTP Request: POST https://gw.letsur.ai/v1/chat/completions "HTTP/1.1 200 OK"
HTTP Request: POST https://gw.letsur.ai/v1/chat/completions "HTTP/1.1 200 OK"
HTTP Request: POST https://gw.letsur.ai/v1/chat/completions "HTTP/1.1 200 OK"
HTTP Request: POST https://gw.letsur.ai/v1/chat/completions "HTTP/1.1 200 OK"
HTTP Request: POST https://gw.letsur.ai/v1/chat/completions "HTTP/1.1 200 OK"
HTTP Request: POST https://gw.letsur.ai/v1/chat/completions "HTTP/1.1 200 OK"
HTTP Request: POST https://gw.letsur.ai/v1/chat/completions "HTTP/1.1 200 OK"
HTTP Request: POST https://gw.letsur.ai/v1/chat/completions "HTTP/1.1 200 OK"
[prewarm] 후보 3 × 문장 40 예열 완료 (동시 최대 72)
/home/mobility/STiTy/.venv-autoseg/lib/python3.10/site-packages/pytorch_lightning/utilities/_pytree.py:21: `isinstance(treespec, LeafSpec)` is deprecated, use `isinstance(treespec, TreeSpec) and treespec.is_leaf()` instead.
/home/mobility/STiTy/.venv-autoseg/lib/python3.10/site-packages/pytorch_lightning/utilities/_pytree.py:21: `isinstance(treespec, LeafSpec)` is deprecated, use `isinstance(treespec, TreeSpec) and treespec.is_leaf()` instead.
/home/mobility/STiTy/.venv-autoseg/lib/python3.10/site-packages/pytorch_lightning/utilities/_pytree.py:21: `isinstance(treespec, LeafSpec)` is deprecated, use `isinstance(treespec, TreeSpec) and treespec.is_leaf()` instead.
/home/mobility/STiTy/.venv-autoseg/lib/python3.10/site-packages/pytorch_lightning/utilities/_pytree.py:21: `isinstance(treespec, LeafSpec)` is deprecated, use `isinstance(treespec, TreeSpec) and treespec.is_leaf()` instead.
/home/mobility/STiTy/.venv-autoseg/lib/python3.10/site-packages/pytorch_lightning/utilities/_pytree.py:21: `isinstance(treespec, LeafSpec)` is deprecated, use `isinstance(treespec, TreeSpec) and treespec.is_leaf()` instead.
/home/mobility/STiTy/.venv-autoseg/lib/python3.10/site-packages/pytorch_lightning/utilities/_pytree.py:21: `isinstance(treespec, LeafSpec)` is deprecated, use `isinstance(treespec, TreeSpec) and treespec.is_leaf()` instead.
/home/mobility/STiTy/.venv-autoseg/lib/python3.10/site-packages/pytorch_lightning/utilities/_pytree.py:21: `isinstance(treespec, LeafSpec)` is deprecated, use `isinstance(treespec, TreeSpec) and treespec.is_leaf()` instead.
/home/mobility/STiTy/.venv-autoseg/lib/python3.10/site-packages/pytorch_lightning/utilities/_pytree.py:21: `isinstance(treespec, LeafSpec)` is deprecated, use `isinstance(treespec, TreeSpec) and treespec.is_leaf()` instead.
/home/mobility/STiTy/.venv-autoseg/lib/python3.10/site-packages/pytorch_lightning/utilities/_pytree.py:21: `isinstance(treespec, LeafSpec)` is deprecated, use `isinstance(treespec, TreeSpec) and treespec.is_leaf()` instead.
/home/mobility/STiTy/.venv-autoseg/lib/python3.10/site-packages/pytorch_lightning/utilities/_pytree.py:21: `isinstance(treespec, LeafSpec)` is deprecated, use `isinstance(treespec, TreeSpec) and treespec.is_leaf()` instead.
/home/mobility/STiTy/.venv-autoseg/lib/python3.10/site-packages/pytorch_lightning/utilities/_pytree.py:21: `isinstance(treespec, LeafSpec)` is deprecated, use `isinstance(treespec, TreeSpec) and treespec.is_leaf()` instead.
/home/mobility/STiTy/.venv-autoseg/lib/python3.10/site-packages/pytorch_lightning/utilities/_pytree.py:21: `isinstance(treespec, LeafSpec)` is deprecated, use `isinstance(treespec, TreeSpec) and treespec.is_leaf()` instead.
/home/mobility/STiTy/.venv-autoseg/lib/python3.10/site-packages/pytorch_lightning/utilities/_pytree.py:21: `isinstance(treespec, LeafSpec)` is deprecated, use `isinstance(treespec, TreeSpec) and treespec.is_leaf()` instead.
/home/mobility/STiTy/.venv-autoseg/lib/python3.10/site-packages/pytorch_lightning/utilities/_pytree.py:21: `isinstance(treespec, LeafSpec)` is deprecated, use `isinstance(treespec, TreeSpec) and treespec.is_leaf()` instead.
/home/mobility/STiTy/.venv-autoseg/lib/python3.10/site-packages/pytorch_lightning/utilities/_pytree.py:21: `isinstance(treespec, LeafSpec)` is deprecated, use `isinstance(treespec, TreeSpec) and treespec.is_leaf()` instead.
/home/mobility/STiTy/.venv-autoseg/lib/python3.10/site-packages/pytorch_lightning/utilities/_pytree.py:21: `isinstance(treespec, LeafSpec)` is deprecated, use `isinstance(treespec, TreeSpec) and treespec.is_leaf()` instead.
/home/mobility/STiTy/.venv-autoseg/lib/python3.10/site-packages/pytorch_lightning/utilities/_pytree.py:21: `isinstance(treespec, LeafSpec)` is deprecated, use `isinstance(treespec, TreeSpec) and treespec.is_leaf()` instead.
/home/mobility/STiTy/.venv-autoseg/lib/python3.10/site-packages/pytorch_lightning/utilities/_pytree.py:21: `isinstance(treespec, LeafSpec)` is deprecated, use `isinstance(treespec, TreeSpec) and treespec.is_leaf()` instead.
/home/mobility/STiTy/.venv-autoseg/lib/python3.10/site-packages/pytorch_lightning/utilities/_pytree.py:21: `isinstance(treespec, LeafSpec)` is deprecated, use `isinstance(treespec, TreeSpec) and treespec.is_leaf()` instead.
/home/mobility/STiTy/.venv-autoseg/lib/python3.10/site-packages/pytorch_lightning/utilities/_pytree.py:21: `isinstance(treespec, LeafSpec)` is deprecated, use `isinstance(treespec, TreeSpec) and treespec.is_leaf()` instead.
/home/mobility/STiTy/.venv-autoseg/lib/python3.10/site-packages/pytorch_lightning/utilities/_pytree.py:21: `isinstance(treespec, LeafSpec)` is deprecated, use `isinstance(treespec, TreeSpec) and treespec.is_leaf()` instead.
/home/mobility/STiTy/.venv-autoseg/lib/python3.10/site-packages/pytorch_lightning/utilities/_pytree.py:21: `isinstance(treespec, LeafSpec)` is deprecated, use `isinstance(treespec, TreeSpec) and treespec.is_leaf()` instead.
/home/mobility/STiTy/.venv-autoseg/lib/python3.10/site-packages/pytorch_lightning/utilities/_pytree.py:21: `isinstance(treespec, LeafSpec)` is deprecated, use `isinstance(treespec, TreeSpec) and treespec.is_leaf()` instead.
/home/mobility/STiTy/.venv-autoseg/lib/python3.10/site-packages/pytorch_lightning/utilities/_pytree.py:21: `isinstance(treespec, LeafSpec)` is deprecated, use `isinstance(treespec, TreeSpec) and treespec.is_leaf()` instead.
/home/mobility/STiTy/.venv-autoseg/lib/python3.10/site-packages/pytorch_lightning/utilities/_pytree.py:21: `isinstance(treespec, LeafSpec)` is deprecated, use `isinstance(treespec, TreeSpec) and treespec.is_leaf()` instead.
/home/mobility/STiTy/.venv-autoseg/lib/python3.10/site-packages/pytorch_lightning/utilities/_pytree.py:21: `isinstance(treespec, LeafSpec)` is deprecated, use `isinstance(treespec, TreeSpec) and treespec.is_leaf()` instead.
/home/mobility/STiTy/.venv-autoseg/lib/python3.10/site-packages/pytorch_lightning/utilities/_pytree.py:21: `isinstance(treespec, LeafSpec)` is deprecated, use `isinstance(treespec, TreeSpec) and treespec.is_leaf()` instead.
/home/mobility/STiTy/.venv-autoseg/lib/python3.10/site-packages/pytorch_lightning/utilities/_pytree.py:21: `isinstance(treespec, LeafSpec)` is deprecated, use `isinstance(treespec, TreeSpec) and treespec.is_leaf()` instead.
/home/mobility/STiTy/.venv-autoseg/lib/python3.10/site-packages/pytorch_lightning/utilities/_pytree.py:21: `isinstance(treespec, LeafSpec)` is deprecated, use `isinstance(treespec, TreeSpec) and treespec.is_leaf()` instead.
/home/mobility/STiTy/.venv-autoseg/lib/python3.10/site-packages/pytorch_lightning/utilities/_pytree.py:21: `isinstance(treespec, LeafSpec)` is deprecated, use `isinstance(treespec, TreeSpec) and treespec.is_leaf()` instead.
[iter 1 개정] 후보 0: 13378자 train(40) score=0.6943 fmt=1.00
/home/mobility/STiTy/.venv-autoseg/lib/python3.10/site-packages/pytorch_lightning/utilities/_pytree.py:21: `isinstance(treespec, LeafSpec)` is deprecated, use `isinstance(treespec, TreeSpec) and treespec.is_leaf()` instead.
/home/mobility/STiTy/.venv-autoseg/lib/python3.10/site-packages/pytorch_lightning/utilities/_pytree.py:21: `isinstance(treespec, LeafSpec)` is deprecated, use `isinstance(treespec, TreeSpec) and treespec.is_leaf()` instead.
/home/mobility/STiTy/.venv-autoseg/lib/python3.10/site-packages/pytorch_lightning/utilities/_pytree.py:21: `isinstance(treespec, LeafSpec)` is deprecated, use `isinstance(treespec, TreeSpec) and treespec.is_leaf()` instead.
/home/mobility/STiTy/.venv-autoseg/lib/python3.10/site-packages/pytorch_lightning/utilities/_pytree.py:21: `isinstance(treespec, LeafSpec)` is deprecated, use `isinstance(treespec, TreeSpec) and treespec.is_leaf()` instead.
/home/mobility/STiTy/.venv-autoseg/lib/python3.10/site-packages/pytorch_lightning/utilities/_pytree.py:21: `isinstance(treespec, LeafSpec)` is deprecated, use `isinstance(treespec, TreeSpec) and treespec.is_leaf()` instead.
/home/mobility/STiTy/.venv-autoseg/lib/python3.10/site-packages/pytorch_lightning/utilities/_pytree.py:21: `isinstance(treespec, LeafSpec)` is deprecated, use `isinstance(treespec, TreeSpec) and treespec.is_leaf()` instead.
/home/mobility/STiTy/.venv-autoseg/lib/python3.10/site-packages/pytorch_lightning/utilities/_pytree.py:21: `isinstance(treespec, LeafSpec)` is deprecated, use `isinstance(treespec, TreeSpec) and treespec.is_leaf()` instead.
/home/mobility/STiTy/.venv-autoseg/lib/python3.10/site-packages/pytorch_lightning/utilities/_pytree.py:21: `isinstance(treespec, LeafSpec)` is deprecated, use `isinstance(treespec, TreeSpec) and treespec.is_leaf()` instead.
/home/mobility/STiTy/.venv-autoseg/lib/python3.10/site-packages/pytorch_lightning/utilities/_pytree.py:21: `isinstance(treespec, LeafSpec)` is deprecated, use `isinstance(treespec, TreeSpec) and treespec.is_leaf()` instead.
/home/mobility/STiTy/.venv-autoseg/lib/python3.10/site-packages/pytorch_lightning/utilities/_pytree.py:21: `isinstance(treespec, LeafSpec)` is deprecated, use `isinstance(treespec, TreeSpec) and treespec.is_leaf()` instead.
/home/mobility/STiTy/.venv-autoseg/lib/python3.10/site-packages/pytorch_lightning/utilities/_pytree.py:21: `isinstance(treespec, LeafSpec)` is deprecated, use `isinstance(treespec, TreeSpec) and treespec.is_leaf()` instead.
/home/mobility/STiTy/.venv-autoseg/lib/python3.10/site-packages/pytorch_lightning/utilities/_pytree.py:21: `isinstance(treespec, LeafSpec)` is deprecated, use `isinstance(treespec, TreeSpec) and treespec.is_leaf()` instead.
/home/mobility/STiTy/.venv-autoseg/lib/python3.10/site-packages/pytorch_lightning/utilities/_pytree.py:21: `isinstance(treespec, LeafSpec)` is deprecated, use `isinstance(treespec, TreeSpec) and treespec.is_leaf()` instead.
/home/mobility/STiTy/.venv-autoseg/lib/python3.10/site-packages/pytorch_lightning/utilities/_pytree.py:21: `isinstance(treespec, LeafSpec)` is deprecated, use `isinstance(treespec, TreeSpec) and treespec.is_leaf()` instead.
/home/mobility/STiTy/.venv-autoseg/lib/python3.10/site-packages/pytorch_lightning/utilities/_pytree.py:21: `isinstance(treespec, LeafSpec)` is deprecated, use `isinstance(treespec, TreeSpec) and treespec.is_leaf()` instead.
/home/mobility/STiTy/.venv-autoseg/lib/python3.10/site-packages/pytorch_lightning/utilities/_pytree.py:21: `isinstance(treespec, LeafSpec)` is deprecated, use `isinstance(treespec, TreeSpec) and treespec.is_leaf()` instead.
/home/mobility/STiTy/.venv-autoseg/lib/python3.10/site-packages/pytorch_lightning/utilities/_pytree.py:21: `isinstance(treespec, LeafSpec)` is deprecated, use `isinstance(treespec, TreeSpec) and treespec.is_leaf()` instead.
/home/mobility/STiTy/.venv-autoseg/lib/python3.10/site-packages/pytorch_lightning/utilities/_pytree.py:21: `isinstance(treespec, LeafSpec)` is deprecated, use `isinstance(treespec, TreeSpec) and treespec.is_leaf()` instead.
/home/mobility/STiTy/.venv-autoseg/lib/python3.10/site-packages/pytorch_lightning/utilities/_pytree.py:21: `isinstance(treespec, LeafSpec)` is deprecated, use `isinstance(treespec, TreeSpec) and treespec.is_leaf()` instead.
/home/mobility/STiTy/.venv-autoseg/lib/python3.10/site-packages/pytorch_lightning/utilities/_pytree.py:21: `isinstance(treespec, LeafSpec)` is deprecated, use `isinstance(treespec, TreeSpec) and treespec.is_leaf()` instead.
/home/mobility/STiTy/.venv-autoseg/lib/python3.10/site-packages/pytorch_lightning/utilities/_pytree.py:21: `isinstance(treespec, LeafSpec)` is deprecated, use `isinstance(treespec, TreeSpec) and treespec.is_leaf()` instead.
/home/mobility/STiTy/.venv-autoseg/lib/python3.10/site-packages/pytorch_lightning/utilities/_pytree.py:21: `isinstance(treespec, LeafSpec)` is deprecated, use `isinstance(treespec, TreeSpec) and treespec.is_leaf()` instead.
/home/mobility/STiTy/.venv-autoseg/lib/python3.10/site-packages/pytorch_lightning/utilities/_pytree.py:21: `isinstance(treespec, LeafSpec)` is deprecated, use `isinstance(treespec, TreeSpec) and treespec.is_leaf()` instead.
/home/mobility/STiTy/.venv-autoseg/lib/python3.10/site-packages/pytorch_lightning/utilities/_pytree.py:21: `isinstance(treespec, LeafSpec)` is deprecated, use `isinstance(treespec, TreeSpec) and treespec.is_leaf()` instead.
/home/mobility/STiTy/.venv-autoseg/lib/python3.10/site-packages/pytorch_lightning/utilities/_pytree.py:21: `isinstance(treespec, LeafSpec)` is deprecated, use `isinstance(treespec, TreeSpec) and treespec.is_leaf()` instead.
/home/mobility/STiTy/.venv-autoseg/lib/python3.10/site-packages/pytorch_lightning/utilities/_pytree.py:21: `isinstance(treespec, LeafSpec)` is deprecated, use `isinstance(treespec, TreeSpec) and treespec.is_leaf()` instead.
/home/mobility/STiTy/.venv-autoseg/lib/python3.10/site-packages/pytorch_lightning/utilities/_pytree.py:21: `isinstance(treespec, LeafSpec)` is deprecated, use `isinstance(treespec, TreeSpec) and treespec.is_leaf()` instead.
/home/mobility/STiTy/.venv-autoseg/lib/python3.10/site-packages/pytorch_lightning/utilities/_pytree.py:21: `isinstance(treespec, LeafSpec)` is deprecated, use `isinstance(treespec, TreeSpec) and treespec.is_leaf()` instead.
/home/mobility/STiTy/.venv-autoseg/lib/python3.10/site-packages/pytorch_lightning/utilities/_pytree.py:21: `isinstance(treespec, LeafSpec)` is deprecated, use `isinstance(treespec, TreeSpec) and treespec.is_leaf()` instead.
/home/mobility/STiTy/.venv-autoseg/lib/python3.10/site-packages/pytorch_lightning/utilities/_pytree.py:21: `isinstance(treespec, LeafSpec)` is deprecated, use `isinstance(treespec, TreeSpec) and treespec.is_leaf()` instead.
[iter 1 개정] 후보 1: 13513자 train(40) score=0.6843 fmt=1.00
/home/mobility/STiTy/.venv-autoseg/lib/python3.10/site-packages/pytorch_lightning/utilities/_pytree.py:21: `isinstance(treespec, LeafSpec)` is deprecated, use `isinstance(treespec, TreeSpec) and treespec.is_leaf()` instead.
/home/mobility/STiTy/.venv-autoseg/lib/python3.10/site-packages/pytorch_lightning/utilities/_pytree.py:21: `isinstance(treespec, LeafSpec)` is deprecated, use `isinstance(treespec, TreeSpec) and treespec.is_leaf()` instead.
/home/mobility/STiTy/.venv-autoseg/lib/python3.10/site-packages/pytorch_lightning/utilities/_pytree.py:21: `isinstance(treespec, LeafSpec)` is deprecated, use `isinstance(treespec, TreeSpec) and treespec.is_leaf()` instead.
/home/mobility/STiTy/.venv-autoseg/lib/python3.10/site-packages/pytorch_lightning/utilities/_pytree.py:21: `isinstance(treespec, LeafSpec)` is deprecated, use `isinstance(treespec, TreeSpec) and treespec.is_leaf()` instead.
/home/mobility/STiTy/.venv-autoseg/lib/python3.10/site-packages/pytorch_lightning/utilities/_pytree.py:21: `isinstance(treespec, LeafSpec)` is deprecated, use `isinstance(treespec, TreeSpec) and treespec.is_leaf()` instead.
/home/mobility/STiTy/.venv-autoseg/lib/python3.10/site-packages/pytorch_lightning/utilities/_pytree.py:21: `isinstance(treespec, LeafSpec)` is deprecated, use `isinstance(treespec, TreeSpec) and treespec.is_leaf()` instead.
/home/mobility/STiTy/.venv-autoseg/lib/python3.10/site-packages/pytorch_lightning/utilities/_pytree.py:21: `isinstance(treespec, LeafSpec)` is deprecated, use `isinstance(treespec, TreeSpec) and treespec.is_leaf()` instead.
/home/mobility/STiTy/.venv-autoseg/lib/python3.10/site-packages/pytorch_lightning/utilities/_pytree.py:21: `isinstance(treespec, LeafSpec)` is deprecated, use `isinstance(treespec, TreeSpec) and treespec.is_leaf()` instead.
/home/mobility/STiTy/.venv-autoseg/lib/python3.10/site-packages/pytorch_lightning/utilities/_pytree.py:21: `isinstance(treespec, LeafSpec)` is deprecated, use `isinstance(treespec, TreeSpec) and treespec.is_leaf()` instead.
/home/mobility/STiTy/.venv-autoseg/lib/python3.10/site-packages/pytorch_lightning/utilities/_pytree.py:21: `isinstance(treespec, LeafSpec)` is deprecated, use `isinstance(treespec, TreeSpec) and treespec.is_leaf()` instead.
/home/mobility/STiTy/.venv-autoseg/lib/python3.10/site-packages/pytorch_lightning/utilities/_pytree.py:21: `isinstance(treespec, LeafSpec)` is deprecated, use `isinstance(treespec, TreeSpec) and treespec.is_leaf()` instead.
/home/mobility/STiTy/.venv-autoseg/lib/python3.10/site-packages/pytorch_lightning/utilities/_pytree.py:21: `isinstance(treespec, LeafSpec)` is deprecated, use `isinstance(treespec, TreeSpec) and treespec.is_leaf()` instead.
/home/mobility/STiTy/.venv-autoseg/lib/python3.10/site-packages/pytorch_lightning/utilities/_pytree.py:21: `isinstance(treespec, LeafSpec)` is deprecated, use `isinstance(treespec, TreeSpec) and treespec.is_leaf()` instead.
/home/mobility/STiTy/.venv-autoseg/lib/python3.10/site-packages/pytorch_lightning/utilities/_pytree.py:21: `isinstance(treespec, LeafSpec)` is deprecated, use `isinstance(treespec, TreeSpec) and treespec.is_leaf()` instead.
/home/mobility/STiTy/.venv-autoseg/lib/python3.10/site-packages/pytorch_lightning/utilities/_pytree.py:21: `isinstance(treespec, LeafSpec)` is deprecated, use `isinstance(treespec, TreeSpec) and treespec.is_leaf()` instead.
/home/mobility/STiTy/.venv-autoseg/lib/python3.10/site-packages/pytorch_lightning/utilities/_pytree.py:21: `isinstance(treespec, LeafSpec)` is deprecated, use `isinstance(treespec, TreeSpec) and treespec.is_leaf()` instead.
/home/mobility/STiTy/.venv-autoseg/lib/python3.10/site-packages/pytorch_lightning/utilities/_pytree.py:21: `isinstance(treespec, LeafSpec)` is deprecated, use `isinstance(treespec, TreeSpec) and treespec.is_leaf()` instead.
/home/mobility/STiTy/.venv-autoseg/lib/python3.10/site-packages/pytorch_lightning/utilities/_pytree.py:21: `isinstance(treespec, LeafSpec)` is deprecated, use `isinstance(treespec, TreeSpec) and treespec.is_leaf()` instead.
/home/mobility/STiTy/.venv-autoseg/lib/python3.10/site-packages/pytorch_lightning/utilities/_pytree.py:21: `isinstance(treespec, LeafSpec)` is deprecated, use `isinstance(treespec, TreeSpec) and treespec.is_leaf()` instead.
/home/mobility/STiTy/.venv-autoseg/lib/python3.10/site-packages/pytorch_lightning/utilities/_pytree.py:21: `isinstance(treespec, LeafSpec)` is deprecated, use `isinstance(treespec, TreeSpec) and treespec.is_leaf()` instead.
/home/mobility/STiTy/.venv-autoseg/lib/python3.10/site-packages/pytorch_lightning/utilities/_pytree.py:21: `isinstance(treespec, LeafSpec)` is deprecated, use `isinstance(treespec, TreeSpec) and treespec.is_leaf()` instead.
/home/mobility/STiTy/.venv-autoseg/lib/python3.10/site-packages/pytorch_lightning/utilities/_pytree.py:21: `isinstance(treespec, LeafSpec)` is deprecated, use `isinstance(treespec, TreeSpec) and treespec.is_leaf()` instead.
/home/mobility/STiTy/.venv-autoseg/lib/python3.10/site-packages/pytorch_lightning/utilities/_pytree.py:21: `isinstance(treespec, LeafSpec)` is deprecated, use `isinstance(treespec, TreeSpec) and treespec.is_leaf()` instead.
/home/mobility/STiTy/.venv-autoseg/lib/python3.10/site-packages/pytorch_lightning/utilities/_pytree.py:21: `isinstance(treespec, LeafSpec)` is deprecated, use `isinstance(treespec, TreeSpec) and treespec.is_leaf()` instead.
/home/mobility/STiTy/.venv-autoseg/lib/python3.10/site-packages/pytorch_lightning/utilities/_pytree.py:21: `isinstance(treespec, LeafSpec)` is deprecated, use `isinstance(treespec, TreeSpec) and treespec.is_leaf()` instead.
/home/mobility/STiTy/.venv-autoseg/lib/python3.10/site-packages/pytorch_lightning/utilities/_pytree.py:21: `isinstance(treespec, LeafSpec)` is deprecated, use `isinstance(treespec, TreeSpec) and treespec.is_leaf()` instead.
/home/mobility/STiTy/.venv-autoseg/lib/python3.10/site-packages/pytorch_lightning/utilities/_pytree.py:21: `isinstance(treespec, LeafSpec)` is deprecated, use `isinstance(treespec, TreeSpec) and treespec.is_leaf()` instead.
/home/mobility/STiTy/.venv-autoseg/lib/python3.10/site-packages/pytorch_lightning/utilities/_pytree.py:21: `isinstance(treespec, LeafSpec)` is deprecated, use `isinstance(treespec, TreeSpec) and treespec.is_leaf()` instead.
/home/mobility/STiTy/.venv-autoseg/lib/python3.10/site-packages/pytorch_lightning/utilities/_pytree.py:21: `isinstance(treespec, LeafSpec)` is deprecated, use `isinstance(treespec, TreeSpec) and treespec.is_leaf()` instead.
/home/mobility/STiTy/.venv-autoseg/lib/python3.10/site-packages/pytorch_lightning/utilities/_pytree.py:21: `isinstance(treespec, LeafSpec)` is deprecated, use `isinstance(treespec, TreeSpec) and treespec.is_leaf()` instead.
[iter 1 개정] 후보 2: 13223자 train(40) score=0.6860 fmt=0.97
[iter 1 개정] 후보 0 채택 (score=0.6943) — dev 미사용
[iter 1] 개정 후보 3/3 통과
[iter 1] 개정: ['[Core Principles]', '[When to Segment]', '[Priority Rules]', '[Decision Procedure]']
[iter 1] 소요 1777초 = train_eval 42 + judge 133 + rank_audit 0 + dev_eval 753 + critic 0 + prompt_engineer 167 + select_prompt 682
/home/mobility/STiTy/.venv-autoseg/lib/python3.10/site-packages/pytorch_lightning/utilities/_pytree.py:21: `isinstance(treespec, LeafSpec)` is deprecated, use `isinstance(treespec, TreeSpec) and treespec.is_leaf()` instead.
/home/mobility/STiTy/.venv-autoseg/lib/python3.10/site-packages/pytorch_lightning/utilities/_pytree.py:21: `isinstance(treespec, LeafSpec)` is deprecated, use `isinstance(treespec, TreeSpec) and treespec.is_leaf()` instead.
/home/mobility/STiTy/.venv-autoseg/lib/python3.10/site-packages/pytorch_lightning/utilities/_pytree.py:21: `isinstance(treespec, LeafSpec)` is deprecated, use `isinstance(treespec, TreeSpec) and treespec.is_leaf()` instead.
/home/mobility/STiTy/.venv-autoseg/lib/python3.10/site-packages/pytorch_lightning/utilities/_pytree.py:21: `isinstance(treespec, LeafSpec)` is deprecated, use `isinstance(treespec, TreeSpec) and treespec.is_leaf()` instead.
/home/mobility/STiTy/.venv-autoseg/lib/python3.10/site-packages/pytorch_lightning/utilities/_pytree.py:21: `isinstance(treespec, LeafSpec)` is deprecated, use `isinstance(treespec, TreeSpec) and treespec.is_leaf()` instead.
/home/mobility/STiTy/.venv-autoseg/lib/python3.10/site-packages/pytorch_lightning/utilities/_pytree.py:21: `isinstance(treespec, LeafSpec)` is deprecated, use `isinstance(treespec, TreeSpec) and treespec.is_leaf()` instead.
/home/mobility/STiTy/.venv-autoseg/lib/python3.10/site-packages/pytorch_lightning/utilities/_pytree.py:21: `isinstance(treespec, LeafSpec)` is deprecated, use `isinstance(treespec, TreeSpec) and treespec.is_leaf()` instead.
/home/mobility/STiTy/.venv-autoseg/lib/python3.10/site-packages/pytorch_lightning/utilities/_pytree.py:21: `isinstance(treespec, LeafSpec)` is deprecated, use `isinstance(treespec, TreeSpec) and treespec.is_leaf()` instead.
/home/mobility/STiTy/.venv-autoseg/lib/python3.10/site-packages/pytorch_lightning/utilities/_pytree.py:21: `isinstance(treespec, LeafSpec)` is deprecated, use `isinstance(treespec, TreeSpec) and treespec.is_leaf()` instead.
/home/mobility/STiTy/.venv-autoseg/lib/python3.10/site-packages/pytorch_lightning/utilities/_pytree.py:21: `isinstance(treespec, LeafSpec)` is deprecated, use `isinstance(treespec, TreeSpec) and treespec.is_leaf()` instead.
/home/mobility/STiTy/.venv-autoseg/lib/python3.10/site-packages/pytorch_lightning/utilities/_pytree.py:21: `isinstance(treespec, LeafSpec)` is deprecated, use `isinstance(treespec, TreeSpec) and treespec.is_leaf()` instead.
/home/mobility/STiTy/.venv-autoseg/lib/python3.10/site-packages/pytorch_lightning/utilities/_pytree.py:21: `isinstance(treespec, LeafSpec)` is deprecated, use `isinstance(treespec, TreeSpec) and treespec.is_leaf()` instead.
/home/mobility/STiTy/.venv-autoseg/lib/python3.10/site-packages/pytorch_lightning/utilities/_pytree.py:21: `isinstance(treespec, LeafSpec)` is deprecated, use `isinstance(treespec, TreeSpec) and treespec.is_leaf()` instead.
/home/mobility/STiTy/.venv-autoseg/lib/python3.10/site-packages/pytorch_lightning/utilities/_pytree.py:21: `isinstance(treespec, LeafSpec)` is deprecated, use `isinstance(treespec, TreeSpec) and treespec.is_leaf()` instead.
/home/mobility/STiTy/.venv-autoseg/lib/python3.10/site-packages/pytorch_lightning/utilities/_pytree.py:21: `isinstance(treespec, LeafSpec)` is deprecated, use `isinstance(treespec, TreeSpec) and treespec.is_leaf()` instead.
/home/mobility/STiTy/.venv-autoseg/lib/python3.10/site-packages/pytorch_lightning/utilities/_pytree.py:21: `isinstance(treespec, LeafSpec)` is deprecated, use `isinstance(treespec, TreeSpec) and treespec.is_leaf()` instead.
/home/mobility/STiTy/.venv-autoseg/lib/python3.10/site-packages/pytorch_lightning/utilities/_pytree.py:21: `isinstance(treespec, LeafSpec)` is deprecated, use `isinstance(treespec, TreeSpec) and treespec.is_leaf()` instead.
/home/mobility/STiTy/.venv-autoseg/lib/python3.10/site-packages/pytorch_lightning/utilities/_pytree.py:21: `isinstance(treespec, LeafSpec)` is deprecated, use `isinstance(treespec, TreeSpec) and treespec.is_leaf()` instead.
/home/mobility/STiTy/.venv-autoseg/lib/python3.10/site-packages/pytorch_lightning/utilities/_pytree.py:21: `isinstance(treespec, LeafSpec)` is deprecated, use `isinstance(treespec, TreeSpec) and treespec.is_leaf()` instead.
/home/mobility/STiTy/.venv-autoseg/lib/python3.10/site-packages/pytorch_lightning/utilities/_pytree.py:21: `isinstance(treespec, LeafSpec)` is deprecated, use `isinstance(treespec, TreeSpec) and treespec.is_leaf()` instead.
/home/mobility/STiTy/.venv-autoseg/lib/python3.10/site-packages/pytorch_lightning/utilities/_pytree.py:21: `isinstance(treespec, LeafSpec)` is deprecated, use `isinstance(treespec, TreeSpec) and treespec.is_leaf()` instead.
/home/mobility/STiTy/.venv-autoseg/lib/python3.10/site-packages/pytorch_lightning/utilities/_pytree.py:21: `isinstance(treespec, LeafSpec)` is deprecated, use `isinstance(treespec, TreeSpec) and treespec.is_leaf()` instead.
/home/mobility/STiTy/.venv-autoseg/lib/python3.10/site-packages/pytorch_lightning/utilities/_pytree.py:21: `isinstance(treespec, LeafSpec)` is deprecated, use `isinstance(treespec, TreeSpec) and treespec.is_leaf()` instead.
/home/mobility/STiTy/.venv-autoseg/lib/python3.10/site-packages/pytorch_lightning/utilities/_pytree.py:21: `isinstance(treespec, LeafSpec)` is deprecated, use `isinstance(treespec, TreeSpec) and treespec.is_leaf()` instead.
/home/mobility/STiTy/.venv-autoseg/lib/python3.10/site-packages/pytorch_lightning/utilities/_pytree.py:21: `isinstance(treespec, LeafSpec)` is deprecated, use `isinstance(treespec, TreeSpec) and treespec.is_leaf()` instead.
/home/mobility/STiTy/.venv-autoseg/lib/python3.10/site-packages/pytorch_lightning/utilities/_pytree.py:21: `isinstance(treespec, LeafSpec)` is deprecated, use `isinstance(treespec, TreeSpec) and treespec.is_leaf()` instead.
/home/mobility/STiTy/.venv-autoseg/lib/python3.10/site-packages/pytorch_lightning/utilities/_pytree.py:21: `isinstance(treespec, LeafSpec)` is deprecated, use `isinstance(treespec, TreeSpec) and treespec.is_leaf()` instead.
/home/mobility/STiTy/.venv-autoseg/lib/python3.10/site-packages/pytorch_lightning/utilities/_pytree.py:21: `isinstance(treespec, LeafSpec)` is deprecated, use `isinstance(treespec, TreeSpec) and treespec.is_leaf()` instead.
/home/mobility/STiTy/.venv-autoseg/lib/python3.10/site-packages/pytorch_lightning/utilities/_pytree.py:21: `isinstance(treespec, LeafSpec)` is deprecated, use `isinstance(treespec, TreeSpec) and treespec.is_leaf()` instead.
/home/mobility/STiTy/.venv-autoseg/lib/python3.10/site-packages/pytorch_lightning/utilities/_pytree.py:21: `isinstance(treespec, LeafSpec)` is deprecated, use `isinstance(treespec, TreeSpec) and treespec.is_leaf()` instead.
HTTP Request: POST https://gw.letsur.ai/v1/chat/completions "HTTP/1.1 200 OK"
HTTP Request: POST https://gw.letsur.ai/v1/chat/completions "HTTP/1.1 200 OK"
HTTP Request: POST https://gw.letsur.ai/v1/chat/completions "HTTP/1.1 200 OK"
HTTP Request: POST https://gw.letsur.ai/v1/chat/completions "HTTP/1.1 200 OK"
HTTP Request: POST https://gw.letsur.ai/v1/chat/completions "HTTP/1.1 200 OK"
HTTP Request: POST https://gw.letsur.ai/v1/chat/completions "HTTP/1.1 200 OK"
HTTP Request: POST https://gw.letsur.ai/v1/chat/completions "HTTP/1.1 200 OK"
HTTP Request: POST https://gw.letsur.ai/v1/chat/completions "HTTP/1.1 200 OK"
HTTP Request: POST https://gw.letsur.ai/v1/chat/completions "HTTP/1.1 200 OK"
HTTP Request: POST https://gw.letsur.ai/v1/chat/completions "HTTP/1.1 200 OK"
HTTP Request: POST https://gw.letsur.ai/v1/chat/completions "HTTP/1.1 200 OK"
HTTP Request: POST https://gw.letsur.ai/v1/chat/completions "HTTP/1.1 200 OK"
HTTP Request: POST https://gw.letsur.ai/v1/chat/completions "HTTP/1.1 200 OK"
HTTP Request: POST https://gw.letsur.ai/v1/chat/completions "HTTP/1.1 200 OK"
HTTP Request: POST https://gw.letsur.ai/v1/chat/completions "HTTP/1.1 200 OK"
HTTP Request: POST https://gw.letsur.ai/v1/chat/completions "HTTP/1.1 200 OK"
HTTP Request: POST https://gw.letsur.ai/v1/chat/completions "HTTP/1.1 200 OK"
HTTP Request: POST https://gw.letsur.ai/v1/chat/completions "HTTP/1.1 200 OK"
HTTP Request: POST https://gw.letsur.ai/v1/chat/completions "HTTP/1.1 200 OK"
HTTP Request: POST https://gw.letsur.ai/v1/chat/completions "HTTP/1.1 200 OK"
HTTP Request: POST https://gw.letsur.ai/v1/chat/completions "HTTP/1.1 200 OK"
HTTP Request: POST https://gw.letsur.ai/v1/chat/completions "HTTP/1.1 200 OK"
HTTP Request: POST https://gw.letsur.ai/v1/chat/completions "HTTP/1.1 200 OK"
HTTP Request: POST https://gw.letsur.ai/v1/chat/completions "HTTP/1.1 200 OK"
HTTP Request: POST https://gw.letsur.ai/v1/chat/completions "HTTP/1.1 200 OK"
HTTP Request: POST https://gw.letsur.ai/v1/chat/completions "HTTP/1.1 200 OK"
HTTP Request: POST https://gw.letsur.ai/v1/chat/completions "HTTP/1.1 200 OK"
HTTP Request: POST https://gw.letsur.ai/v1/chat/completions "HTTP/1.1 200 OK"
HTTP Request: POST https://gw.letsur.ai/v1/chat/completions "HTTP/1.1 200 OK"
HTTP Request: POST https://gw.letsur.ai/v1/chat/completions "HTTP/1.1 200 OK"
HTTP Request: POST https://gw.letsur.ai/v1/chat/completions "HTTP/1.1 200 OK"
HTTP Request: POST https://gw.letsur.ai/v1/chat/completions "HTTP/1.1 200 OK"
HTTP Request: POST https://gw.letsur.ai/v1/chat/completions "HTTP/1.1 200 OK"
HTTP Request: POST https://gw.letsur.ai/v1/chat/completions "HTTP/1.1 200 OK"
HTTP Request: POST https://gw.letsur.ai/v1/chat/completions "HTTP/1.1 200 OK"
HTTP Request: POST https://gw.letsur.ai/v1/chat/completions "HTTP/1.1 200 OK"
HTTP Request: POST https://gw.letsur.ai/v1/chat/completions "HTTP/1.1 200 OK"
HTTP Request: POST https://gw.letsur.ai/v1/chat/completions "HTTP/1.1 200 OK"
HTTP Request: POST https://gw.letsur.ai/v1/chat/completions "HTTP/1.1 200 OK"
HTTP Request: POST https://gw.letsur.ai/v1/chat/completions "HTTP/1.1 200 OK"
HTTP Request: POST https://gw.letsur.ai/v1/chat/completions "HTTP/1.1 200 OK"
HTTP Request: POST https://gw.letsur.ai/v1/chat/completions "HTTP/1.1 200 OK"
HTTP Request: POST https://gw.letsur.ai/v1/chat/completions "HTTP/1.1 200 OK"
HTTP Request: POST https://gw.letsur.ai/v1/chat/completions "HTTP/1.1 200 OK"
HTTP Request: POST https://gw.letsur.ai/v1/chat/completions "HTTP/1.1 200 OK"
HTTP Request: POST https://gw.letsur.ai/v1/chat/completions "HTTP/1.1 200 OK"
HTTP Request: POST https://gw.letsur.ai/v1/chat/completions "HTTP/1.1 200 OK"
HTTP Request: POST https://gw.letsur.ai/v1/chat/completions "HTTP/1.1 200 OK"
HTTP Request: POST https://gw.letsur.ai/v1/chat/completions "HTTP/1.1 200 OK"
HTTP Request: POST https://gw.letsur.ai/v1/chat/completions "HTTP/1.1 200 OK"
[iter 2] 순위감사 최다 과신 '뒤 구두점 ','' 백분위 0.40 contra 0.2478 (n=17)
[iter 2] 순위진단(T=4) gap=-0.0355±0.0364(n=40) Spearman=+0.017(n=37)
[iter 2] train fmt=1.00(1st 0.30)  T4: eff=0.6393 p10=0.4730 [ent 0.5570] adq=0.7721 contra=0.201 laal=3.36 k=5.28 miss=0.00  T6: eff=0.6985 p10=0.5513 [ent 0.6403] adq=0.7997 contra=0.119 laal=4.62 k=3.60 miss=0.00  T12: eff=0.7452 p10=0.5413 [ent 0.6969] adq=0.8467 contra=0.064 laal=10.24 k=1.73 miss=0.00  score=0.6943  rank_lift=+0.0700(t+2.8, T12)
HTTP Request: POST https://gw.letsur.ai/v1/chat/completions "HTTP/1.1 200 OK"
HTTP Request: POST https://gw.letsur.ai/v1/chat/completions "HTTP/1.1 200 OK"
HTTP Request: POST https://gw.letsur.ai/v1/chat/completions "HTTP/1.1 200 OK"
HTTP Request: POST https://gw.letsur.ai/v1/chat/completions "HTTP/1.1 200 OK"
HTTP Request: POST https://gw.letsur.ai/v1/chat/completions "HTTP/1.1 200 OK"
HTTP Request: POST https://gw.letsur.ai/v1/chat/completions "HTTP/1.1 200 OK"
HTTP Request: POST https://gw.letsur.ai/v1/chat/completions "HTTP/1.1 200 OK"
HTTP Request: POST https://gw.letsur.ai/v1/chat/completions "HTTP/1.1 200 OK"
HTTP Request: POST https://gw.letsur.ai/v1/chat/completions "HTTP/1.1 200 OK"
HTTP Request: POST https://gw.letsur.ai/v1/chat/completions "HTTP/1.1 200 OK"
HTTP Request: POST https://gw.letsur.ai/v1/chat/completions "HTTP/1.1 200 OK"
HTTP Request: POST https://gw.letsur.ai/v1/chat/completions "HTTP/1.1 200 OK"
HTTP Request: POST https://gw.letsur.ai/v1/chat/completions "HTTP/1.1 200 OK"
HTTP Request: POST https://gw.letsur.ai/v1/chat/completions "HTTP/1.1 200 OK"
HTTP Request: POST https://gw.letsur.ai/v1/chat/completions "HTTP/1.1 200 OK"
HTTP Request: POST https://gw.letsur.ai/v1/chat/completions "HTTP/1.1 200 OK"
HTTP Request: POST https://gw.letsur.ai/v1/chat/completions "HTTP/1.1 200 OK"
HTTP Request: POST https://gw.letsur.ai/v1/chat/completions "HTTP/1.1 200 OK"
HTTP Request: POST https://gw.letsur.ai/v1/chat/completions "HTTP/1.1 200 OK"
HTTP Request: POST https://gw.letsur.ai/v1/chat/completions "HTTP/1.1 200 OK"
HTTP Request: POST https://gw.letsur.ai/v1/chat/completions "HTTP/1.1 200 OK"
HTTP Request: POST https://gw.letsur.ai/v1/chat/completions "HTTP/1.1 200 OK"
HTTP Request: POST https://gw.letsur.ai/v1/chat/completions "HTTP/1.1 200 OK"
HTTP Request: POST https://gw.letsur.ai/v1/chat/completions "HTTP/1.1 200 OK"
HTTP Request: POST https://gw.letsur.ai/v1/chat/completions "HTTP/1.1 200 OK"
HTTP Request: POST https://gw.letsur.ai/v1/chat/completions "HTTP/1.1 200 OK"
HTTP Request: POST https://gw.letsur.ai/v1/chat/completions "HTTP/1.1 200 OK"
HTTP Request: POST https://gw.letsur.ai/v1/chat/completions "HTTP/1.1 200 OK"
HTTP Request: POST https://gw.letsur.ai/v1/chat/completions "HTTP/1.1 200 OK"
HTTP Request: POST https://gw.letsur.ai/v1/chat/completions "HTTP/1.1 200 OK"
HTTP Request: POST https://gw.letsur.ai/v1/chat/completions "HTTP/1.1 200 OK"
HTTP Request: POST https://gw.letsur.ai/v1/chat/completions "HTTP/1.1 200 OK"
HTTP Request: POST https://gw.letsur.ai/v1/chat/completions "HTTP/1.1 200 OK"
HTTP Request: POST https://gw.letsur.ai/v1/chat/completions "HTTP/1.1 200 OK"
HTTP Request: POST https://gw.letsur.ai/v1/chat/completions "HTTP/1.1 200 OK"
HTTP Request: POST https://gw.letsur.ai/v1/chat/completions "HTTP/1.1 200 OK"
HTTP Request: POST https://gw.letsur.ai/v1/chat/completions "HTTP/1.1 200 OK"
HTTP Request: POST https://gw.letsur.ai/v1/chat/completions "HTTP/1.1 200 OK"
HTTP Request: POST https://gw.letsur.ai/v1/chat/completions "HTTP/1.1 200 OK"
HTTP Request: POST https://gw.letsur.ai/v1/chat/completions "HTTP/1.1 200 OK"
HTTP Request: POST https://gw.letsur.ai/v1/chat/completions "HTTP/1.1 200 OK"
HTTP Request: POST https://gw.letsur.ai/v1/chat/completions "HTTP/1.1 200 OK"
HTTP Request: POST https://gw.letsur.ai/v1/chat/completions "HTTP/1.1 200 OK"
HTTP Request: POST https://gw.letsur.ai/v1/chat/completions "HTTP/1.1 200 OK"
HTTP Request: POST https://gw.letsur.ai/v1/chat/completions "HTTP/1.1 200 OK"
HTTP Request: POST https://gw.letsur.ai/v1/chat/completions "HTTP/1.1 200 OK"
HTTP Request: POST https://gw.letsur.ai/v1/chat/completions "HTTP/1.1 200 OK"
HTTP Request: POST https://gw.letsur.ai/v1/chat/completions "HTTP/1.1 200 OK"
HTTP Request: POST https://gw.letsur.ai/v1/chat/completions "HTTP/1.1 200 OK"
HTTP Request: POST https://gw.letsur.ai/v1/chat/completions "HTTP/1.1 200 OK"
HTTP Request: POST https://gw.letsur.ai/v1/chat/completions "HTTP/1.1 200 OK"
HTTP Request: POST https://gw.letsur.ai/v1/chat/completions "HTTP/1.1 200 OK"
HTTP Request: POST https://gw.letsur.ai/v1/chat/completions "HTTP/1.1 200 OK"
HTTP Request: POST https://gw.letsur.ai/v1/chat/completions "HTTP/1.1 200 OK"
HTTP Request: POST https://gw.letsur.ai/v1/chat/completions "HTTP/1.1 200 OK"
HTTP Request: POST https://gw.letsur.ai/v1/chat/completions "HTTP/1.1 200 OK"
HTTP Request: POST https://gw.letsur.ai/v1/chat/completions "HTTP/1.1 200 OK"
HTTP Request: POST https://gw.letsur.ai/v1/chat/completions "HTTP/1.1 200 OK"
HTTP Request: POST https://gw.letsur.ai/v1/chat/completions "HTTP/1.1 200 OK"
HTTP Request: POST https://gw.letsur.ai/v1/chat/completions "HTTP/1.1 200 OK"
HTTP Request: POST https://gw.letsur.ai/v1/chat/completions "HTTP/1.1 200 OK"
HTTP Request: POST https://gw.letsur.ai/v1/chat/completions "HTTP/1.1 200 OK"
HTTP Request: POST https://gw.letsur.ai/v1/chat/completions "HTTP/1.1 200 OK"
HTTP Request: POST https://gw.letsur.ai/v1/chat/completions "HTTP/1.1 200 OK"
HTTP Request: POST https://gw.letsur.ai/v1/chat/completions "HTTP/1.1 200 OK"
HTTP Request: POST https://gw.letsur.ai/v1/chat/completions "HTTP/1.1 200 OK"
HTTP Request: POST https://gw.letsur.ai/v1/chat/completions "HTTP/1.1 200 OK"
HTTP Request: POST https://gw.letsur.ai/v1/chat/completions "HTTP/1.1 200 OK"
HTTP Request: POST https://gw.letsur.ai/v1/chat/completions "HTTP/1.1 200 OK"
HTTP Request: POST https://gw.letsur.ai/v1/chat/completions "HTTP/1.1 200 OK"
HTTP Request: POST https://gw.letsur.ai/v1/chat/completions "HTTP/1.1 200 OK"
HTTP Request: POST https://gw.letsur.ai/v1/chat/completions "HTTP/1.1 200 OK"
HTTP Request: POST https://gw.letsur.ai/v1/chat/completions "HTTP/1.1 200 OK"
HTTP Request: POST https://gw.letsur.ai/v1/chat/completions "HTTP/1.1 200 OK"
HTTP Request: POST https://gw.letsur.ai/v1/chat/completions "HTTP/1.1 200 OK"
HTTP Request: POST https://gw.letsur.ai/v1/chat/completions "HTTP/1.1 200 OK"
HTTP Request: POST https://gw.letsur.ai/v1/chat/completions "HTTP/1.1 200 OK"
HTTP Request: POST https://gw.letsur.ai/v1/chat/completions "HTTP/1.1 200 OK"
HTTP Request: POST https://gw.letsur.ai/v1/chat/completions "HTTP/1.1 200 OK"
HTTP Request: POST https://gw.letsur.ai/v1/chat/completions "HTTP/1.1 200 OK"
HTTP Request: POST https://gw.letsur.ai/v1/chat/completions "HTTP/1.1 200 OK"
HTTP Request: POST https://gw.letsur.ai/v1/chat/completions "HTTP/1.1 200 OK"
HTTP Request: POST https://gw.letsur.ai/v1/chat/completions "HTTP/1.1 200 OK"
/home/mobility/STiTy/.venv-autoseg/lib/python3.10/site-packages/pytorch_lightning/utilities/_pytree.py:21: `isinstance(treespec, LeafSpec)` is deprecated, use `isinstance(treespec, TreeSpec) and treespec.is_leaf()` instead.
/home/mobility/STiTy/.venv-autoseg/lib/python3.10/site-packages/pytorch_lightning/utilities/_pytree.py:21: `isinstance(treespec, LeafSpec)` is deprecated, use `isinstance(treespec, TreeSpec) and treespec.is_leaf()` instead.
/home/mobility/STiTy/.venv-autoseg/lib/python3.10/site-packages/pytorch_lightning/utilities/_pytree.py:21: `isinstance(treespec, LeafSpec)` is deprecated, use `isinstance(treespec, TreeSpec) and treespec.is_leaf()` instead.
/home/mobility/STiTy/.venv-autoseg/lib/python3.10/site-packages/pytorch_lightning/utilities/_pytree.py:21: `isinstance(treespec, LeafSpec)` is deprecated, use `isinstance(treespec, TreeSpec) and treespec.is_leaf()` instead.
/home/mobility/STiTy/.venv-autoseg/lib/python3.10/site-packages/pytorch_lightning/utilities/_pytree.py:21: `isinstance(treespec, LeafSpec)` is deprecated, use `isinstance(treespec, TreeSpec) and treespec.is_leaf()` instead.
/home/mobility/STiTy/.venv-autoseg/lib/python3.10/site-packages/pytorch_lightning/utilities/_pytree.py:21: `isinstance(treespec, LeafSpec)` is deprecated, use `isinstance(treespec, TreeSpec) and treespec.is_leaf()` instead.
/home/mobility/STiTy/.venv-autoseg/lib/python3.10/site-packages/pytorch_lightning/utilities/_pytree.py:21: `isinstance(treespec, LeafSpec)` is deprecated, use `isinstance(treespec, TreeSpec) and treespec.is_leaf()` instead.
/home/mobility/STiTy/.venv-autoseg/lib/python3.10/site-packages/pytorch_lightning/utilities/_pytree.py:21: `isinstance(treespec, LeafSpec)` is deprecated, use `isinstance(treespec, TreeSpec) and treespec.is_leaf()` instead.
/home/mobility/STiTy/.venv-autoseg/lib/python3.10/site-packages/pytorch_lightning/utilities/_pytree.py:21: `isinstance(treespec, LeafSpec)` is deprecated, use `isinstance(treespec, TreeSpec) and treespec.is_leaf()` instead.
/home/mobility/STiTy/.venv-autoseg/lib/python3.10/site-packages/pytorch_lightning/utilities/_pytree.py:21: `isinstance(treespec, LeafSpec)` is deprecated, use `isinstance(treespec, TreeSpec) and treespec.is_leaf()` instead.
/home/mobility/STiTy/.venv-autoseg/lib/python3.10/site-packages/pytorch_lightning/utilities/_pytree.py:21: `isinstance(treespec, LeafSpec)` is deprecated, use `isinstance(treespec, TreeSpec) and treespec.is_leaf()` instead.
/home/mobility/STiTy/.venv-autoseg/lib/python3.10/site-packages/pytorch_lightning/utilities/_pytree.py:21: `isinstance(treespec, LeafSpec)` is deprecated, use `isinstance(treespec, TreeSpec) and treespec.is_leaf()` instead.
/home/mobility/STiTy/.venv-autoseg/lib/python3.10/site-packages/pytorch_lightning/utilities/_pytree.py:21: `isinstance(treespec, LeafSpec)` is deprecated, use `isinstance(treespec, TreeSpec) and treespec.is_leaf()` instead.
/home/mobility/STiTy/.venv-autoseg/lib/python3.10/site-packages/pytorch_lightning/utilities/_pytree.py:21: `isinstance(treespec, LeafSpec)` is deprecated, use `isinstance(treespec, TreeSpec) and treespec.is_leaf()` instead.
/home/mobility/STiTy/.venv-autoseg/lib/python3.10/site-packages/pytorch_lightning/utilities/_pytree.py:21: `isinstance(treespec, LeafSpec)` is deprecated, use `isinstance(treespec, TreeSpec) and treespec.is_leaf()` instead.
/home/mobility/STiTy/.venv-autoseg/lib/python3.10/site-packages/pytorch_lightning/utilities/_pytree.py:21: `isinstance(treespec, LeafSpec)` is deprecated, use `isinstance(treespec, TreeSpec) and treespec.is_leaf()` instead.
/home/mobility/STiTy/.venv-autoseg/lib/python3.10/site-packages/pytorch_lightning/utilities/_pytree.py:21: `isinstance(treespec, LeafSpec)` is deprecated, use `isinstance(treespec, TreeSpec) and treespec.is_leaf()` instead.
/home/mobility/STiTy/.venv-autoseg/lib/python3.10/site-packages/pytorch_lightning/utilities/_pytree.py:21: `isinstance(treespec, LeafSpec)` is deprecated, use `isinstance(treespec, TreeSpec) and treespec.is_leaf()` instead.
/home/mobility/STiTy/.venv-autoseg/lib/python3.10/site-packages/pytorch_lightning/utilities/_pytree.py:21: `isinstance(treespec, LeafSpec)` is deprecated, use `isinstance(treespec, TreeSpec) and treespec.is_leaf()` instead.
/home/mobility/STiTy/.venv-autoseg/lib/python3.10/site-packages/pytorch_lightning/utilities/_pytree.py:21: `isinstance(treespec, LeafSpec)` is deprecated, use `isinstance(treespec, TreeSpec) and treespec.is_leaf()` instead.
/home/mobility/STiTy/.venv-autoseg/lib/python3.10/site-packages/pytorch_lightning/utilities/_pytree.py:21: `isinstance(treespec, LeafSpec)` is deprecated, use `isinstance(treespec, TreeSpec) and treespec.is_leaf()` instead.
/home/mobility/STiTy/.venv-autoseg/lib/python3.10/site-packages/pytorch_lightning/utilities/_pytree.py:21: `isinstance(treespec, LeafSpec)` is deprecated, use `isinstance(treespec, TreeSpec) and treespec.is_leaf()` instead.
/home/mobility/STiTy/.venv-autoseg/lib/python3.10/site-packages/pytorch_lightning/utilities/_pytree.py:21: `isinstance(treespec, LeafSpec)` is deprecated, use `isinstance(treespec, TreeSpec) and treespec.is_leaf()` instead.
/home/mobility/STiTy/.venv-autoseg/lib/python3.10/site-packages/pytorch_lightning/utilities/_pytree.py:21: `isinstance(treespec, LeafSpec)` is deprecated, use `isinstance(treespec, TreeSpec) and treespec.is_leaf()` instead.
/home/mobility/STiTy/.venv-autoseg/lib/python3.10/site-packages/pytorch_lightning/utilities/_pytree.py:21: `isinstance(treespec, LeafSpec)` is deprecated, use `isinstance(treespec, TreeSpec) and treespec.is_leaf()` instead.
/home/mobility/STiTy/.venv-autoseg/lib/python3.10/site-packages/pytorch_lightning/utilities/_pytree.py:21: `isinstance(treespec, LeafSpec)` is deprecated, use `isinstance(treespec, TreeSpec) and treespec.is_leaf()` instead.
/home/mobility/STiTy/.venv-autoseg/lib/python3.10/site-packages/pytorch_lightning/utilities/_pytree.py:21: `isinstance(treespec, LeafSpec)` is deprecated, use `isinstance(treespec, TreeSpec) and treespec.is_leaf()` instead.
/home/mobility/STiTy/.venv-autoseg/lib/python3.10/site-packages/pytorch_lightning/utilities/_pytree.py:21: `isinstance(treespec, LeafSpec)` is deprecated, use `isinstance(treespec, TreeSpec) and treespec.is_leaf()` instead.
/home/mobility/STiTy/.venv-autoseg/lib/python3.10/site-packages/pytorch_lightning/utilities/_pytree.py:21: `isinstance(treespec, LeafSpec)` is deprecated, use `isinstance(treespec, TreeSpec) and treespec.is_leaf()` instead.
/home/mobility/STiTy/.venv-autoseg/lib/python3.10/site-packages/pytorch_lightning/utilities/_pytree.py:21: `isinstance(treespec, LeafSpec)` is deprecated, use `isinstance(treespec, TreeSpec) and treespec.is_leaf()` instead.
[iter 2] dev   fmt=1.00(1st 0.86)  T4: eff=0.6601 p10=0.5079 [ent 0.5840] adq=0.7739 contra=0.123 laal=3.40 k=5.28 miss=0.00  T6: eff=0.7079 p10=0.5387 [ent 0.6506] adq=0.8087 contra=0.115 laal=4.60 k=3.55 miss=0.00  T12: eff=0.7590 p10=0.6180 [ent 0.7279] adq=0.8337 contra=0.095 laal=9.83 k=1.75 miss=0.00  score=0.7090  rank_lift=+0.0680(t+4.2, T12)  Δ=-0.01621 ±0.02678 (변경 232/265)
[iter 2] adopted=False stale=2 calls=540 cost=7.5924
[iter 2] 비용내역 segment $4.624(61%, 189콜, 사고 11,774tok/콜)  segment_retry $2.383(31%, 192콜, 사고 6,001tok/콜)  judge $0.458(6%, 150콜, 사고 1,317tok/콜)  prompt_engineer $0.076(1%, 6콜, 사고 2,453tok/콜)  prompt_v0 $0.030(0%, 1콜, 사고 12,224tok/콜)  critic $0.014(0%, 1콜, 사고 2,688tok/콜)
[iter 2] critic dominant=placement | 직전 개정이 [Core Principles], [When to Segment], [Priority Rules
HTTP Request: POST https://gw.letsur.ai/v1/chat/completions "HTTP/1.1 200 OK"
HTTP Request: POST https://gw.letsur.ai/v1/chat/completions "HTTP/1.1 200 OK"
HTTP Request: POST https://gw.letsur.ai/v1/chat/completions "HTTP/1.1 200 OK"
HTTP Request: POST https://gw.letsur.ai/v1/chat/completions "HTTP/1.1 200 OK"
HTTP Request: POST https://gw.letsur.ai/v1/chat/completions "HTTP/1.1 200 OK"
HTTP Request: POST https://gw.letsur.ai/v1/chat/completions "HTTP/1.1 200 OK"
HTTP Request: POST https://gw.letsur.ai/v1/chat/completions "HTTP/1.1 200 OK"
HTTP Request: POST https://gw.letsur.ai/v1/chat/completions "HTTP/1.1 200 OK"
HTTP Request: POST https://gw.letsur.ai/v1/chat/completions "HTTP/1.1 200 OK"
HTTP Request: POST https://gw.letsur.ai/v1/chat/completions "HTTP/1.1 200 OK"
HTTP Request: POST https://gw.letsur.ai/v1/chat/completions "HTTP/1.1 200 OK"
HTTP Request: POST https://gw.letsur.ai/v1/chat/completions "HTTP/1.1 200 OK"
HTTP Request: POST https://gw.letsur.ai/v1/chat/completions "HTTP/1.1 200 OK"
HTTP Request: POST https://gw.letsur.ai/v1/chat/completions "HTTP/1.1 200 OK"
HTTP Request: POST https://gw.letsur.ai/v1/chat/completions "HTTP/1.1 200 OK"
HTTP Request: POST https://gw.letsur.ai/v1/chat/completions "HTTP/1.1 200 OK"
HTTP Request: POST https://gw.letsur.ai/v1/chat/completions "HTTP/1.1 200 OK"
HTTP Request: POST https://gw.letsur.ai/v1/chat/completions "HTTP/1.1 200 OK"
HTTP Request: POST https://gw.letsur.ai/v1/chat/completions "HTTP/1.1 200 OK"
HTTP Request: POST https://gw.letsur.ai/v1/chat/completions "HTTP/1.1 200 OK"
HTTP Request: POST https://gw.letsur.ai/v1/chat/completions "HTTP/1.1 200 OK"
HTTP Request: POST https://gw.letsur.ai/v1/chat/completions "HTTP/1.1 200 OK"
HTTP Request: POST https://gw.letsur.ai/v1/chat/completions "HTTP/1.1 200 OK"
HTTP Request: POST https://gw.letsur.ai/v1/chat/completions "HTTP/1.1 200 OK"
HTTP Request: POST https://gw.letsur.ai/v1/chat/completions "HTTP/1.1 200 OK"
HTTP Request: POST https://gw.letsur.ai/v1/chat/completions "HTTP/1.1 200 OK"
HTTP Request: POST https://gw.letsur.ai/v1/chat/completions "HTTP/1.1 200 OK"
HTTP Request: POST https://gw.letsur.ai/v1/chat/completions "HTTP/1.1 200 OK"
HTTP Request: POST https://gw.letsur.ai/v1/chat/completions "HTTP/1.1 200 OK"
HTTP Request: POST https://gw.letsur.ai/v1/chat/completions "HTTP/1.1 200 OK"
HTTP Request: POST https://gw.letsur.ai/v1/chat/completions "HTTP/1.1 200 OK"
HTTP Request: POST https://gw.letsur.ai/v1/chat/completions "HTTP/1.1 200 OK"
HTTP Request: POST https://gw.letsur.ai/v1/chat/completions "HTTP/1.1 200 OK"
HTTP Request: POST https://gw.letsur.ai/v1/chat/completions "HTTP/1.1 200 OK"
HTTP Request: POST https://gw.letsur.ai/v1/chat/completions "HTTP/1.1 200 OK"
HTTP Request: POST https://gw.letsur.ai/v1/chat/completions "HTTP/1.1 200 OK"
HTTP Request: POST https://gw.letsur.ai/v1/chat/completions "HTTP/1.1 200 OK"
HTTP Request: POST https://gw.letsur.ai/v1/chat/completions "HTTP/1.1 200 OK"
HTTP Request: POST https://gw.letsur.ai/v1/chat/completions "HTTP/1.1 200 OK"
HTTP Request: POST https://gw.letsur.ai/v1/chat/completions "HTTP/1.1 200 OK"
HTTP Request: POST https://gw.letsur.ai/v1/chat/completions "HTTP/1.1 200 OK"
HTTP Request: POST https://gw.letsur.ai/v1/chat/completions "HTTP/1.1 200 OK"
HTTP Request: POST https://gw.letsur.ai/v1/chat/completions "HTTP/1.1 200 OK"
HTTP Request: POST https://gw.letsur.ai/v1/chat/completions "HTTP/1.1 200 OK"
HTTP Request: POST https://gw.letsur.ai/v1/chat/completions "HTTP/1.1 200 OK"
HTTP Request: POST https://gw.letsur.ai/v1/chat/completions "HTTP/1.1 200 OK"
HTTP Request: POST https://gw.letsur.ai/v1/chat/completions "HTTP/1.1 200 OK"
HTTP Request: POST https://gw.letsur.ai/v1/chat/completions "HTTP/1.1 200 OK"
HTTP Request: POST https://gw.letsur.ai/v1/chat/completions "HTTP/1.1 200 OK"
HTTP Request: POST https://gw.letsur.ai/v1/chat/completions "HTTP/1.1 200 OK"
HTTP Request: POST https://gw.letsur.ai/v1/chat/completions "HTTP/1.1 200 OK"
HTTP Request: POST https://gw.letsur.ai/v1/chat/completions "HTTP/1.1 200 OK"
HTTP Request: POST https://gw.letsur.ai/v1/chat/completions "HTTP/1.1 200 OK"
HTTP Request: POST https://gw.letsur.ai/v1/chat/completions "HTTP/1.1 200 OK"
HTTP Request: POST https://gw.letsur.ai/v1/chat/completions "HTTP/1.1 200 OK"
HTTP Request: POST https://gw.letsur.ai/v1/chat/completions "HTTP/1.1 200 OK"
HTTP Request: POST https://gw.letsur.ai/v1/chat/completions "HTTP/1.1 200 OK"
HTTP Request: POST https://gw.letsur.ai/v1/chat/completions "HTTP/1.1 200 OK"
HTTP Request: POST https://gw.letsur.ai/v1/chat/completions "HTTP/1.1 200 OK"
HTTP Request: POST https://gw.letsur.ai/v1/chat/completions "HTTP/1.1 200 OK"
HTTP Request: POST https://gw.letsur.ai/v1/chat/completions "HTTP/1.1 200 OK"
HTTP Request: POST https://gw.letsur.ai/v1/chat/completions "HTTP/1.1 200 OK"
HTTP Request: POST https://gw.letsur.ai/v1/chat/completions "HTTP/1.1 200 OK"
HTTP Request: POST https://gw.letsur.ai/v1/chat/completions "HTTP/1.1 200 OK"
HTTP Request: POST https://gw.letsur.ai/v1/chat/completions "HTTP/1.1 200 OK"
HTTP Request: POST https://gw.letsur.ai/v1/chat/completions "HTTP/1.1 200 OK"
HTTP Request: POST https://gw.letsur.ai/v1/chat/completions "HTTP/1.1 200 OK"
HTTP Request: POST https://gw.letsur.ai/v1/chat/completions "HTTP/1.1 200 OK"
HTTP Request: POST https://gw.letsur.ai/v1/chat/completions "HTTP/1.1 200 OK"
[prewarm] 후보 3 × 문장 40 예열 완료 (동시 최대 72)
/home/mobility/STiTy/.venv-autoseg/lib/python3.10/site-packages/pytorch_lightning/utilities/_pytree.py:21: `isinstance(treespec, LeafSpec)` is deprecated, use `isinstance(treespec, TreeSpec) and treespec.is_leaf()` instead.
/home/mobility/STiTy/.venv-autoseg/lib/python3.10/site-packages/pytorch_lightning/utilities/_pytree.py:21: `isinstance(treespec, LeafSpec)` is deprecated, use `isinstance(treespec, TreeSpec) and treespec.is_leaf()` instead.
/home/mobility/STiTy/.venv-autoseg/lib/python3.10/site-packages/pytorch_lightning/utilities/_pytree.py:21: `isinstance(treespec, LeafSpec)` is deprecated, use `isinstance(treespec, TreeSpec) and treespec.is_leaf()` instead.
/home/mobility/STiTy/.venv-autoseg/lib/python3.10/site-packages/pytorch_lightning/utilities/_pytree.py:21: `isinstance(treespec, LeafSpec)` is deprecated, use `isinstance(treespec, TreeSpec) and treespec.is_leaf()` instead.
/home/mobility/STiTy/.venv-autoseg/lib/python3.10/site-packages/pytorch_lightning/utilities/_pytree.py:21: `isinstance(treespec, LeafSpec)` is deprecated, use `isinstance(treespec, TreeSpec) and treespec.is_leaf()` instead.
/home/mobility/STiTy/.venv-autoseg/lib/python3.10/site-packages/pytorch_lightning/utilities/_pytree.py:21: `isinstance(treespec, LeafSpec)` is deprecated, use `isinstance(treespec, TreeSpec) and treespec.is_leaf()` instead.
/home/mobility/STiTy/.venv-autoseg/lib/python3.10/site-packages/pytorch_lightning/utilities/_pytree.py:21: `isinstance(treespec, LeafSpec)` is deprecated, use `isinstance(treespec, TreeSpec) and treespec.is_leaf()` instead.
/home/mobility/STiTy/.venv-autoseg/lib/python3.10/site-packages/pytorch_lightning/utilities/_pytree.py:21: `isinstance(treespec, LeafSpec)` is deprecated, use `isinstance(treespec, TreeSpec) and treespec.is_leaf()` instead.
/home/mobility/STiTy/.venv-autoseg/lib/python3.10/site-packages/pytorch_lightning/utilities/_pytree.py:21: `isinstance(treespec, LeafSpec)` is deprecated, use `isinstance(treespec, TreeSpec) and treespec.is_leaf()` instead.
/home/mobility/STiTy/.venv-autoseg/lib/python3.10/site-packages/pytorch_lightning/utilities/_pytree.py:21: `isinstance(treespec, LeafSpec)` is deprecated, use `isinstance(treespec, TreeSpec) and treespec.is_leaf()` instead.
/home/mobility/STiTy/.venv-autoseg/lib/python3.10/site-packages/pytorch_lightning/utilities/_pytree.py:21: `isinstance(treespec, LeafSpec)` is deprecated, use `isinstance(treespec, TreeSpec) and treespec.is_leaf()` instead.
/home/mobility/STiTy/.venv-autoseg/lib/python3.10/site-packages/pytorch_lightning/utilities/_pytree.py:21: `isinstance(treespec, LeafSpec)` is deprecated, use `isinstance(treespec, TreeSpec) and treespec.is_leaf()` instead.
/home/mobility/STiTy/.venv-autoseg/lib/python3.10/site-packages/pytorch_lightning/utilities/_pytree.py:21: `isinstance(treespec, LeafSpec)` is deprecated, use `isinstance(treespec, TreeSpec) and treespec.is_leaf()` instead.
/home/mobility/STiTy/.venv-autoseg/lib/python3.10/site-packages/pytorch_lightning/utilities/_pytree.py:21: `isinstance(treespec, LeafSpec)` is deprecated, use `isinstance(treespec, TreeSpec) and treespec.is_leaf()` instead.
/home/mobility/STiTy/.venv-autoseg/lib/python3.10/site-packages/pytorch_lightning/utilities/_pytree.py:21: `isinstance(treespec, LeafSpec)` is deprecated, use `isinstance(treespec, TreeSpec) and treespec.is_leaf()` instead.
/home/mobility/STiTy/.venv-autoseg/lib/python3.10/site-packages/pytorch_lightning/utilities/_pytree.py:21: `isinstance(treespec, LeafSpec)` is deprecated, use `isinstance(treespec, TreeSpec) and treespec.is_leaf()` instead.
/home/mobility/STiTy/.venv-autoseg/lib/python3.10/site-packages/pytorch_lightning/utilities/_pytree.py:21: `isinstance(treespec, LeafSpec)` is deprecated, use `isinstance(treespec, TreeSpec) and treespec.is_leaf()` instead.
/home/mobility/STiTy/.venv-autoseg/lib/python3.10/site-packages/pytorch_lightning/utilities/_pytree.py:21: `isinstance(treespec, LeafSpec)` is deprecated, use `isinstance(treespec, TreeSpec) and treespec.is_leaf()` instead.
/home/mobility/STiTy/.venv-autoseg/lib/python3.10/site-packages/pytorch_lightning/utilities/_pytree.py:21: `isinstance(treespec, LeafSpec)` is deprecated, use `isinstance(treespec, TreeSpec) and treespec.is_leaf()` instead.
/home/mobility/STiTy/.venv-autoseg/lib/python3.10/site-packages/pytorch_lightning/utilities/_pytree.py:21: `isinstance(treespec, LeafSpec)` is deprecated, use `isinstance(treespec, TreeSpec) and treespec.is_leaf()` instead.
/home/mobility/STiTy/.venv-autoseg/lib/python3.10/site-packages/pytorch_lightning/utilities/_pytree.py:21: `isinstance(treespec, LeafSpec)` is deprecated, use `isinstance(treespec, TreeSpec) and treespec.is_leaf()` instead.
/home/mobility/STiTy/.venv-autoseg/lib/python3.10/site-packages/pytorch_lightning/utilities/_pytree.py:21: `isinstance(treespec, LeafSpec)` is deprecated, use `isinstance(treespec, TreeSpec) and treespec.is_leaf()` instead.
/home/mobility/STiTy/.venv-autoseg/lib/python3.10/site-packages/pytorch_lightning/utilities/_pytree.py:21: `isinstance(treespec, LeafSpec)` is deprecated, use `isinstance(treespec, TreeSpec) and treespec.is_leaf()` instead.
/home/mobility/STiTy/.venv-autoseg/lib/python3.10/site-packages/pytorch_lightning/utilities/_pytree.py:21: `isinstance(treespec, LeafSpec)` is deprecated, use `isinstance(treespec, TreeSpec) and treespec.is_leaf()` instead.
/home/mobility/STiTy/.venv-autoseg/lib/python3.10/site-packages/pytorch_lightning/utilities/_pytree.py:21: `isinstance(treespec, LeafSpec)` is deprecated, use `isinstance(treespec, TreeSpec) and treespec.is_leaf()` instead.
/home/mobility/STiTy/.venv-autoseg/lib/python3.10/site-packages/pytorch_lightning/utilities/_pytree.py:21: `isinstance(treespec, LeafSpec)` is deprecated, use `isinstance(treespec, TreeSpec) and treespec.is_leaf()` instead.
/home/mobility/STiTy/.venv-autoseg/lib/python3.10/site-packages/pytorch_lightning/utilities/_pytree.py:21: `isinstance(treespec, LeafSpec)` is deprecated, use `isinstance(treespec, TreeSpec) and treespec.is_leaf()` instead.
/home/mobility/STiTy/.venv-autoseg/lib/python3.10/site-packages/pytorch_lightning/utilities/_pytree.py:21: `isinstance(treespec, LeafSpec)` is deprecated, use `isinstance(treespec, TreeSpec) and treespec.is_leaf()` instead.
/home/mobility/STiTy/.venv-autoseg/lib/python3.10/site-packages/pytorch_lightning/utilities/_pytree.py:21: `isinstance(treespec, LeafSpec)` is deprecated, use `isinstance(treespec, TreeSpec) and treespec.is_leaf()` instead.
/home/mobility/STiTy/.venv-autoseg/lib/python3.10/site-packages/pytorch_lightning/utilities/_pytree.py:21: `isinstance(treespec, LeafSpec)` is deprecated, use `isinstance(treespec, TreeSpec) and treespec.is_leaf()` instead.
[iter 2 개정] 후보 0: 10429자 train(40) score=0.6980 fmt=1.00
/home/mobility/STiTy/.venv-autoseg/lib/python3.10/site-packages/pytorch_lightning/utilities/_pytree.py:21: `isinstance(treespec, LeafSpec)` is deprecated, use `isinstance(treespec, TreeSpec) and treespec.is_leaf()` instead.
/home/mobility/STiTy/.venv-autoseg/lib/python3.10/site-packages/pytorch_lightning/utilities/_pytree.py:21: `isinstance(treespec, LeafSpec)` is deprecated, use `isinstance(treespec, TreeSpec) and treespec.is_leaf()` instead.
/home/mobility/STiTy/.venv-autoseg/lib/python3.10/site-packages/pytorch_lightning/utilities/_pytree.py:21: `isinstance(treespec, LeafSpec)` is deprecated, use `isinstance(treespec, TreeSpec) and treespec.is_leaf()` instead.
/home/mobility/STiTy/.venv-autoseg/lib/python3.10/site-packages/pytorch_lightning/utilities/_pytree.py:21: `isinstance(treespec, LeafSpec)` is deprecated, use `isinstance(treespec, TreeSpec) and treespec.is_leaf()` instead.
/home/mobility/STiTy/.venv-autoseg/lib/python3.10/site-packages/pytorch_lightning/utilities/_pytree.py:21: `isinstance(treespec, LeafSpec)` is deprecated, use `isinstance(treespec, TreeSpec) and treespec.is_leaf()` instead.
/home/mobility/STiTy/.venv-autoseg/lib/python3.10/site-packages/pytorch_lightning/utilities/_pytree.py:21: `isinstance(treespec, LeafSpec)` is deprecated, use `isinstance(treespec, TreeSpec) and treespec.is_leaf()` instead.
/home/mobility/STiTy/.venv-autoseg/lib/python3.10/site-packages/pytorch_lightning/utilities/_pytree.py:21: `isinstance(treespec, LeafSpec)` is deprecated, use `isinstance(treespec, TreeSpec) and treespec.is_leaf()` instead.
/home/mobility/STiTy/.venv-autoseg/lib/python3.10/site-packages/pytorch_lightning/utilities/_pytree.py:21: `isinstance(treespec, LeafSpec)` is deprecated, use `isinstance(treespec, TreeSpec) and treespec.is_leaf()` instead.
/home/mobility/STiTy/.venv-autoseg/lib/python3.10/site-packages/pytorch_lightning/utilities/_pytree.py:21: `isinstance(treespec, LeafSpec)` is deprecated, use `isinstance(treespec, TreeSpec) and treespec.is_leaf()` instead.
/home/mobility/STiTy/.venv-autoseg/lib/python3.10/site-packages/pytorch_lightning/utilities/_pytree.py:21: `isinstance(treespec, LeafSpec)` is deprecated, use `isinstance(treespec, TreeSpec) and treespec.is_leaf()` instead.
/home/mobility/STiTy/.venv-autoseg/lib/python3.10/site-packages/pytorch_lightning/utilities/_pytree.py:21: `isinstance(treespec, LeafSpec)` is deprecated, use `isinstance(treespec, TreeSpec) and treespec.is_leaf()` instead.
/home/mobility/STiTy/.venv-autoseg/lib/python3.10/site-packages/pytorch_lightning/utilities/_pytree.py:21: `isinstance(treespec, LeafSpec)` is deprecated, use `isinstance(treespec, TreeSpec) and treespec.is_leaf()` instead.
/home/mobility/STiTy/.venv-autoseg/lib/python3.10/site-packages/pytorch_lightning/utilities/_pytree.py:21: `isinstance(treespec, LeafSpec)` is deprecated, use `isinstance(treespec, TreeSpec) and treespec.is_leaf()` instead.
/home/mobility/STiTy/.venv-autoseg/lib/python3.10/site-packages/pytorch_lightning/utilities/_pytree.py:21: `isinstance(treespec, LeafSpec)` is deprecated, use `isinstance(treespec, TreeSpec) and treespec.is_leaf()` instead.
/home/mobility/STiTy/.venv-autoseg/lib/python3.10/site-packages/pytorch_lightning/utilities/_pytree.py:21: `isinstance(treespec, LeafSpec)` is deprecated, use `isinstance(treespec, TreeSpec) and treespec.is_leaf()` instead.
/home/mobility/STiTy/.venv-autoseg/lib/python3.10/site-packages/pytorch_lightning/utilities/_pytree.py:21: `isinstance(treespec, LeafSpec)` is deprecated, use `isinstance(treespec, TreeSpec) and treespec.is_leaf()` instead.
/home/mobility/STiTy/.venv-autoseg/lib/python3.10/site-packages/pytorch_lightning/utilities/_pytree.py:21: `isinstance(treespec, LeafSpec)` is deprecated, use `isinstance(treespec, TreeSpec) and treespec.is_leaf()` instead.
/home/mobility/STiTy/.venv-autoseg/lib/python3.10/site-packages/pytorch_lightning/utilities/_pytree.py:21: `isinstance(treespec, LeafSpec)` is deprecated, use `isinstance(treespec, TreeSpec) and treespec.is_leaf()` instead.
/home/mobility/STiTy/.venv-autoseg/lib/python3.10/site-packages/pytorch_lightning/utilities/_pytree.py:21: `isinstance(treespec, LeafSpec)` is deprecated, use `isinstance(treespec, TreeSpec) and treespec.is_leaf()` instead.
/home/mobility/STiTy/.venv-autoseg/lib/python3.10/site-packages/pytorch_lightning/utilities/_pytree.py:21: `isinstance(treespec, LeafSpec)` is deprecated, use `isinstance(treespec, TreeSpec) and treespec.is_leaf()` instead.
/home/mobility/STiTy/.venv-autoseg/lib/python3.10/site-packages/pytorch_lightning/utilities/_pytree.py:21: `isinstance(treespec, LeafSpec)` is deprecated, use `isinstance(treespec, TreeSpec) and treespec.is_leaf()` instead.
/home/mobility/STiTy/.venv-autoseg/lib/python3.10/site-packages/pytorch_lightning/utilities/_pytree.py:21: `isinstance(treespec, LeafSpec)` is deprecated, use `isinstance(treespec, TreeSpec) and treespec.is_leaf()` instead.
/home/mobility/STiTy/.venv-autoseg/lib/python3.10/site-packages/pytorch_lightning/utilities/_pytree.py:21: `isinstance(treespec, LeafSpec)` is deprecated, use `isinstance(treespec, TreeSpec) and treespec.is_leaf()` instead.
/home/mobility/STiTy/.venv-autoseg/lib/python3.10/site-packages/pytorch_lightning/utilities/_pytree.py:21: `isinstance(treespec, LeafSpec)` is deprecated, use `isinstance(treespec, TreeSpec) and treespec.is_leaf()` instead.
/home/mobility/STiTy/.venv-autoseg/lib/python3.10/site-packages/pytorch_lightning/utilities/_pytree.py:21: `isinstance(treespec, LeafSpec)` is deprecated, use `isinstance(treespec, TreeSpec) and treespec.is_leaf()` instead.
/home/mobility/STiTy/.venv-autoseg/lib/python3.10/site-packages/pytorch_lightning/utilities/_pytree.py:21: `isinstance(treespec, LeafSpec)` is deprecated, use `isinstance(treespec, TreeSpec) and treespec.is_leaf()` instead.
/home/mobility/STiTy/.venv-autoseg/lib/python3.10/site-packages/pytorch_lightning/utilities/_pytree.py:21: `isinstance(treespec, LeafSpec)` is deprecated, use `isinstance(treespec, TreeSpec) and treespec.is_leaf()` instead.
/home/mobility/STiTy/.venv-autoseg/lib/python3.10/site-packages/pytorch_lightning/utilities/_pytree.py:21: `isinstance(treespec, LeafSpec)` is deprecated, use `isinstance(treespec, TreeSpec) and treespec.is_leaf()` instead.
/home/mobility/STiTy/.venv-autoseg/lib/python3.10/site-packages/pytorch_lightning/utilities/_pytree.py:21: `isinstance(treespec, LeafSpec)` is deprecated, use `isinstance(treespec, TreeSpec) and treespec.is_leaf()` instead.
/home/mobility/STiTy/.venv-autoseg/lib/python3.10/site-packages/pytorch_lightning/utilities/_pytree.py:21: `isinstance(treespec, LeafSpec)` is deprecated, use `isinstance(treespec, TreeSpec) and treespec.is_leaf()` instead.
[iter 2 개정] 후보 1: 13724자 train(40) score=0.6715 fmt=0.95
/home/mobility/STiTy/.venv-autoseg/lib/python3.10/site-packages/pytorch_lightning/utilities/_pytree.py:21: `isinstance(treespec, LeafSpec)` is deprecated, use `isinstance(treespec, TreeSpec) and treespec.is_leaf()` instead.
/home/mobility/STiTy/.venv-autoseg/lib/python3.10/site-packages/pytorch_lightning/utilities/_pytree.py:21: `isinstance(treespec, LeafSpec)` is deprecated, use `isinstance(treespec, TreeSpec) and treespec.is_leaf()` instead.
/home/mobility/STiTy/.venv-autoseg/lib/python3.10/site-packages/pytorch_lightning/utilities/_pytree.py:21: `isinstance(treespec, LeafSpec)` is deprecated, use `isinstance(treespec, TreeSpec) and treespec.is_leaf()` instead.
/home/mobility/STiTy/.venv-autoseg/lib/python3.10/site-packages/pytorch_lightning/utilities/_pytree.py:21: `isinstance(treespec, LeafSpec)` is deprecated, use `isinstance(treespec, TreeSpec) and treespec.is_leaf()` instead.
/home/mobility/STiTy/.venv-autoseg/lib/python3.10/site-packages/pytorch_lightning/utilities/_pytree.py:21: `isinstance(treespec, LeafSpec)` is deprecated, use `isinstance(treespec, TreeSpec) and treespec.is_leaf()` instead.
/home/mobility/STiTy/.venv-autoseg/lib/python3.10/site-packages/pytorch_lightning/utilities/_pytree.py:21: `isinstance(treespec, LeafSpec)` is deprecated, use `isinstance(treespec, TreeSpec) and treespec.is_leaf()` instead.
/home/mobility/STiTy/.venv-autoseg/lib/python3.10/site-packages/pytorch_lightning/utilities/_pytree.py:21: `isinstance(treespec, LeafSpec)` is deprecated, use `isinstance(treespec, TreeSpec) and treespec.is_leaf()` instead.
/home/mobility/STiTy/.venv-autoseg/lib/python3.10/site-packages/pytorch_lightning/utilities/_pytree.py:21: `isinstance(treespec, LeafSpec)` is deprecated, use `isinstance(treespec, TreeSpec) and treespec.is_leaf()` instead.
/home/mobility/STiTy/.venv-autoseg/lib/python3.10/site-packages/pytorch_lightning/utilities/_pytree.py:21: `isinstance(treespec, LeafSpec)` is deprecated, use `isinstance(treespec, TreeSpec) and treespec.is_leaf()` instead.
/home/mobility/STiTy/.venv-autoseg/lib/python3.10/site-packages/pytorch_lightning/utilities/_pytree.py:21: `isinstance(treespec, LeafSpec)` is deprecated, use `isinstance(treespec, TreeSpec) and treespec.is_leaf()` instead.
/home/mobility/STiTy/.venv-autoseg/lib/python3.10/site-packages/pytorch_lightning/utilities/_pytree.py:21: `isinstance(treespec, LeafSpec)` is deprecated, use `isinstance(treespec, TreeSpec) and treespec.is_leaf()` instead.
/home/mobility/STiTy/.venv-autoseg/lib/python3.10/site-packages/pytorch_lightning/utilities/_pytree.py:21: `isinstance(treespec, LeafSpec)` is deprecated, use `isinstance(treespec, TreeSpec) and treespec.is_leaf()` instead.
/home/mobility/STiTy/.venv-autoseg/lib/python3.10/site-packages/pytorch_lightning/utilities/_pytree.py:21: `isinstance(treespec, LeafSpec)` is deprecated, use `isinstance(treespec, TreeSpec) and treespec.is_leaf()` instead.
/home/mobility/STiTy/.venv-autoseg/lib/python3.10/site-packages/pytorch_lightning/utilities/_pytree.py:21: `isinstance(treespec, LeafSpec)` is deprecated, use `isinstance(treespec, TreeSpec) and treespec.is_leaf()` instead.
/home/mobility/STiTy/.venv-autoseg/lib/python3.10/site-packages/pytorch_lightning/utilities/_pytree.py:21: `isinstance(treespec, LeafSpec)` is deprecated, use `isinstance(treespec, TreeSpec) and treespec.is_leaf()` instead.
/home/mobility/STiTy/.venv-autoseg/lib/python3.10/site-packages/pytorch_lightning/utilities/_pytree.py:21: `isinstance(treespec, LeafSpec)` is deprecated, use `isinstance(treespec, TreeSpec) and treespec.is_leaf()` instead.
/home/mobility/STiTy/.venv-autoseg/lib/python3.10/site-packages/pytorch_lightning/utilities/_pytree.py:21: `isinstance(treespec, LeafSpec)` is deprecated, use `isinstance(treespec, TreeSpec) and treespec.is_leaf()` instead.
/home/mobility/STiTy/.venv-autoseg/lib/python3.10/site-packages/pytorch_lightning/utilities/_pytree.py:21: `isinstance(treespec, LeafSpec)` is deprecated, use `isinstance(treespec, TreeSpec) and treespec.is_leaf()` instead.
/home/mobility/STiTy/.venv-autoseg/lib/python3.10/site-packages/pytorch_lightning/utilities/_pytree.py:21: `isinstance(treespec, LeafSpec)` is deprecated, use `isinstance(treespec, TreeSpec) and treespec.is_leaf()` instead.
/home/mobility/STiTy/.venv-autoseg/lib/python3.10/site-packages/pytorch_lightning/utilities/_pytree.py:21: `isinstance(treespec, LeafSpec)` is deprecated, use `isinstance(treespec, TreeSpec) and treespec.is_leaf()` instead.
/home/mobility/STiTy/.venv-autoseg/lib/python3.10/site-packages/pytorch_lightning/utilities/_pytree.py:21: `isinstance(treespec, LeafSpec)` is deprecated, use `isinstance(treespec, TreeSpec) and treespec.is_leaf()` instead.
/home/mobility/STiTy/.venv-autoseg/lib/python3.10/site-packages/pytorch_lightning/utilities/_pytree.py:21: `isinstance(treespec, LeafSpec)` is deprecated, use `isinstance(treespec, TreeSpec) and treespec.is_leaf()` instead.
/home/mobility/STiTy/.venv-autoseg/lib/python3.10/site-packages/pytorch_lightning/utilities/_pytree.py:21: `isinstance(treespec, LeafSpec)` is deprecated, use `isinstance(treespec, TreeSpec) and treespec.is_leaf()` instead.
/home/mobility/STiTy/.venv-autoseg/lib/python3.10/site-packages/pytorch_lightning/utilities/_pytree.py:21: `isinstance(treespec, LeafSpec)` is deprecated, use `isinstance(treespec, TreeSpec) and treespec.is_leaf()` instead.
/home/mobility/STiTy/.venv-autoseg/lib/python3.10/site-packages/pytorch_lightning/utilities/_pytree.py:21: `isinstance(treespec, LeafSpec)` is deprecated, use `isinstance(treespec, TreeSpec) and treespec.is_leaf()` instead.
/home/mobility/STiTy/.venv-autoseg/lib/python3.10/site-packages/pytorch_lightning/utilities/_pytree.py:21: `isinstance(treespec, LeafSpec)` is deprecated, use `isinstance(treespec, TreeSpec) and treespec.is_leaf()` instead.
/home/mobility/STiTy/.venv-autoseg/lib/python3.10/site-packages/pytorch_lightning/utilities/_pytree.py:21: `isinstance(treespec, LeafSpec)` is deprecated, use `isinstance(treespec, TreeSpec) and treespec.is_leaf()` instead.
/home/mobility/STiTy/.venv-autoseg/lib/python3.10/site-packages/pytorch_lightning/utilities/_pytree.py:21: `isinstance(treespec, LeafSpec)` is deprecated, use `isinstance(treespec, TreeSpec) and treespec.is_leaf()` instead.
/home/mobility/STiTy/.venv-autoseg/lib/python3.10/site-packages/pytorch_lightning/utilities/_pytree.py:21: `isinstance(treespec, LeafSpec)` is deprecated, use `isinstance(treespec, TreeSpec) and treespec.is_leaf()` instead.
/home/mobility/STiTy/.venv-autoseg/lib/python3.10/site-packages/pytorch_lightning/utilities/_pytree.py:21: `isinstance(treespec, LeafSpec)` is deprecated, use `isinstance(treespec, TreeSpec) and treespec.is_leaf()` instead.
[iter 2 개정] 후보 2: 13532자 train(40) score=0.6860 fmt=1.00
[iter 2 개정] 후보 0 채택 (score=0.6980) — dev 미사용
[iter 2] 개정 후보 3/3 통과
[iter 2] 개정: ['[Role]', '[Never Segment]', '[Priority Rules]', '[Examples — Segment]']  (PE 신고 ['[Role]', '[Never Segment]', '[Examples — Segment]', '[Examples — Do NOT Segment]'] — 불일치)
[iter 2] 소요 1650초 = train_eval 43 + judge 144 + rank_audit 0 + dev_eval 778 + critic 0 + prompt_engineer 152 + select_prompt 532
/home/mobility/STiTy/.venv-autoseg/lib/python3.10/site-packages/pytorch_lightning/utilities/_pytree.py:21: `isinstance(treespec, LeafSpec)` is deprecated, use `isinstance(treespec, TreeSpec) and treespec.is_leaf()` instead.
/home/mobility/STiTy/.venv-autoseg/lib/python3.10/site-packages/pytorch_lightning/utilities/_pytree.py:21: `isinstance(treespec, LeafSpec)` is deprecated, use `isinstance(treespec, TreeSpec) and treespec.is_leaf()` instead.
/home/mobility/STiTy/.venv-autoseg/lib/python3.10/site-packages/pytorch_lightning/utilities/_pytree.py:21: `isinstance(treespec, LeafSpec)` is deprecated, use `isinstance(treespec, TreeSpec) and treespec.is_leaf()` instead.
/home/mobility/STiTy/.venv-autoseg/lib/python3.10/site-packages/pytorch_lightning/utilities/_pytree.py:21: `isinstance(treespec, LeafSpec)` is deprecated, use `isinstance(treespec, TreeSpec) and treespec.is_leaf()` instead.
/home/mobility/STiTy/.venv-autoseg/lib/python3.10/site-packages/pytorch_lightning/utilities/_pytree.py:21: `isinstance(treespec, LeafSpec)` is deprecated, use `isinstance(treespec, TreeSpec) and treespec.is_leaf()` instead.
/home/mobility/STiTy/.venv-autoseg/lib/python3.10/site-packages/pytorch_lightning/utilities/_pytree.py:21: `isinstance(treespec, LeafSpec)` is deprecated, use `isinstance(treespec, TreeSpec) and treespec.is_leaf()` instead.
/home/mobility/STiTy/.venv-autoseg/lib/python3.10/site-packages/pytorch_lightning/utilities/_pytree.py:21: `isinstance(treespec, LeafSpec)` is deprecated, use `isinstance(treespec, TreeSpec) and treespec.is_leaf()` instead.
/home/mobility/STiTy/.venv-autoseg/lib/python3.10/site-packages/pytorch_lightning/utilities/_pytree.py:21: `isinstance(treespec, LeafSpec)` is deprecated, use `isinstance(treespec, TreeSpec) and treespec.is_leaf()` instead.
/home/mobility/STiTy/.venv-autoseg/lib/python3.10/site-packages/pytorch_lightning/utilities/_pytree.py:21: `isinstance(treespec, LeafSpec)` is deprecated, use `isinstance(treespec, TreeSpec) and treespec.is_leaf()` instead.
/home/mobility/STiTy/.venv-autoseg/lib/python3.10/site-packages/pytorch_lightning/utilities/_pytree.py:21: `isinstance(treespec, LeafSpec)` is deprecated, use `isinstance(treespec, TreeSpec) and treespec.is_leaf()` instead.
/home/mobility/STiTy/.venv-autoseg/lib/python3.10/site-packages/pytorch_lightning/utilities/_pytree.py:21: `isinstance(treespec, LeafSpec)` is deprecated, use `isinstance(treespec, TreeSpec) and treespec.is_leaf()` instead.
/home/mobility/STiTy/.venv-autoseg/lib/python3.10/site-packages/pytorch_lightning/utilities/_pytree.py:21: `isinstance(treespec, LeafSpec)` is deprecated, use `isinstance(treespec, TreeSpec) and treespec.is_leaf()` instead.
/home/mobility/STiTy/.venv-autoseg/lib/python3.10/site-packages/pytorch_lightning/utilities/_pytree.py:21: `isinstance(treespec, LeafSpec)` is deprecated, use `isinstance(treespec, TreeSpec) and treespec.is_leaf()` instead.
/home/mobility/STiTy/.venv-autoseg/lib/python3.10/site-packages/pytorch_lightning/utilities/_pytree.py:21: `isinstance(treespec, LeafSpec)` is deprecated, use `isinstance(treespec, TreeSpec) and treespec.is_leaf()` instead.
/home/mobility/STiTy/.venv-autoseg/lib/python3.10/site-packages/pytorch_lightning/utilities/_pytree.py:21: `isinstance(treespec, LeafSpec)` is deprecated, use `isinstance(treespec, TreeSpec) and treespec.is_leaf()` instead.
/home/mobility/STiTy/.venv-autoseg/lib/python3.10/site-packages/pytorch_lightning/utilities/_pytree.py:21: `isinstance(treespec, LeafSpec)` is deprecated, use `isinstance(treespec, TreeSpec) and treespec.is_leaf()` instead.
/home/mobility/STiTy/.venv-autoseg/lib/python3.10/site-packages/pytorch_lightning/utilities/_pytree.py:21: `isinstance(treespec, LeafSpec)` is deprecated, use `isinstance(treespec, TreeSpec) and treespec.is_leaf()` instead.
/home/mobility/STiTy/.venv-autoseg/lib/python3.10/site-packages/pytorch_lightning/utilities/_pytree.py:21: `isinstance(treespec, LeafSpec)` is deprecated, use `isinstance(treespec, TreeSpec) and treespec.is_leaf()` instead.
/home/mobility/STiTy/.venv-autoseg/lib/python3.10/site-packages/pytorch_lightning/utilities/_pytree.py:21: `isinstance(treespec, LeafSpec)` is deprecated, use `isinstance(treespec, TreeSpec) and treespec.is_leaf()` instead.
/home/mobility/STiTy/.venv-autoseg/lib/python3.10/site-packages/pytorch_lightning/utilities/_pytree.py:21: `isinstance(treespec, LeafSpec)` is deprecated, use `isinstance(treespec, TreeSpec) and treespec.is_leaf()` instead.
/home/mobility/STiTy/.venv-autoseg/lib/python3.10/site-packages/pytorch_lightning/utilities/_pytree.py:21: `isinstance(treespec, LeafSpec)` is deprecated, use `isinstance(treespec, TreeSpec) and treespec.is_leaf()` instead.
/home/mobility/STiTy/.venv-autoseg/lib/python3.10/site-packages/pytorch_lightning/utilities/_pytree.py:21: `isinstance(treespec, LeafSpec)` is deprecated, use `isinstance(treespec, TreeSpec) and treespec.is_leaf()` instead.
/home/mobility/STiTy/.venv-autoseg/lib/python3.10/site-packages/pytorch_lightning/utilities/_pytree.py:21: `isinstance(treespec, LeafSpec)` is deprecated, use `isinstance(treespec, TreeSpec) and treespec.is_leaf()` instead.
/home/mobility/STiTy/.venv-autoseg/lib/python3.10/site-packages/pytorch_lightning/utilities/_pytree.py:21: `isinstance(treespec, LeafSpec)` is deprecated, use `isinstance(treespec, TreeSpec) and treespec.is_leaf()` instead.
/home/mobility/STiTy/.venv-autoseg/lib/python3.10/site-packages/pytorch_lightning/utilities/_pytree.py:21: `isinstance(treespec, LeafSpec)` is deprecated, use `isinstance(treespec, TreeSpec) and treespec.is_leaf()` instead.
/home/mobility/STiTy/.venv-autoseg/lib/python3.10/site-packages/pytorch_lightning/utilities/_pytree.py:21: `isinstance(treespec, LeafSpec)` is deprecated, use `isinstance(treespec, TreeSpec) and treespec.is_leaf()` instead.
/home/mobility/STiTy/.venv-autoseg/lib/python3.10/site-packages/pytorch_lightning/utilities/_pytree.py:21: `isinstance(treespec, LeafSpec)` is deprecated, use `isinstance(treespec, TreeSpec) and treespec.is_leaf()` instead.
/home/mobility/STiTy/.venv-autoseg/lib/python3.10/site-packages/pytorch_lightning/utilities/_pytree.py:21: `isinstance(treespec, LeafSpec)` is deprecated, use `isinstance(treespec, TreeSpec) and treespec.is_leaf()` instead.
/home/mobility/STiTy/.venv-autoseg/lib/python3.10/site-packages/pytorch_lightning/utilities/_pytree.py:21: `isinstance(treespec, LeafSpec)` is deprecated, use `isinstance(treespec, TreeSpec) and treespec.is_leaf()` instead.
/home/mobility/STiTy/.venv-autoseg/lib/python3.10/site-packages/pytorch_lightning/utilities/_pytree.py:21: `isinstance(treespec, LeafSpec)` is deprecated, use `isinstance(treespec, TreeSpec) and treespec.is_leaf()` instead.
HTTP Request: POST https://gw.letsur.ai/v1/chat/completions "HTTP/1.1 200 OK"
HTTP Request: POST https://gw.letsur.ai/v1/chat/completions "HTTP/1.1 200 OK"
HTTP Request: POST https://gw.letsur.ai/v1/chat/completions "HTTP/1.1 200 OK"
HTTP Request: POST https://gw.letsur.ai/v1/chat/completions "HTTP/1.1 200 OK"
HTTP Request: POST https://gw.letsur.ai/v1/chat/completions "HTTP/1.1 200 OK"
HTTP Request: POST https://gw.letsur.ai/v1/chat/completions "HTTP/1.1 200 OK"
HTTP Request: POST https://gw.letsur.ai/v1/chat/completions "HTTP/1.1 200 OK"
HTTP Request: POST https://gw.letsur.ai/v1/chat/completions "HTTP/1.1 200 OK"
HTTP Request: POST https://gw.letsur.ai/v1/chat/completions "HTTP/1.1 200 OK"
HTTP Request: POST https://gw.letsur.ai/v1/chat/completions "HTTP/1.1 200 OK"
HTTP Request: POST https://gw.letsur.ai/v1/chat/completions "HTTP/1.1 200 OK"
HTTP Request: POST https://gw.letsur.ai/v1/chat/completions "HTTP/1.1 200 OK"
HTTP Request: POST https://gw.letsur.ai/v1/chat/completions "HTTP/1.1 200 OK"
HTTP Request: POST https://gw.letsur.ai/v1/chat/completions "HTTP/1.1 200 OK"
HTTP Request: POST https://gw.letsur.ai/v1/chat/completions "HTTP/1.1 200 OK"
HTTP Request: POST https://gw.letsur.ai/v1/chat/completions "HTTP/1.1 200 OK"
HTTP Request: POST https://gw.letsur.ai/v1/chat/completions "HTTP/1.1 200 OK"
HTTP Request: POST https://gw.letsur.ai/v1/chat/completions "HTTP/1.1 200 OK"
HTTP Request: POST https://gw.letsur.ai/v1/chat/completions "HTTP/1.1 200 OK"
HTTP Request: POST https://gw.letsur.ai/v1/chat/completions "HTTP/1.1 200 OK"
HTTP Request: POST https://gw.letsur.ai/v1/chat/completions "HTTP/1.1 200 OK"
HTTP Request: POST https://gw.letsur.ai/v1/chat/completions "HTTP/1.1 200 OK"
HTTP Request: POST https://gw.letsur.ai/v1/chat/completions "HTTP/1.1 200 OK"
HTTP Request: POST https://gw.letsur.ai/v1/chat/completions "HTTP/1.1 200 OK"
HTTP Request: POST https://gw.letsur.ai/v1/chat/completions "HTTP/1.1 200 OK"
HTTP Request: POST https://gw.letsur.ai/v1/chat/completions "HTTP/1.1 200 OK"
HTTP Request: POST https://gw.letsur.ai/v1/chat/completions "HTTP/1.1 200 OK"
HTTP Request: POST https://gw.letsur.ai/v1/chat/completions "HTTP/1.1 200 OK"
HTTP Request: POST https://gw.letsur.ai/v1/chat/completions "HTTP/1.1 200 OK"
HTTP Request: POST https://gw.letsur.ai/v1/chat/completions "HTTP/1.1 200 OK"
HTTP Request: POST https://gw.letsur.ai/v1/chat/completions "HTTP/1.1 200 OK"
HTTP Request: POST https://gw.letsur.ai/v1/chat/completions "HTTP/1.1 200 OK"
HTTP Request: POST https://gw.letsur.ai/v1/chat/completions "HTTP/1.1 200 OK"
HTTP Request: POST https://gw.letsur.ai/v1/chat/completions "HTTP/1.1 200 OK"
HTTP Request: POST https://gw.letsur.ai/v1/chat/completions "HTTP/1.1 200 OK"
HTTP Request: POST https://gw.letsur.ai/v1/chat/completions "HTTP/1.1 200 OK"
HTTP Request: POST https://gw.letsur.ai/v1/chat/completions "HTTP/1.1 200 OK"
HTTP Request: POST https://gw.letsur.ai/v1/chat/completions "HTTP/1.1 200 OK"
HTTP Request: POST https://gw.letsur.ai/v1/chat/completions "HTTP/1.1 200 OK"
HTTP Request: POST https://gw.letsur.ai/v1/chat/completions "HTTP/1.1 200 OK"
HTTP Request: POST https://gw.letsur.ai/v1/chat/completions "HTTP/1.1 200 OK"
HTTP Request: POST https://gw.letsur.ai/v1/chat/completions "HTTP/1.1 200 OK"
HTTP Request: POST https://gw.letsur.ai/v1/chat/completions "HTTP/1.1 200 OK"
HTTP Request: POST https://gw.letsur.ai/v1/chat/completions "HTTP/1.1 200 OK"
HTTP Request: POST https://gw.letsur.ai/v1/chat/completions "HTTP/1.1 200 OK"
HTTP Request: POST https://gw.letsur.ai/v1/chat/completions "HTTP/1.1 200 OK"
HTTP Request: POST https://gw.letsur.ai/v1/chat/completions "HTTP/1.1 200 OK"
HTTP Request: POST https://gw.letsur.ai/v1/chat/completions "HTTP/1.1 200 OK"
HTTP Request: POST https://gw.letsur.ai/v1/chat/completions "HTTP/1.1 200 OK"
HTTP Request: POST https://gw.letsur.ai/v1/chat/completions "HTTP/1.1 200 OK"
[iter 3] 순위감사 최다 과신 '뒤 구두점 ','' 백분위 0.39 contra 0.0985 (n=17)
[iter 3] 순위진단(T=4) gap=+0.0082±0.0454(n=40) Spearman=+0.122(n=37)
[iter 3] train fmt=1.00(1st 0.47)  T4: eff=0.6401 p10=0.4565 [ent 0.5525] adq=0.7638 contra=0.232 laal=3.41 k=5.28 miss=0.00  T6: eff=0.7062 p10=0.4825 [ent 0.6451] adq=0.8035 contra=0.149 laal=4.65 k=3.60 miss=0.00  T12: eff=0.7478 p10=0.6059 [ent 0.6934] adq=0.8496 contra=0.077 laal=10.22 k=1.73 miss=0.00  score=0.6980  rank_lift=+0.0920(t+1.6, T12)
HTTP Request: POST https://gw.letsur.ai/v1/chat/completions "HTTP/1.1 200 OK"
HTTP Request: POST https://gw.letsur.ai/v1/chat/completions "HTTP/1.1 200 OK"
HTTP Request: POST https://gw.letsur.ai/v1/chat/completions "HTTP/1.1 200 OK"
HTTP Request: POST https://gw.letsur.ai/v1/chat/completions "HTTP/1.1 200 OK"
HTTP Request: POST https://gw.letsur.ai/v1/chat/completions "HTTP/1.1 200 OK"
HTTP Request: POST https://gw.letsur.ai/v1/chat/completions "HTTP/1.1 200 OK"
HTTP Request: POST https://gw.letsur.ai/v1/chat/completions "HTTP/1.1 200 OK"
HTTP Request: POST https://gw.letsur.ai/v1/chat/completions "HTTP/1.1 200 OK"
HTTP Request: POST https://gw.letsur.ai/v1/chat/completions "HTTP/1.1 200 OK"
HTTP Request: POST https://gw.letsur.ai/v1/chat/completions "HTTP/1.1 200 OK"
HTTP Request: POST https://gw.letsur.ai/v1/chat/completions "HTTP/1.1 200 OK"
HTTP Request: POST https://gw.letsur.ai/v1/chat/completions "HTTP/1.1 200 OK"
HTTP Request: POST https://gw.letsur.ai/v1/chat/completions "HTTP/1.1 200 OK"
HTTP Request: POST https://gw.letsur.ai/v1/chat/completions "HTTP/1.1 200 OK"
HTTP Request: POST https://gw.letsur.ai/v1/chat/completions "HTTP/1.1 200 OK"
HTTP Request: POST https://gw.letsur.ai/v1/chat/completions "HTTP/1.1 200 OK"
HTTP Request: POST https://gw.letsur.ai/v1/chat/completions "HTTP/1.1 200 OK"
HTTP Request: POST https://gw.letsur.ai/v1/chat/completions "HTTP/1.1 200 OK"
HTTP Request: POST https://gw.letsur.ai/v1/chat/completions "HTTP/1.1 200 OK"
HTTP Request: POST https://gw.letsur.ai/v1/chat/completions "HTTP/1.1 200 OK"
HTTP Request: POST https://gw.letsur.ai/v1/chat/completions "HTTP/1.1 200 OK"
HTTP Request: POST https://gw.letsur.ai/v1/chat/completions "HTTP/1.1 200 OK"
HTTP Request: POST https://gw.letsur.ai/v1/chat/completions "HTTP/1.1 200 OK"
HTTP Request: POST https://gw.letsur.ai/v1/chat/completions "HTTP/1.1 200 OK"
HTTP Request: POST https://gw.letsur.ai/v1/chat/completions "HTTP/1.1 200 OK"
HTTP Request: POST https://gw.letsur.ai/v1/chat/completions "HTTP/1.1 200 OK"
HTTP Request: POST https://gw.letsur.ai/v1/chat/completions "HTTP/1.1 200 OK"
HTTP Request: POST https://gw.letsur.ai/v1/chat/completions "HTTP/1.1 200 OK"
HTTP Request: POST https://gw.letsur.ai/v1/chat/completions "HTTP/1.1 200 OK"
HTTP Request: POST https://gw.letsur.ai/v1/chat/completions "HTTP/1.1 200 OK"
HTTP Request: POST https://gw.letsur.ai/v1/chat/completions "HTTP/1.1 200 OK"
HTTP Request: POST https://gw.letsur.ai/v1/chat/completions "HTTP/1.1 200 OK"
HTTP Request: POST https://gw.letsur.ai/v1/chat/completions "HTTP/1.1 200 OK"
HTTP Request: POST https://gw.letsur.ai/v1/chat/completions "HTTP/1.1 200 OK"
HTTP Request: POST https://gw.letsur.ai/v1/chat/completions "HTTP/1.1 200 OK"
HTTP Request: POST https://gw.letsur.ai/v1/chat/completions "HTTP/1.1 200 OK"
HTTP Request: POST https://gw.letsur.ai/v1/chat/completions "HTTP/1.1 200 OK"
HTTP Request: POST https://gw.letsur.ai/v1/chat/completions "HTTP/1.1 200 OK"
HTTP Request: POST https://gw.letsur.ai/v1/chat/completions "HTTP/1.1 200 OK"
HTTP Request: POST https://gw.letsur.ai/v1/chat/completions "HTTP/1.1 200 OK"
HTTP Request: POST https://gw.letsur.ai/v1/chat/completions "HTTP/1.1 200 OK"
HTTP Request: POST https://gw.letsur.ai/v1/chat/completions "HTTP/1.1 200 OK"
HTTP Request: POST https://gw.letsur.ai/v1/chat/completions "HTTP/1.1 200 OK"
HTTP Request: POST https://gw.letsur.ai/v1/chat/completions "HTTP/1.1 200 OK"
HTTP Request: POST https://gw.letsur.ai/v1/chat/completions "HTTP/1.1 200 OK"
HTTP Request: POST https://gw.letsur.ai/v1/chat/completions "HTTP/1.1 200 OK"
HTTP Request: POST https://gw.letsur.ai/v1/chat/completions "HTTP/1.1 200 OK"
HTTP Request: POST https://gw.letsur.ai/v1/chat/completions "HTTP/1.1 200 OK"
HTTP Request: POST https://gw.letsur.ai/v1/chat/completions "HTTP/1.1 200 OK"
HTTP Request: POST https://gw.letsur.ai/v1/chat/completions "HTTP/1.1 200 OK"
HTTP Request: POST https://gw.letsur.ai/v1/chat/completions "HTTP/1.1 200 OK"
HTTP Request: POST https://gw.letsur.ai/v1/chat/completions "HTTP/1.1 200 OK"
HTTP Request: POST https://gw.letsur.ai/v1/chat/completions "HTTP/1.1 200 OK"
HTTP Request: POST https://gw.letsur.ai/v1/chat/completions "HTTP/1.1 200 OK"
HTTP Request: POST https://gw.letsur.ai/v1/chat/completions "HTTP/1.1 200 OK"
HTTP Request: POST https://gw.letsur.ai/v1/chat/completions "HTTP/1.1 200 OK"
HTTP Request: POST https://gw.letsur.ai/v1/chat/completions "HTTP/1.1 200 OK"
HTTP Request: POST https://gw.letsur.ai/v1/chat/completions "HTTP/1.1 200 OK"
HTTP Request: POST https://gw.letsur.ai/v1/chat/completions "HTTP/1.1 200 OK"
HTTP Request: POST https://gw.letsur.ai/v1/chat/completions "HTTP/1.1 200 OK"
HTTP Request: POST https://gw.letsur.ai/v1/chat/completions "HTTP/1.1 200 OK"
HTTP Request: POST https://gw.letsur.ai/v1/chat/completions "HTTP/1.1 200 OK"
HTTP Request: POST https://gw.letsur.ai/v1/chat/completions "HTTP/1.1 200 OK"
HTTP Request: POST https://gw.letsur.ai/v1/chat/completions "HTTP/1.1 200 OK"
HTTP Request: POST https://gw.letsur.ai/v1/chat/completions "HTTP/1.1 200 OK"
HTTP Request: POST https://gw.letsur.ai/v1/chat/completions "HTTP/1.1 200 OK"
HTTP Request: POST https://gw.letsur.ai/v1/chat/completions "HTTP/1.1 200 OK"
HTTP Request: POST https://gw.letsur.ai/v1/chat/completions "HTTP/1.1 200 OK"
HTTP Request: POST https://gw.letsur.ai/v1/chat/completions "HTTP/1.1 200 OK"
HTTP Request: POST https://gw.letsur.ai/v1/chat/completions "HTTP/1.1 200 OK"
HTTP Request: POST https://gw.letsur.ai/v1/chat/completions "HTTP/1.1 200 OK"
HTTP Request: POST https://gw.letsur.ai/v1/chat/completions "HTTP/1.1 200 OK"
HTTP Request: POST https://gw.letsur.ai/v1/chat/completions "HTTP/1.1 200 OK"
HTTP Request: POST https://gw.letsur.ai/v1/chat/completions "HTTP/1.1 200 OK"
/home/mobility/STiTy/.venv-autoseg/lib/python3.10/site-packages/pytorch_lightning/utilities/_pytree.py:21: `isinstance(treespec, LeafSpec)` is deprecated, use `isinstance(treespec, TreeSpec) and treespec.is_leaf()` instead.
/home/mobility/STiTy/.venv-autoseg/lib/python3.10/site-packages/pytorch_lightning/utilities/_pytree.py:21: `isinstance(treespec, LeafSpec)` is deprecated, use `isinstance(treespec, TreeSpec) and treespec.is_leaf()` instead.
/home/mobility/STiTy/.venv-autoseg/lib/python3.10/site-packages/pytorch_lightning/utilities/_pytree.py:21: `isinstance(treespec, LeafSpec)` is deprecated, use `isinstance(treespec, TreeSpec) and treespec.is_leaf()` instead.
/home/mobility/STiTy/.venv-autoseg/lib/python3.10/site-packages/pytorch_lightning/utilities/_pytree.py:21: `isinstance(treespec, LeafSpec)` is deprecated, use `isinstance(treespec, TreeSpec) and treespec.is_leaf()` instead.
/home/mobility/STiTy/.venv-autoseg/lib/python3.10/site-packages/pytorch_lightning/utilities/_pytree.py:21: `isinstance(treespec, LeafSpec)` is deprecated, use `isinstance(treespec, TreeSpec) and treespec.is_leaf()` instead.
/home/mobility/STiTy/.venv-autoseg/lib/python3.10/site-packages/pytorch_lightning/utilities/_pytree.py:21: `isinstance(treespec, LeafSpec)` is deprecated, use `isinstance(treespec, TreeSpec) and treespec.is_leaf()` instead.
/home/mobility/STiTy/.venv-autoseg/lib/python3.10/site-packages/pytorch_lightning/utilities/_pytree.py:21: `isinstance(treespec, LeafSpec)` is deprecated, use `isinstance(treespec, TreeSpec) and treespec.is_leaf()` instead.
/home/mobility/STiTy/.venv-autoseg/lib/python3.10/site-packages/pytorch_lightning/utilities/_pytree.py:21: `isinstance(treespec, LeafSpec)` is deprecated, use `isinstance(treespec, TreeSpec) and treespec.is_leaf()` instead.
/home/mobility/STiTy/.venv-autoseg/lib/python3.10/site-packages/pytorch_lightning/utilities/_pytree.py:21: `isinstance(treespec, LeafSpec)` is deprecated, use `isinstance(treespec, TreeSpec) and treespec.is_leaf()` instead.
/home/mobility/STiTy/.venv-autoseg/lib/python3.10/site-packages/pytorch_lightning/utilities/_pytree.py:21: `isinstance(treespec, LeafSpec)` is deprecated, use `isinstance(treespec, TreeSpec) and treespec.is_leaf()` instead.
/home/mobility/STiTy/.venv-autoseg/lib/python3.10/site-packages/pytorch_lightning/utilities/_pytree.py:21: `isinstance(treespec, LeafSpec)` is deprecated, use `isinstance(treespec, TreeSpec) and treespec.is_leaf()` instead.
/home/mobility/STiTy/.venv-autoseg/lib/python3.10/site-packages/pytorch_lightning/utilities/_pytree.py:21: `isinstance(treespec, LeafSpec)` is deprecated, use `isinstance(treespec, TreeSpec) and treespec.is_leaf()` instead.
/home/mobility/STiTy/.venv-autoseg/lib/python3.10/site-packages/pytorch_lightning/utilities/_pytree.py:21: `isinstance(treespec, LeafSpec)` is deprecated, use `isinstance(treespec, TreeSpec) and treespec.is_leaf()` instead.
/home/mobility/STiTy/.venv-autoseg/lib/python3.10/site-packages/pytorch_lightning/utilities/_pytree.py:21: `isinstance(treespec, LeafSpec)` is deprecated, use `isinstance(treespec, TreeSpec) and treespec.is_leaf()` instead.
/home/mobility/STiTy/.venv-autoseg/lib/python3.10/site-packages/pytorch_lightning/utilities/_pytree.py:21: `isinstance(treespec, LeafSpec)` is deprecated, use `isinstance(treespec, TreeSpec) and treespec.is_leaf()` instead.
/home/mobility/STiTy/.venv-autoseg/lib/python3.10/site-packages/pytorch_lightning/utilities/_pytree.py:21: `isinstance(treespec, LeafSpec)` is deprecated, use `isinstance(treespec, TreeSpec) and treespec.is_leaf()` instead.
/home/mobility/STiTy/.venv-autoseg/lib/python3.10/site-packages/pytorch_lightning/utilities/_pytree.py:21: `isinstance(treespec, LeafSpec)` is deprecated, use `isinstance(treespec, TreeSpec) and treespec.is_leaf()` instead.
/home/mobility/STiTy/.venv-autoseg/lib/python3.10/site-packages/pytorch_lightning/utilities/_pytree.py:21: `isinstance(treespec, LeafSpec)` is deprecated, use `isinstance(treespec, TreeSpec) and treespec.is_leaf()` instead.
/home/mobility/STiTy/.venv-autoseg/lib/python3.10/site-packages/pytorch_lightning/utilities/_pytree.py:21: `isinstance(treespec, LeafSpec)` is deprecated, use `isinstance(treespec, TreeSpec) and treespec.is_leaf()` instead.
/home/mobility/STiTy/.venv-autoseg/lib/python3.10/site-packages/pytorch_lightning/utilities/_pytree.py:21: `isinstance(treespec, LeafSpec)` is deprecated, use `isinstance(treespec, TreeSpec) and treespec.is_leaf()` instead.
/home/mobility/STiTy/.venv-autoseg/lib/python3.10/site-packages/pytorch_lightning/utilities/_pytree.py:21: `isinstance(treespec, LeafSpec)` is deprecated, use `isinstance(treespec, TreeSpec) and treespec.is_leaf()` instead.
/home/mobility/STiTy/.venv-autoseg/lib/python3.10/site-packages/pytorch_lightning/utilities/_pytree.py:21: `isinstance(treespec, LeafSpec)` is deprecated, use `isinstance(treespec, TreeSpec) and treespec.is_leaf()` instead.
/home/mobility/STiTy/.venv-autoseg/lib/python3.10/site-packages/pytorch_lightning/utilities/_pytree.py:21: `isinstance(treespec, LeafSpec)` is deprecated, use `isinstance(treespec, TreeSpec) and treespec.is_leaf()` instead.
/home/mobility/STiTy/.venv-autoseg/lib/python3.10/site-packages/pytorch_lightning/utilities/_pytree.py:21: `isinstance(treespec, LeafSpec)` is deprecated, use `isinstance(treespec, TreeSpec) and treespec.is_leaf()` instead.
/home/mobility/STiTy/.venv-autoseg/lib/python3.10/site-packages/pytorch_lightning/utilities/_pytree.py:21: `isinstance(treespec, LeafSpec)` is deprecated, use `isinstance(treespec, TreeSpec) and treespec.is_leaf()` instead.
/home/mobility/STiTy/.venv-autoseg/lib/python3.10/site-packages/pytorch_lightning/utilities/_pytree.py:21: `isinstance(treespec, LeafSpec)` is deprecated, use `isinstance(treespec, TreeSpec) and treespec.is_leaf()` instead.
/home/mobility/STiTy/.venv-autoseg/lib/python3.10/site-packages/pytorch_lightning/utilities/_pytree.py:21: `isinstance(treespec, LeafSpec)` is deprecated, use `isinstance(treespec, TreeSpec) and treespec.is_leaf()` instead.
/home/mobility/STiTy/.venv-autoseg/lib/python3.10/site-packages/pytorch_lightning/utilities/_pytree.py:21: `isinstance(treespec, LeafSpec)` is deprecated, use `isinstance(treespec, TreeSpec) and treespec.is_leaf()` instead.
/home/mobility/STiTy/.venv-autoseg/lib/python3.10/site-packages/pytorch_lightning/utilities/_pytree.py:21: `isinstance(treespec, LeafSpec)` is deprecated, use `isinstance(treespec, TreeSpec) and treespec.is_leaf()` instead.
/home/mobility/STiTy/.venv-autoseg/lib/python3.10/site-packages/pytorch_lightning/utilities/_pytree.py:21: `isinstance(treespec, LeafSpec)` is deprecated, use `isinstance(treespec, TreeSpec) and treespec.is_leaf()` instead.
[iter 3] dev   fmt=1.00(1st 0.89)  T4: eff=0.6512 p10=0.5137 [ent 0.5798] adq=0.7674 contra=0.125 laal=3.36 k=5.29 miss=0.00  T6: eff=0.7058 p10=0.5393 [ent 0.6510] adq=0.8043 contra=0.118 laal=4.53 k=3.56 miss=0.00  T12: eff=0.7520 p10=0.5919 [ent 0.7216] adq=0.8352 contra=0.147 laal=9.88 k=1.75 miss=0.00  score=0.7030  rank_lift=+0.0311(t+1.8, T12)  Δ=-0.04364 ±0.02875 (변경 227/265)
[iter 3] adopted=False stale=3 calls=733 cost=10.0222
[iter 3] 비용내역 segment $6.058(60%, 255콜, 사고 11,423tok/콜)  segment_retry $3.192(32%, 266콜, 사고 5,799tok/콜)  judge $0.605(6%, 200콜, 사고 1,306tok/콜)  prompt_engineer $0.115(1%, 9콜, 사고 2,567tok/콜)  prompt_v0 $0.030(0%, 1콜, 사고 12,224tok/콜)  critic $0.014(0%, 1콜, 사고 2,688tok/콜)
[iter 3] critic dominant=placement | 직전 개정이 [Role], [Never Segment], [Priority Rules], [Examples 
HTTP Request: POST https://gw.letsur.ai/v1/chat/completions "HTTP/1.1 200 OK"
HTTP Request: POST https://gw.letsur.ai/v1/chat/completions "HTTP/1.1 200 OK"
HTTP Request: POST https://gw.letsur.ai/v1/chat/completions "HTTP/1.1 200 OK"
HTTP Request: POST https://gw.letsur.ai/v1/chat/completions "HTTP/1.1 200 OK"
HTTP Request: POST https://gw.letsur.ai/v1/chat/completions "HTTP/1.1 200 OK"
HTTP Request: POST https://gw.letsur.ai/v1/chat/completions "HTTP/1.1 200 OK"
HTTP Request: POST https://gw.letsur.ai/v1/chat/completions "HTTP/1.1 200 OK"
HTTP Request: POST https://gw.letsur.ai/v1/chat/completions "HTTP/1.1 200 OK"
HTTP Request: POST https://gw.letsur.ai/v1/chat/completions "HTTP/1.1 200 OK"
HTTP Request: POST https://gw.letsur.ai/v1/chat/completions "HTTP/1.1 200 OK"
HTTP Request: POST https://gw.letsur.ai/v1/chat/completions "HTTP/1.1 200 OK"
HTTP Request: POST https://gw.letsur.ai/v1/chat/completions "HTTP/1.1 200 OK"
HTTP Request: POST https://gw.letsur.ai/v1/chat/completions "HTTP/1.1 200 OK"
HTTP Request: POST https://gw.letsur.ai/v1/chat/completions "HTTP/1.1 200 OK"
HTTP Request: POST https://gw.letsur.ai/v1/chat/completions "HTTP/1.1 200 OK"
HTTP Request: POST https://gw.letsur.ai/v1/chat/completions "HTTP/1.1 200 OK"
HTTP Request: POST https://gw.letsur.ai/v1/chat/completions "HTTP/1.1 200 OK"
HTTP Request: POST https://gw.letsur.ai/v1/chat/completions "HTTP/1.1 200 OK"
HTTP Request: POST https://gw.letsur.ai/v1/chat/completions "HTTP/1.1 200 OK"
HTTP Request: POST https://gw.letsur.ai/v1/chat/completions "HTTP/1.1 200 OK"
HTTP Request: POST https://gw.letsur.ai/v1/chat/completions "HTTP/1.1 200 OK"
HTTP Request: POST https://gw.letsur.ai/v1/chat/completions "HTTP/1.1 200 OK"
HTTP Request: POST https://gw.letsur.ai/v1/chat/completions "HTTP/1.1 200 OK"
HTTP Request: POST https://gw.letsur.ai/v1/chat/completions "HTTP/1.1 200 OK"
HTTP Request: POST https://gw.letsur.ai/v1/chat/completions "HTTP/1.1 200 OK"
HTTP Request: POST https://gw.letsur.ai/v1/chat/completions "HTTP/1.1 200 OK"
HTTP Request: POST https://gw.letsur.ai/v1/chat/completions "HTTP/1.1 200 OK"
HTTP Request: POST https://gw.letsur.ai/v1/chat/completions "HTTP/1.1 200 OK"
HTTP Request: POST https://gw.letsur.ai/v1/chat/completions "HTTP/1.1 200 OK"
HTTP Request: POST https://gw.letsur.ai/v1/chat/completions "HTTP/1.1 200 OK"
HTTP Request: POST https://gw.letsur.ai/v1/chat/completions "HTTP/1.1 200 OK"
HTTP Request: POST https://gw.letsur.ai/v1/chat/completions "HTTP/1.1 200 OK"
HTTP Request: POST https://gw.letsur.ai/v1/chat/completions "HTTP/1.1 200 OK"
HTTP Request: POST https://gw.letsur.ai/v1/chat/completions "HTTP/1.1 200 OK"
HTTP Request: POST https://gw.letsur.ai/v1/chat/completions "HTTP/1.1 200 OK"
HTTP Request: POST https://gw.letsur.ai/v1/chat/completions "HTTP/1.1 200 OK"
HTTP Request: POST https://gw.letsur.ai/v1/chat/completions "HTTP/1.1 200 OK"
HTTP Request: POST https://gw.letsur.ai/v1/chat/completions "HTTP/1.1 200 OK"
HTTP Request: POST https://gw.letsur.ai/v1/chat/completions "HTTP/1.1 200 OK"
HTTP Request: POST https://gw.letsur.ai/v1/chat/completions "HTTP/1.1 200 OK"
HTTP Request: POST https://gw.letsur.ai/v1/chat/completions "HTTP/1.1 200 OK"
HTTP Request: POST https://gw.letsur.ai/v1/chat/completions "HTTP/1.1 200 OK"
HTTP Request: POST https://gw.letsur.ai/v1/chat/completions "HTTP/1.1 200 OK"
HTTP Request: POST https://gw.letsur.ai/v1/chat/completions "HTTP/1.1 200 OK"
HTTP Request: POST https://gw.letsur.ai/v1/chat/completions "HTTP/1.1 200 OK"
HTTP Request: POST https://gw.letsur.ai/v1/chat/completions "HTTP/1.1 200 OK"
HTTP Request: POST https://gw.letsur.ai/v1/chat/completions "HTTP/1.1 200 OK"
HTTP Request: POST https://gw.letsur.ai/v1/chat/completions "HTTP/1.1 200 OK"
HTTP Request: POST https://gw.letsur.ai/v1/chat/completions "HTTP/1.1 200 OK"
HTTP Request: POST https://gw.letsur.ai/v1/chat/completions "HTTP/1.1 200 OK"
HTTP Request: POST https://gw.letsur.ai/v1/chat/completions "HTTP/1.1 200 OK"
HTTP Request: POST https://gw.letsur.ai/v1/chat/completions "HTTP/1.1 200 OK"
HTTP Request: POST https://gw.letsur.ai/v1/chat/completions "HTTP/1.1 200 OK"
HTTP Request: POST https://gw.letsur.ai/v1/chat/completions "HTTP/1.1 200 OK"
HTTP Request: POST https://gw.letsur.ai/v1/chat/completions "HTTP/1.1 200 OK"
HTTP Request: POST https://gw.letsur.ai/v1/chat/completions "HTTP/1.1 200 OK"
HTTP Request: POST https://gw.letsur.ai/v1/chat/completions "HTTP/1.1 200 OK"
HTTP Request: POST https://gw.letsur.ai/v1/chat/completions "HTTP/1.1 200 OK"
HTTP Request: POST https://gw.letsur.ai/v1/chat/completions "HTTP/1.1 200 OK"
HTTP Request: POST https://gw.letsur.ai/v1/chat/completions "HTTP/1.1 200 OK"
HTTP Request: POST https://gw.letsur.ai/v1/chat/completions "HTTP/1.1 200 OK"
HTTP Request: POST https://gw.letsur.ai/v1/chat/completions "HTTP/1.1 200 OK"
HTTP Request: POST https://gw.letsur.ai/v1/chat/completions "HTTP/1.1 200 OK"
HTTP Request: POST https://gw.letsur.ai/v1/chat/completions "HTTP/1.1 200 OK"
HTTP Request: POST https://gw.letsur.ai/v1/chat/completions "HTTP/1.1 200 OK"
HTTP Request: POST https://gw.letsur.ai/v1/chat/completions "HTTP/1.1 200 OK"
HTTP Request: POST https://gw.letsur.ai/v1/chat/completions "HTTP/1.1 200 OK"
HTTP Request: POST https://gw.letsur.ai/v1/chat/completions "HTTP/1.1 200 OK"
HTTP Request: POST https://gw.letsur.ai/v1/chat/completions "HTTP/1.1 200 OK"
HTTP Request: POST https://gw.letsur.ai/v1/chat/completions "HTTP/1.1 200 OK"
HTTP Request: POST https://gw.letsur.ai/v1/chat/completions "HTTP/1.1 200 OK"
HTTP Request: POST https://gw.letsur.ai/v1/chat/completions "HTTP/1.1 200 OK"
HTTP Request: POST https://gw.letsur.ai/v1/chat/completions "HTTP/1.1 200 OK"
[prewarm] 후보 3 × 문장 40 예열 완료 (동시 최대 72)
/home/mobility/STiTy/.venv-autoseg/lib/python3.10/site-packages/pytorch_lightning/utilities/_pytree.py:21: `isinstance(treespec, LeafSpec)` is deprecated, use `isinstance(treespec, TreeSpec) and treespec.is_leaf()` instead.
/home/mobility/STiTy/.venv-autoseg/lib/python3.10/site-packages/pytorch_lightning/utilities/_pytree.py:21: `isinstance(treespec, LeafSpec)` is deprecated, use `isinstance(treespec, TreeSpec) and treespec.is_leaf()` instead.
/home/mobility/STiTy/.venv-autoseg/lib/python3.10/site-packages/pytorch_lightning/utilities/_pytree.py:21: `isinstance(treespec, LeafSpec)` is deprecated, use `isinstance(treespec, TreeSpec) and treespec.is_leaf()` instead.
/home/mobility/STiTy/.venv-autoseg/lib/python3.10/site-packages/pytorch_lightning/utilities/_pytree.py:21: `isinstance(treespec, LeafSpec)` is deprecated, use `isinstance(treespec, TreeSpec) and treespec.is_leaf()` instead.
/home/mobility/STiTy/.venv-autoseg/lib/python3.10/site-packages/pytorch_lightning/utilities/_pytree.py:21: `isinstance(treespec, LeafSpec)` is deprecated, use `isinstance(treespec, TreeSpec) and treespec.is_leaf()` instead.
/home/mobility/STiTy/.venv-autoseg/lib/python3.10/site-packages/pytorch_lightning/utilities/_pytree.py:21: `isinstance(treespec, LeafSpec)` is deprecated, use `isinstance(treespec, TreeSpec) and treespec.is_leaf()` instead.
/home/mobility/STiTy/.venv-autoseg/lib/python3.10/site-packages/pytorch_lightning/utilities/_pytree.py:21: `isinstance(treespec, LeafSpec)` is deprecated, use `isinstance(treespec, TreeSpec) and treespec.is_leaf()` instead.
/home/mobility/STiTy/.venv-autoseg/lib/python3.10/site-packages/pytorch_lightning/utilities/_pytree.py:21: `isinstance(treespec, LeafSpec)` is deprecated, use `isinstance(treespec, TreeSpec) and treespec.is_leaf()` instead.
/home/mobility/STiTy/.venv-autoseg/lib/python3.10/site-packages/pytorch_lightning/utilities/_pytree.py:21: `isinstance(treespec, LeafSpec)` is deprecated, use `isinstance(treespec, TreeSpec) and treespec.is_leaf()` instead.
/home/mobility/STiTy/.venv-autoseg/lib/python3.10/site-packages/pytorch_lightning/utilities/_pytree.py:21: `isinstance(treespec, LeafSpec)` is deprecated, use `isinstance(treespec, TreeSpec) and treespec.is_leaf()` instead.
/home/mobility/STiTy/.venv-autoseg/lib/python3.10/site-packages/pytorch_lightning/utilities/_pytree.py:21: `isinstance(treespec, LeafSpec)` is deprecated, use `isinstance(treespec, TreeSpec) and treespec.is_leaf()` instead.
/home/mobility/STiTy/.venv-autoseg/lib/python3.10/site-packages/pytorch_lightning/utilities/_pytree.py:21: `isinstance(treespec, LeafSpec)` is deprecated, use `isinstance(treespec, TreeSpec) and treespec.is_leaf()` instead.
/home/mobility/STiTy/.venv-autoseg/lib/python3.10/site-packages/pytorch_lightning/utilities/_pytree.py:21: `isinstance(treespec, LeafSpec)` is deprecated, use `isinstance(treespec, TreeSpec) and treespec.is_leaf()` instead.
/home/mobility/STiTy/.venv-autoseg/lib/python3.10/site-packages/pytorch_lightning/utilities/_pytree.py:21: `isinstance(treespec, LeafSpec)` is deprecated, use `isinstance(treespec, TreeSpec) and treespec.is_leaf()` instead.
/home/mobility/STiTy/.venv-autoseg/lib/python3.10/site-packages/pytorch_lightning/utilities/_pytree.py:21: `isinstance(treespec, LeafSpec)` is deprecated, use `isinstance(treespec, TreeSpec) and treespec.is_leaf()` instead.
/home/mobility/STiTy/.venv-autoseg/lib/python3.10/site-packages/pytorch_lightning/utilities/_pytree.py:21: `isinstance(treespec, LeafSpec)` is deprecated, use `isinstance(treespec, TreeSpec) and treespec.is_leaf()` instead.
/home/mobility/STiTy/.venv-autoseg/lib/python3.10/site-packages/pytorch_lightning/utilities/_pytree.py:21: `isinstance(treespec, LeafSpec)` is deprecated, use `isinstance(treespec, TreeSpec) and treespec.is_leaf()` instead.
/home/mobility/STiTy/.venv-autoseg/lib/python3.10/site-packages/pytorch_lightning/utilities/_pytree.py:21: `isinstance(treespec, LeafSpec)` is deprecated, use `isinstance(treespec, TreeSpec) and treespec.is_leaf()` instead.
/home/mobility/STiTy/.venv-autoseg/lib/python3.10/site-packages/pytorch_lightning/utilities/_pytree.py:21: `isinstance(treespec, LeafSpec)` is deprecated, use `isinstance(treespec, TreeSpec) and treespec.is_leaf()` instead.
/home/mobility/STiTy/.venv-autoseg/lib/python3.10/site-packages/pytorch_lightning/utilities/_pytree.py:21: `isinstance(treespec, LeafSpec)` is deprecated, use `isinstance(treespec, TreeSpec) and treespec.is_leaf()` instead.
/home/mobility/STiTy/.venv-autoseg/lib/python3.10/site-packages/pytorch_lightning/utilities/_pytree.py:21: `isinstance(treespec, LeafSpec)` is deprecated, use `isinstance(treespec, TreeSpec) and treespec.is_leaf()` instead.
/home/mobility/STiTy/.venv-autoseg/lib/python3.10/site-packages/pytorch_lightning/utilities/_pytree.py:21: `isinstance(treespec, LeafSpec)` is deprecated, use `isinstance(treespec, TreeSpec) and treespec.is_leaf()` instead.
/home/mobility/STiTy/.venv-autoseg/lib/python3.10/site-packages/pytorch_lightning/utilities/_pytree.py:21: `isinstance(treespec, LeafSpec)` is deprecated, use `isinstance(treespec, TreeSpec) and treespec.is_leaf()` instead.
/home/mobility/STiTy/.venv-autoseg/lib/python3.10/site-packages/pytorch_lightning/utilities/_pytree.py:21: `isinstance(treespec, LeafSpec)` is deprecated, use `isinstance(treespec, TreeSpec) and treespec.is_leaf()` instead.
/home/mobility/STiTy/.venv-autoseg/lib/python3.10/site-packages/pytorch_lightning/utilities/_pytree.py:21: `isinstance(treespec, LeafSpec)` is deprecated, use `isinstance(treespec, TreeSpec) and treespec.is_leaf()` instead.
/home/mobility/STiTy/.venv-autoseg/lib/python3.10/site-packages/pytorch_lightning/utilities/_pytree.py:21: `isinstance(treespec, LeafSpec)` is deprecated, use `isinstance(treespec, TreeSpec) and treespec.is_leaf()` instead.
/home/mobility/STiTy/.venv-autoseg/lib/python3.10/site-packages/pytorch_lightning/utilities/_pytree.py:21: `isinstance(treespec, LeafSpec)` is deprecated, use `isinstance(treespec, TreeSpec) and treespec.is_leaf()` instead.
/home/mobility/STiTy/.venv-autoseg/lib/python3.10/site-packages/pytorch_lightning/utilities/_pytree.py:21: `isinstance(treespec, LeafSpec)` is deprecated, use `isinstance(treespec, TreeSpec) and treespec.is_leaf()` instead.
/home/mobility/STiTy/.venv-autoseg/lib/python3.10/site-packages/pytorch_lightning/utilities/_pytree.py:21: `isinstance(treespec, LeafSpec)` is deprecated, use `isinstance(treespec, TreeSpec) and treespec.is_leaf()` instead.
/home/mobility/STiTy/.venv-autoseg/lib/python3.10/site-packages/pytorch_lightning/utilities/_pytree.py:21: `isinstance(treespec, LeafSpec)` is deprecated, use `isinstance(treespec, TreeSpec) and treespec.is_leaf()` instead.
[iter 3 개정] 후보 0: 13532자 train(40) score=0.6756 fmt=1.00
/home/mobility/STiTy/.venv-autoseg/lib/python3.10/site-packages/pytorch_lightning/utilities/_pytree.py:21: `isinstance(treespec, LeafSpec)` is deprecated, use `isinstance(treespec, TreeSpec) and treespec.is_leaf()` instead.
/home/mobility/STiTy/.venv-autoseg/lib/python3.10/site-packages/pytorch_lightning/utilities/_pytree.py:21: `isinstance(treespec, LeafSpec)` is deprecated, use `isinstance(treespec, TreeSpec) and treespec.is_leaf()` instead.
/home/mobility/STiTy/.venv-autoseg/lib/python3.10/site-packages/pytorch_lightning/utilities/_pytree.py:21: `isinstance(treespec, LeafSpec)` is deprecated, use `isinstance(treespec, TreeSpec) and treespec.is_leaf()` instead.
/home/mobility/STiTy/.venv-autoseg/lib/python3.10/site-packages/pytorch_lightning/utilities/_pytree.py:21: `isinstance(treespec, LeafSpec)` is deprecated, use `isinstance(treespec, TreeSpec) and treespec.is_leaf()` instead.
/home/mobility/STiTy/.venv-autoseg/lib/python3.10/site-packages/pytorch_lightning/utilities/_pytree.py:21: `isinstance(treespec, LeafSpec)` is deprecated, use `isinstance(treespec, TreeSpec) and treespec.is_leaf()` instead.
/home/mobility/STiTy/.venv-autoseg/lib/python3.10/site-packages/pytorch_lightning/utilities/_pytree.py:21: `isinstance(treespec, LeafSpec)` is deprecated, use `isinstance(treespec, TreeSpec) and treespec.is_leaf()` instead.
/home/mobility/STiTy/.venv-autoseg/lib/python3.10/site-packages/pytorch_lightning/utilities/_pytree.py:21: `isinstance(treespec, LeafSpec)` is deprecated, use `isinstance(treespec, TreeSpec) and treespec.is_leaf()` instead.
/home/mobility/STiTy/.venv-autoseg/lib/python3.10/site-packages/pytorch_lightning/utilities/_pytree.py:21: `isinstance(treespec, LeafSpec)` is deprecated, use `isinstance(treespec, TreeSpec) and treespec.is_leaf()` instead.
/home/mobility/STiTy/.venv-autoseg/lib/python3.10/site-packages/pytorch_lightning/utilities/_pytree.py:21: `isinstance(treespec, LeafSpec)` is deprecated, use `isinstance(treespec, TreeSpec) and treespec.is_leaf()` instead.
/home/mobility/STiTy/.venv-autoseg/lib/python3.10/site-packages/pytorch_lightning/utilities/_pytree.py:21: `isinstance(treespec, LeafSpec)` is deprecated, use `isinstance(treespec, TreeSpec) and treespec.is_leaf()` instead.
/home/mobility/STiTy/.venv-autoseg/lib/python3.10/site-packages/pytorch_lightning/utilities/_pytree.py:21: `isinstance(treespec, LeafSpec)` is deprecated, use `isinstance(treespec, TreeSpec) and treespec.is_leaf()` instead.
/home/mobility/STiTy/.venv-autoseg/lib/python3.10/site-packages/pytorch_lightning/utilities/_pytree.py:21: `isinstance(treespec, LeafSpec)` is deprecated, use `isinstance(treespec, TreeSpec) and treespec.is_leaf()` instead.
/home/mobility/STiTy/.venv-autoseg/lib/python3.10/site-packages/pytorch_lightning/utilities/_pytree.py:21: `isinstance(treespec, LeafSpec)` is deprecated, use `isinstance(treespec, TreeSpec) and treespec.is_leaf()` instead.
/home/mobility/STiTy/.venv-autoseg/lib/python3.10/site-packages/pytorch_lightning/utilities/_pytree.py:21: `isinstance(treespec, LeafSpec)` is deprecated, use `isinstance(treespec, TreeSpec) and treespec.is_leaf()` instead.
/home/mobility/STiTy/.venv-autoseg/lib/python3.10/site-packages/pytorch_lightning/utilities/_pytree.py:21: `isinstance(treespec, LeafSpec)` is deprecated, use `isinstance(treespec, TreeSpec) and treespec.is_leaf()` instead.
/home/mobility/STiTy/.venv-autoseg/lib/python3.10/site-packages/pytorch_lightning/utilities/_pytree.py:21: `isinstance(treespec, LeafSpec)` is deprecated, use `isinstance(treespec, TreeSpec) and treespec.is_leaf()` instead.
/home/mobility/STiTy/.venv-autoseg/lib/python3.10/site-packages/pytorch_lightning/utilities/_pytree.py:21: `isinstance(treespec, LeafSpec)` is deprecated, use `isinstance(treespec, TreeSpec) and treespec.is_leaf()` instead.
/home/mobility/STiTy/.venv-autoseg/lib/python3.10/site-packages/pytorch_lightning/utilities/_pytree.py:21: `isinstance(treespec, LeafSpec)` is deprecated, use `isinstance(treespec, TreeSpec) and treespec.is_leaf()` instead.
/home/mobility/STiTy/.venv-autoseg/lib/python3.10/site-packages/pytorch_lightning/utilities/_pytree.py:21: `isinstance(treespec, LeafSpec)` is deprecated, use `isinstance(treespec, TreeSpec) and treespec.is_leaf()` instead.
/home/mobility/STiTy/.venv-autoseg/lib/python3.10/site-packages/pytorch_lightning/utilities/_pytree.py:21: `isinstance(treespec, LeafSpec)` is deprecated, use `isinstance(treespec, TreeSpec) and treespec.is_leaf()` instead.
/home/mobility/STiTy/.venv-autoseg/lib/python3.10/site-packages/pytorch_lightning/utilities/_pytree.py:21: `isinstance(treespec, LeafSpec)` is deprecated, use `isinstance(treespec, TreeSpec) and treespec.is_leaf()` instead.
/home/mobility/STiTy/.venv-autoseg/lib/python3.10/site-packages/pytorch_lightning/utilities/_pytree.py:21: `isinstance(treespec, LeafSpec)` is deprecated, use `isinstance(treespec, TreeSpec) and treespec.is_leaf()` instead.
/home/mobility/STiTy/.venv-autoseg/lib/python3.10/site-packages/pytorch_lightning/utilities/_pytree.py:21: `isinstance(treespec, LeafSpec)` is deprecated, use `isinstance(treespec, TreeSpec) and treespec.is_leaf()` instead.
/home/mobility/STiTy/.venv-autoseg/lib/python3.10/site-packages/pytorch_lightning/utilities/_pytree.py:21: `isinstance(treespec, LeafSpec)` is deprecated, use `isinstance(treespec, TreeSpec) and treespec.is_leaf()` instead.
/home/mobility/STiTy/.venv-autoseg/lib/python3.10/site-packages/pytorch_lightning/utilities/_pytree.py:21: `isinstance(treespec, LeafSpec)` is deprecated, use `isinstance(treespec, TreeSpec) and treespec.is_leaf()` instead.
/home/mobility/STiTy/.venv-autoseg/lib/python3.10/site-packages/pytorch_lightning/utilities/_pytree.py:21: `isinstance(treespec, LeafSpec)` is deprecated, use `isinstance(treespec, TreeSpec) and treespec.is_leaf()` instead.
/home/mobility/STiTy/.venv-autoseg/lib/python3.10/site-packages/pytorch_lightning/utilities/_pytree.py:21: `isinstance(treespec, LeafSpec)` is deprecated, use `isinstance(treespec, TreeSpec) and treespec.is_leaf()` instead.
/home/mobility/STiTy/.venv-autoseg/lib/python3.10/site-packages/pytorch_lightning/utilities/_pytree.py:21: `isinstance(treespec, LeafSpec)` is deprecated, use `isinstance(treespec, TreeSpec) and treespec.is_leaf()` instead.
/home/mobility/STiTy/.venv-autoseg/lib/python3.10/site-packages/pytorch_lightning/utilities/_pytree.py:21: `isinstance(treespec, LeafSpec)` is deprecated, use `isinstance(treespec, TreeSpec) and treespec.is_leaf()` instead.
/home/mobility/STiTy/.venv-autoseg/lib/python3.10/site-packages/pytorch_lightning/utilities/_pytree.py:21: `isinstance(treespec, LeafSpec)` is deprecated, use `isinstance(treespec, TreeSpec) and treespec.is_leaf()` instead.
[iter 3 개정] 후보 1: 13979자 train(40) score=0.6855 fmt=1.00
/home/mobility/STiTy/.venv-autoseg/lib/python3.10/site-packages/pytorch_lightning/utilities/_pytree.py:21: `isinstance(treespec, LeafSpec)` is deprecated, use `isinstance(treespec, TreeSpec) and treespec.is_leaf()` instead.
/home/mobility/STiTy/.venv-autoseg/lib/python3.10/site-packages/pytorch_lightning/utilities/_pytree.py:21: `isinstance(treespec, LeafSpec)` is deprecated, use `isinstance(treespec, TreeSpec) and treespec.is_leaf()` instead.
/home/mobility/STiTy/.venv-autoseg/lib/python3.10/site-packages/pytorch_lightning/utilities/_pytree.py:21: `isinstance(treespec, LeafSpec)` is deprecated, use `isinstance(treespec, TreeSpec) and treespec.is_leaf()` instead.
/home/mobility/STiTy/.venv-autoseg/lib/python3.10/site-packages/pytorch_lightning/utilities/_pytree.py:21: `isinstance(treespec, LeafSpec)` is deprecated, use `isinstance(treespec, TreeSpec) and treespec.is_leaf()` instead.
/home/mobility/STiTy/.venv-autoseg/lib/python3.10/site-packages/pytorch_lightning/utilities/_pytree.py:21: `isinstance(treespec, LeafSpec)` is deprecated, use `isinstance(treespec, TreeSpec) and treespec.is_leaf()` instead.
/home/mobility/STiTy/.venv-autoseg/lib/python3.10/site-packages/pytorch_lightning/utilities/_pytree.py:21: `isinstance(treespec, LeafSpec)` is deprecated, use `isinstance(treespec, TreeSpec) and treespec.is_leaf()` instead.
/home/mobility/STiTy/.venv-autoseg/lib/python3.10/site-packages/pytorch_lightning/utilities/_pytree.py:21: `isinstance(treespec, LeafSpec)` is deprecated, use `isinstance(treespec, TreeSpec) and treespec.is_leaf()` instead.
/home/mobility/STiTy/.venv-autoseg/lib/python3.10/site-packages/pytorch_lightning/utilities/_pytree.py:21: `isinstance(treespec, LeafSpec)` is deprecated, use `isinstance(treespec, TreeSpec) and treespec.is_leaf()` instead.
/home/mobility/STiTy/.venv-autoseg/lib/python3.10/site-packages/pytorch_lightning/utilities/_pytree.py:21: `isinstance(treespec, LeafSpec)` is deprecated, use `isinstance(treespec, TreeSpec) and treespec.is_leaf()` instead.
/home/mobility/STiTy/.venv-autoseg/lib/python3.10/site-packages/pytorch_lightning/utilities/_pytree.py:21: `isinstance(treespec, LeafSpec)` is deprecated, use `isinstance(treespec, TreeSpec) and treespec.is_leaf()` instead.
/home/mobility/STiTy/.venv-autoseg/lib/python3.10/site-packages/pytorch_lightning/utilities/_pytree.py:21: `isinstance(treespec, LeafSpec)` is deprecated, use `isinstance(treespec, TreeSpec) and treespec.is_leaf()` instead.
/home/mobility/STiTy/.venv-autoseg/lib/python3.10/site-packages/pytorch_lightning/utilities/_pytree.py:21: `isinstance(treespec, LeafSpec)` is deprecated, use `isinstance(treespec, TreeSpec) and treespec.is_leaf()` instead.
/home/mobility/STiTy/.venv-autoseg/lib/python3.10/site-packages/pytorch_lightning/utilities/_pytree.py:21: `isinstance(treespec, LeafSpec)` is deprecated, use `isinstance(treespec, TreeSpec) and treespec.is_leaf()` instead.
/home/mobility/STiTy/.venv-autoseg/lib/python3.10/site-packages/pytorch_lightning/utilities/_pytree.py:21: `isinstance(treespec, LeafSpec)` is deprecated, use `isinstance(treespec, TreeSpec) and treespec.is_leaf()` instead.
/home/mobility/STiTy/.venv-autoseg/lib/python3.10/site-packages/pytorch_lightning/utilities/_pytree.py:21: `isinstance(treespec, LeafSpec)` is deprecated, use `isinstance(treespec, TreeSpec) and treespec.is_leaf()` instead.
/home/mobility/STiTy/.venv-autoseg/lib/python3.10/site-packages/pytorch_lightning/utilities/_pytree.py:21: `isinstance(treespec, LeafSpec)` is deprecated, use `isinstance(treespec, TreeSpec) and treespec.is_leaf()` instead.
/home/mobility/STiTy/.venv-autoseg/lib/python3.10/site-packages/pytorch_lightning/utilities/_pytree.py:21: `isinstance(treespec, LeafSpec)` is deprecated, use `isinstance(treespec, TreeSpec) and treespec.is_leaf()` instead.
/home/mobility/STiTy/.venv-autoseg/lib/python3.10/site-packages/pytorch_lightning/utilities/_pytree.py:21: `isinstance(treespec, LeafSpec)` is deprecated, use `isinstance(treespec, TreeSpec) and treespec.is_leaf()` instead.
/home/mobility/STiTy/.venv-autoseg/lib/python3.10/site-packages/pytorch_lightning/utilities/_pytree.py:21: `isinstance(treespec, LeafSpec)` is deprecated, use `isinstance(treespec, TreeSpec) and treespec.is_leaf()` instead.
/home/mobility/STiTy/.venv-autoseg/lib/python3.10/site-packages/pytorch_lightning/utilities/_pytree.py:21: `isinstance(treespec, LeafSpec)` is deprecated, use `isinstance(treespec, TreeSpec) and treespec.is_leaf()` instead.
/home/mobility/STiTy/.venv-autoseg/lib/python3.10/site-packages/pytorch_lightning/utilities/_pytree.py:21: `isinstance(treespec, LeafSpec)` is deprecated, use `isinstance(treespec, TreeSpec) and treespec.is_leaf()` instead.
/home/mobility/STiTy/.venv-autoseg/lib/python3.10/site-packages/pytorch_lightning/utilities/_pytree.py:21: `isinstance(treespec, LeafSpec)` is deprecated, use `isinstance(treespec, TreeSpec) and treespec.is_leaf()` instead.
/home/mobility/STiTy/.venv-autoseg/lib/python3.10/site-packages/pytorch_lightning/utilities/_pytree.py:21: `isinstance(treespec, LeafSpec)` is deprecated, use `isinstance(treespec, TreeSpec) and treespec.is_leaf()` instead.
/home/mobility/STiTy/.venv-autoseg/lib/python3.10/site-packages/pytorch_lightning/utilities/_pytree.py:21: `isinstance(treespec, LeafSpec)` is deprecated, use `isinstance(treespec, TreeSpec) and treespec.is_leaf()` instead.
/home/mobility/STiTy/.venv-autoseg/lib/python3.10/site-packages/pytorch_lightning/utilities/_pytree.py:21: `isinstance(treespec, LeafSpec)` is deprecated, use `isinstance(treespec, TreeSpec) and treespec.is_leaf()` instead.
/home/mobility/STiTy/.venv-autoseg/lib/python3.10/site-packages/pytorch_lightning/utilities/_pytree.py:21: `isinstance(treespec, LeafSpec)` is deprecated, use `isinstance(treespec, TreeSpec) and treespec.is_leaf()` instead.
/home/mobility/STiTy/.venv-autoseg/lib/python3.10/site-packages/pytorch_lightning/utilities/_pytree.py:21: `isinstance(treespec, LeafSpec)` is deprecated, use `isinstance(treespec, TreeSpec) and treespec.is_leaf()` instead.
/home/mobility/STiTy/.venv-autoseg/lib/python3.10/site-packages/pytorch_lightning/utilities/_pytree.py:21: `isinstance(treespec, LeafSpec)` is deprecated, use `isinstance(treespec, TreeSpec) and treespec.is_leaf()` instead.
/home/mobility/STiTy/.venv-autoseg/lib/python3.10/site-packages/pytorch_lightning/utilities/_pytree.py:21: `isinstance(treespec, LeafSpec)` is deprecated, use `isinstance(treespec, TreeSpec) and treespec.is_leaf()` instead.
/home/mobility/STiTy/.venv-autoseg/lib/python3.10/site-packages/pytorch_lightning/utilities/_pytree.py:21: `isinstance(treespec, LeafSpec)` is deprecated, use `isinstance(treespec, TreeSpec) and treespec.is_leaf()` instead.
[iter 3 개정] 후보 2: 13918자 train(40) score=0.6887 fmt=1.00
[iter 3 개정] 후보 2 채택 (score=0.6887) — dev 미사용
[iter 3] 개정 후보 3/3 통과
[iter 3] 개정: ['[When to Segment]', '[Priority Rules]', '[Decision Procedure]']
[iter 3] 소요 1562초 = train_eval 43 + judge 114 + rank_audit 0 + dev_eval 707 + critic 0 + prompt_engineer 165 + select_prompt 533
/home/mobility/STiTy/.venv-autoseg/lib/python3.10/site-packages/pytorch_lightning/utilities/_pytree.py:21: `isinstance(treespec, LeafSpec)` is deprecated, use `isinstance(treespec, TreeSpec) and treespec.is_leaf()` instead.
/home/mobility/STiTy/.venv-autoseg/lib/python3.10/site-packages/pytorch_lightning/utilities/_pytree.py:21: `isinstance(treespec, LeafSpec)` is deprecated, use `isinstance(treespec, TreeSpec) and treespec.is_leaf()` instead.
/home/mobility/STiTy/.venv-autoseg/lib/python3.10/site-packages/pytorch_lightning/utilities/_pytree.py:21: `isinstance(treespec, LeafSpec)` is deprecated, use `isinstance(treespec, TreeSpec) and treespec.is_leaf()` instead.
/home/mobility/STiTy/.venv-autoseg/lib/python3.10/site-packages/pytorch_lightning/utilities/_pytree.py:21: `isinstance(treespec, LeafSpec)` is deprecated, use `isinstance(treespec, TreeSpec) and treespec.is_leaf()` instead.
/home/mobility/STiTy/.venv-autoseg/lib/python3.10/site-packages/pytorch_lightning/utilities/_pytree.py:21: `isinstance(treespec, LeafSpec)` is deprecated, use `isinstance(treespec, TreeSpec) and treespec.is_leaf()` instead.
/home/mobility/STiTy/.venv-autoseg/lib/python3.10/site-packages/pytorch_lightning/utilities/_pytree.py:21: `isinstance(treespec, LeafSpec)` is deprecated, use `isinstance(treespec, TreeSpec) and treespec.is_leaf()` instead.
/home/mobility/STiTy/.venv-autoseg/lib/python3.10/site-packages/pytorch_lightning/utilities/_pytree.py:21: `isinstance(treespec, LeafSpec)` is deprecated, use `isinstance(treespec, TreeSpec) and treespec.is_leaf()` instead.
/home/mobility/STiTy/.venv-autoseg/lib/python3.10/site-packages/pytorch_lightning/utilities/_pytree.py:21: `isinstance(treespec, LeafSpec)` is deprecated, use `isinstance(treespec, TreeSpec) and treespec.is_leaf()` instead.
/home/mobility/STiTy/.venv-autoseg/lib/python3.10/site-packages/pytorch_lightning/utilities/_pytree.py:21: `isinstance(treespec, LeafSpec)` is deprecated, use `isinstance(treespec, TreeSpec) and treespec.is_leaf()` instead.
/home/mobility/STiTy/.venv-autoseg/lib/python3.10/site-packages/pytorch_lightning/utilities/_pytree.py:21: `isinstance(treespec, LeafSpec)` is deprecated, use `isinstance(treespec, TreeSpec) and treespec.is_leaf()` instead.
/home/mobility/STiTy/.venv-autoseg/lib/python3.10/site-packages/pytorch_lightning/utilities/_pytree.py:21: `isinstance(treespec, LeafSpec)` is deprecated, use `isinstance(treespec, TreeSpec) and treespec.is_leaf()` instead.
/home/mobility/STiTy/.venv-autoseg/lib/python3.10/site-packages/pytorch_lightning/utilities/_pytree.py:21: `isinstance(treespec, LeafSpec)` is deprecated, use `isinstance(treespec, TreeSpec) and treespec.is_leaf()` instead.
/home/mobility/STiTy/.venv-autoseg/lib/python3.10/site-packages/pytorch_lightning/utilities/_pytree.py:21: `isinstance(treespec, LeafSpec)` is deprecated, use `isinstance(treespec, TreeSpec) and treespec.is_leaf()` instead.
/home/mobility/STiTy/.venv-autoseg/lib/python3.10/site-packages/pytorch_lightning/utilities/_pytree.py:21: `isinstance(treespec, LeafSpec)` is deprecated, use `isinstance(treespec, TreeSpec) and treespec.is_leaf()` instead.
/home/mobility/STiTy/.venv-autoseg/lib/python3.10/site-packages/pytorch_lightning/utilities/_pytree.py:21: `isinstance(treespec, LeafSpec)` is deprecated, use `isinstance(treespec, TreeSpec) and treespec.is_leaf()` instead.
/home/mobility/STiTy/.venv-autoseg/lib/python3.10/site-packages/pytorch_lightning/utilities/_pytree.py:21: `isinstance(treespec, LeafSpec)` is deprecated, use `isinstance(treespec, TreeSpec) and treespec.is_leaf()` instead.
/home/mobility/STiTy/.venv-autoseg/lib/python3.10/site-packages/pytorch_lightning/utilities/_pytree.py:21: `isinstance(treespec, LeafSpec)` is deprecated, use `isinstance(treespec, TreeSpec) and treespec.is_leaf()` instead.
/home/mobility/STiTy/.venv-autoseg/lib/python3.10/site-packages/pytorch_lightning/utilities/_pytree.py:21: `isinstance(treespec, LeafSpec)` is deprecated, use `isinstance(treespec, TreeSpec) and treespec.is_leaf()` instead.
/home/mobility/STiTy/.venv-autoseg/lib/python3.10/site-packages/pytorch_lightning/utilities/_pytree.py:21: `isinstance(treespec, LeafSpec)` is deprecated, use `isinstance(treespec, TreeSpec) and treespec.is_leaf()` instead.
/home/mobility/STiTy/.venv-autoseg/lib/python3.10/site-packages/pytorch_lightning/utilities/_pytree.py:21: `isinstance(treespec, LeafSpec)` is deprecated, use `isinstance(treespec, TreeSpec) and treespec.is_leaf()` instead.
/home/mobility/STiTy/.venv-autoseg/lib/python3.10/site-packages/pytorch_lightning/utilities/_pytree.py:21: `isinstance(treespec, LeafSpec)` is deprecated, use `isinstance(treespec, TreeSpec) and treespec.is_leaf()` instead.
/home/mobility/STiTy/.venv-autoseg/lib/python3.10/site-packages/pytorch_lightning/utilities/_pytree.py:21: `isinstance(treespec, LeafSpec)` is deprecated, use `isinstance(treespec, TreeSpec) and treespec.is_leaf()` instead.
/home/mobility/STiTy/.venv-autoseg/lib/python3.10/site-packages/pytorch_lightning/utilities/_pytree.py:21: `isinstance(treespec, LeafSpec)` is deprecated, use `isinstance(treespec, TreeSpec) and treespec.is_leaf()` instead.
/home/mobility/STiTy/.venv-autoseg/lib/python3.10/site-packages/pytorch_lightning/utilities/_pytree.py:21: `isinstance(treespec, LeafSpec)` is deprecated, use `isinstance(treespec, TreeSpec) and treespec.is_leaf()` instead.
/home/mobility/STiTy/.venv-autoseg/lib/python3.10/site-packages/pytorch_lightning/utilities/_pytree.py:21: `isinstance(treespec, LeafSpec)` is deprecated, use `isinstance(treespec, TreeSpec) and treespec.is_leaf()` instead.
/home/mobility/STiTy/.venv-autoseg/lib/python3.10/site-packages/pytorch_lightning/utilities/_pytree.py:21: `isinstance(treespec, LeafSpec)` is deprecated, use `isinstance(treespec, TreeSpec) and treespec.is_leaf()` instead.
/home/mobility/STiTy/.venv-autoseg/lib/python3.10/site-packages/pytorch_lightning/utilities/_pytree.py:21: `isinstance(treespec, LeafSpec)` is deprecated, use `isinstance(treespec, TreeSpec) and treespec.is_leaf()` instead.
/home/mobility/STiTy/.venv-autoseg/lib/python3.10/site-packages/pytorch_lightning/utilities/_pytree.py:21: `isinstance(treespec, LeafSpec)` is deprecated, use `isinstance(treespec, TreeSpec) and treespec.is_leaf()` instead.
/home/mobility/STiTy/.venv-autoseg/lib/python3.10/site-packages/pytorch_lightning/utilities/_pytree.py:21: `isinstance(treespec, LeafSpec)` is deprecated, use `isinstance(treespec, TreeSpec) and treespec.is_leaf()` instead.
/home/mobility/STiTy/.venv-autoseg/lib/python3.10/site-packages/pytorch_lightning/utilities/_pytree.py:21: `isinstance(treespec, LeafSpec)` is deprecated, use `isinstance(treespec, TreeSpec) and treespec.is_leaf()` instead.
HTTP Request: POST https://gw.letsur.ai/v1/chat/completions "HTTP/1.1 200 OK"
HTTP Request: POST https://gw.letsur.ai/v1/chat/completions "HTTP/1.1 200 OK"
HTTP Request: POST https://gw.letsur.ai/v1/chat/completions "HTTP/1.1 200 OK"
HTTP Request: POST https://gw.letsur.ai/v1/chat/completions "HTTP/1.1 200 OK"
HTTP Request: POST https://gw.letsur.ai/v1/chat/completions "HTTP/1.1 200 OK"
HTTP Request: POST https://gw.letsur.ai/v1/chat/completions "HTTP/1.1 200 OK"
HTTP Request: POST https://gw.letsur.ai/v1/chat/completions "HTTP/1.1 200 OK"
HTTP Request: POST https://gw.letsur.ai/v1/chat/completions "HTTP/1.1 200 OK"
HTTP Request: POST https://gw.letsur.ai/v1/chat/completions "HTTP/1.1 200 OK"
HTTP Request: POST https://gw.letsur.ai/v1/chat/completions "HTTP/1.1 200 OK"
HTTP Request: POST https://gw.letsur.ai/v1/chat/completions "HTTP/1.1 200 OK"
HTTP Request: POST https://gw.letsur.ai/v1/chat/completions "HTTP/1.1 200 OK"
HTTP Request: POST https://gw.letsur.ai/v1/chat/completions "HTTP/1.1 200 OK"
HTTP Request: POST https://gw.letsur.ai/v1/chat/completions "HTTP/1.1 200 OK"
HTTP Request: POST https://gw.letsur.ai/v1/chat/completions "HTTP/1.1 200 OK"
HTTP Request: POST https://gw.letsur.ai/v1/chat/completions "HTTP/1.1 200 OK"
HTTP Request: POST https://gw.letsur.ai/v1/chat/completions "HTTP/1.1 200 OK"
HTTP Request: POST https://gw.letsur.ai/v1/chat/completions "HTTP/1.1 200 OK"
HTTP Request: POST https://gw.letsur.ai/v1/chat/completions "HTTP/1.1 200 OK"
HTTP Request: POST https://gw.letsur.ai/v1/chat/completions "HTTP/1.1 200 OK"
HTTP Request: POST https://gw.letsur.ai/v1/chat/completions "HTTP/1.1 200 OK"
HTTP Request: POST https://gw.letsur.ai/v1/chat/completions "HTTP/1.1 200 OK"
HTTP Request: POST https://gw.letsur.ai/v1/chat/completions "HTTP/1.1 200 OK"
HTTP Request: POST https://gw.letsur.ai/v1/chat/completions "HTTP/1.1 200 OK"
HTTP Request: POST https://gw.letsur.ai/v1/chat/completions "HTTP/1.1 200 OK"
HTTP Request: POST https://gw.letsur.ai/v1/chat/completions "HTTP/1.1 200 OK"
HTTP Request: POST https://gw.letsur.ai/v1/chat/completions "HTTP/1.1 200 OK"
HTTP Request: POST https://gw.letsur.ai/v1/chat/completions "HTTP/1.1 200 OK"
HTTP Request: POST https://gw.letsur.ai/v1/chat/completions "HTTP/1.1 200 OK"
HTTP Request: POST https://gw.letsur.ai/v1/chat/completions "HTTP/1.1 200 OK"
HTTP Request: POST https://gw.letsur.ai/v1/chat/completions "HTTP/1.1 200 OK"
HTTP Request: POST https://gw.letsur.ai/v1/chat/completions "HTTP/1.1 200 OK"
HTTP Request: POST https://gw.letsur.ai/v1/chat/completions "HTTP/1.1 200 OK"
HTTP Request: POST https://gw.letsur.ai/v1/chat/completions "HTTP/1.1 200 OK"
HTTP Request: POST https://gw.letsur.ai/v1/chat/completions "HTTP/1.1 200 OK"
HTTP Request: POST https://gw.letsur.ai/v1/chat/completions "HTTP/1.1 200 OK"
HTTP Request: POST https://gw.letsur.ai/v1/chat/completions "HTTP/1.1 200 OK"
HTTP Request: POST https://gw.letsur.ai/v1/chat/completions "HTTP/1.1 200 OK"
HTTP Request: POST https://gw.letsur.ai/v1/chat/completions "HTTP/1.1 200 OK"
HTTP Request: POST https://gw.letsur.ai/v1/chat/completions "HTTP/1.1 200 OK"
HTTP Request: POST https://gw.letsur.ai/v1/chat/completions "HTTP/1.1 200 OK"
HTTP Request: POST https://gw.letsur.ai/v1/chat/completions "HTTP/1.1 200 OK"
HTTP Request: POST https://gw.letsur.ai/v1/chat/completions "HTTP/1.1 200 OK"
HTTP Request: POST https://gw.letsur.ai/v1/chat/completions "HTTP/1.1 200 OK"
HTTP Request: POST https://gw.letsur.ai/v1/chat/completions "HTTP/1.1 200 OK"
HTTP Request: POST https://gw.letsur.ai/v1/chat/completions "HTTP/1.1 200 OK"
HTTP Request: POST https://gw.letsur.ai/v1/chat/completions "HTTP/1.1 200 OK"
HTTP Request: POST https://gw.letsur.ai/v1/chat/completions "HTTP/1.1 200 OK"
HTTP Request: POST https://gw.letsur.ai/v1/chat/completions "HTTP/1.1 200 OK"
HTTP Request: POST https://gw.letsur.ai/v1/chat/completions "HTTP/1.1 200 OK"
[iter 4] 순위감사 최다 과신 '뒤 구두점 ','' 백분위 0.36 contra 0.1182 (n=17)
[iter 4] 순위진단(T=4) gap=+0.0227±0.0328(n=40) Spearman=+0.156(n=37)
[iter 4] train fmt=1.00(1st 0.30)  T4: eff=0.6277 p10=0.4748 [ent 0.5433] adq=0.7680 contra=0.174 laal=3.40 k=5.28 miss=0.00  T6: eff=0.6878 p10=0.4836 [ent 0.6265] adq=0.7914 contra=0.088 laal=4.70 k=3.60 miss=0.00  T12: eff=0.7507 p10=0.6323 [ent 0.6805] adq=0.8527 contra=0.059 laal=10.23 k=1.73 miss=0.00  score=0.6887  rank_lift=+0.0882(t+2.9, T12)
HTTP Request: POST https://gw.letsur.ai/v1/chat/completions "HTTP/1.1 200 OK"
HTTP Request: POST https://gw.letsur.ai/v1/chat/completions "HTTP/1.1 200 OK"
HTTP Request: POST https://gw.letsur.ai/v1/chat/completions "HTTP/1.1 200 OK"
HTTP Request: POST https://gw.letsur.ai/v1/chat/completions "HTTP/1.1 200 OK"
HTTP Request: POST https://gw.letsur.ai/v1/chat/completions "HTTP/1.1 200 OK"
HTTP Request: POST https://gw.letsur.ai/v1/chat/completions "HTTP/1.1 200 OK"
HTTP Request: POST https://gw.letsur.ai/v1/chat/completions "HTTP/1.1 200 OK"
HTTP Request: POST https://gw.letsur.ai/v1/chat/completions "HTTP/1.1 200 OK"
HTTP Request: POST https://gw.letsur.ai/v1/chat/completions "HTTP/1.1 200 OK"
HTTP Request: POST https://gw.letsur.ai/v1/chat/completions "HTTP/1.1 200 OK"
HTTP Request: POST https://gw.letsur.ai/v1/chat/completions "HTTP/1.1 200 OK"
HTTP Request: POST https://gw.letsur.ai/v1/chat/completions "HTTP/1.1 200 OK"
HTTP Request: POST https://gw.letsur.ai/v1/chat/completions "HTTP/1.1 200 OK"
HTTP Request: POST https://gw.letsur.ai/v1/chat/completions "HTTP/1.1 200 OK"
HTTP Request: POST https://gw.letsur.ai/v1/chat/completions "HTTP/1.1 200 OK"
HTTP Request: POST https://gw.letsur.ai/v1/chat/completions "HTTP/1.1 200 OK"
HTTP Request: POST https://gw.letsur.ai/v1/chat/completions "HTTP/1.1 200 OK"
HTTP Request: POST https://gw.letsur.ai/v1/chat/completions "HTTP/1.1 200 OK"
HTTP Request: POST https://gw.letsur.ai/v1/chat/completions "HTTP/1.1 200 OK"
HTTP Request: POST https://gw.letsur.ai/v1/chat/completions "HTTP/1.1 200 OK"
HTTP Request: POST https://gw.letsur.ai/v1/chat/completions "HTTP/1.1 200 OK"
HTTP Request: POST https://gw.letsur.ai/v1/chat/completions "HTTP/1.1 200 OK"
HTTP Request: POST https://gw.letsur.ai/v1/chat/completions "HTTP/1.1 200 OK"
HTTP Request: POST https://gw.letsur.ai/v1/chat/completions "HTTP/1.1 200 OK"
HTTP Request: POST https://gw.letsur.ai/v1/chat/completions "HTTP/1.1 200 OK"
HTTP Request: POST https://gw.letsur.ai/v1/chat/completions "HTTP/1.1 200 OK"
HTTP Request: POST https://gw.letsur.ai/v1/chat/completions "HTTP/1.1 200 OK"
HTTP Request: POST https://gw.letsur.ai/v1/chat/completions "HTTP/1.1 200 OK"
HTTP Request: POST https://gw.letsur.ai/v1/chat/completions "HTTP/1.1 200 OK"
HTTP Request: POST https://gw.letsur.ai/v1/chat/completions "HTTP/1.1 200 OK"
HTTP Request: POST https://gw.letsur.ai/v1/chat/completions "HTTP/1.1 200 OK"
HTTP Request: POST https://gw.letsur.ai/v1/chat/completions "HTTP/1.1 200 OK"
HTTP Request: POST https://gw.letsur.ai/v1/chat/completions "HTTP/1.1 200 OK"
HTTP Request: POST https://gw.letsur.ai/v1/chat/completions "HTTP/1.1 200 OK"
HTTP Request: POST https://gw.letsur.ai/v1/chat/completions "HTTP/1.1 200 OK"
HTTP Request: POST https://gw.letsur.ai/v1/chat/completions "HTTP/1.1 200 OK"
HTTP Request: POST https://gw.letsur.ai/v1/chat/completions "HTTP/1.1 200 OK"
HTTP Request: POST https://gw.letsur.ai/v1/chat/completions "HTTP/1.1 200 OK"
HTTP Request: POST https://gw.letsur.ai/v1/chat/completions "HTTP/1.1 200 OK"
HTTP Request: POST https://gw.letsur.ai/v1/chat/completions "HTTP/1.1 200 OK"
HTTP Request: POST https://gw.letsur.ai/v1/chat/completions "HTTP/1.1 200 OK"
HTTP Request: POST https://gw.letsur.ai/v1/chat/completions "HTTP/1.1 200 OK"
HTTP Request: POST https://gw.letsur.ai/v1/chat/completions "HTTP/1.1 200 OK"
HTTP Request: POST https://gw.letsur.ai/v1/chat/completions "HTTP/1.1 200 OK"
HTTP Request: POST https://gw.letsur.ai/v1/chat/completions "HTTP/1.1 200 OK"
HTTP Request: POST https://gw.letsur.ai/v1/chat/completions "HTTP/1.1 200 OK"
HTTP Request: POST https://gw.letsur.ai/v1/chat/completions "HTTP/1.1 200 OK"
HTTP Request: POST https://gw.letsur.ai/v1/chat/completions "HTTP/1.1 200 OK"
HTTP Request: POST https://gw.letsur.ai/v1/chat/completions "HTTP/1.1 200 OK"
HTTP Request: POST https://gw.letsur.ai/v1/chat/completions "HTTP/1.1 200 OK"
HTTP Request: POST https://gw.letsur.ai/v1/chat/completions "HTTP/1.1 200 OK"
HTTP Request: POST https://gw.letsur.ai/v1/chat/completions "HTTP/1.1 200 OK"
HTTP Request: POST https://gw.letsur.ai/v1/chat/completions "HTTP/1.1 200 OK"
HTTP Request: POST https://gw.letsur.ai/v1/chat/completions "HTTP/1.1 200 OK"
HTTP Request: POST https://gw.letsur.ai/v1/chat/completions "HTTP/1.1 200 OK"
HTTP Request: POST https://gw.letsur.ai/v1/chat/completions "HTTP/1.1 200 OK"
HTTP Request: POST https://gw.letsur.ai/v1/chat/completions "HTTP/1.1 200 OK"
HTTP Request: POST https://gw.letsur.ai/v1/chat/completions "HTTP/1.1 200 OK"
HTTP Request: POST https://gw.letsur.ai/v1/chat/completions "HTTP/1.1 200 OK"
HTTP Request: POST https://gw.letsur.ai/v1/chat/completions "HTTP/1.1 200 OK"
HTTP Request: POST https://gw.letsur.ai/v1/chat/completions "HTTP/1.1 200 OK"
HTTP Request: POST https://gw.letsur.ai/v1/chat/completions "HTTP/1.1 200 OK"
HTTP Request: POST https://gw.letsur.ai/v1/chat/completions "HTTP/1.1 200 OK"
HTTP Request: POST https://gw.letsur.ai/v1/chat/completions "HTTP/1.1 200 OK"
HTTP Request: POST https://gw.letsur.ai/v1/chat/completions "HTTP/1.1 200 OK"
HTTP Request: POST https://gw.letsur.ai/v1/chat/completions "HTTP/1.1 200 OK"
HTTP Request: POST https://gw.letsur.ai/v1/chat/completions "HTTP/1.1 200 OK"
HTTP Request: POST https://gw.letsur.ai/v1/chat/completions "HTTP/1.1 200 OK"
HTTP Request: POST https://gw.letsur.ai/v1/chat/completions "HTTP/1.1 200 OK"
HTTP Request: POST https://gw.letsur.ai/v1/chat/completions "HTTP/1.1 200 OK"
HTTP Request: POST https://gw.letsur.ai/v1/chat/completions "HTTP/1.1 200 OK"
HTTP Request: POST https://gw.letsur.ai/v1/chat/completions "HTTP/1.1 200 OK"
HTTP Request: POST https://gw.letsur.ai/v1/chat/completions "HTTP/1.1 200 OK"
HTTP Request: POST https://gw.letsur.ai/v1/chat/completions "HTTP/1.1 200 OK"
HTTP Request: POST https://gw.letsur.ai/v1/chat/completions "HTTP/1.1 200 OK"
HTTP Request: POST https://gw.letsur.ai/v1/chat/completions "HTTP/1.1 200 OK"
HTTP Request: POST https://gw.letsur.ai/v1/chat/completions "HTTP/1.1 200 OK"
/home/mobility/STiTy/.venv-autoseg/lib/python3.10/site-packages/pytorch_lightning/utilities/_pytree.py:21: `isinstance(treespec, LeafSpec)` is deprecated, use `isinstance(treespec, TreeSpec) and treespec.is_leaf()` instead.
/home/mobility/STiTy/.venv-autoseg/lib/python3.10/site-packages/pytorch_lightning/utilities/_pytree.py:21: `isinstance(treespec, LeafSpec)` is deprecated, use `isinstance(treespec, TreeSpec) and treespec.is_leaf()` instead.
/home/mobility/STiTy/.venv-autoseg/lib/python3.10/site-packages/pytorch_lightning/utilities/_pytree.py:21: `isinstance(treespec, LeafSpec)` is deprecated, use `isinstance(treespec, TreeSpec) and treespec.is_leaf()` instead.
/home/mobility/STiTy/.venv-autoseg/lib/python3.10/site-packages/pytorch_lightning/utilities/_pytree.py:21: `isinstance(treespec, LeafSpec)` is deprecated, use `isinstance(treespec, TreeSpec) and treespec.is_leaf()` instead.
/home/mobility/STiTy/.venv-autoseg/lib/python3.10/site-packages/pytorch_lightning/utilities/_pytree.py:21: `isinstance(treespec, LeafSpec)` is deprecated, use `isinstance(treespec, TreeSpec) and treespec.is_leaf()` instead.
/home/mobility/STiTy/.venv-autoseg/lib/python3.10/site-packages/pytorch_lightning/utilities/_pytree.py:21: `isinstance(treespec, LeafSpec)` is deprecated, use `isinstance(treespec, TreeSpec) and treespec.is_leaf()` instead.
/home/mobility/STiTy/.venv-autoseg/lib/python3.10/site-packages/pytorch_lightning/utilities/_pytree.py:21: `isinstance(treespec, LeafSpec)` is deprecated, use `isinstance(treespec, TreeSpec) and treespec.is_leaf()` instead.
/home/mobility/STiTy/.venv-autoseg/lib/python3.10/site-packages/pytorch_lightning/utilities/_pytree.py:21: `isinstance(treespec, LeafSpec)` is deprecated, use `isinstance(treespec, TreeSpec) and treespec.is_leaf()` instead.
/home/mobility/STiTy/.venv-autoseg/lib/python3.10/site-packages/pytorch_lightning/utilities/_pytree.py:21: `isinstance(treespec, LeafSpec)` is deprecated, use `isinstance(treespec, TreeSpec) and treespec.is_leaf()` instead.
/home/mobility/STiTy/.venv-autoseg/lib/python3.10/site-packages/pytorch_lightning/utilities/_pytree.py:21: `isinstance(treespec, LeafSpec)` is deprecated, use `isinstance(treespec, TreeSpec) and treespec.is_leaf()` instead.
/home/mobility/STiTy/.venv-autoseg/lib/python3.10/site-packages/pytorch_lightning/utilities/_pytree.py:21: `isinstance(treespec, LeafSpec)` is deprecated, use `isinstance(treespec, TreeSpec) and treespec.is_leaf()` instead.
/home/mobility/STiTy/.venv-autoseg/lib/python3.10/site-packages/pytorch_lightning/utilities/_pytree.py:21: `isinstance(treespec, LeafSpec)` is deprecated, use `isinstance(treespec, TreeSpec) and treespec.is_leaf()` instead.
/home/mobility/STiTy/.venv-autoseg/lib/python3.10/site-packages/pytorch_lightning/utilities/_pytree.py:21: `isinstance(treespec, LeafSpec)` is deprecated, use `isinstance(treespec, TreeSpec) and treespec.is_leaf()` instead.
/home/mobility/STiTy/.venv-autoseg/lib/python3.10/site-packages/pytorch_lightning/utilities/_pytree.py:21: `isinstance(treespec, LeafSpec)` is deprecated, use `isinstance(treespec, TreeSpec) and treespec.is_leaf()` instead.
/home/mobility/STiTy/.venv-autoseg/lib/python3.10/site-packages/pytorch_lightning/utilities/_pytree.py:21: `isinstance(treespec, LeafSpec)` is deprecated, use `isinstance(treespec, TreeSpec) and treespec.is_leaf()` instead.
/home/mobility/STiTy/.venv-autoseg/lib/python3.10/site-packages/pytorch_lightning/utilities/_pytree.py:21: `isinstance(treespec, LeafSpec)` is deprecated, use `isinstance(treespec, TreeSpec) and treespec.is_leaf()` instead.
/home/mobility/STiTy/.venv-autoseg/lib/python3.10/site-packages/pytorch_lightning/utilities/_pytree.py:21: `isinstance(treespec, LeafSpec)` is deprecated, use `isinstance(treespec, TreeSpec) and treespec.is_leaf()` instead.
/home/mobility/STiTy/.venv-autoseg/lib/python3.10/site-packages/pytorch_lightning/utilities/_pytree.py:21: `isinstance(treespec, LeafSpec)` is deprecated, use `isinstance(treespec, TreeSpec) and treespec.is_leaf()` instead.
/home/mobility/STiTy/.venv-autoseg/lib/python3.10/site-packages/pytorch_lightning/utilities/_pytree.py:21: `isinstance(treespec, LeafSpec)` is deprecated, use `isinstance(treespec, TreeSpec) and treespec.is_leaf()` instead.
/home/mobility/STiTy/.venv-autoseg/lib/python3.10/site-packages/pytorch_lightning/utilities/_pytree.py:21: `isinstance(treespec, LeafSpec)` is deprecated, use `isinstance(treespec, TreeSpec) and treespec.is_leaf()` instead.
/home/mobility/STiTy/.venv-autoseg/lib/python3.10/site-packages/pytorch_lightning/utilities/_pytree.py:21: `isinstance(treespec, LeafSpec)` is deprecated, use `isinstance(treespec, TreeSpec) and treespec.is_leaf()` instead.
/home/mobility/STiTy/.venv-autoseg/lib/python3.10/site-packages/pytorch_lightning/utilities/_pytree.py:21: `isinstance(treespec, LeafSpec)` is deprecated, use `isinstance(treespec, TreeSpec) and treespec.is_leaf()` instead.
/home/mobility/STiTy/.venv-autoseg/lib/python3.10/site-packages/pytorch_lightning/utilities/_pytree.py:21: `isinstance(treespec, LeafSpec)` is deprecated, use `isinstance(treespec, TreeSpec) and treespec.is_leaf()` instead.
/home/mobility/STiTy/.venv-autoseg/lib/python3.10/site-packages/pytorch_lightning/utilities/_pytree.py:21: `isinstance(treespec, LeafSpec)` is deprecated, use `isinstance(treespec, TreeSpec) and treespec.is_leaf()` instead.
/home/mobility/STiTy/.venv-autoseg/lib/python3.10/site-packages/pytorch_lightning/utilities/_pytree.py:21: `isinstance(treespec, LeafSpec)` is deprecated, use `isinstance(treespec, TreeSpec) and treespec.is_leaf()` instead.
/home/mobility/STiTy/.venv-autoseg/lib/python3.10/site-packages/pytorch_lightning/utilities/_pytree.py:21: `isinstance(treespec, LeafSpec)` is deprecated, use `isinstance(treespec, TreeSpec) and treespec.is_leaf()` instead.
/home/mobility/STiTy/.venv-autoseg/lib/python3.10/site-packages/pytorch_lightning/utilities/_pytree.py:21: `isinstance(treespec, LeafSpec)` is deprecated, use `isinstance(treespec, TreeSpec) and treespec.is_leaf()` instead.
/home/mobility/STiTy/.venv-autoseg/lib/python3.10/site-packages/pytorch_lightning/utilities/_pytree.py:21: `isinstance(treespec, LeafSpec)` is deprecated, use `isinstance(treespec, TreeSpec) and treespec.is_leaf()` instead.
/home/mobility/STiTy/.venv-autoseg/lib/python3.10/site-packages/pytorch_lightning/utilities/_pytree.py:21: `isinstance(treespec, LeafSpec)` is deprecated, use `isinstance(treespec, TreeSpec) and treespec.is_leaf()` instead.
/home/mobility/STiTy/.venv-autoseg/lib/python3.10/site-packages/pytorch_lightning/utilities/_pytree.py:21: `isinstance(treespec, LeafSpec)` is deprecated, use `isinstance(treespec, TreeSpec) and treespec.is_leaf()` instead.
[iter 4] dev   fmt=1.00(1st 0.88)  T4: eff=0.6569 p10=0.5219 [ent 0.5816] adq=0.7703 contra=0.130 laal=3.42 k=5.30 miss=0.00  T6: eff=0.7121 p10=0.5387 [ent 0.6592] adq=0.8059 contra=0.114 laal=4.60 k=3.57 miss=0.00  T12: eff=0.7662 p10=0.6400 [ent 0.7325] adq=0.8354 contra=0.099 laal=9.79 k=1.75 miss=0.00  score=0.7117  rank_lift=+0.0643(t+4.0, T12)  Δ=-0.00322 ±0.02375 (변경 239/265)
[iter 4] adopted=False stale=4 calls=933 cost=12.8284
[iter 4] 비용내역 segment $7.643(60%, 321콜, 사고 11,442tok/콜)  segment_retry $4.202(33%, 347콜, 사고 5,849tok/콜)  judge $0.768(6%, 250콜, 사고 1,328tok/콜)  prompt_engineer $0.164(1%, 12콜, 사고 2,618tok/콜)  prompt_v0 $0.030(0%, 1콜, 사고 12,224tok/콜)  critic $0.014(0%, 1콜, 사고 2,688tok/콜)
[iter 4] critic dominant=placement | 직전 개정이 [When to Segment], [Priority Rules], [Decision Proced
HTTP Request: POST https://gw.letsur.ai/v1/chat/completions "HTTP/1.1 200 OK"
HTTP Request: POST https://gw.letsur.ai/v1/chat/completions "HTTP/1.1 200 OK"
HTTP Request: POST https://gw.letsur.ai/v1/chat/completions "HTTP/1.1 200 OK"
HTTP Request: POST https://gw.letsur.ai/v1/chat/completions "HTTP/1.1 200 OK"
HTTP Request: POST https://gw.letsur.ai/v1/chat/completions "HTTP/1.1 200 OK"
HTTP Request: POST https://gw.letsur.ai/v1/chat/completions "HTTP/1.1 200 OK"
HTTP Request: POST https://gw.letsur.ai/v1/chat/completions "HTTP/1.1 200 OK"
HTTP Request: POST https://gw.letsur.ai/v1/chat/completions "HTTP/1.1 200 OK"
HTTP Request: POST https://gw.letsur.ai/v1/chat/completions "HTTP/1.1 200 OK"
HTTP Request: POST https://gw.letsur.ai/v1/chat/completions "HTTP/1.1 200 OK"
HTTP Request: POST https://gw.letsur.ai/v1/chat/completions "HTTP/1.1 200 OK"
HTTP Request: POST https://gw.letsur.ai/v1/chat/completions "HTTP/1.1 200 OK"
HTTP Request: POST https://gw.letsur.ai/v1/chat/completions "HTTP/1.1 200 OK"
HTTP Request: POST https://gw.letsur.ai/v1/chat/completions "HTTP/1.1 200 OK"
HTTP Request: POST https://gw.letsur.ai/v1/chat/completions "HTTP/1.1 200 OK"
HTTP Request: POST https://gw.letsur.ai/v1/chat/completions "HTTP/1.1 200 OK"
HTTP Request: POST https://gw.letsur.ai/v1/chat/completions "HTTP/1.1 200 OK"
HTTP Request: POST https://gw.letsur.ai/v1/chat/completions "HTTP/1.1 200 OK"
HTTP Request: POST https://gw.letsur.ai/v1/chat/completions "HTTP/1.1 200 OK"
HTTP Request: POST https://gw.letsur.ai/v1/chat/completions "HTTP/1.1 200 OK"
HTTP Request: POST https://gw.letsur.ai/v1/chat/completions "HTTP/1.1 200 OK"
HTTP Request: POST https://gw.letsur.ai/v1/chat/completions "HTTP/1.1 200 OK"
HTTP Request: POST https://gw.letsur.ai/v1/chat/completions "HTTP/1.1 200 OK"
HTTP Request: POST https://gw.letsur.ai/v1/chat/completions "HTTP/1.1 200 OK"
HTTP Request: POST https://gw.letsur.ai/v1/chat/completions "HTTP/1.1 200 OK"
HTTP Request: POST https://gw.letsur.ai/v1/chat/completions "HTTP/1.1 200 OK"
HTTP Request: POST https://gw.letsur.ai/v1/chat/completions "HTTP/1.1 200 OK"
HTTP Request: POST https://gw.letsur.ai/v1/chat/completions "HTTP/1.1 200 OK"
HTTP Request: POST https://gw.letsur.ai/v1/chat/completions "HTTP/1.1 200 OK"
HTTP Request: POST https://gw.letsur.ai/v1/chat/completions "HTTP/1.1 200 OK"
HTTP Request: POST https://gw.letsur.ai/v1/chat/completions "HTTP/1.1 200 OK"
HTTP Request: POST https://gw.letsur.ai/v1/chat/completions "HTTP/1.1 200 OK"
HTTP Request: POST https://gw.letsur.ai/v1/chat/completions "HTTP/1.1 200 OK"
HTTP Request: POST https://gw.letsur.ai/v1/chat/completions "HTTP/1.1 200 OK"
HTTP Request: POST https://gw.letsur.ai/v1/chat/completions "HTTP/1.1 200 OK"
HTTP Request: POST https://gw.letsur.ai/v1/chat/completions "HTTP/1.1 200 OK"
HTTP Request: POST https://gw.letsur.ai/v1/chat/completions "HTTP/1.1 200 OK"
HTTP Request: POST https://gw.letsur.ai/v1/chat/completions "HTTP/1.1 200 OK"
HTTP Request: POST https://gw.letsur.ai/v1/chat/completions "HTTP/1.1 200 OK"
HTTP Request: POST https://gw.letsur.ai/v1/chat/completions "HTTP/1.1 200 OK"
HTTP Request: POST https://gw.letsur.ai/v1/chat/completions "HTTP/1.1 200 OK"
HTTP Request: POST https://gw.letsur.ai/v1/chat/completions "HTTP/1.1 200 OK"
HTTP Request: POST https://gw.letsur.ai/v1/chat/completions "HTTP/1.1 200 OK"
HTTP Request: POST https://gw.letsur.ai/v1/chat/completions "HTTP/1.1 200 OK"
HTTP Request: POST https://gw.letsur.ai/v1/chat/completions "HTTP/1.1 200 OK"
HTTP Request: POST https://gw.letsur.ai/v1/chat/completions "HTTP/1.1 200 OK"
HTTP Request: POST https://gw.letsur.ai/v1/chat/completions "HTTP/1.1 200 OK"
HTTP Request: POST https://gw.letsur.ai/v1/chat/completions "HTTP/1.1 200 OK"
HTTP Request: POST https://gw.letsur.ai/v1/chat/completions "HTTP/1.1 200 OK"
HTTP Request: POST https://gw.letsur.ai/v1/chat/completions "HTTP/1.1 200 OK"
HTTP Request: POST https://gw.letsur.ai/v1/chat/completions "HTTP/1.1 200 OK"
HTTP Request: POST https://gw.letsur.ai/v1/chat/completions "HTTP/1.1 200 OK"
HTTP Request: POST https://gw.letsur.ai/v1/chat/completions "HTTP/1.1 200 OK"
HTTP Request: POST https://gw.letsur.ai/v1/chat/completions "HTTP/1.1 200 OK"
HTTP Request: POST https://gw.letsur.ai/v1/chat/completions "HTTP/1.1 200 OK"
HTTP Request: POST https://gw.letsur.ai/v1/chat/completions "HTTP/1.1 200 OK"
HTTP Request: POST https://gw.letsur.ai/v1/chat/completions "HTTP/1.1 200 OK"
HTTP Request: POST https://gw.letsur.ai/v1/chat/completions "HTTP/1.1 200 OK"
HTTP Request: POST https://gw.letsur.ai/v1/chat/completions "HTTP/1.1 200 OK"
[prewarm] 후보 3 × 문장 40 예열 완료 (동시 최대 72)
/home/mobility/STiTy/.venv-autoseg/lib/python3.10/site-packages/pytorch_lightning/utilities/_pytree.py:21: `isinstance(treespec, LeafSpec)` is deprecated, use `isinstance(treespec, TreeSpec) and treespec.is_leaf()` instead.
/home/mobility/STiTy/.venv-autoseg/lib/python3.10/site-packages/pytorch_lightning/utilities/_pytree.py:21: `isinstance(treespec, LeafSpec)` is deprecated, use `isinstance(treespec, TreeSpec) and treespec.is_leaf()` instead.
/home/mobility/STiTy/.venv-autoseg/lib/python3.10/site-packages/pytorch_lightning/utilities/_pytree.py:21: `isinstance(treespec, LeafSpec)` is deprecated, use `isinstance(treespec, TreeSpec) and treespec.is_leaf()` instead.
/home/mobility/STiTy/.venv-autoseg/lib/python3.10/site-packages/pytorch_lightning/utilities/_pytree.py:21: `isinstance(treespec, LeafSpec)` is deprecated, use `isinstance(treespec, TreeSpec) and treespec.is_leaf()` instead.
/home/mobility/STiTy/.venv-autoseg/lib/python3.10/site-packages/pytorch_lightning/utilities/_pytree.py:21: `isinstance(treespec, LeafSpec)` is deprecated, use `isinstance(treespec, TreeSpec) and treespec.is_leaf()` instead.
/home/mobility/STiTy/.venv-autoseg/lib/python3.10/site-packages/pytorch_lightning/utilities/_pytree.py:21: `isinstance(treespec, LeafSpec)` is deprecated, use `isinstance(treespec, TreeSpec) and treespec.is_leaf()` instead.
/home/mobility/STiTy/.venv-autoseg/lib/python3.10/site-packages/pytorch_lightning/utilities/_pytree.py:21: `isinstance(treespec, LeafSpec)` is deprecated, use `isinstance(treespec, TreeSpec) and treespec.is_leaf()` instead.
/home/mobility/STiTy/.venv-autoseg/lib/python3.10/site-packages/pytorch_lightning/utilities/_pytree.py:21: `isinstance(treespec, LeafSpec)` is deprecated, use `isinstance(treespec, TreeSpec) and treespec.is_leaf()` instead.
/home/mobility/STiTy/.venv-autoseg/lib/python3.10/site-packages/pytorch_lightning/utilities/_pytree.py:21: `isinstance(treespec, LeafSpec)` is deprecated, use `isinstance(treespec, TreeSpec) and treespec.is_leaf()` instead.
/home/mobility/STiTy/.venv-autoseg/lib/python3.10/site-packages/pytorch_lightning/utilities/_pytree.py:21: `isinstance(treespec, LeafSpec)` is deprecated, use `isinstance(treespec, TreeSpec) and treespec.is_leaf()` instead.
/home/mobility/STiTy/.venv-autoseg/lib/python3.10/site-packages/pytorch_lightning/utilities/_pytree.py:21: `isinstance(treespec, LeafSpec)` is deprecated, use `isinstance(treespec, TreeSpec) and treespec.is_leaf()` instead.
/home/mobility/STiTy/.venv-autoseg/lib/python3.10/site-packages/pytorch_lightning/utilities/_pytree.py:21: `isinstance(treespec, LeafSpec)` is deprecated, use `isinstance(treespec, TreeSpec) and treespec.is_leaf()` instead.
/home/mobility/STiTy/.venv-autoseg/lib/python3.10/site-packages/pytorch_lightning/utilities/_pytree.py:21: `isinstance(treespec, LeafSpec)` is deprecated, use `isinstance(treespec, TreeSpec) and treespec.is_leaf()` instead.
/home/mobility/STiTy/.venv-autoseg/lib/python3.10/site-packages/pytorch_lightning/utilities/_pytree.py:21: `isinstance(treespec, LeafSpec)` is deprecated, use `isinstance(treespec, TreeSpec) and treespec.is_leaf()` instead.
/home/mobility/STiTy/.venv-autoseg/lib/python3.10/site-packages/pytorch_lightning/utilities/_pytree.py:21: `isinstance(treespec, LeafSpec)` is deprecated, use `isinstance(treespec, TreeSpec) and treespec.is_leaf()` instead.
/home/mobility/STiTy/.venv-autoseg/lib/python3.10/site-packages/pytorch_lightning/utilities/_pytree.py:21: `isinstance(treespec, LeafSpec)` is deprecated, use `isinstance(treespec, TreeSpec) and treespec.is_leaf()` instead.
/home/mobility/STiTy/.venv-autoseg/lib/python3.10/site-packages/pytorch_lightning/utilities/_pytree.py:21: `isinstance(treespec, LeafSpec)` is deprecated, use `isinstance(treespec, TreeSpec) and treespec.is_leaf()` instead.
/home/mobility/STiTy/.venv-autoseg/lib/python3.10/site-packages/pytorch_lightning/utilities/_pytree.py:21: `isinstance(treespec, LeafSpec)` is deprecated, use `isinstance(treespec, TreeSpec) and treespec.is_leaf()` instead.
/home/mobility/STiTy/.venv-autoseg/lib/python3.10/site-packages/pytorch_lightning/utilities/_pytree.py:21: `isinstance(treespec, LeafSpec)` is deprecated, use `isinstance(treespec, TreeSpec) and treespec.is_leaf()` instead.
/home/mobility/STiTy/.venv-autoseg/lib/python3.10/site-packages/pytorch_lightning/utilities/_pytree.py:21: `isinstance(treespec, LeafSpec)` is deprecated, use `isinstance(treespec, TreeSpec) and treespec.is_leaf()` instead.
/home/mobility/STiTy/.venv-autoseg/lib/python3.10/site-packages/pytorch_lightning/utilities/_pytree.py:21: `isinstance(treespec, LeafSpec)` is deprecated, use `isinstance(treespec, TreeSpec) and treespec.is_leaf()` instead.
/home/mobility/STiTy/.venv-autoseg/lib/python3.10/site-packages/pytorch_lightning/utilities/_pytree.py:21: `isinstance(treespec, LeafSpec)` is deprecated, use `isinstance(treespec, TreeSpec) and treespec.is_leaf()` instead.
/home/mobility/STiTy/.venv-autoseg/lib/python3.10/site-packages/pytorch_lightning/utilities/_pytree.py:21: `isinstance(treespec, LeafSpec)` is deprecated, use `isinstance(treespec, TreeSpec) and treespec.is_leaf()` instead.
/home/mobility/STiTy/.venv-autoseg/lib/python3.10/site-packages/pytorch_lightning/utilities/_pytree.py:21: `isinstance(treespec, LeafSpec)` is deprecated, use `isinstance(treespec, TreeSpec) and treespec.is_leaf()` instead.
/home/mobility/STiTy/.venv-autoseg/lib/python3.10/site-packages/pytorch_lightning/utilities/_pytree.py:21: `isinstance(treespec, LeafSpec)` is deprecated, use `isinstance(treespec, TreeSpec) and treespec.is_leaf()` instead.
/home/mobility/STiTy/.venv-autoseg/lib/python3.10/site-packages/pytorch_lightning/utilities/_pytree.py:21: `isinstance(treespec, LeafSpec)` is deprecated, use `isinstance(treespec, TreeSpec) and treespec.is_leaf()` instead.
/home/mobility/STiTy/.venv-autoseg/lib/python3.10/site-packages/pytorch_lightning/utilities/_pytree.py:21: `isinstance(treespec, LeafSpec)` is deprecated, use `isinstance(treespec, TreeSpec) and treespec.is_leaf()` instead.
/home/mobility/STiTy/.venv-autoseg/lib/python3.10/site-packages/pytorch_lightning/utilities/_pytree.py:21: `isinstance(treespec, LeafSpec)` is deprecated, use `isinstance(treespec, TreeSpec) and treespec.is_leaf()` instead.
/home/mobility/STiTy/.venv-autoseg/lib/python3.10/site-packages/pytorch_lightning/utilities/_pytree.py:21: `isinstance(treespec, LeafSpec)` is deprecated, use `isinstance(treespec, TreeSpec) and treespec.is_leaf()` instead.
/home/mobility/STiTy/.venv-autoseg/lib/python3.10/site-packages/pytorch_lightning/utilities/_pytree.py:21: `isinstance(treespec, LeafSpec)` is deprecated, use `isinstance(treespec, TreeSpec) and treespec.is_leaf()` instead.
[iter 4 개정] 후보 0: 11526자 train(40) score=0.6831 fmt=1.00
/home/mobility/STiTy/.venv-autoseg/lib/python3.10/site-packages/pytorch_lightning/utilities/_pytree.py:21: `isinstance(treespec, LeafSpec)` is deprecated, use `isinstance(treespec, TreeSpec) and treespec.is_leaf()` instead.
/home/mobility/STiTy/.venv-autoseg/lib/python3.10/site-packages/pytorch_lightning/utilities/_pytree.py:21: `isinstance(treespec, LeafSpec)` is deprecated, use `isinstance(treespec, TreeSpec) and treespec.is_leaf()` instead.
/home/mobility/STiTy/.venv-autoseg/lib/python3.10/site-packages/pytorch_lightning/utilities/_pytree.py:21: `isinstance(treespec, LeafSpec)` is deprecated, use `isinstance(treespec, TreeSpec) and treespec.is_leaf()` instead.
/home/mobility/STiTy/.venv-autoseg/lib/python3.10/site-packages/pytorch_lightning/utilities/_pytree.py:21: `isinstance(treespec, LeafSpec)` is deprecated, use `isinstance(treespec, TreeSpec) and treespec.is_leaf()` instead.
/home/mobility/STiTy/.venv-autoseg/lib/python3.10/site-packages/pytorch_lightning/utilities/_pytree.py:21: `isinstance(treespec, LeafSpec)` is deprecated, use `isinstance(treespec, TreeSpec) and treespec.is_leaf()` instead.
/home/mobility/STiTy/.venv-autoseg/lib/python3.10/site-packages/pytorch_lightning/utilities/_pytree.py:21: `isinstance(treespec, LeafSpec)` is deprecated, use `isinstance(treespec, TreeSpec) and treespec.is_leaf()` instead.
/home/mobility/STiTy/.venv-autoseg/lib/python3.10/site-packages/pytorch_lightning/utilities/_pytree.py:21: `isinstance(treespec, LeafSpec)` is deprecated, use `isinstance(treespec, TreeSpec) and treespec.is_leaf()` instead.
/home/mobility/STiTy/.venv-autoseg/lib/python3.10/site-packages/pytorch_lightning/utilities/_pytree.py:21: `isinstance(treespec, LeafSpec)` is deprecated, use `isinstance(treespec, TreeSpec) and treespec.is_leaf()` instead.
/home/mobility/STiTy/.venv-autoseg/lib/python3.10/site-packages/pytorch_lightning/utilities/_pytree.py:21: `isinstance(treespec, LeafSpec)` is deprecated, use `isinstance(treespec, TreeSpec) and treespec.is_leaf()` instead.
/home/mobility/STiTy/.venv-autoseg/lib/python3.10/site-packages/pytorch_lightning/utilities/_pytree.py:21: `isinstance(treespec, LeafSpec)` is deprecated, use `isinstance(treespec, TreeSpec) and treespec.is_leaf()` instead.
/home/mobility/STiTy/.venv-autoseg/lib/python3.10/site-packages/pytorch_lightning/utilities/_pytree.py:21: `isinstance(treespec, LeafSpec)` is deprecated, use `isinstance(treespec, TreeSpec) and treespec.is_leaf()` instead.
/home/mobility/STiTy/.venv-autoseg/lib/python3.10/site-packages/pytorch_lightning/utilities/_pytree.py:21: `isinstance(treespec, LeafSpec)` is deprecated, use `isinstance(treespec, TreeSpec) and treespec.is_leaf()` instead.
/home/mobility/STiTy/.venv-autoseg/lib/python3.10/site-packages/pytorch_lightning/utilities/_pytree.py:21: `isinstance(treespec, LeafSpec)` is deprecated, use `isinstance(treespec, TreeSpec) and treespec.is_leaf()` instead.
/home/mobility/STiTy/.venv-autoseg/lib/python3.10/site-packages/pytorch_lightning/utilities/_pytree.py:21: `isinstance(treespec, LeafSpec)` is deprecated, use `isinstance(treespec, TreeSpec) and treespec.is_leaf()` instead.
/home/mobility/STiTy/.venv-autoseg/lib/python3.10/site-packages/pytorch_lightning/utilities/_pytree.py:21: `isinstance(treespec, LeafSpec)` is deprecated, use `isinstance(treespec, TreeSpec) and treespec.is_leaf()` instead.
/home/mobility/STiTy/.venv-autoseg/lib/python3.10/site-packages/pytorch_lightning/utilities/_pytree.py:21: `isinstance(treespec, LeafSpec)` is deprecated, use `isinstance(treespec, TreeSpec) and treespec.is_leaf()` instead.
/home/mobility/STiTy/.venv-autoseg/lib/python3.10/site-packages/pytorch_lightning/utilities/_pytree.py:21: `isinstance(treespec, LeafSpec)` is deprecated, use `isinstance(treespec, TreeSpec) and treespec.is_leaf()` instead.
/home/mobility/STiTy/.venv-autoseg/lib/python3.10/site-packages/pytorch_lightning/utilities/_pytree.py:21: `isinstance(treespec, LeafSpec)` is deprecated, use `isinstance(treespec, TreeSpec) and treespec.is_leaf()` instead.
/home/mobility/STiTy/.venv-autoseg/lib/python3.10/site-packages/pytorch_lightning/utilities/_pytree.py:21: `isinstance(treespec, LeafSpec)` is deprecated, use `isinstance(treespec, TreeSpec) and treespec.is_leaf()` instead.
/home/mobility/STiTy/.venv-autoseg/lib/python3.10/site-packages/pytorch_lightning/utilities/_pytree.py:21: `isinstance(treespec, LeafSpec)` is deprecated, use `isinstance(treespec, TreeSpec) and treespec.is_leaf()` instead.
/home/mobility/STiTy/.venv-autoseg/lib/python3.10/site-packages/pytorch_lightning/utilities/_pytree.py:21: `isinstance(treespec, LeafSpec)` is deprecated, use `isinstance(treespec, TreeSpec) and treespec.is_leaf()` instead.
/home/mobility/STiTy/.venv-autoseg/lib/python3.10/site-packages/pytorch_lightning/utilities/_pytree.py:21: `isinstance(treespec, LeafSpec)` is deprecated, use `isinstance(treespec, TreeSpec) and treespec.is_leaf()` instead.
/home/mobility/STiTy/.venv-autoseg/lib/python3.10/site-packages/pytorch_lightning/utilities/_pytree.py:21: `isinstance(treespec, LeafSpec)` is deprecated, use `isinstance(treespec, TreeSpec) and treespec.is_leaf()` instead.
/home/mobility/STiTy/.venv-autoseg/lib/python3.10/site-packages/pytorch_lightning/utilities/_pytree.py:21: `isinstance(treespec, LeafSpec)` is deprecated, use `isinstance(treespec, TreeSpec) and treespec.is_leaf()` instead.
/home/mobility/STiTy/.venv-autoseg/lib/python3.10/site-packages/pytorch_lightning/utilities/_pytree.py:21: `isinstance(treespec, LeafSpec)` is deprecated, use `isinstance(treespec, TreeSpec) and treespec.is_leaf()` instead.
/home/mobility/STiTy/.venv-autoseg/lib/python3.10/site-packages/pytorch_lightning/utilities/_pytree.py:21: `isinstance(treespec, LeafSpec)` is deprecated, use `isinstance(treespec, TreeSpec) and treespec.is_leaf()` instead.
/home/mobility/STiTy/.venv-autoseg/lib/python3.10/site-packages/pytorch_lightning/utilities/_pytree.py:21: `isinstance(treespec, LeafSpec)` is deprecated, use `isinstance(treespec, TreeSpec) and treespec.is_leaf()` instead.
/home/mobility/STiTy/.venv-autoseg/lib/python3.10/site-packages/pytorch_lightning/utilities/_pytree.py:21: `isinstance(treespec, LeafSpec)` is deprecated, use `isinstance(treespec, TreeSpec) and treespec.is_leaf()` instead.
/home/mobility/STiTy/.venv-autoseg/lib/python3.10/site-packages/pytorch_lightning/utilities/_pytree.py:21: `isinstance(treespec, LeafSpec)` is deprecated, use `isinstance(treespec, TreeSpec) and treespec.is_leaf()` instead.
/home/mobility/STiTy/.venv-autoseg/lib/python3.10/site-packages/pytorch_lightning/utilities/_pytree.py:21: `isinstance(treespec, LeafSpec)` is deprecated, use `isinstance(treespec, TreeSpec) and treespec.is_leaf()` instead.
[iter 4 개정] 후보 1: 13477자 train(40) score=0.6814 fmt=1.00
/home/mobility/STiTy/.venv-autoseg/lib/python3.10/site-packages/pytorch_lightning/utilities/_pytree.py:21: `isinstance(treespec, LeafSpec)` is deprecated, use `isinstance(treespec, TreeSpec) and treespec.is_leaf()` instead.
/home/mobility/STiTy/.venv-autoseg/lib/python3.10/site-packages/pytorch_lightning/utilities/_pytree.py:21: `isinstance(treespec, LeafSpec)` is deprecated, use `isinstance(treespec, TreeSpec) and treespec.is_leaf()` instead.
/home/mobility/STiTy/.venv-autoseg/lib/python3.10/site-packages/pytorch_lightning/utilities/_pytree.py:21: `isinstance(treespec, LeafSpec)` is deprecated, use `isinstance(treespec, TreeSpec) and treespec.is_leaf()` instead.
/home/mobility/STiTy/.venv-autoseg/lib/python3.10/site-packages/pytorch_lightning/utilities/_pytree.py:21: `isinstance(treespec, LeafSpec)` is deprecated, use `isinstance(treespec, TreeSpec) and treespec.is_leaf()` instead.
/home/mobility/STiTy/.venv-autoseg/lib/python3.10/site-packages/pytorch_lightning/utilities/_pytree.py:21: `isinstance(treespec, LeafSpec)` is deprecated, use `isinstance(treespec, TreeSpec) and treespec.is_leaf()` instead.
/home/mobility/STiTy/.venv-autoseg/lib/python3.10/site-packages/pytorch_lightning/utilities/_pytree.py:21: `isinstance(treespec, LeafSpec)` is deprecated, use `isinstance(treespec, TreeSpec) and treespec.is_leaf()` instead.
/home/mobility/STiTy/.venv-autoseg/lib/python3.10/site-packages/pytorch_lightning/utilities/_pytree.py:21: `isinstance(treespec, LeafSpec)` is deprecated, use `isinstance(treespec, TreeSpec) and treespec.is_leaf()` instead.
/home/mobility/STiTy/.venv-autoseg/lib/python3.10/site-packages/pytorch_lightning/utilities/_pytree.py:21: `isinstance(treespec, LeafSpec)` is deprecated, use `isinstance(treespec, TreeSpec) and treespec.is_leaf()` instead.
/home/mobility/STiTy/.venv-autoseg/lib/python3.10/site-packages/pytorch_lightning/utilities/_pytree.py:21: `isinstance(treespec, LeafSpec)` is deprecated, use `isinstance(treespec, TreeSpec) and treespec.is_leaf()` instead.
/home/mobility/STiTy/.venv-autoseg/lib/python3.10/site-packages/pytorch_lightning/utilities/_pytree.py:21: `isinstance(treespec, LeafSpec)` is deprecated, use `isinstance(treespec, TreeSpec) and treespec.is_leaf()` instead.
/home/mobility/STiTy/.venv-autoseg/lib/python3.10/site-packages/pytorch_lightning/utilities/_pytree.py:21: `isinstance(treespec, LeafSpec)` is deprecated, use `isinstance(treespec, TreeSpec) and treespec.is_leaf()` instead.
/home/mobility/STiTy/.venv-autoseg/lib/python3.10/site-packages/pytorch_lightning/utilities/_pytree.py:21: `isinstance(treespec, LeafSpec)` is deprecated, use `isinstance(treespec, TreeSpec) and treespec.is_leaf()` instead.
/home/mobility/STiTy/.venv-autoseg/lib/python3.10/site-packages/pytorch_lightning/utilities/_pytree.py:21: `isinstance(treespec, LeafSpec)` is deprecated, use `isinstance(treespec, TreeSpec) and treespec.is_leaf()` instead.
/home/mobility/STiTy/.venv-autoseg/lib/python3.10/site-packages/pytorch_lightning/utilities/_pytree.py:21: `isinstance(treespec, LeafSpec)` is deprecated, use `isinstance(treespec, TreeSpec) and treespec.is_leaf()` instead.
/home/mobility/STiTy/.venv-autoseg/lib/python3.10/site-packages/pytorch_lightning/utilities/_pytree.py:21: `isinstance(treespec, LeafSpec)` is deprecated, use `isinstance(treespec, TreeSpec) and treespec.is_leaf()` instead.
/home/mobility/STiTy/.venv-autoseg/lib/python3.10/site-packages/pytorch_lightning/utilities/_pytree.py:21: `isinstance(treespec, LeafSpec)` is deprecated, use `isinstance(treespec, TreeSpec) and treespec.is_leaf()` instead.
/home/mobility/STiTy/.venv-autoseg/lib/python3.10/site-packages/pytorch_lightning/utilities/_pytree.py:21: `isinstance(treespec, LeafSpec)` is deprecated, use `isinstance(treespec, TreeSpec) and treespec.is_leaf()` instead.
/home/mobility/STiTy/.venv-autoseg/lib/python3.10/site-packages/pytorch_lightning/utilities/_pytree.py:21: `isinstance(treespec, LeafSpec)` is deprecated, use `isinstance(treespec, TreeSpec) and treespec.is_leaf()` instead.
/home/mobility/STiTy/.venv-autoseg/lib/python3.10/site-packages/pytorch_lightning/utilities/_pytree.py:21: `isinstance(treespec, LeafSpec)` is deprecated, use `isinstance(treespec, TreeSpec) and treespec.is_leaf()` instead.
/home/mobility/STiTy/.venv-autoseg/lib/python3.10/site-packages/pytorch_lightning/utilities/_pytree.py:21: `isinstance(treespec, LeafSpec)` is deprecated, use `isinstance(treespec, TreeSpec) and treespec.is_leaf()` instead.
/home/mobility/STiTy/.venv-autoseg/lib/python3.10/site-packages/pytorch_lightning/utilities/_pytree.py:21: `isinstance(treespec, LeafSpec)` is deprecated, use `isinstance(treespec, TreeSpec) and treespec.is_leaf()` instead.
/home/mobility/STiTy/.venv-autoseg/lib/python3.10/site-packages/pytorch_lightning/utilities/_pytree.py:21: `isinstance(treespec, LeafSpec)` is deprecated, use `isinstance(treespec, TreeSpec) and treespec.is_leaf()` instead.
/home/mobility/STiTy/.venv-autoseg/lib/python3.10/site-packages/pytorch_lightning/utilities/_pytree.py:21: `isinstance(treespec, LeafSpec)` is deprecated, use `isinstance(treespec, TreeSpec) and treespec.is_leaf()` instead.
/home/mobility/STiTy/.venv-autoseg/lib/python3.10/site-packages/pytorch_lightning/utilities/_pytree.py:21: `isinstance(treespec, LeafSpec)` is deprecated, use `isinstance(treespec, TreeSpec) and treespec.is_leaf()` instead.
/home/mobility/STiTy/.venv-autoseg/lib/python3.10/site-packages/pytorch_lightning/utilities/_pytree.py:21: `isinstance(treespec, LeafSpec)` is deprecated, use `isinstance(treespec, TreeSpec) and treespec.is_leaf()` instead.
/home/mobility/STiTy/.venv-autoseg/lib/python3.10/site-packages/pytorch_lightning/utilities/_pytree.py:21: `isinstance(treespec, LeafSpec)` is deprecated, use `isinstance(treespec, TreeSpec) and treespec.is_leaf()` instead.
/home/mobility/STiTy/.venv-autoseg/lib/python3.10/site-packages/pytorch_lightning/utilities/_pytree.py:21: `isinstance(treespec, LeafSpec)` is deprecated, use `isinstance(treespec, TreeSpec) and treespec.is_leaf()` instead.
/home/mobility/STiTy/.venv-autoseg/lib/python3.10/site-packages/pytorch_lightning/utilities/_pytree.py:21: `isinstance(treespec, LeafSpec)` is deprecated, use `isinstance(treespec, TreeSpec) and treespec.is_leaf()` instead.
/home/mobility/STiTy/.venv-autoseg/lib/python3.10/site-packages/pytorch_lightning/utilities/_pytree.py:21: `isinstance(treespec, LeafSpec)` is deprecated, use `isinstance(treespec, TreeSpec) and treespec.is_leaf()` instead.
/home/mobility/STiTy/.venv-autoseg/lib/python3.10/site-packages/pytorch_lightning/utilities/_pytree.py:21: `isinstance(treespec, LeafSpec)` is deprecated, use `isinstance(treespec, TreeSpec) and treespec.is_leaf()` instead.
[iter 4 개정] 후보 2: 12677자 train(40) score=0.6794 fmt=0.97
[iter 4 개정] 후보 0 채택 (score=0.6831) — dev 미사용
[iter 4] 개정 후보 3/3 통과
[iter 4] 개정: ['[Role]', '[Core Principles]', '[Never Segment]', '[Priority Rules]', '[Examples — Segment]', '[Examples — Do NOT Segment]']  (PE 신고 ['[Role]', '[Core Principles]', '[Never Segment]', '[Examples — Segment]', '[Examples — Do NOT Segment]'] — 불일치)
[iter 4] 소요 1674초 = train_eval 43 + judge 146 + rank_audit 0 + dev_eval 824 + critic 0 + prompt_engineer 182 + select_prompt 479
/home/mobility/STiTy/.venv-autoseg/lib/python3.10/site-packages/pytorch_lightning/utilities/_pytree.py:21: `isinstance(treespec, LeafSpec)` is deprecated, use `isinstance(treespec, TreeSpec) and treespec.is_leaf()` instead.
/home/mobility/STiTy/.venv-autoseg/lib/python3.10/site-packages/pytorch_lightning/utilities/_pytree.py:21: `isinstance(treespec, LeafSpec)` is deprecated, use `isinstance(treespec, TreeSpec) and treespec.is_leaf()` instead.
/home/mobility/STiTy/.venv-autoseg/lib/python3.10/site-packages/pytorch_lightning/utilities/_pytree.py:21: `isinstance(treespec, LeafSpec)` is deprecated, use `isinstance(treespec, TreeSpec) and treespec.is_leaf()` instead.
/home/mobility/STiTy/.venv-autoseg/lib/python3.10/site-packages/pytorch_lightning/utilities/_pytree.py:21: `isinstance(treespec, LeafSpec)` is deprecated, use `isinstance(treespec, TreeSpec) and treespec.is_leaf()` instead.
/home/mobility/STiTy/.venv-autoseg/lib/python3.10/site-packages/pytorch_lightning/utilities/_pytree.py:21: `isinstance(treespec, LeafSpec)` is deprecated, use `isinstance(treespec, TreeSpec) and treespec.is_leaf()` instead.
/home/mobility/STiTy/.venv-autoseg/lib/python3.10/site-packages/pytorch_lightning/utilities/_pytree.py:21: `isinstance(treespec, LeafSpec)` is deprecated, use `isinstance(treespec, TreeSpec) and treespec.is_leaf()` instead.
/home/mobility/STiTy/.venv-autoseg/lib/python3.10/site-packages/pytorch_lightning/utilities/_pytree.py:21: `isinstance(treespec, LeafSpec)` is deprecated, use `isinstance(treespec, TreeSpec) and treespec.is_leaf()` instead.
/home/mobility/STiTy/.venv-autoseg/lib/python3.10/site-packages/pytorch_lightning/utilities/_pytree.py:21: `isinstance(treespec, LeafSpec)` is deprecated, use `isinstance(treespec, TreeSpec) and treespec.is_leaf()` instead.
/home/mobility/STiTy/.venv-autoseg/lib/python3.10/site-packages/pytorch_lightning/utilities/_pytree.py:21: `isinstance(treespec, LeafSpec)` is deprecated, use `isinstance(treespec, TreeSpec) and treespec.is_leaf()` instead.
/home/mobility/STiTy/.venv-autoseg/lib/python3.10/site-packages/pytorch_lightning/utilities/_pytree.py:21: `isinstance(treespec, LeafSpec)` is deprecated, use `isinstance(treespec, TreeSpec) and treespec.is_leaf()` instead.
/home/mobility/STiTy/.venv-autoseg/lib/python3.10/site-packages/pytorch_lightning/utilities/_pytree.py:21: `isinstance(treespec, LeafSpec)` is deprecated, use `isinstance(treespec, TreeSpec) and treespec.is_leaf()` instead.
/home/mobility/STiTy/.venv-autoseg/lib/python3.10/site-packages/pytorch_lightning/utilities/_pytree.py:21: `isinstance(treespec, LeafSpec)` is deprecated, use `isinstance(treespec, TreeSpec) and treespec.is_leaf()` instead.
/home/mobility/STiTy/.venv-autoseg/lib/python3.10/site-packages/pytorch_lightning/utilities/_pytree.py:21: `isinstance(treespec, LeafSpec)` is deprecated, use `isinstance(treespec, TreeSpec) and treespec.is_leaf()` instead.
/home/mobility/STiTy/.venv-autoseg/lib/python3.10/site-packages/pytorch_lightning/utilities/_pytree.py:21: `isinstance(treespec, LeafSpec)` is deprecated, use `isinstance(treespec, TreeSpec) and treespec.is_leaf()` instead.
/home/mobility/STiTy/.venv-autoseg/lib/python3.10/site-packages/pytorch_lightning/utilities/_pytree.py:21: `isinstance(treespec, LeafSpec)` is deprecated, use `isinstance(treespec, TreeSpec) and treespec.is_leaf()` instead.
/home/mobility/STiTy/.venv-autoseg/lib/python3.10/site-packages/pytorch_lightning/utilities/_pytree.py:21: `isinstance(treespec, LeafSpec)` is deprecated, use `isinstance(treespec, TreeSpec) and treespec.is_leaf()` instead.
/home/mobility/STiTy/.venv-autoseg/lib/python3.10/site-packages/pytorch_lightning/utilities/_pytree.py:21: `isinstance(treespec, LeafSpec)` is deprecated, use `isinstance(treespec, TreeSpec) and treespec.is_leaf()` instead.
/home/mobility/STiTy/.venv-autoseg/lib/python3.10/site-packages/pytorch_lightning/utilities/_pytree.py:21: `isinstance(treespec, LeafSpec)` is deprecated, use `isinstance(treespec, TreeSpec) and treespec.is_leaf()` instead.
/home/mobility/STiTy/.venv-autoseg/lib/python3.10/site-packages/pytorch_lightning/utilities/_pytree.py:21: `isinstance(treespec, LeafSpec)` is deprecated, use `isinstance(treespec, TreeSpec) and treespec.is_leaf()` instead.
/home/mobility/STiTy/.venv-autoseg/lib/python3.10/site-packages/pytorch_lightning/utilities/_pytree.py:21: `isinstance(treespec, LeafSpec)` is deprecated, use `isinstance(treespec, TreeSpec) and treespec.is_leaf()` instead.
/home/mobility/STiTy/.venv-autoseg/lib/python3.10/site-packages/pytorch_lightning/utilities/_pytree.py:21: `isinstance(treespec, LeafSpec)` is deprecated, use `isinstance(treespec, TreeSpec) and treespec.is_leaf()` instead.
/home/mobility/STiTy/.venv-autoseg/lib/python3.10/site-packages/pytorch_lightning/utilities/_pytree.py:21: `isinstance(treespec, LeafSpec)` is deprecated, use `isinstance(treespec, TreeSpec) and treespec.is_leaf()` instead.
/home/mobility/STiTy/.venv-autoseg/lib/python3.10/site-packages/pytorch_lightning/utilities/_pytree.py:21: `isinstance(treespec, LeafSpec)` is deprecated, use `isinstance(treespec, TreeSpec) and treespec.is_leaf()` instead.
/home/mobility/STiTy/.venv-autoseg/lib/python3.10/site-packages/pytorch_lightning/utilities/_pytree.py:21: `isinstance(treespec, LeafSpec)` is deprecated, use `isinstance(treespec, TreeSpec) and treespec.is_leaf()` instead.
/home/mobility/STiTy/.venv-autoseg/lib/python3.10/site-packages/pytorch_lightning/utilities/_pytree.py:21: `isinstance(treespec, LeafSpec)` is deprecated, use `isinstance(treespec, TreeSpec) and treespec.is_leaf()` instead.
/home/mobility/STiTy/.venv-autoseg/lib/python3.10/site-packages/pytorch_lightning/utilities/_pytree.py:21: `isinstance(treespec, LeafSpec)` is deprecated, use `isinstance(treespec, TreeSpec) and treespec.is_leaf()` instead.
/home/mobility/STiTy/.venv-autoseg/lib/python3.10/site-packages/pytorch_lightning/utilities/_pytree.py:21: `isinstance(treespec, LeafSpec)` is deprecated, use `isinstance(treespec, TreeSpec) and treespec.is_leaf()` instead.
/home/mobility/STiTy/.venv-autoseg/lib/python3.10/site-packages/pytorch_lightning/utilities/_pytree.py:21: `isinstance(treespec, LeafSpec)` is deprecated, use `isinstance(treespec, TreeSpec) and treespec.is_leaf()` instead.
/home/mobility/STiTy/.venv-autoseg/lib/python3.10/site-packages/pytorch_lightning/utilities/_pytree.py:21: `isinstance(treespec, LeafSpec)` is deprecated, use `isinstance(treespec, TreeSpec) and treespec.is_leaf()` instead.
/home/mobility/STiTy/.venv-autoseg/lib/python3.10/site-packages/pytorch_lightning/utilities/_pytree.py:21: `isinstance(treespec, LeafSpec)` is deprecated, use `isinstance(treespec, TreeSpec) and treespec.is_leaf()` instead.
HTTP Request: POST https://gw.letsur.ai/v1/chat/completions "HTTP/1.1 200 OK"
HTTP Request: POST https://gw.letsur.ai/v1/chat/completions "HTTP/1.1 200 OK"
HTTP Request: POST https://gw.letsur.ai/v1/chat/completions "HTTP/1.1 200 OK"
HTTP Request: POST https://gw.letsur.ai/v1/chat/completions "HTTP/1.1 200 OK"
HTTP Request: POST https://gw.letsur.ai/v1/chat/completions "HTTP/1.1 200 OK"
HTTP Request: POST https://gw.letsur.ai/v1/chat/completions "HTTP/1.1 200 OK"
HTTP Request: POST https://gw.letsur.ai/v1/chat/completions "HTTP/1.1 200 OK"
HTTP Request: POST https://gw.letsur.ai/v1/chat/completions "HTTP/1.1 200 OK"
HTTP Request: POST https://gw.letsur.ai/v1/chat/completions "HTTP/1.1 200 OK"
HTTP Request: POST https://gw.letsur.ai/v1/chat/completions "HTTP/1.1 200 OK"
HTTP Request: POST https://gw.letsur.ai/v1/chat/completions "HTTP/1.1 200 OK"
HTTP Request: POST https://gw.letsur.ai/v1/chat/completions "HTTP/1.1 200 OK"
HTTP Request: POST https://gw.letsur.ai/v1/chat/completions "HTTP/1.1 200 OK"
HTTP Request: POST https://gw.letsur.ai/v1/chat/completions "HTTP/1.1 200 OK"
HTTP Request: POST https://gw.letsur.ai/v1/chat/completions "HTTP/1.1 200 OK"
HTTP Request: POST https://gw.letsur.ai/v1/chat/completions "HTTP/1.1 200 OK"
HTTP Request: POST https://gw.letsur.ai/v1/chat/completions "HTTP/1.1 200 OK"
HTTP Request: POST https://gw.letsur.ai/v1/chat/completions "HTTP/1.1 200 OK"
HTTP Request: POST https://gw.letsur.ai/v1/chat/completions "HTTP/1.1 200 OK"
HTTP Request: POST https://gw.letsur.ai/v1/chat/completions "HTTP/1.1 200 OK"
HTTP Request: POST https://gw.letsur.ai/v1/chat/completions "HTTP/1.1 200 OK"
HTTP Request: POST https://gw.letsur.ai/v1/chat/completions "HTTP/1.1 200 OK"
HTTP Request: POST https://gw.letsur.ai/v1/chat/completions "HTTP/1.1 200 OK"
HTTP Request: POST https://gw.letsur.ai/v1/chat/completions "HTTP/1.1 200 OK"
HTTP Request: POST https://gw.letsur.ai/v1/chat/completions "HTTP/1.1 200 OK"
HTTP Request: POST https://gw.letsur.ai/v1/chat/completions "HTTP/1.1 200 OK"
HTTP Request: POST https://gw.letsur.ai/v1/chat/completions "HTTP/1.1 200 OK"
HTTP Request: POST https://gw.letsur.ai/v1/chat/completions "HTTP/1.1 200 OK"
HTTP Request: POST https://gw.letsur.ai/v1/chat/completions "HTTP/1.1 200 OK"
HTTP Request: POST https://gw.letsur.ai/v1/chat/completions "HTTP/1.1 200 OK"
HTTP Request: POST https://gw.letsur.ai/v1/chat/completions "HTTP/1.1 200 OK"
HTTP Request: POST https://gw.letsur.ai/v1/chat/completions "HTTP/1.1 200 OK"
HTTP Request: POST https://gw.letsur.ai/v1/chat/completions "HTTP/1.1 200 OK"
HTTP Request: POST https://gw.letsur.ai/v1/chat/completions "HTTP/1.1 200 OK"
HTTP Request: POST https://gw.letsur.ai/v1/chat/completions "HTTP/1.1 200 OK"
HTTP Request: POST https://gw.letsur.ai/v1/chat/completions "HTTP/1.1 200 OK"
HTTP Request: POST https://gw.letsur.ai/v1/chat/completions "HTTP/1.1 200 OK"
HTTP Request: POST https://gw.letsur.ai/v1/chat/completions "HTTP/1.1 200 OK"
HTTP Request: POST https://gw.letsur.ai/v1/chat/completions "HTTP/1.1 200 OK"
HTTP Request: POST https://gw.letsur.ai/v1/chat/completions "HTTP/1.1 200 OK"
HTTP Request: POST https://gw.letsur.ai/v1/chat/completions "HTTP/1.1 200 OK"
HTTP Request: POST https://gw.letsur.ai/v1/chat/completions "HTTP/1.1 200 OK"
HTTP Request: POST https://gw.letsur.ai/v1/chat/completions "HTTP/1.1 200 OK"
HTTP Request: POST https://gw.letsur.ai/v1/chat/completions "HTTP/1.1 200 OK"
HTTP Request: POST https://gw.letsur.ai/v1/chat/completions "HTTP/1.1 200 OK"
HTTP Request: POST https://gw.letsur.ai/v1/chat/completions "HTTP/1.1 200 OK"
HTTP Request: POST https://gw.letsur.ai/v1/chat/completions "HTTP/1.1 200 OK"
HTTP Request: POST https://gw.letsur.ai/v1/chat/completions "HTTP/1.1 200 OK"
HTTP Request: POST https://gw.letsur.ai/v1/chat/completions "HTTP/1.1 200 OK"
HTTP Request: POST https://gw.letsur.ai/v1/chat/completions "HTTP/1.1 200 OK"
[iter 5] 순위감사 최다 과신 '뒤 구두점 ','' 백분위 0.33 contra 0.1880 (n=14)
[iter 5] 순위진단(T=4) gap=+0.0445±0.0398(n=40) Spearman=+0.209(n=37)
[iter 5] train fmt=1.00(1st 0.68)  T4: eff=0.6176 p10=0.4551 [ent 0.5413] adq=0.7654 contra=0.154 laal=3.30 k=5.28 miss=0.00  T6: eff=0.6926 p10=0.5050 [ent 0.6205] adq=0.8034 contra=0.080 laal=4.70 k=3.60 miss=0.00  T12: eff=0.7392 p10=0.5682 [ent 0.6727] adq=0.8495 contra=0.073 laal=10.51 k=1.73 miss=0.00  score=0.6831  rank_lift=+0.0916(t+1.8, T12)
HTTP Request: POST https://gw.letsur.ai/v1/chat/completions "HTTP/1.1 200 OK"
HTTP Request: POST https://gw.letsur.ai/v1/chat/completions "HTTP/1.1 200 OK"
HTTP Request: POST https://gw.letsur.ai/v1/chat/completions "HTTP/1.1 200 OK"
HTTP Request: POST https://gw.letsur.ai/v1/chat/completions "HTTP/1.1 200 OK"
HTTP Request: POST https://gw.letsur.ai/v1/chat/completions "HTTP/1.1 200 OK"
HTTP Request: POST https://gw.letsur.ai/v1/chat/completions "HTTP/1.1 200 OK"
HTTP Request: POST https://gw.letsur.ai/v1/chat/completions "HTTP/1.1 200 OK"
HTTP Request: POST https://gw.letsur.ai/v1/chat/completions "HTTP/1.1 200 OK"
HTTP Request: POST https://gw.letsur.ai/v1/chat/completions "HTTP/1.1 200 OK"
HTTP Request: POST https://gw.letsur.ai/v1/chat/completions "HTTP/1.1 200 OK"
HTTP Request: POST https://gw.letsur.ai/v1/chat/completions "HTTP/1.1 200 OK"
HTTP Request: POST https://gw.letsur.ai/v1/chat/completions "HTTP/1.1 200 OK"
HTTP Request: POST https://gw.letsur.ai/v1/chat/completions "HTTP/1.1 200 OK"
HTTP Request: POST https://gw.letsur.ai/v1/chat/completions "HTTP/1.1 200 OK"
HTTP Request: POST https://gw.letsur.ai/v1/chat/completions "HTTP/1.1 200 OK"
HTTP Request: POST https://gw.letsur.ai/v1/chat/completions "HTTP/1.1 200 OK"
HTTP Request: POST https://gw.letsur.ai/v1/chat/completions "HTTP/1.1 200 OK"
HTTP Request: POST https://gw.letsur.ai/v1/chat/completions "HTTP/1.1 200 OK"
HTTP Request: POST https://gw.letsur.ai/v1/chat/completions "HTTP/1.1 200 OK"
HTTP Request: POST https://gw.letsur.ai/v1/chat/completions "HTTP/1.1 200 OK"
HTTP Request: POST https://gw.letsur.ai/v1/chat/completions "HTTP/1.1 200 OK"
HTTP Request: POST https://gw.letsur.ai/v1/chat/completions "HTTP/1.1 200 OK"
HTTP Request: POST https://gw.letsur.ai/v1/chat/completions "HTTP/1.1 200 OK"
HTTP Request: POST https://gw.letsur.ai/v1/chat/completions "HTTP/1.1 200 OK"
HTTP Request: POST https://gw.letsur.ai/v1/chat/completions "HTTP/1.1 200 OK"
HTTP Request: POST https://gw.letsur.ai/v1/chat/completions "HTTP/1.1 200 OK"
HTTP Request: POST https://gw.letsur.ai/v1/chat/completions "HTTP/1.1 200 OK"
HTTP Request: POST https://gw.letsur.ai/v1/chat/completions "HTTP/1.1 200 OK"
HTTP Request: POST https://gw.letsur.ai/v1/chat/completions "HTTP/1.1 200 OK"
HTTP Request: POST https://gw.letsur.ai/v1/chat/completions "HTTP/1.1 200 OK"
HTTP Request: POST https://gw.letsur.ai/v1/chat/completions "HTTP/1.1 200 OK"
HTTP Request: POST https://gw.letsur.ai/v1/chat/completions "HTTP/1.1 200 OK"
HTTP Request: POST https://gw.letsur.ai/v1/chat/completions "HTTP/1.1 200 OK"
HTTP Request: POST https://gw.letsur.ai/v1/chat/completions "HTTP/1.1 200 OK"
HTTP Request: POST https://gw.letsur.ai/v1/chat/completions "HTTP/1.1 200 OK"
HTTP Request: POST https://gw.letsur.ai/v1/chat/completions "HTTP/1.1 200 OK"
HTTP Request: POST https://gw.letsur.ai/v1/chat/completions "HTTP/1.1 200 OK"
HTTP Request: POST https://gw.letsur.ai/v1/chat/completions "HTTP/1.1 200 OK"
HTTP Request: POST https://gw.letsur.ai/v1/chat/completions "HTTP/1.1 200 OK"
HTTP Request: POST https://gw.letsur.ai/v1/chat/completions "HTTP/1.1 200 OK"
HTTP Request: POST https://gw.letsur.ai/v1/chat/completions "HTTP/1.1 200 OK"
HTTP Request: POST https://gw.letsur.ai/v1/chat/completions "HTTP/1.1 200 OK"
HTTP Request: POST https://gw.letsur.ai/v1/chat/completions "HTTP/1.1 200 OK"
HTTP Request: POST https://gw.letsur.ai/v1/chat/completions "HTTP/1.1 200 OK"
HTTP Request: POST https://gw.letsur.ai/v1/chat/completions "HTTP/1.1 200 OK"
HTTP Request: POST https://gw.letsur.ai/v1/chat/completions "HTTP/1.1 200 OK"
HTTP Request: POST https://gw.letsur.ai/v1/chat/completions "HTTP/1.1 200 OK"
HTTP Request: POST https://gw.letsur.ai/v1/chat/completions "HTTP/1.1 200 OK"
HTTP Request: POST https://gw.letsur.ai/v1/chat/completions "HTTP/1.1 200 OK"
HTTP Request: POST https://gw.letsur.ai/v1/chat/completions "HTTP/1.1 200 OK"
HTTP Request: POST https://gw.letsur.ai/v1/chat/completions "HTTP/1.1 200 OK"
HTTP Request: POST https://gw.letsur.ai/v1/chat/completions "HTTP/1.1 200 OK"
HTTP Request: POST https://gw.letsur.ai/v1/chat/completions "HTTP/1.1 200 OK"
HTTP Request: POST https://gw.letsur.ai/v1/chat/completions "HTTP/1.1 200 OK"
HTTP Request: POST https://gw.letsur.ai/v1/chat/completions "HTTP/1.1 200 OK"
HTTP Request: POST https://gw.letsur.ai/v1/chat/completions "HTTP/1.1 200 OK"
HTTP Request: POST https://gw.letsur.ai/v1/chat/completions "HTTP/1.1 200 OK"
HTTP Request: POST https://gw.letsur.ai/v1/chat/completions "HTTP/1.1 200 OK"
HTTP Request: POST https://gw.letsur.ai/v1/chat/completions "HTTP/1.1 200 OK"
HTTP Request: POST https://gw.letsur.ai/v1/chat/completions "HTTP/1.1 200 OK"
HTTP Request: POST https://gw.letsur.ai/v1/chat/completions "HTTP/1.1 200 OK"
HTTP Request: POST https://gw.letsur.ai/v1/chat/completions "HTTP/1.1 200 OK"
HTTP Request: POST https://gw.letsur.ai/v1/chat/completions "HTTP/1.1 200 OK"
HTTP Request: POST https://gw.letsur.ai/v1/chat/completions "HTTP/1.1 200 OK"
HTTP Request: POST https://gw.letsur.ai/v1/chat/completions "HTTP/1.1 200 OK"
HTTP Request: POST https://gw.letsur.ai/v1/chat/completions "HTTP/1.1 200 OK"
HTTP Request: POST https://gw.letsur.ai/v1/chat/completions "HTTP/1.1 200 OK"
HTTP Request: POST https://gw.letsur.ai/v1/chat/completions "HTTP/1.1 200 OK"
HTTP Request: POST https://gw.letsur.ai/v1/chat/completions "HTTP/1.1 200 OK"
HTTP Request: POST https://gw.letsur.ai/v1/chat/completions "HTTP/1.1 200 OK"
HTTP Request: POST https://gw.letsur.ai/v1/chat/completions "HTTP/1.1 200 OK"
/home/mobility/STiTy/.venv-autoseg/lib/python3.10/site-packages/pytorch_lightning/utilities/_pytree.py:21: `isinstance(treespec, LeafSpec)` is deprecated, use `isinstance(treespec, TreeSpec) and treespec.is_leaf()` instead.
/home/mobility/STiTy/.venv-autoseg/lib/python3.10/site-packages/pytorch_lightning/utilities/_pytree.py:21: `isinstance(treespec, LeafSpec)` is deprecated, use `isinstance(treespec, TreeSpec) and treespec.is_leaf()` instead.
/home/mobility/STiTy/.venv-autoseg/lib/python3.10/site-packages/pytorch_lightning/utilities/_pytree.py:21: `isinstance(treespec, LeafSpec)` is deprecated, use `isinstance(treespec, TreeSpec) and treespec.is_leaf()` instead.
/home/mobility/STiTy/.venv-autoseg/lib/python3.10/site-packages/pytorch_lightning/utilities/_pytree.py:21: `isinstance(treespec, LeafSpec)` is deprecated, use `isinstance(treespec, TreeSpec) and treespec.is_leaf()` instead.
/home/mobility/STiTy/.venv-autoseg/lib/python3.10/site-packages/pytorch_lightning/utilities/_pytree.py:21: `isinstance(treespec, LeafSpec)` is deprecated, use `isinstance(treespec, TreeSpec) and treespec.is_leaf()` instead.
/home/mobility/STiTy/.venv-autoseg/lib/python3.10/site-packages/pytorch_lightning/utilities/_pytree.py:21: `isinstance(treespec, LeafSpec)` is deprecated, use `isinstance(treespec, TreeSpec) and treespec.is_leaf()` instead.
/home/mobility/STiTy/.venv-autoseg/lib/python3.10/site-packages/pytorch_lightning/utilities/_pytree.py:21: `isinstance(treespec, LeafSpec)` is deprecated, use `isinstance(treespec, TreeSpec) and treespec.is_leaf()` instead.
/home/mobility/STiTy/.venv-autoseg/lib/python3.10/site-packages/pytorch_lightning/utilities/_pytree.py:21: `isinstance(treespec, LeafSpec)` is deprecated, use `isinstance(treespec, TreeSpec) and treespec.is_leaf()` instead.
/home/mobility/STiTy/.venv-autoseg/lib/python3.10/site-packages/pytorch_lightning/utilities/_pytree.py:21: `isinstance(treespec, LeafSpec)` is deprecated, use `isinstance(treespec, TreeSpec) and treespec.is_leaf()` instead.
/home/mobility/STiTy/.venv-autoseg/lib/python3.10/site-packages/pytorch_lightning/utilities/_pytree.py:21: `isinstance(treespec, LeafSpec)` is deprecated, use `isinstance(treespec, TreeSpec) and treespec.is_leaf()` instead.
/home/mobility/STiTy/.venv-autoseg/lib/python3.10/site-packages/pytorch_lightning/utilities/_pytree.py:21: `isinstance(treespec, LeafSpec)` is deprecated, use `isinstance(treespec, TreeSpec) and treespec.is_leaf()` instead.
/home/mobility/STiTy/.venv-autoseg/lib/python3.10/site-packages/pytorch_lightning/utilities/_pytree.py:21: `isinstance(treespec, LeafSpec)` is deprecated, use `isinstance(treespec, TreeSpec) and treespec.is_leaf()` instead.
/home/mobility/STiTy/.venv-autoseg/lib/python3.10/site-packages/pytorch_lightning/utilities/_pytree.py:21: `isinstance(treespec, LeafSpec)` is deprecated, use `isinstance(treespec, TreeSpec) and treespec.is_leaf()` instead.
/home/mobility/STiTy/.venv-autoseg/lib/python3.10/site-packages/pytorch_lightning/utilities/_pytree.py:21: `isinstance(treespec, LeafSpec)` is deprecated, use `isinstance(treespec, TreeSpec) and treespec.is_leaf()` instead.
/home/mobility/STiTy/.venv-autoseg/lib/python3.10/site-packages/pytorch_lightning/utilities/_pytree.py:21: `isinstance(treespec, LeafSpec)` is deprecated, use `isinstance(treespec, TreeSpec) and treespec.is_leaf()` instead.
/home/mobility/STiTy/.venv-autoseg/lib/python3.10/site-packages/pytorch_lightning/utilities/_pytree.py:21: `isinstance(treespec, LeafSpec)` is deprecated, use `isinstance(treespec, TreeSpec) and treespec.is_leaf()` instead.
/home/mobility/STiTy/.venv-autoseg/lib/python3.10/site-packages/pytorch_lightning/utilities/_pytree.py:21: `isinstance(treespec, LeafSpec)` is deprecated, use `isinstance(treespec, TreeSpec) and treespec.is_leaf()` instead.
/home/mobility/STiTy/.venv-autoseg/lib/python3.10/site-packages/pytorch_lightning/utilities/_pytree.py:21: `isinstance(treespec, LeafSpec)` is deprecated, use `isinstance(treespec, TreeSpec) and treespec.is_leaf()` instead.
/home/mobility/STiTy/.venv-autoseg/lib/python3.10/site-packages/pytorch_lightning/utilities/_pytree.py:21: `isinstance(treespec, LeafSpec)` is deprecated, use `isinstance(treespec, TreeSpec) and treespec.is_leaf()` instead.
/home/mobility/STiTy/.venv-autoseg/lib/python3.10/site-packages/pytorch_lightning/utilities/_pytree.py:21: `isinstance(treespec, LeafSpec)` is deprecated, use `isinstance(treespec, TreeSpec) and treespec.is_leaf()` instead.
/home/mobility/STiTy/.venv-autoseg/lib/python3.10/site-packages/pytorch_lightning/utilities/_pytree.py:21: `isinstance(treespec, LeafSpec)` is deprecated, use `isinstance(treespec, TreeSpec) and treespec.is_leaf()` instead.
/home/mobility/STiTy/.venv-autoseg/lib/python3.10/site-packages/pytorch_lightning/utilities/_pytree.py:21: `isinstance(treespec, LeafSpec)` is deprecated, use `isinstance(treespec, TreeSpec) and treespec.is_leaf()` instead.
/home/mobility/STiTy/.venv-autoseg/lib/python3.10/site-packages/pytorch_lightning/utilities/_pytree.py:21: `isinstance(treespec, LeafSpec)` is deprecated, use `isinstance(treespec, TreeSpec) and treespec.is_leaf()` instead.
/home/mobility/STiTy/.venv-autoseg/lib/python3.10/site-packages/pytorch_lightning/utilities/_pytree.py:21: `isinstance(treespec, LeafSpec)` is deprecated, use `isinstance(treespec, TreeSpec) and treespec.is_leaf()` instead.
/home/mobility/STiTy/.venv-autoseg/lib/python3.10/site-packages/pytorch_lightning/utilities/_pytree.py:21: `isinstance(treespec, LeafSpec)` is deprecated, use `isinstance(treespec, TreeSpec) and treespec.is_leaf()` instead.
/home/mobility/STiTy/.venv-autoseg/lib/python3.10/site-packages/pytorch_lightning/utilities/_pytree.py:21: `isinstance(treespec, LeafSpec)` is deprecated, use `isinstance(treespec, TreeSpec) and treespec.is_leaf()` instead.
/home/mobility/STiTy/.venv-autoseg/lib/python3.10/site-packages/pytorch_lightning/utilities/_pytree.py:21: `isinstance(treespec, LeafSpec)` is deprecated, use `isinstance(treespec, TreeSpec) and treespec.is_leaf()` instead.
/home/mobility/STiTy/.venv-autoseg/lib/python3.10/site-packages/pytorch_lightning/utilities/_pytree.py:21: `isinstance(treespec, LeafSpec)` is deprecated, use `isinstance(treespec, TreeSpec) and treespec.is_leaf()` instead.
/home/mobility/STiTy/.venv-autoseg/lib/python3.10/site-packages/pytorch_lightning/utilities/_pytree.py:21: `isinstance(treespec, LeafSpec)` is deprecated, use `isinstance(treespec, TreeSpec) and treespec.is_leaf()` instead.
/home/mobility/STiTy/.venv-autoseg/lib/python3.10/site-packages/pytorch_lightning/utilities/_pytree.py:21: `isinstance(treespec, LeafSpec)` is deprecated, use `isinstance(treespec, TreeSpec) and treespec.is_leaf()` instead.
[iter 5] dev   fmt=1.00(1st 0.90)  T4: eff=0.6516 p10=0.5178 [ent 0.5779] adq=0.7676 contra=0.115 laal=3.39 k=5.30 miss=0.00  T6: eff=0.7058 p10=0.5649 [ent 0.6440] adq=0.8031 contra=0.129 laal=4.59 k=3.57 miss=0.00  T12: eff=0.7595 p10=0.6186 [ent 0.7318] adq=0.8361 contra=0.112 laal=9.74 k=1.75 miss=0.00  score=0.7056  rank_lift=+0.0577(t+3.1, T12)  Δ=-0.03492 ±0.02111 (변경 234/265)
[iter 5] adopted=False stale=5 calls=1113 cost=15.2008
[iter 5] 비용내역 segment $9.227(61%, 387콜, 사고 11,463tok/콜)  segment_retry $4.811(32%, 408콜, 사고 5,688tok/콜)  judge $0.901(6%, 300콜, 사고 1,296tok/콜)  prompt_engineer $0.210(1%, 15콜, 사고 2,760tok/콜)  prompt_v0 $0.030(0%, 1콜, 사고 12,224tok/콜)  critic $0.014(0%, 1콜, 사고 2,688tok/콜)
[iter 5] 소요 881초 = train_eval 43 + judge 119 + rank_audit 0 + dev_eval 719
[stop] dev 개선 없음 5회 연속 — 조기 종료
[final] test 평가 — 격자 [4, 6, 8, 12] (루프가 한 번도 보지 않은 데이터)
HTTP Request: POST https://gw.letsur.ai/v1/chat/completions "HTTP/1.1 200 OK"
HTTP Request: POST https://gw.letsur.ai/v1/chat/completions "HTTP/1.1 200 OK"
HTTP Request: POST https://gw.letsur.ai/v1/chat/completions "HTTP/1.1 200 OK"
HTTP Request: POST https://gw.letsur.ai/v1/chat/completions "HTTP/1.1 200 OK"
HTTP Request: POST https://gw.letsur.ai/v1/chat/completions "HTTP/1.1 200 OK"
HTTP Request: POST https://gw.letsur.ai/v1/chat/completions "HTTP/1.1 200 OK"
HTTP Request: POST https://gw.letsur.ai/v1/chat/completions "HTTP/1.1 200 OK"
HTTP Request: POST https://gw.letsur.ai/v1/chat/completions "HTTP/1.1 200 OK"
HTTP Request: POST https://gw.letsur.ai/v1/chat/completions "HTTP/1.1 200 OK"
HTTP Request: POST https://gw.letsur.ai/v1/chat/completions "HTTP/1.1 200 OK"
HTTP Request: POST https://gw.letsur.ai/v1/chat/completions "HTTP/1.1 200 OK"
HTTP Request: POST https://gw.letsur.ai/v1/chat/completions "HTTP/1.1 200 OK"
HTTP Request: POST https://gw.letsur.ai/v1/chat/completions "HTTP/1.1 200 OK"
HTTP Request: POST https://gw.letsur.ai/v1/chat/completions "HTTP/1.1 200 OK"
HTTP Request: POST https://gw.letsur.ai/v1/chat/completions "HTTP/1.1 200 OK"
HTTP Request: POST https://gw.letsur.ai/v1/chat/completions "HTTP/1.1 200 OK"
HTTP Request: POST https://gw.letsur.ai/v1/chat/completions "HTTP/1.1 200 OK"
HTTP Request: POST https://gw.letsur.ai/v1/chat/completions "HTTP/1.1 200 OK"
HTTP Request: POST https://gw.letsur.ai/v1/chat/completions "HTTP/1.1 200 OK"
HTTP Request: POST https://gw.letsur.ai/v1/chat/completions "HTTP/1.1 200 OK"
HTTP Request: POST https://gw.letsur.ai/v1/chat/completions "HTTP/1.1 200 OK"
HTTP Request: POST https://gw.letsur.ai/v1/chat/completions "HTTP/1.1 200 OK"
HTTP Request: POST https://gw.letsur.ai/v1/chat/completions "HTTP/1.1 200 OK"
HTTP Request: POST https://gw.letsur.ai/v1/chat/completions "HTTP/1.1 200 OK"
HTTP Request: POST https://gw.letsur.ai/v1/chat/completions "HTTP/1.1 200 OK"
HTTP Request: POST https://gw.letsur.ai/v1/chat/completions "HTTP/1.1 200 OK"
HTTP Request: POST https://gw.letsur.ai/v1/chat/completions "HTTP/1.1 200 OK"
HTTP Request: POST https://gw.letsur.ai/v1/chat/completions "HTTP/1.1 200 OK"
HTTP Request: POST https://gw.letsur.ai/v1/chat/completions "HTTP/1.1 200 OK"
HTTP Request: POST https://gw.letsur.ai/v1/chat/completions "HTTP/1.1 200 OK"
/home/mobility/STiTy/.venv-autoseg/lib/python3.10/site-packages/pytorch_lightning/utilities/_pytree.py:21: `isinstance(treespec, LeafSpec)` is deprecated, use `isinstance(treespec, TreeSpec) and treespec.is_leaf()` instead.
/home/mobility/STiTy/.venv-autoseg/lib/python3.10/site-packages/pytorch_lightning/utilities/_pytree.py:21: `isinstance(treespec, LeafSpec)` is deprecated, use `isinstance(treespec, TreeSpec) and treespec.is_leaf()` instead.
/home/mobility/STiTy/.venv-autoseg/lib/python3.10/site-packages/pytorch_lightning/utilities/_pytree.py:21: `isinstance(treespec, LeafSpec)` is deprecated, use `isinstance(treespec, TreeSpec) and treespec.is_leaf()` instead.
/home/mobility/STiTy/.venv-autoseg/lib/python3.10/site-packages/pytorch_lightning/utilities/_pytree.py:21: `isinstance(treespec, LeafSpec)` is deprecated, use `isinstance(treespec, TreeSpec) and treespec.is_leaf()` instead.
/home/mobility/STiTy/.venv-autoseg/lib/python3.10/site-packages/pytorch_lightning/utilities/_pytree.py:21: `isinstance(treespec, LeafSpec)` is deprecated, use `isinstance(treespec, TreeSpec) and treespec.is_leaf()` instead.
/home/mobility/STiTy/.venv-autoseg/lib/python3.10/site-packages/pytorch_lightning/utilities/_pytree.py:21: `isinstance(treespec, LeafSpec)` is deprecated, use `isinstance(treespec, TreeSpec) and treespec.is_leaf()` instead.
/home/mobility/STiTy/.venv-autoseg/lib/python3.10/site-packages/pytorch_lightning/utilities/_pytree.py:21: `isinstance(treespec, LeafSpec)` is deprecated, use `isinstance(treespec, TreeSpec) and treespec.is_leaf()` instead.
/home/mobility/STiTy/.venv-autoseg/lib/python3.10/site-packages/pytorch_lightning/utilities/_pytree.py:21: `isinstance(treespec, LeafSpec)` is deprecated, use `isinstance(treespec, TreeSpec) and treespec.is_leaf()` instead.
/home/mobility/STiTy/.venv-autoseg/lib/python3.10/site-packages/pytorch_lightning/utilities/_pytree.py:21: `isinstance(treespec, LeafSpec)` is deprecated, use `isinstance(treespec, TreeSpec) and treespec.is_leaf()` instead.
/home/mobility/STiTy/.venv-autoseg/lib/python3.10/site-packages/pytorch_lightning/utilities/_pytree.py:21: `isinstance(treespec, LeafSpec)` is deprecated, use `isinstance(treespec, TreeSpec) and treespec.is_leaf()` instead.
/home/mobility/STiTy/.venv-autoseg/lib/python3.10/site-packages/pytorch_lightning/utilities/_pytree.py:21: `isinstance(treespec, LeafSpec)` is deprecated, use `isinstance(treespec, TreeSpec) and treespec.is_leaf()` instead.
/home/mobility/STiTy/.venv-autoseg/lib/python3.10/site-packages/pytorch_lightning/utilities/_pytree.py:21: `isinstance(treespec, LeafSpec)` is deprecated, use `isinstance(treespec, TreeSpec) and treespec.is_leaf()` instead.
/home/mobility/STiTy/.venv-autoseg/lib/python3.10/site-packages/pytorch_lightning/utilities/_pytree.py:21: `isinstance(treespec, LeafSpec)` is deprecated, use `isinstance(treespec, TreeSpec) and treespec.is_leaf()` instead.
/home/mobility/STiTy/.venv-autoseg/lib/python3.10/site-packages/pytorch_lightning/utilities/_pytree.py:21: `isinstance(treespec, LeafSpec)` is deprecated, use `isinstance(treespec, TreeSpec) and treespec.is_leaf()` instead.
/home/mobility/STiTy/.venv-autoseg/lib/python3.10/site-packages/pytorch_lightning/utilities/_pytree.py:21: `isinstance(treespec, LeafSpec)` is deprecated, use `isinstance(treespec, TreeSpec) and treespec.is_leaf()` instead.
/home/mobility/STiTy/.venv-autoseg/lib/python3.10/site-packages/pytorch_lightning/utilities/_pytree.py:21: `isinstance(treespec, LeafSpec)` is deprecated, use `isinstance(treespec, TreeSpec) and treespec.is_leaf()` instead.
/home/mobility/STiTy/.venv-autoseg/lib/python3.10/site-packages/pytorch_lightning/utilities/_pytree.py:21: `isinstance(treespec, LeafSpec)` is deprecated, use `isinstance(treespec, TreeSpec) and treespec.is_leaf()` instead.
/home/mobility/STiTy/.venv-autoseg/lib/python3.10/site-packages/pytorch_lightning/utilities/_pytree.py:21: `isinstance(treespec, LeafSpec)` is deprecated, use `isinstance(treespec, TreeSpec) and treespec.is_leaf()` instead.
/home/mobility/STiTy/.venv-autoseg/lib/python3.10/site-packages/pytorch_lightning/utilities/_pytree.py:21: `isinstance(treespec, LeafSpec)` is deprecated, use `isinstance(treespec, TreeSpec) and treespec.is_leaf()` instead.
/home/mobility/STiTy/.venv-autoseg/lib/python3.10/site-packages/pytorch_lightning/utilities/_pytree.py:21: `isinstance(treespec, LeafSpec)` is deprecated, use `isinstance(treespec, TreeSpec) and treespec.is_leaf()` instead.
/home/mobility/STiTy/.venv-autoseg/lib/python3.10/site-packages/pytorch_lightning/utilities/_pytree.py:21: `isinstance(treespec, LeafSpec)` is deprecated, use `isinstance(treespec, TreeSpec) and treespec.is_leaf()` instead.
/home/mobility/STiTy/.venv-autoseg/lib/python3.10/site-packages/pytorch_lightning/utilities/_pytree.py:21: `isinstance(treespec, LeafSpec)` is deprecated, use `isinstance(treespec, TreeSpec) and treespec.is_leaf()` instead.
/home/mobility/STiTy/.venv-autoseg/lib/python3.10/site-packages/pytorch_lightning/utilities/_pytree.py:21: `isinstance(treespec, LeafSpec)` is deprecated, use `isinstance(treespec, TreeSpec) and treespec.is_leaf()` instead.
/home/mobility/STiTy/.venv-autoseg/lib/python3.10/site-packages/pytorch_lightning/utilities/_pytree.py:21: `isinstance(treespec, LeafSpec)` is deprecated, use `isinstance(treespec, TreeSpec) and treespec.is_leaf()` instead.
/home/mobility/STiTy/.venv-autoseg/lib/python3.10/site-packages/pytorch_lightning/utilities/_pytree.py:21: `isinstance(treespec, LeafSpec)` is deprecated, use `isinstance(treespec, TreeSpec) and treespec.is_leaf()` instead.
/home/mobility/STiTy/.venv-autoseg/lib/python3.10/site-packages/pytorch_lightning/utilities/_pytree.py:21: `isinstance(treespec, LeafSpec)` is deprecated, use `isinstance(treespec, TreeSpec) and treespec.is_leaf()` instead.
/home/mobility/STiTy/.venv-autoseg/lib/python3.10/site-packages/pytorch_lightning/utilities/_pytree.py:21: `isinstance(treespec, LeafSpec)` is deprecated, use `isinstance(treespec, TreeSpec) and treespec.is_leaf()` instead.
/home/mobility/STiTy/.venv-autoseg/lib/python3.10/site-packages/pytorch_lightning/utilities/_pytree.py:21: `isinstance(treespec, LeafSpec)` is deprecated, use `isinstance(treespec, TreeSpec) and treespec.is_leaf()` instead.
/home/mobility/STiTy/.venv-autoseg/lib/python3.10/site-packages/pytorch_lightning/utilities/_pytree.py:21: `isinstance(treespec, LeafSpec)` is deprecated, use `isinstance(treespec, TreeSpec) and treespec.is_leaf()` instead.
/home/mobility/STiTy/.venv-autoseg/lib/python3.10/site-packages/pytorch_lightning/utilities/_pytree.py:21: `isinstance(treespec, LeafSpec)` is deprecated, use `isinstance(treespec, TreeSpec) and treespec.is_leaf()` instead.
/home/mobility/STiTy/.venv-autoseg/lib/python3.10/site-packages/pytorch_lightning/utilities/_pytree.py:21: `isinstance(treespec, LeafSpec)` is deprecated, use `isinstance(treespec, TreeSpec) and treespec.is_leaf()` instead.
/home/mobility/STiTy/.venv-autoseg/lib/python3.10/site-packages/pytorch_lightning/utilities/_pytree.py:21: `isinstance(treespec, LeafSpec)` is deprecated, use `isinstance(treespec, TreeSpec) and treespec.is_leaf()` instead.
/home/mobility/STiTy/.venv-autoseg/lib/python3.10/site-packages/pytorch_lightning/utilities/_pytree.py:21: `isinstance(treespec, LeafSpec)` is deprecated, use `isinstance(treespec, TreeSpec) and treespec.is_leaf()` instead.
/home/mobility/STiTy/.venv-autoseg/lib/python3.10/site-packages/pytorch_lightning/utilities/_pytree.py:21: `isinstance(treespec, LeafSpec)` is deprecated, use `isinstance(treespec, TreeSpec) and treespec.is_leaf()` instead.
/home/mobility/STiTy/.venv-autoseg/lib/python3.10/site-packages/pytorch_lightning/utilities/_pytree.py:21: `isinstance(treespec, LeafSpec)` is deprecated, use `isinstance(treespec, TreeSpec) and treespec.is_leaf()` instead.
[final] test 평가 478초
[final] 순위진단(T=4) gap=-0.0293(n=97) Spearman=+0.003(n=85)
/home/mobility/STiTy/.venv-autoseg/lib/python3.10/site-packages/pytorch_lightning/utilities/_pytree.py:21: `isinstance(treespec, LeafSpec)` is deprecated, use `isinstance(treespec, TreeSpec) and treespec.is_leaf()` instead.
/home/mobility/STiTy/.venv-autoseg/lib/python3.10/site-packages/pytorch_lightning/utilities/_pytree.py:21: `isinstance(treespec, LeafSpec)` is deprecated, use `isinstance(treespec, TreeSpec) and treespec.is_leaf()` instead.

# 자동 분절 프롬프트 루프 결과 (v2) — English → Korean, Japanese, Chinese, Spanish, German

- 데이터셋: `fleurs-en-multi` (train 40 / dev 265 / test 100)
- 분절 모델 `gpt-5-mini` / 판정자 `gpt-5-mini` / 번역기 `local:google/madlad400-3b-mt:ko:ctx=False`
- adequacy 백엔드: **cometkiwi** (`Unbabel/wmt22-cometkiwi-da`, 참조 없음)
- consistency 백엔드: nli (보고용, 양방향 entailment 의 min — 어순 무관)
- 노브: 목표 조각 크기 T. 루프 격자 [4, 6, 12], 최종 격자 [4, 6, 8, 12], 주 작동점 T=6
- 언어 프로파일: English, 어순 SVO — main clauses in the sample show Subject then Verb then Object/Complement (e.g. "Arthur Guinness signed...", "Blood goes away from the heart"). / 측정: 공백비율 0.159, 문말 부호 ['!', "'", ')', ',', '-', '.', '/', ':', ';', '–']
- score = T 격자 평균 **effective** = `adequacy × (1 − contradiction)` (가중치·임계값 없음). 채택 판정은 **쌍체 비교**
- contradiction 백엔드: **xlmr-anli** (`vicgalle/xlm-roberta-large-xnli-anli`)
- 채택된 프롬프트: iter_00

## 이터레이션 이력

| iter | fmt | train score | dev score | dev Δ (쌍체) | 변경 문장 | 채택 |
|---|---|---|---|---|---|---|
| 0 | 1.00 | 0.6980 | 0.7120 | — | — | O |
| 1 | 0.97 | 0.6876 | 0.7097 | -0.01409 ±0.02076 | 225 | X |
| 2 | 1.00 | 0.6943 | 0.7090 | -0.01621 ±0.02678 | 232 | X |
| 3 | 1.00 | 0.6980 | 0.7030 | -0.04364 ±0.02875 | 227 | X |
| 4 | 1.00 | 0.6887 | 0.7117 | -0.00322 ±0.02375 | 239 | X |
| 5 | 1.00 | 0.6831 | 0.7056 | -0.03492 ±0.02111 | 234 | X |

## 최종 test 곡선

| T (목표 조각 어절) | laal_words ↓ | **effective** ↑ | eff p10 ↑ | eff min ↑ | eff (ent) | adequacy | contradiction ↓ | contra (ent) | consistency | k | 부족 경계 |
|---|---|---|---|---|---|---|---|---|---|---|---|
| 4 | 3.15 | **0.6340** | 0.4361 | 0.2943 | 0.5503 | 0.7600 | 0.1492 | — | 0.6218 | 5.26 | 0.00 |
| 6 | 4.29 | **0.6828** | 0.4760 | 0.0253 | 0.6005 | 0.7987 | 0.1453 | — | 0.6036 | 3.52 | 0.00 |
| 8 | 5.77 | **0.7151** | 0.5782 | 0.0253 | 0.6441 | 0.8185 | 0.1178 | — | 0.5873 | 2.62 | 0.00 |
| 12 | 9.33 | **0.7312** | 0.5819 | 0.2598 | 0.6711 | 0.8344 | 0.1243 | — | 0.7065 | 1.78 | 0.00 |
| unsegmented (노브 없음) | 20.44 | **—** | — | — | — | 0.8469 | — | — | 1.0000 | 1.00 | — |
| mechanical_8 (노브 없음) | 1.62 | **0.3646** | 0.1358 | 0.0489 | 0.1494 | 0.5703 | 0.3637 | 0.7412 | 0.0819 | 15.75 | — |

> `eff p10` 은 하위 10% 지점, `eff min` 은 최악 문장이다. **평균과 같이 읽어야 한다** —
> `effective` 평균은 소수의 나쁜 문장에 크게 끌린다 (실측: 100문장에서 최악 1문장을
> 빼면 평균이 +0.0034 오르는데, 프롬프트 간 실제 차이가 0.003~0.007 이라 같은 크기다).
> 평균과 p10 이 같이 오르면 진짜 개선이고, 평균만 오르고 p10 이 내리면 그 배치에 나쁜
> 문장이 덜 걸린 것일 수 있다.
>
> `eff (ent)` / `contra (ent)` 는 **병기 지표**다 — 조기 방출을 모순 확률이 아니라
> `1 − 함의 확률` 로 잰 값이고 **목적함수·채택 판정에는 안 들어간다**. 같은 NLI 호출에서
> 세 라벨 확률이 함께 나오므로 추가 비용이 0 이다. 교체 여부를 이 로그로 판단한다
> (오프라인 실측은 관문 여유 14배·검출력 1.6배로 그쪽이 유리하지만 표본이 얇다).

### 타깃별 곡선 (effective)

| 타깃 | T=4 | T=6 | T=8 | T=12 |
|---|---|---|---|---|
| Korean | 0.6499 | 0.6831 | 0.7219 | 0.7189 |
| Japanese | 0.6125 | 0.6733 | 0.7088 | 0.7146 |
| Chinese | 0.5963 | 0.6464 | 0.6736 | 0.7065 |
| Spanish | 0.6844 | 0.7266 | 0.7675 | 0.8072 |
| German | 0.6268 | 0.6846 | 0.7038 | 0.7086 |

위 본표의 `effective` 는 이 타깃들의 **원값 평균**이다. 채택 판정은 타깃별 z-정규화 후 평균(`effective_z`)으로 하는데, 타깃별 분산이 달라 (문장별 sd 실측 0.147~0.196) 원값 차이는 분산 큰 타깃이 지배하기 때문이다. z 기준선은 분할별로 고정돼 있다(`z_baseline.json`) — 그래야 쌍체 Δ 가 기준선 이동이 아니라 실제 점수 차이를 잰다. **언어 간 절대값 비교는 하지 말 것** — 지표 스케일이 다르다. 같은 언어 안에서 T 방향만 읽는다.

본표의 `adequacy` / `contradiction` / `consistency` / `laal` 은 **대표 타깃(Korean) 값**이다 — 조각·지연 정보는 타깃과 무관하고 품질 하위 지표는 대표 타깃만 저장한다. 다른 타깃의 하위 지표가 필요하면 `eval_prompt --tgt-lang` 으로 재채점한다 (번역 캐시가 남아 있어 API 비용 없음).

- 포맷 통과율 1.0000 (재시도 없이 0.8700), 위반 0건
- **순위 격차 `rank_contra_gap` (T=4, 바닥 보정)**: **-0.0293** — 순위 하위 절반 − 상위 절반의 경계 contradiction 차. 양수 = 절단이 실제로 위험을 덜어냄. **0 이하면 순위가 정보를 주지 않는다** (기준점이 0 인 것은 순위 무정보 시 기대값이 정확히 0 이기 때문 — 임의 상수 아님)
- 순위정렬 Spearman (T=4, raw): +0.0034 — 같은 축의 방향만 보는 보조값. **바닥 보정이 없어 음수 쪽으로 편향**된다 (run03: raw −0.25 → 보정 후 +0.14). 판정은 위의 gap 으로 한다

`laal_words` 는 **소스 어절** 단위다 (논문의 ms 와 직접 비교 불가). `adequacy` 는 참조가 없으므로 offline 번역과 어순이 달라도 감점되지 않는다. `contradiction` 은 경계 (k−1)개의 평균이라 **무분절에는 정의되지 않는다**(—) — 무분절은 곡선의 점이 아니라 offline 기준선으로 읽을 것.

## 비용

- 호출 1143회, 입력 토큰 3,034,734 (캐시 1,796,992), 출력 토큰 7,715,697
- 게이트웨이 추정 비용 15.7858

| 용도 | 호출 | 비용 | 비중 | 사고 토큰/콜 |
|---|---|---|---|---|
| `segment` | 404 | 9.6332 | 61.0% | 11,464 |
| `segment_retry` | 421 | 4.9893 | 31.6% | 5,721 |
| `judge` | 300 | 0.9012 | 5.7% | 1,296 |
| `prompt_engineer` | 15 | 0.2103 | 1.3% | 2,760 |
| `prompt_v0` | 1 | 0.0297 | 0.2% | 12,224 |
| `critic` | 1 | 0.0140 | 0.1% | 2,688 |
| `profiler` | 1 | 0.0080 | 0.1% | 3,456 |
[done] /home/mobility/STiTy/core/meaning_segmentator/runs/en-multi/run11
