  T  min_gap      eff      adq   contra    laal     최단조각     미달
/home/mobility/STiTy/.venv-autoseg/lib/python3.10/site-packages/torchmetrics/utilities/imports.py:23: UserWarning: pkg_resources is deprecated as an API. See https://setuptools.pypa.io/en/latest/pkg_resources.html. The pkg_resources package is slated for removal as early as 2025-11-30. Refrain from using this package or pin to Setuptools<81.
  from pkg_resources import DistributionNotFound, get_distribution
Encoder model frozen.
/home/mobility/STiTy/.venv-autoseg/lib/python3.10/site-packages/pytorch_lightning/core/saving.py:197: Found keys that are not in the model state dict but in the checkpoint: ['encoder.model.embeddings.position_ids']
/home/mobility/STiTy/.venv-autoseg/lib/python3.10/site-packages/pytorch_lightning/utilities/_pytree.py:21: `isinstance(treespec, LeafSpec)` is deprecated, use `isinstance(treespec, TreeSpec) and treespec.is_leaf()` instead.
Device set to use cuda:0
  6        0   0.7533   0.8119   0.0724    4.50     2.88   0.00
HTTP Request: GET https://translate.googleapis.com/translate_a/single?client=gtx&sl=auto&tl=de&dt=t&q=Alloys+are+basically "HTTP/1.1 200 OK"
HTTP Request: GET https://translate.googleapis.com/translate_a/single?client=gtx&sl=auto&tl=de&dt=t&q=At+the+other+end%0Aof+the+spectrum%2C%0Aone+morphs+into+an+unrecognizable+individual "HTTP/1.1 200 OK"
HTTP Request: GET https://translate.googleapis.com/translate_a/single?client=gtx&sl=auto&tl=de&dt=t&q=We+agree+with+the+USOC%27s+statement "HTTP/1.1 200 OK"
HTTP Request: GET https://translate.googleapis.com/translate_a/single?client=gtx&sl=auto&tl=de&dt=t&q=Similarly%2C+by+having+a+Schengen+visa%2C "HTTP/1.1 200 OK"
HTTP Request: GET https://translate.googleapis.com/translate_a/single?client=gtx&sl=auto&tl=de&dt=t&q=Also+to+the+north+visit+the+great+Sanctuary%0Aof+Our+Lady+of+Fatima+%28Shrine%29%2C "HTTP/1.1 200 OK"
HTTP Request: GET https://translate.googleapis.com/translate_a/single?client=gtx&sl=auto&tl=de&dt=t&q=Virtual+Scaffolds "HTTP/1.1 200 OK"
HTTP Request: GET https://translate.googleapis.com/translate_a/single?client=gtx&sl=auto&tl=de&dt=t&q=The+official+Falklands+currency%0Ais+the+Falkland+pound+%28FKP%29 "HTTP/1.1 200 OK"
HTTP Request: GET https://translate.googleapis.com/translate_a/single?client=gtx&sl=auto&tl=de&dt=t&q=Alloys+are+basically%0Aa+mixture "HTTP/1.1 200 OK"
HTTP Request: GET https://translate.googleapis.com/translate_a/single?client=gtx&sl=auto&tl=de&dt=t&q=Also+to+the+north+visit+the+great+Sanctuary%0Aof+Our+Lady+of+Fatima+%28Shrine%29%2C%0Aa+place "HTTP/1.1 200 OK"
HTTP Request: GET https://translate.googleapis.com/translate_a/single?client=gtx&sl=auto&tl=de&dt=t&q=At+the+other+end%0Aof+the+spectrum%2C%0Aone+morphs+into+an+unrecognizable+individual%0Athat+feels+he+or+she+must+change+everything "HTTP/1.1 200 OK"
HTTP Request: GET https://translate.googleapis.com/translate_a/single?client=gtx&sl=auto&tl=de&dt=t&q=Alloys+are+basically%0Aa+mixture%0Aof+two+or+more+metals.+Don%27t+forget+that+there+are+many+elements "HTTP/1.1 200 OK"
HTTP Request: GET https://translate.googleapis.com/translate_a/single?client=gtx&sl=auto&tl=de&dt=t&q=Virtual+Scaffolds%0Aare+internalized+in+the+software "HTTP/1.1 200 OK"
HTTP Request: GET https://translate.googleapis.com/translate_a/single?client=gtx&sl=auto&tl=de&dt=t&q=Similarly%2C+by+having+a+Schengen+visa%2C%0Ayou+do+not+need+to+apply+for+visas "HTTP/1.1 200 OK"
HTTP Request: GET https://translate.googleapis.com/translate_a/single?client=gtx&sl=auto&tl=de&dt=t&q=Also+to+the+north+visit+the+great+Sanctuary%0Aof+Our+Lady+of+Fatima+%28Shrine%29%2C%0Aa+place%0Aof+worldwide+famous+Marian+apparitions. "HTTP/1.1 200 OK"
HTTP Request: GET https://translate.googleapis.com/translate_a/single?client=gtx&sl=auto&tl=de&dt=t&q=The+official+Falklands+currency%0Ais+the+Falkland+pound+%28FKP%29%0Awhose+value+is+set "HTTP/1.1 200 OK"
HTTP Request: GET https://translate.googleapis.com/translate_a/single?client=gtx&sl=auto&tl=de&dt=t&q=Virtual+Scaffolds%0Aare+internalized+in+the+software%0Aand+are+meant+to+question%2C "HTTP/1.1 200 OK"
HTTP Request: GET https://translate.googleapis.com/translate_a/single?client=gtx&sl=auto&tl=de&dt=t&q=Similarly%2C+by+having+a+Schengen+visa%2C%0Ayou+do+not+need+to+apply+for+visas%0Ato+each+of+the+Schengen+member+countries "HTTP/1.1 200 OK"
HTTP Request: GET https://translate.googleapis.com/translate_a/single?client=gtx&sl=auto&tl=de&dt=t&q=Alloys+are+basically%0Aa+mixture%0Aof+two+or+more+metals.+Don%27t+forget+that+there+are+many+elements%0Aon+the+periodic+table. "HTTP/1.1 200 OK"
HTTP Request: GET https://translate.googleapis.com/translate_a/single?client=gtx&sl=auto&tl=de&dt=t&q=The+official+Falklands+currency%0Ais+the+Falkland+pound+%28FKP%29%0Awhose+value+is+set%0Aequivalent+to+that+of+one+British+pound+%28GBP%29. "HTTP/1.1 200 OK"
HTTP Request: GET https://translate.googleapis.com/translate_a/single?client=gtx&sl=auto&tl=de&dt=t&q=Lion+prides+act+much+like+packs+of+wolves+or+dogs%2C%0Aanimals+surprisingly+similar+to+lions+%28but+not+other+big+cats%29%0Ain+behavior%2C%0Aand+also+very+deadly "HTTP/1.1 200 OK"
HTTP Request: GET https://translate.googleapis.com/translate_a/single?client=gtx&sl=auto&tl=de&dt=t&q=Virtual+Scaffolds%0Aare+internalized+in+the+software%0Aand+are+meant+to+question%2C%0Aprompt%2C+and+explain+procedures "HTTP/1.1 200 OK"
HTTP Request: GET https://translate.googleapis.com/translate_a/single?client=gtx&sl=auto&tl=de&dt=t&q=Lion+prides+act+much+like+packs+of+wolves+or+dogs%2C%0Aanimals+surprisingly+similar+to+lions+%28but+not+other+big+cats%29%0Ain+behavior%2C%0Aand+also+very+deadly%0Ato+their+prey. "HTTP/1.1 200 OK"
HTTP Request: GET https://translate.googleapis.com/translate_a/single?client=gtx&sl=auto&tl=de&dt=t&q=He+added+that+%22they+should+not%2C+however%2C%0Abe+asked+to+take+on+obligations "HTTP/1.1 200 OK"
HTTP Request: GET https://translate.googleapis.com/translate_a/single?client=gtx&sl=auto&tl=de&dt=t&q=Virtual+Scaffolds%0Aare+internalized+in+the+software%0Aand+are+meant+to+question%2C%0Aprompt%2C+and+explain+procedures%0Athat+may+have+been+to+challenging+for+the+student+to+handle+alone. "HTTP/1.1 200 OK"
HTTP Request: GET https://translate.googleapis.com/translate_a/single?client=gtx&sl=auto&tl=de&dt=t&q=He+added+that+%22they+should+not%2C+however%2C%0Abe+asked+to+take+on+obligations%0Athat+go+beyond+their+development+stage%2C "HTTP/1.1 200 OK"
HTTP Request: GET https://translate.googleapis.com/translate_a/single?client=gtx&sl=auto&tl=de&dt=t&q=Finally%2C+there+are+many+small+cats+%28including+loose+pet+cats%29%0Athat+eat+the+far+more+numerous+small+prey+like+insects%2C "HTTP/1.1 200 OK"
HTTP Request: GET https://translate.googleapis.com/translate_a/single?client=gtx&sl=auto&tl=de&dt=t&q=He+added+that+%22they+should+not%2C+however%2C%0Abe+asked+to+take+on+obligations%0Athat+go+beyond+their+development+stage%2C%0Aresponsibility+and+capabilities.%22 "HTTP/1.1 200 OK"
HTTP Request: GET https://translate.googleapis.com/translate_a/single?client=gtx&sl=auto&tl=de&dt=t&q=The+composition+of+these+crystals%0Amatches+those+found+in+the+urine+of+affected+pets "HTTP/1.1 200 OK"
HTTP Request: GET https://translate.googleapis.com/translate_a/single?client=gtx&sl=auto&tl=de&dt=t&q=The+composition+of+these+crystals%0Amatches+those+found+in+the+urine+of+affected+pets%0Awhen+compared+by+infrared+spectroscopy+%28FTIR%29. "HTTP/1.1 200 OK"
HTTP Request: GET https://translate.googleapis.com/translate_a/single?client=gtx&sl=auto&tl=de&dt=t&q=It+is+one+of+the+main+attractions+of+South+Africa%0Aand+it+is+considered%0Athe+flagship "HTTP/1.1 200 OK"
HTTP Request: GET https://translate.googleapis.com/translate_a/single?client=gtx&sl=auto&tl=de&dt=t&q=We+agree+with+the+USOC%27s+statement%0Athat+the+interests "HTTP/1.1 200 OK"
HTTP Request: GET https://translate.googleapis.com/translate_a/single?client=gtx&sl=auto&tl=de&dt=t&q=Ancient+cultures+and+tribes+began+to+keep+them+for+easy+access+to+milk%2C%0Ahair%2C+meat%2C "HTTP/1.1 200 OK"
HTTP Request: GET https://translate.googleapis.com/translate_a/single?client=gtx&sl=auto&tl=de&dt=t&q=It+is+one+of+the+main+attractions+of+South+Africa%0Aand+it+is+considered%0Athe+flagship%0Aof+South+African+National+Parks+%28SANParks%29. "HTTP/1.1 200 OK"
HTTP Request: GET https://translate.googleapis.com/translate_a/single?client=gtx&sl=auto&tl=de&dt=t&q=We+agree+with+the+USOC%27s+statement%0Athat+the+interests%0Aof+our+athletes+and+clubs%2C "HTTP/1.1 200 OK"
HTTP Request: GET https://translate.googleapis.com/translate_a/single?client=gtx&sl=auto&tl=de&dt=t&q=Ancient+cultures+and+tribes+began+to+keep+them+for+easy+access+to+milk%2C%0Ahair%2C+meat%2C%0Aand+skins. "HTTP/1.1 200 OK"
HTTP Request: GET https://translate.googleapis.com/translate_a/single?client=gtx&sl=auto&tl=de&dt=t&q=People+have+known+about+basic+chemical+elements%0Asuch+as+gold%2C%0Asilver%2C+and+copper+from+antiquity%2C "HTTP/1.1 200 OK"
HTTP Request: GET https://translate.googleapis.com/translate_a/single?client=gtx&sl=auto&tl=de&dt=t&q=We+agree+with+the+USOC%27s+statement%0Athat+the+interests%0Aof+our+athletes+and+clubs%2C%0Aand+their+sport%2C "HTTP/1.1 200 OK"
HTTP Request: GET https://translate.googleapis.com/translate_a/single?client=gtx&sl=auto&tl=de&dt=t&q=People+have+known+about+basic+chemical+elements%0Asuch+as+gold%2C%0Asilver%2C+and+copper+from+antiquity%2C%0Aas+these+can+all+be+discovered+in+nature "HTTP/1.1 200 OK"
HTTP Request: GET https://translate.googleapis.com/translate_a/single?client=gtx&sl=auto&tl=de&dt=t&q=We+agree+with+the+USOC%27s+statement%0Athat+the+interests%0Aof+our+athletes+and+clubs%2C%0Aand+their+sport%2C%0Amay+be+better+served+by+moving+forward+with+meaningful+change+within+our+organization%2C "HTTP/1.1 200 OK"
HTTP Request: GET https://translate.googleapis.com/translate_a/single?client=gtx&sl=auto&tl=de&dt=t&q=People+have+known+about+basic+chemical+elements%0Asuch+as+gold%2C%0Asilver%2C+and+copper+from+antiquity%2C%0Aas+these+can+all+be+discovered+in+nature%0Ain+native+form "HTTP/1.1 200 OK"
HTTP Request: GET https://translate.googleapis.com/translate_a/single?client=gtx&sl=auto&tl=de&dt=t&q=We+agree+with+the+USOC%27s+statement%0Athat+the+interests%0Aof+our+athletes+and+clubs%2C%0Aand+their+sport%2C%0Amay+be+better+served+by+moving+forward+with+meaningful+change+within+our+organization%2C%0Arather+than+decertification. "HTTP/1.1 200 OK"
HTTP Request: GET https://translate.googleapis.com/translate_a/single?client=gtx&sl=auto&tl=de&dt=t&q=Women%3A+It+is+recommended+that+any+women+travellers "HTTP/1.1 200 OK"
HTTP Request: GET https://translate.googleapis.com/translate_a/single?client=gtx&sl=auto&tl=de&dt=t&q=Finally%2C+there+are+many+small+cats+%28including+loose+pet+cats%29%0Athat+eat+the+far+more+numerous+small+prey+like+insects%2C%0Arodents%2C+lizards%2C "HTTP/1.1 200 OK"
HTTP Request: GET https://translate.googleapis.com/translate_a/single?client=gtx&sl=auto&tl=de&dt=t&q=Similarly%2C+by+having+a+Schengen+visa%2C%0Ayou+do+not+need+to+apply+for+visas%0Ato+each+of+the+Schengen+member+countries%0Aseparately%2C+hence+saving+time%2C "HTTP/1.1 200 OK"
HTTP Request: GET https://translate.googleapis.com/translate_a/single?client=gtx&sl=auto&tl=de&dt=t&q=At+the+other+end%0Aof+the+spectrum%2C%0Aone+morphs+into+an+unrecognizable+individual%0Athat+feels+he+or+she+must+change+everything%0Athe+team+has+been+doing+and+make+it+their+own. "HTTP/1.1 200 OK"
HTTP Request: GET https://translate.googleapis.com/translate_a/single?client=gtx&sl=auto&tl=de&dt=t&q=They+have+feet+with+scales+and+claws%2C%0Athey+lay+eggs%2C%0Aand+they+walk+on+their+two+back "HTTP/1.1 200 OK"
HTTP Request: GET https://translate.googleapis.com/translate_a/single?client=gtx&sl=auto&tl=de&dt=t&q=Finally%2C+there+are+many+small+cats+%28including+loose+pet+cats%29%0Athat+eat+the+far+more+numerous+small+prey+like+insects%2C%0Arodents%2C+lizards%2C%0Aand+birds. "HTTP/1.1 200 OK"
HTTP Request: GET https://translate.googleapis.com/translate_a/single?client=gtx&sl=auto&tl=de&dt=t&q=Similarly%2C+by+having+a+Schengen+visa%2C%0Ayou+do+not+need+to+apply+for+visas%0Ato+each+of+the+Schengen+member+countries%0Aseparately%2C+hence+saving+time%2C%0Amoney+and+paperwork. "HTTP/1.1 200 OK"
HTTP Request: GET https://translate.googleapis.com/translate_a/single?client=gtx&sl=auto&tl=de&dt=t&q=Women%3A+It+is+recommended+that+any+women+travellers%0Asay+that+they+are+married%2C "HTTP/1.1 200 OK"
HTTP Request: GET https://translate.googleapis.com/translate_a/single?client=gtx&sl=auto&tl=de&dt=t&q=Women%3A+It+is+recommended+that+any+women+travellers%0Asay+that+they+are+married%2C%0Aregardless+of+actual+marital+status. "HTTP/1.1 200 OK"
HTTP Request: GET https://translate.googleapis.com/translate_a/single?client=gtx&sl=auto&tl=de&dt=t&q=They+have+feet+with+scales+and+claws%2C%0Athey+lay+eggs%2C%0Aand+they+walk+on+their+two+back%0Alegs+like+a+T-Rex. "HTTP/1.1 200 OK"
HTTP Request: GET https://translate.googleapis.com/translate_a/single?client=gtx&sl=auto&tl=de&dt=t&q=People+have+known+about+basic+chemical+elements%0Asuch+as+gold%2C%0Asilver%2C+and+copper+from+antiquity%2C%0Aas+these+can+all+be+discovered+in+nature%0Ain+native+form%0Aand+are+relatively+simple+to+mine+with+primitive+tools. "HTTP/1.1 200 OK"
/home/mobility/STiTy/.venv-autoseg/lib/python3.10/site-packages/pytorch_lightning/utilities/_pytree.py:21: `isinstance(treespec, LeafSpec)` is deprecated, use `isinstance(treespec, TreeSpec) and treespec.is_leaf()` instead.
  6        2   0.7543   0.8089   0.0680    4.38     3.18   0.00
HTTP Request: GET https://translate.googleapis.com/translate_a/single?client=gtx&sl=auto&tl=de&dt=t&q=Ancient+China+had+a+unique+way%0Aof+showing+different+time+periods%3B%0Aeach+stage+of+China+or+each+family+that+was+in+power "HTTP/1.1 200 OK"
HTTP Request: GET https://translate.googleapis.com/translate_a/single?client=gtx&sl=auto&tl=de&dt=t&q=Giancarlo+Fisichella+lost+control+of+his+car%0Aand+ended+the+race "HTTP/1.1 200 OK"
HTTP Request: GET https://translate.googleapis.com/translate_a/single?client=gtx&sl=auto&tl=de&dt=t&q=Virtual+Scaffolds+are+internalized "HTTP/1.1 200 OK"
HTTP Request: GET https://translate.googleapis.com/translate_a/single?client=gtx&sl=auto&tl=de&dt=t&q=Also+to+the+north "HTTP/1.1 200 OK"
HTTP Request: GET https://translate.googleapis.com/translate_a/single?client=gtx&sl=auto&tl=de&dt=t&q=Alloys+are+basically+a+mixture%0Aof+two+or+more+metals.+Don%27t+forget "HTTP/1.1 200 OK"
HTTP Request: GET https://translate.googleapis.com/translate_a/single?client=gtx&sl=auto&tl=de&dt=t&q=The+word+civilization+comes+from+the+Latin+civilis%2C%0Ameaning+civil%2C+related+to+the+Latin+civis%2C+meaning+citizen%2C "HTTP/1.1 200 OK"
HTTP Request: GET https://translate.googleapis.com/translate_a/single?client=gtx&sl=auto&tl=de&dt=t&q=Ancient+China+had+a+unique+way%0Aof+showing+different+time+periods%3B%0Aeach+stage+of+China+or+each+family+that+was+in+power%0Awas+a+distinctive+dynasty. "HTTP/1.1 200 OK"
HTTP Request: GET https://translate.googleapis.com/translate_a/single?client=gtx&sl=auto&tl=de&dt=t&q=Also+to+the+north%0Avisit+the+great+Sanctuary "HTTP/1.1 200 OK"
HTTP Request: GET https://translate.googleapis.com/translate_a/single?client=gtx&sl=auto&tl=de&dt=t&q=Giancarlo+Fisichella+lost+control+of+his+car%0Aand+ended+the+race%0Avery+soon+after+the+start. "HTTP/1.1 200 OK"
HTTP Request: GET https://translate.googleapis.com/translate_a/single?client=gtx&sl=auto&tl=de&dt=t&q=Alloys+are+basically+a+mixture%0Aof+two+or+more+metals.+Don%27t+forget%0Athat+there+are+many+elements "HTTP/1.1 200 OK"
HTTP Request: GET https://translate.googleapis.com/translate_a/single?client=gtx&sl=auto&tl=de&dt=t&q=Virtual+Scaffolds+are+internalized%0Ain+the+software "HTTP/1.1 200 OK"
HTTP Request: GET https://translate.googleapis.com/translate_a/single?client=gtx&sl=auto&tl=de&dt=t&q=The+word+civilization+comes+from+the+Latin+civilis%2C%0Ameaning+civil%2C+related+to+the+Latin+civis%2C+meaning+citizen%2C%0Aand+civitas%2C+meaning+city+or+city-state%2C "HTTP/1.1 200 OK"
HTTP Request: GET https://translate.googleapis.com/translate_a/single?client=gtx&sl=auto&tl=de&dt=t&q=As+a+result%2C%0Athe+process+of+an+organization+working+together+to+overcome+an+obstacle "HTTP/1.1 200 OK"
HTTP Request: GET https://translate.googleapis.com/translate_a/single?client=gtx&sl=auto&tl=de&dt=t&q=Ancient+cultures+and+tribes "HTTP/1.1 200 OK"
HTTP Request: GET https://translate.googleapis.com/translate_a/single?client=gtx&sl=auto&tl=de&dt=t&q=Alloys+are+basically+a+mixture%0Aof+two+or+more+metals.+Don%27t+forget%0Athat+there+are+many+elements%0Aon+the+periodic+table. "HTTP/1.1 200 OK"
HTTP Request: GET https://translate.googleapis.com/translate_a/single?client=gtx&sl=auto&tl=de&dt=t&q=Virtual+Scaffolds+are+internalized%0Ain+the+software%0Aand+are+meant+to+question%2C "HTTP/1.1 200 OK"
HTTP Request: GET https://translate.googleapis.com/translate_a/single?client=gtx&sl=auto&tl=de&dt=t&q=Also+to+the+north%0Avisit+the+great+Sanctuary%0Aof+Our+Lady+of+Fatima+%28Shrine%29%2C "HTTP/1.1 200 OK"
HTTP Request: GET https://translate.googleapis.com/translate_a/single?client=gtx&sl=auto&tl=de&dt=t&q=As+a+result%2C%0Athe+process+of+an+organization+working+together+to+overcome+an+obstacle%0Acan+lead+to+a+new+innovative+process "HTTP/1.1 200 OK"
HTTP Request: GET https://translate.googleapis.com/translate_a/single?client=gtx&sl=auto&tl=de&dt=t&q=As+a+result%2C%0Athe+process+of+an+organization+working+together+to+overcome+an+obstacle%0Acan+lead+to+a+new+innovative+process%0Ato+serve+the+customer%27s+need. "HTTP/1.1 200 OK"
HTTP Request: GET https://translate.googleapis.com/translate_a/single?client=gtx&sl=auto&tl=de&dt=t&q=Virtual+Scaffolds+are+internalized%0Ain+the+software%0Aand+are+meant+to+question%2C%0Aprompt%2C+and+explain+procedures "HTTP/1.1 200 OK"
HTTP Request: GET https://translate.googleapis.com/translate_a/single?client=gtx&sl=auto&tl=de&dt=t&q=Also+to+the+north%0Avisit+the+great+Sanctuary%0Aof+Our+Lady+of+Fatima+%28Shrine%29%2C%0Aa+place+of+worldwide+famous+Marian+apparitions. "HTTP/1.1 200 OK"
HTTP Request: GET https://translate.googleapis.com/translate_a/single?client=gtx&sl=auto&tl=de&dt=t&q=The+Giza+Plateau%2C%0Aor+%22Giza+Necropolis%22 "HTTP/1.1 200 OK"
HTTP Request: GET https://translate.googleapis.com/translate_a/single?client=gtx&sl=auto&tl=de&dt=t&q=Virtual+Scaffolds+are+internalized%0Ain+the+software%0Aand+are+meant+to+question%2C%0Aprompt%2C+and+explain+procedures%0Athat+may+have+been+to+challenging+for+the+student+to+handle+alone. "HTTP/1.1 200 OK"
HTTP Request: GET https://translate.googleapis.com/translate_a/single?client=gtx&sl=auto&tl=de&dt=t&q=The+same+month "HTTP/1.1 200 OK"
HTTP Request: GET https://translate.googleapis.com/translate_a/single?client=gtx&sl=auto&tl=de&dt=t&q=The+same+month%0Asaw+another+airliner+overrun+a+runway+at+Mashhad "HTTP/1.1 200 OK"
HTTP Request: GET https://translate.googleapis.com/translate_a/single?client=gtx&sl=auto&tl=de&dt=t&q=The+Giza+Plateau%2C%0Aor+%22Giza+Necropolis%22%0Ain+the+Egyptian+Valley+of+the+Dead "HTTP/1.1 200 OK"
HTTP Request: GET https://translate.googleapis.com/translate_a/single?client=gtx&sl=auto&tl=de&dt=t&q=Cuomo%2C+53%2C+began+his+governorship "HTTP/1.1 200 OK"
HTTP Request: GET https://translate.googleapis.com/translate_a/single?client=gtx&sl=auto&tl=de&dt=t&q=The+same+month%0Asaw+another+airliner+overrun+a+runway+at+Mashhad%0Aand+strike+a+wall%2C+killing+seventeen. "HTTP/1.1 200 OK"
HTTP Request: GET https://translate.googleapis.com/translate_a/single?client=gtx&sl=auto&tl=de&dt=t&q=Cuomo%2C+53%2C+began+his+governorship%0Aearlier+this+year "HTTP/1.1 200 OK"
HTTP Request: GET https://translate.googleapis.com/translate_a/single?client=gtx&sl=auto&tl=de&dt=t&q=The+Giza+Plateau%2C%0Aor+%22Giza+Necropolis%22%0Ain+the+Egyptian+Valley+of+the+Dead%0Acontains+several+pyramids+%28of+which+the+great+pyramid+is+the+largest%29%2C "HTTP/1.1 200 OK"
HTTP Request: GET https://translate.googleapis.com/translate_a/single?client=gtx&sl=auto&tl=de&dt=t&q=The+Giza+Plateau%2C%0Aor+%22Giza+Necropolis%22%0Ain+the+Egyptian+Valley+of+the+Dead%0Acontains+several+pyramids+%28of+which+the+great+pyramid+is+the+largest%29%2C%0Aseveral+small+tombs%2C "HTTP/1.1 200 OK"
HTTP Request: GET https://translate.googleapis.com/translate_a/single?client=gtx&sl=auto&tl=de&dt=t&q=Cuomo%2C+53%2C+began+his+governorship%0Aearlier+this+year%0Aand+signed+a+bill+last+month+legalizing+same-sex+marriage. "HTTP/1.1 200 OK"
HTTP Request: GET https://translate.googleapis.com/translate_a/single?client=gtx&sl=auto&tl=de&dt=t&q=The+Giza+Plateau%2C%0Aor+%22Giza+Necropolis%22%0Ain+the+Egyptian+Valley+of+the+Dead%0Acontains+several+pyramids+%28of+which+the+great+pyramid+is+the+largest%29%2C%0Aseveral+small+tombs%2C%0Aseveral+temples%2C+and+the+great+Sphinx. "HTTP/1.1 200 OK"
HTTP Request: GET https://translate.googleapis.com/translate_a/single?client=gtx&sl=auto&tl=de&dt=t&q=Oliver+Sacks%2C+in+his+paper "HTTP/1.1 200 OK"
HTTP Request: GET https://translate.googleapis.com/translate_a/single?client=gtx&sl=auto&tl=de&dt=t&q=Generally+speaking%2C+two+behaviors "HTTP/1.1 200 OK"
HTTP Request: GET https://translate.googleapis.com/translate_a/single?client=gtx&sl=auto&tl=de&dt=t&q=Throughout+1960s%2C+Brzezinski "HTTP/1.1 200 OK"
HTTP Request: GET https://translate.googleapis.com/translate_a/single?client=gtx&sl=auto&tl=de&dt=t&q=Ancient+cultures+and+tribes%0Abegan+to+keep+them+for+easy+access+to+milk%2C "HTTP/1.1 200 OK"
HTTP Request: GET https://translate.googleapis.com/translate_a/single?client=gtx&sl=auto&tl=de&dt=t&q=Oliver+Sacks%2C+in+his+paper%0AThe+President%27s+Speech%2C "HTTP/1.1 200 OK"
HTTP Request: GET https://translate.googleapis.com/translate_a/single?client=gtx&sl=auto&tl=de&dt=t&q=Ancient+cultures+and+tribes%0Abegan+to+keep+them+for+easy+access+to+milk%2C%0Ahair%2C+meat%2C+and+skins. "HTTP/1.1 200 OK"
HTTP Request: GET https://translate.googleapis.com/translate_a/single?client=gtx&sl=auto&tl=de&dt=t&q=The+city+is+also+the+base "HTTP/1.1 200 OK"
HTTP Request: GET https://translate.googleapis.com/translate_a/single?client=gtx&sl=auto&tl=de&dt=t&q=The+city+is+also+the+base%0Ato+climb+the+Nyiragongo+volcano "HTTP/1.1 200 OK"
HTTP Request: GET https://translate.googleapis.com/translate_a/single?client=gtx&sl=auto&tl=de&dt=t&q=In+1990%2C+it+was+added "HTTP/1.1 200 OK"
HTTP Request: GET https://translate.googleapis.com/translate_a/single?client=gtx&sl=auto&tl=de&dt=t&q=The+word+civilization+comes+from+the+Latin+civilis%2C%0Ameaning+civil%2C+related+to+the+Latin+civis%2C+meaning+citizen%2C%0Aand+civitas%2C+meaning+city+or+city-state%2C%0Aand+that+also+somehow "HTTP/1.1 200 OK"
HTTP Request: GET https://translate.googleapis.com/translate_a/single?client=gtx&sl=auto&tl=de&dt=t&q=Researchers+from+Princeton+University+in+the+United+States%0Aand+Uppsala+University+in+Sweden%0Areported+the+new+species "HTTP/1.1 200 OK"
HTTP Request: GET https://translate.googleapis.com/translate_a/single?client=gtx&sl=auto&tl=de&dt=t&q=Researchers+from+Princeton+University+in+the+United+States%0Aand+Uppsala+University+in+Sweden%0Areported+the+new+species%0Aevolved+in+just+two+generations%2C "HTTP/1.1 200 OK"
HTTP Request: GET https://translate.googleapis.com/translate_a/single?client=gtx&sl=auto&tl=de&dt=t&q=Researchers+from+Princeton+University+in+the+United+States%0Aand+Uppsala+University+in+Sweden%0Areported+the+new+species%0Aevolved+in+just+two+generations%2C%0Athough+this+process+had+been+believed+to+take+much+longer%2C "HTTP/1.1 200 OK"
HTTP Request: GET https://translate.googleapis.com/translate_a/single?client=gtx&sl=auto&tl=de&dt=t&q=Researchers+from+Princeton+University+in+the+United+States%0Aand+Uppsala+University+in+Sweden%0Areported+the+new+species%0Aevolved+in+just+two+generations%2C%0Athough+this+process+had+been+believed+to+take+much+longer%2C%0Adue+to+breeding "HTTP/1.1 200 OK"
HTTP Request: GET https://translate.googleapis.com/translate_a/single?client=gtx&sl=auto&tl=de&dt=t&q=Researchers+from+Princeton+University+in+the+United+States%0Aand+Uppsala+University+in+Sweden%0Areported+the+new+species%0Aevolved+in+just+two+generations%2C%0Athough+this+process+had+been+believed+to+take+much+longer%2C%0Adue+to+breeding%0Abetween+an+endemic+Darwin+finch%2C "HTTP/1.1 200 OK"
HTTP Request: GET https://translate.googleapis.com/translate_a/single?client=gtx&sl=auto&tl=de&dt=t&q=Researchers+from+Princeton+University+in+the+United+States%0Aand+Uppsala+University+in+Sweden%0Areported+the+new+species%0Aevolved+in+just+two+generations%2C%0Athough+this+process+had+been+believed+to+take+much+longer%2C%0Adue+to+breeding%0Abetween+an+endemic+Darwin+finch%2C%0AGeospiza+fortes%2C+and+the+immigrant+cactus+finch%2C+Geospiza+conirostris. "HTTP/1.1 200 OK"
HTTP Request: GET https://translate.googleapis.com/translate_a/single?client=gtx&sl=auto&tl=de&dt=t&q=Other+subjects+on+the+agenda+in+Bali%0Ainclude+saving+the+world%27s+remaining+forests%2C%0Aand+sharing+technologies "HTTP/1.1 200 OK"
HTTP Request: GET https://translate.googleapis.com/translate_a/single?client=gtx&sl=auto&tl=de&dt=t&q=Throughout+1960s%2C+Brzezinski%0Aworked+for+John+F.+Kennedy "HTTP/1.1 200 OK"
HTTP Request: GET https://translate.googleapis.com/translate_a/single?client=gtx&sl=auto&tl=de&dt=t&q=Other+subjects+on+the+agenda+in+Bali%0Ainclude+saving+the+world%27s+remaining+forests%2C%0Aand+sharing+technologies%0Ato+help+developing+nations+grow+in+less-polluting+ways. "HTTP/1.1 200 OK"
HTTP Request: GET https://translate.googleapis.com/translate_a/single?client=gtx&sl=auto&tl=de&dt=t&q=The+city+is+also+the+base%0Ato+climb+the+Nyiragongo+volcano%0Aalong+with+some+of+the+cheapest+Mountain+Gorilla "HTTP/1.1 200 OK"
HTTP Request: GET https://translate.googleapis.com/translate_a/single?client=gtx&sl=auto&tl=de&dt=t&q=Generally+speaking%2C+two+behaviors%0Acan+emerge+as+managers+begin+to+lead "HTTP/1.1 200 OK"
HTTP Request: GET https://translate.googleapis.com/translate_a/single?client=gtx&sl=auto&tl=de&dt=t&q=Generally+speaking%2C+two+behaviors%0Acan+emerge+as+managers+begin+to+lead%0Atheir+former+peers. "HTTP/1.1 200 OK"
HTTP Request: GET https://translate.googleapis.com/translate_a/single?client=gtx&sl=auto&tl=de&dt=t&q=Throughout+1960s%2C+Brzezinski%0Aworked+for+John+F.+Kennedy%0Aas+his+advisor+and+then+the+Lyndon+B.+Johnson+administration. "HTTP/1.1 200 OK"
HTTP Request: GET https://translate.googleapis.com/translate_a/single?client=gtx&sl=auto&tl=de&dt=t&q=In+1990%2C+it+was+added%0Ato+the+list "HTTP/1.1 200 OK"
HTTP Request: GET https://translate.googleapis.com/translate_a/single?client=gtx&sl=auto&tl=de&dt=t&q=Hong+Kong+Island%0Agives+the+territory "HTTP/1.1 200 OK"
HTTP Request: GET https://translate.googleapis.com/translate_a/single?client=gtx&sl=auto&tl=de&dt=t&q=The+word+civilization+comes+from+the+Latin+civilis%2C%0Ameaning+civil%2C+related+to+the+Latin+civis%2C+meaning+citizen%2C%0Aand+civitas%2C+meaning+city+or+city-state%2C%0Aand+that+also+somehow%0Adefines+the+size "HTTP/1.1 200 OK"
HTTP Request: GET https://translate.googleapis.com/translate_a/single?client=gtx&sl=auto&tl=de&dt=t&q=Oliver+Sacks%2C+in+his+paper%0AThe+President%27s+Speech%2C%0Aindicated+how+people "HTTP/1.1 200 OK"
HTTP Request: GET https://translate.googleapis.com/translate_a/single?client=gtx&sl=auto&tl=de&dt=t&q=Generally+speaking%2C+two+behaviors%0Acan+emerge+as+managers+begin+to+lead%0Atheir+former+peers.%0AOne+end+of+the+spectrum "HTTP/1.1 200 OK"
HTTP Request: GET https://translate.googleapis.com/translate_a/single?client=gtx&sl=auto&tl=de&dt=t&q=Generally+speaking%2C+two+behaviors%0Acan+emerge+as+managers+begin+to+lead%0Atheir+former+peers.%0AOne+end+of+the+spectrum%0Ais+trying+to+remain+%E2%80%9Cone+of+the+guys%E2%80%9D+%28or+gals%29. "HTTP/1.1 200 OK"
HTTP Request: GET https://translate.googleapis.com/translate_a/single?client=gtx&sl=auto&tl=de&dt=t&q=Lion+prides+act+much+like+packs+of+wolves+or+dogs%2C%0Aanimals+surprisingly+similar+to+lions "HTTP/1.1 200 OK"
HTTP Request: GET https://translate.googleapis.com/translate_a/single?client=gtx&sl=auto&tl=de&dt=t&q=Lion+prides+act+much+like+packs+of+wolves+or+dogs%2C%0Aanimals+surprisingly+similar+to+lions%0A%28but+not+other+big+cats%29 "HTTP/1.1 200 OK"
HTTP Request: GET https://translate.googleapis.com/translate_a/single?client=gtx&sl=auto&tl=de&dt=t&q=Goats+seem+to+have+been+first+domesticated "HTTP/1.1 200 OK"
HTTP Request: GET https://translate.googleapis.com/translate_a/single?client=gtx&sl=auto&tl=de&dt=t&q=In+1990%2C+it+was+added%0Ato+the+list%0Aof+world+heritage+sites+in+danger%2C "HTTP/1.1 200 OK"
HTTP Request: GET https://translate.googleapis.com/translate_a/single?client=gtx&sl=auto&tl=de&dt=t&q=All+nouns%2C+alongside+the+word "HTTP/1.1 200 OK"
HTTP Request: GET https://translate.googleapis.com/translate_a/single?client=gtx&sl=auto&tl=de&dt=t&q=Lion+prides+act+much+like+packs+of+wolves+or+dogs%2C%0Aanimals+surprisingly+similar+to+lions%0A%28but+not+other+big+cats%29%0Ain+behavior%2C+and+also+very+deadly "HTTP/1.1 200 OK"
HTTP Request: GET https://translate.googleapis.com/translate_a/single?client=gtx&sl=auto&tl=de&dt=t&q=In+1990%2C+it+was+added%0Ato+the+list%0Aof+world+heritage+sites+in+danger%2C%0Adue+to+the+threat+of+desert+sands. "HTTP/1.1 200 OK"
HTTP Request: GET https://translate.googleapis.com/translate_a/single?client=gtx&sl=auto&tl=de&dt=t&q=Lion+prides+act+much+like+packs+of+wolves+or+dogs%2C%0Aanimals+surprisingly+similar+to+lions%0A%28but+not+other+big+cats%29%0Ain+behavior%2C+and+also+very+deadly%0Ato+their+prey. "HTTP/1.1 200 OK"
HTTP Request: GET https://translate.googleapis.com/translate_a/single?client=gtx&sl=auto&tl=de&dt=t&q=Oliver+Sacks%2C+in+his+paper%0AThe+President%27s+Speech%2C%0Aindicated+how+people%0Awho+are+unable+to+understand+speech+because+of+brain+damage "HTTP/1.1 200 OK"
HTTP Request: GET https://translate.googleapis.com/translate_a/single?client=gtx&sl=auto&tl=de&dt=t&q=Cocham%C3%B3+Valley+- "HTTP/1.1 200 OK"
HTTP Request: GET https://translate.googleapis.com/translate_a/single?client=gtx&sl=auto&tl=de&dt=t&q=Oliver+Sacks%2C+in+his+paper%0AThe+President%27s+Speech%2C%0Aindicated+how+people%0Awho+are+unable+to+understand+speech+because+of+brain+damage%0Aare+nevertheless+able+to+assess+sincerity+accurately. "HTTP/1.1 200 OK"
HTTP Request: GET https://translate.googleapis.com/translate_a/single?client=gtx&sl=auto&tl=de&dt=t&q=Hong+Kong+Island%0Agives+the+territory%0Aof+Hong+Kong+its+name "HTTP/1.1 200 OK"
HTTP Request: GET https://translate.googleapis.com/translate_a/single?client=gtx&sl=auto&tl=de&dt=t&q=The+city+is+also+the+base%0Ato+climb+the+Nyiragongo+volcano%0Aalong+with+some+of+the+cheapest+Mountain+Gorilla%0Atracking+in+Africa. "HTTP/1.1 200 OK"
HTTP Request: GET https://translate.googleapis.com/translate_a/single?client=gtx&sl=auto&tl=de&dt=t&q=Cocham%C3%B3+Valley+-%0AChile%27s+premier+climbing+destination%2C "HTTP/1.1 200 OK"
HTTP Request: GET https://translate.googleapis.com/translate_a/single?client=gtx&sl=auto&tl=de&dt=t&q=Goats+seem+to+have+been+first+domesticated%0Aroughly+10%2C000+years "HTTP/1.1 200 OK"
HTTP Request: GET https://translate.googleapis.com/translate_a/single?client=gtx&sl=auto&tl=de&dt=t&q=All+nouns%2C+alongside+the+word%0ASie+for+you%2C "HTTP/1.1 200 OK"
HTTP Request: GET https://translate.googleapis.com/translate_a/single?client=gtx&sl=auto&tl=de&dt=t&q=Hong+Kong+Island%0Agives+the+territory%0Aof+Hong+Kong+its+name%0Aand+is+the+place+that+many+tourists+regard+as+the+main+focus. "HTTP/1.1 200 OK"
HTTP Request: GET https://translate.googleapis.com/translate_a/single?client=gtx&sl=auto&tl=de&dt=t&q=The+word+civilization+comes+from+the+Latin+civilis%2C%0Ameaning+civil%2C+related+to+the+Latin+civis%2C+meaning+citizen%2C%0Aand+civitas%2C+meaning+city+or+city-state%2C%0Aand+that+also+somehow%0Adefines+the+size%0Aof+the+society. "HTTP/1.1 200 OK"
HTTP Request: GET https://translate.googleapis.com/translate_a/single?client=gtx&sl=auto&tl=de&dt=t&q=Television+reports+show+white+smoke "HTTP/1.1 200 OK"
HTTP Request: GET https://translate.googleapis.com/translate_a/single?client=gtx&sl=auto&tl=de&dt=t&q=Goats+seem+to+have+been+first+domesticated%0Aroughly+10%2C000+years%0Aago+in+the+Zagros+Mountains+of+Iran. "HTTP/1.1 200 OK"
HTTP Request: GET https://translate.googleapis.com/translate_a/single?client=gtx&sl=auto&tl=de&dt=t&q=All+nouns%2C+alongside+the+word%0ASie+for+you%2C%0Aalways+begin+with+a+capital+letter%2C "HTTP/1.1 200 OK"
HTTP Request: GET https://translate.googleapis.com/translate_a/single?client=gtx&sl=auto&tl=de&dt=t&q=Cocham%C3%B3+Valley+-%0AChile%27s+premier+climbing+destination%2C%0Aknown+as+the+Yosemite+of+South+America%2C "HTTP/1.1 200 OK"
HTTP Request: GET https://translate.googleapis.com/translate_a/single?client=gtx&sl=auto&tl=de&dt=t&q=The+job+of+navies "HTTP/1.1 200 OK"
HTTP Request: GET https://translate.googleapis.com/translate_a/single?client=gtx&sl=auto&tl=de&dt=t&q=Television+reports+show+white+smoke%0Acoming+from+the+plant. "HTTP/1.1 200 OK"
HTTP Request: GET https://translate.googleapis.com/translate_a/single?client=gtx&sl=auto&tl=de&dt=t&q=All+nouns%2C+alongside+the+word%0ASie+for+you%2C%0Aalways+begin+with+a+capital+letter%2C%0Aeven+in+the+middle+of+a+sentence. "HTTP/1.1 200 OK"
HTTP Request: GET https://translate.googleapis.com/translate_a/single?client=gtx&sl=auto&tl=de&dt=t&q=If+you+have+watched+the+movie+National+Treasure%2C%0Ayou+may+think+a+treasure+map%0Awas+written+on+the+back "HTTP/1.1 200 OK"
HTTP Request: GET https://translate.googleapis.com/translate_a/single?client=gtx&sl=auto&tl=de&dt=t&q=The+job+of+navies%0Ahas+traditionally+been+to+ensure+that+your+country "HTTP/1.1 200 OK"
HTTP Request: GET https://translate.googleapis.com/translate_a/single?client=gtx&sl=auto&tl=de&dt=t&q=Cocham%C3%B3+Valley+-%0AChile%27s+premier+climbing+destination%2C%0Aknown+as+the+Yosemite+of+South+America%2C%0Awith+a+variety+of+granite+big+walls+and+crags. "HTTP/1.1 200 OK"
HTTP Request: GET https://translate.googleapis.com/translate_a/single?client=gtx&sl=auto&tl=de&dt=t&q=The+job+of+navies%0Ahas+traditionally+been+to+ensure+that+your+country%0Amaintains+the+ability+to+move+your+people+and+goods%2C "HTTP/1.1 200 OK"
HTTP Request: GET https://translate.googleapis.com/translate_a/single?client=gtx&sl=auto&tl=de&dt=t&q=If+you+have+watched+the+movie+National+Treasure%2C%0Ayou+may+think+a+treasure+map%0Awas+written+on+the+back%0Aof+the+Declaration+of+Independence. "HTTP/1.1 200 OK"
HTTP Request: GET https://translate.googleapis.com/translate_a/single?client=gtx&sl=auto&tl=de&dt=t&q=The+job+of+navies%0Ahas+traditionally+been+to+ensure+that+your+country%0Amaintains+the+ability+to+move+your+people+and+goods%2C%0Awhile+at+the+same+time%2C "HTTP/1.1 200 OK"
HTTP Request: GET https://translate.googleapis.com/translate_a/single?client=gtx&sl=auto&tl=de&dt=t&q=It+is+one+of+the+main+attractions "HTTP/1.1 200 OK"
HTTP Request: GET https://translate.googleapis.com/translate_a/single?client=gtx&sl=auto&tl=de&dt=t&q=The+job+of+navies%0Ahas+traditionally+been+to+ensure+that+your+country%0Amaintains+the+ability+to+move+your+people+and+goods%2C%0Awhile+at+the+same+time%2C%0Ainterfering+with+your+enemy%27s+ability "HTTP/1.1 200 OK"
HTTP Request: GET https://translate.googleapis.com/translate_a/single?client=gtx&sl=auto&tl=de&dt=t&q=It+is+one+of+the+main+attractions%0Aof+South+Africa "HTTP/1.1 200 OK"
HTTP Request: GET https://translate.googleapis.com/translate_a/single?client=gtx&sl=auto&tl=de&dt=t&q=Professor+Pamela+Ferguson%0Aof+the+University+of+Dundee%0Anotes+%22journalists+do+seem+to+be+walking+a+dangerous+line "HTTP/1.1 200 OK"
HTTP Request: GET https://translate.googleapis.com/translate_a/single?client=gtx&sl=auto&tl=de&dt=t&q=It+is+one+of+the+main+attractions%0Aof+South+Africa%0Aand+it+is+considered "HTTP/1.1 200 OK"
HTTP Request: GET https://translate.googleapis.com/translate_a/single?client=gtx&sl=auto&tl=de&dt=t&q=The+job+of+navies%0Ahas+traditionally+been+to+ensure+that+your+country%0Amaintains+the+ability+to+move+your+people+and+goods%2C%0Awhile+at+the+same+time%2C%0Ainterfering+with+your+enemy%27s+ability%0Ato+move+his+people+and+goods. "HTTP/1.1 200 OK"
HTTP Request: GET https://translate.googleapis.com/translate_a/single?client=gtx&sl=auto&tl=de&dt=t&q=It+is+one+of+the+main+attractions%0Aof+South+Africa%0Aand+it+is+considered%0Athe+flagship+of+South+African+National+Parks+%28SANParks%29. "HTTP/1.1 200 OK"
HTTP Request: GET https://translate.googleapis.com/translate_a/single?client=gtx&sl=auto&tl=de&dt=t&q=Professor+Pamela+Ferguson%0Aof+the+University+of+Dundee%0Anotes+%22journalists+do+seem+to+be+walking+a+dangerous+line%0Aif+publishing+photos+etc+of+suspects.%22 "HTTP/1.1 200 OK"
HTTP Request: GET https://translate.googleapis.com/translate_a/single?client=gtx&sl=auto&tl=de&dt=t&q=It+is+related+to+but+usually+not+involving "HTTP/1.1 200 OK"
HTTP Request: GET https://translate.googleapis.com/translate_a/single?client=gtx&sl=auto&tl=de&dt=t&q=His+work+is "HTTP/1.1 200 OK"
HTTP Request: GET https://translate.googleapis.com/translate_a/single?client=gtx&sl=auto&tl=de&dt=t&q=In+fact%2C+it+is+not+easy "HTTP/1.1 200 OK"
HTTP Request: GET https://translate.googleapis.com/translate_a/single?client=gtx&sl=auto&tl=de&dt=t&q=His+work+is%0Aof+such+recognized+quality "HTTP/1.1 200 OK"
HTTP Request: GET https://translate.googleapis.com/translate_a/single?client=gtx&sl=auto&tl=de&dt=t&q=In+fact%2C+it+is+not+easy%0Ato+find+at+all+even+if+one+knew+it+existed. "HTTP/1.1 200 OK"
HTTP Request: GET https://translate.googleapis.com/translate_a/single?client=gtx&sl=auto&tl=de&dt=t&q=In+fact%2C+it+is+not+easy%0Ato+find+at+all+even+if+one+knew+it+existed.%0AOnce+inside+the+cave%2C "HTTP/1.1 200 OK"
HTTP Request: GET https://translate.googleapis.com/translate_a/single?client=gtx&sl=auto&tl=de&dt=t&q=In+fact%2C+it+is+not+easy%0Ato+find+at+all+even+if+one+knew+it+existed.%0AOnce+inside+the+cave%2C%0Ait+is+a+total+isolation. "HTTP/1.1 200 OK"
HTTP Request: GET https://translate.googleapis.com/translate_a/single?client=gtx&sl=auto&tl=de&dt=t&q=Finally%2C+there+are+many "HTTP/1.1 200 OK"
HTTP Request: GET https://translate.googleapis.com/translate_a/single?client=gtx&sl=auto&tl=de&dt=t&q=The+aspect+ratio+of+this+format%0A%28dividing+by+twelve+to+obtain+the+simplest+whole-number+ratio%29%0Ais+therefore+said "HTTP/1.1 200 OK"
HTTP Request: GET https://translate.googleapis.com/translate_a/single?client=gtx&sl=auto&tl=de&dt=t&q=Resting+on+the+top+of+one+of+the+mountains%0Anorth+of+Mecca%2C%0Athe+cave+is "HTTP/1.1 200 OK"
HTTP Request: GET https://translate.googleapis.com/translate_a/single?client=gtx&sl=auto&tl=de&dt=t&q=The+aspect+ratio+of+this+format%0A%28dividing+by+twelve+to+obtain+the+simplest+whole-number+ratio%29%0Ais+therefore+said%0Ato+be+3%3A2. "HTTP/1.1 200 OK"
HTTP Request: GET https://translate.googleapis.com/translate_a/single?client=gtx&sl=auto&tl=de&dt=t&q=Resting+on+the+top+of+one+of+the+mountains%0Anorth+of+Mecca%2C%0Athe+cave+is%0Acompletely+isolated+from+the+rest+of+the+world. "HTTP/1.1 200 OK"
HTTP Request: GET https://translate.googleapis.com/translate_a/single?client=gtx&sl=auto&tl=de&dt=t&q=USA+Gymnastics+and+the+USOC "HTTP/1.1 200 OK"
HTTP Request: GET https://translate.googleapis.com/translate_a/single?client=gtx&sl=auto&tl=de&dt=t&q=USA+Gymnastics+and+the+USOC%0Ahave+the+same+goal+%E2%80%94 "HTTP/1.1 200 OK"
HTTP Request: GET https://translate.googleapis.com/translate_a/single?client=gtx&sl=auto&tl=de&dt=t&q=USA+Gymnastics+and+the+USOC%0Ahave+the+same+goal+%E2%80%94%0Amaking+the+sport+of+gymnastics%2C "HTTP/1.1 200 OK"
HTTP Request: GET https://translate.googleapis.com/translate_a/single?client=gtx&sl=auto&tl=de&dt=t&q=It+is+related+to+but+usually+not+involving%0Aalpine+style+ski+touring+or+mountaineering%2C "HTTP/1.1 200 OK"
HTTP Request: GET https://translate.googleapis.com/translate_a/single?client=gtx&sl=auto&tl=de&dt=t&q=Scaffolding+is+not+a+method+of+learning%0Abut+rather+an+aid+that+provides "HTTP/1.1 200 OK"
HTTP Request: GET https://translate.googleapis.com/translate_a/single?client=gtx&sl=auto&tl=de&dt=t&q=Several+large+television+screens%0Awere+installed+in+various+places "HTTP/1.1 200 OK"
HTTP Request: GET https://translate.googleapis.com/translate_a/single?client=gtx&sl=auto&tl=de&dt=t&q=Finally%2C+there+are+many%0Asmall+cats+%28including+loose+pet+cats%29 "HTTP/1.1 200 OK"
HTTP Request: GET https://translate.googleapis.com/translate_a/single?client=gtx&sl=auto&tl=de&dt=t&q=It+is+related+to+but+usually+not+involving%0Aalpine+style+ski+touring+or+mountaineering%2C%0Athe+latter+ones "HTTP/1.1 200 OK"
HTTP Request: GET https://translate.googleapis.com/translate_a/single?client=gtx&sl=auto&tl=de&dt=t&q=Several+large+television+screens%0Awere+installed+in+various+places%0Ain+Rome+to+let+the+people+watch+the+ceremony. "HTTP/1.1 200 OK"
HTTP Request: GET https://translate.googleapis.com/translate_a/single?client=gtx&sl=auto&tl=de&dt=t&q=USA+Gymnastics+and+the+USOC%0Ahave+the+same+goal+%E2%80%94%0Amaking+the+sport+of+gymnastics%2C%0Aand+others%2C+as+safe+as+possible "HTTP/1.1 200 OK"
HTTP Request: GET https://translate.googleapis.com/translate_a/single?client=gtx&sl=auto&tl=de&dt=t&q=Finally%2C+there+are+many%0Asmall+cats+%28including+loose+pet+cats%29%0Athat+eat+the+far+more+numerous+small+prey+like+insects%2C "HTTP/1.1 200 OK"
HTTP Request: GET https://translate.googleapis.com/translate_a/single?client=gtx&sl=auto&tl=de&dt=t&q=His+work+is%0Aof+such+recognized+quality%0Aand+detail+that+he+is+one+of+the+very+few+%22household+names%22+among+philatelists. "HTTP/1.1 200 OK"
HTTP Request: GET https://translate.googleapis.com/translate_a/single?client=gtx&sl=auto&tl=de&dt=t&q=Finally%2C+there+are+many%0Asmall+cats+%28including+loose+pet+cats%29%0Athat+eat+the+far+more+numerous+small+prey+like+insects%2C%0Arodents%2C+lizards%2C+and+birds. "HTTP/1.1 200 OK"
HTTP Request: GET https://translate.googleapis.com/translate_a/single?client=gtx&sl=auto&tl=de&dt=t&q=USA+Gymnastics+and+the+USOC%0Ahave+the+same+goal+%E2%80%94%0Amaking+the+sport+of+gymnastics%2C%0Aand+others%2C+as+safe+as+possible%0Afor+athletes+to+follow+their+dreams+in+a+safe%2C "HTTP/1.1 200 OK"
HTTP Request: GET https://translate.googleapis.com/translate_a/single?client=gtx&sl=auto&tl=de&dt=t&q=His+work+is%0Aof+such+recognized+quality%0Aand+detail+that+he+is+one+of+the+very+few+%22household+names%22+among+philatelists.%0ASome+specialize+in+collecting "HTTP/1.1 200 OK"
HTTP Request: GET https://translate.googleapis.com/translate_a/single?client=gtx&sl=auto&tl=de&dt=t&q=It+is+related+to+but+usually+not+involving%0Aalpine+style+ski+touring+or+mountaineering%2C%0Athe+latter+ones%0Adone+in+steep+terrain "HTTP/1.1 200 OK"
HTTP Request: GET https://translate.googleapis.com/translate_a/single?client=gtx&sl=auto&tl=de&dt=t&q=His+work+is%0Aof+such+recognized+quality%0Aand+detail+that+he+is+one+of+the+very+few+%22household+names%22+among+philatelists.%0ASome+specialize+in+collecting%0Ahis+work+alone. "HTTP/1.1 200 OK"
HTTP Request: GET https://translate.googleapis.com/translate_a/single?client=gtx&sl=auto&tl=de&dt=t&q=USA+Gymnastics+and+the+USOC%0Ahave+the+same+goal+%E2%80%94%0Amaking+the+sport+of+gymnastics%2C%0Aand+others%2C+as+safe+as+possible%0Afor+athletes+to+follow+their+dreams+in+a+safe%2C%0Apositive+and+empowered+environment. "HTTP/1.1 200 OK"
HTTP Request: GET https://translate.googleapis.com/translate_a/single?client=gtx&sl=auto&tl=de&dt=t&q=It+is+related+to+but+usually+not+involving%0Aalpine+style+ski+touring+or+mountaineering%2C%0Athe+latter+ones%0Adone+in+steep+terrain%0Aand+requiring+much+stiffer+skis+and+boots. "HTTP/1.1 200 OK"
HTTP Request: GET https://translate.googleapis.com/translate_a/single?client=gtx&sl=auto&tl=de&dt=t&q=Bishkek+was+described+as+sinking "HTTP/1.1 200 OK"
HTTP Request: GET https://translate.googleapis.com/translate_a/single?client=gtx&sl=auto&tl=de&dt=t&q=Scaffolding+is+not+a+method+of+learning%0Abut+rather+an+aid+that+provides%0Asupport+to+individuals "HTTP/1.1 200 OK"
HTTP Request: GET https://translate.googleapis.com/translate_a/single?client=gtx&sl=auto&tl=de&dt=t&q=Scaffolding+is+not+a+method+of+learning%0Abut+rather+an+aid+that+provides%0Asupport+to+individuals%0Awhom+are+undergoing+a+new+learning+experience "HTTP/1.1 200 OK"
HTTP Request: GET https://translate.googleapis.com/translate_a/single?client=gtx&sl=auto&tl=de&dt=t&q=Scaffolding+is+not+a+method+of+learning%0Abut+rather+an+aid+that+provides%0Asupport+to+individuals%0Awhom+are+undergoing+a+new+learning+experience%0Asuch+as+using+a+new+computer+program "HTTP/1.1 200 OK"
HTTP Request: GET https://translate.googleapis.com/translate_a/single?client=gtx&sl=auto&tl=de&dt=t&q=Scaffolding+is+not+a+method+of+learning%0Abut+rather+an+aid+that+provides%0Asupport+to+individuals%0Awhom+are+undergoing+a+new+learning+experience%0Asuch+as+using+a+new+computer+program%0Aor+beginning+a+new+project. "HTTP/1.1 200 OK"
HTTP Request: GET https://translate.googleapis.com/translate_a/single?client=gtx&sl=auto&tl=de&dt=t&q=Bishkek+was+described+as+sinking%0Ainto+a+state+of+%22anarchy%22 "HTTP/1.1 200 OK"
HTTP Request: GET https://translate.googleapis.com/translate_a/single?client=gtx&sl=auto&tl=de&dt=t&q=Bishkek+was+described+as+sinking%0Ainto+a+state+of+%22anarchy%22%0Aby+one+observer%2C "HTTP/1.1 200 OK"
HTTP Request: GET https://translate.googleapis.com/translate_a/single?client=gtx&sl=auto&tl=de&dt=t&q=Bishkek+was+described+as+sinking%0Ainto+a+state+of+%22anarchy%22%0Aby+one+observer%2C%0Aas+gangs+of+people+roamed+the+streets+and+plundered+stores+of+consumer+goods. "HTTP/1.1 200 OK"
/home/mobility/STiTy/.venv-autoseg/lib/python3.10/site-packages/pytorch_lightning/utilities/_pytree.py:21: `isinstance(treespec, LeafSpec)` is deprecated, use `isinstance(treespec, TreeSpec) and treespec.is_leaf()` instead.
  6        3   0.7635   0.8057   0.0526    4.17     3.69   0.00
HTTP Request: GET https://translate.googleapis.com/translate_a/single?client=gtx&sl=auto&tl=de&dt=t&q=Throughout+1960s%2C+Brzezinski+worked "HTTP/1.1 200 OK"
HTTP Request: GET https://translate.googleapis.com/translate_a/single?client=gtx&sl=auto&tl=de&dt=t&q=We+agree+with+the+USOC%27s+statement%0Athat+the+interests+of+our+athletes+and+clubs%2C "HTTP/1.1 200 OK"
HTTP Request: GET https://translate.googleapis.com/translate_a/single?client=gtx&sl=auto&tl=de&dt=t&q=Similarly%2C+by+having+a+Schengen+visa%2C%0Ayou+do+not+need "HTTP/1.1 200 OK"
HTTP Request: GET https://translate.googleapis.com/translate_a/single?client=gtx&sl=auto&tl=de&dt=t&q=As+a+result%2C+two+fish+species+have+become+extinct%2C%0Aand+two+others+have+become+endangered%2C "HTTP/1.1 200 OK"
HTTP Request: GET https://translate.googleapis.com/translate_a/single?client=gtx&sl=auto&tl=de&dt=t&q=Virtual+Scaffolds+are+internalized+in+the+software%0Aand+are+meant+to+question%2C%0Aprompt%2C+and+explain+procedures "HTTP/1.1 200 OK"
HTTP Request: GET https://translate.googleapis.com/translate_a/single?client=gtx&sl=auto&tl=de&dt=t&q=Throughout+1960s%2C+Brzezinski+worked%0Afor+John+F.+Kennedy "HTTP/1.1 200 OK"
HTTP Request: GET https://translate.googleapis.com/translate_a/single?client=gtx&sl=auto&tl=de&dt=t&q=Virtual+Scaffolds+are+internalized+in+the+software%0Aand+are+meant+to+question%2C%0Aprompt%2C+and+explain+procedures%0Athat+may+have+been "HTTP/1.1 200 OK"
HTTP Request: GET https://translate.googleapis.com/translate_a/single?client=gtx&sl=auto&tl=de&dt=t&q=As+a+result%2C+two+fish+species+have+become+extinct%2C%0Aand+two+others+have+become+endangered%2C%0Aincluding+the+humpback+chub. "HTTP/1.1 200 OK"
HTTP Request: GET https://translate.googleapis.com/translate_a/single?client=gtx&sl=auto&tl=de&dt=t&q=Similarly%2C+by+having+a+Schengen+visa%2C%0Ayou+do+not+need%0Ato+apply+for+visas "HTTP/1.1 200 OK"
HTTP Request: GET https://translate.googleapis.com/translate_a/single?client=gtx&sl=auto&tl=de&dt=t&q=Throughout+1960s%2C+Brzezinski+worked%0Afor+John+F.+Kennedy%0Aas+his+advisor+and+then+the+Lyndon+B.+Johnson+administration. "HTTP/1.1 200 OK"
HTTP Request: GET https://translate.googleapis.com/translate_a/single?client=gtx&sl=auto&tl=de&dt=t&q=Similarly%2C+by+having+a+Schengen+visa%2C%0Ayou+do+not+need%0Ato+apply+for+visas%0Ato+each+of+the+Schengen+member+countries "HTTP/1.1 200 OK"
HTTP Request: GET https://translate.googleapis.com/translate_a/single?client=gtx&sl=auto&tl=de&dt=t&q=The+802.11n+standard+operates "HTTP/1.1 200 OK"
HTTP Request: GET https://translate.googleapis.com/translate_a/single?client=gtx&sl=auto&tl=de&dt=t&q=Similarly%2C+by+having+a+Schengen+visa%2C%0Ayou+do+not+need%0Ato+apply+for+visas%0Ato+each+of+the+Schengen+member+countries%0Aseparately%2C+hence+saving+time%2C+money+and+paperwork. "HTTP/1.1 200 OK"
HTTP Request: GET https://translate.googleapis.com/translate_a/single?client=gtx&sl=auto&tl=de&dt=t&q=The+802.11n+standard+operates%0Aon+both+the+2.4Ghz+and+5.0Ghz+frequencies. "HTTP/1.1 200 OK"
HTTP Request: GET https://translate.googleapis.com/translate_a/single?client=gtx&sl=auto&tl=de&dt=t&q=Generally+speaking%2C+two+behaviors%0Acan+emerge+as+managers "HTTP/1.1 200 OK"
HTTP Request: GET https://translate.googleapis.com/translate_a/single?client=gtx&sl=auto&tl=de&dt=t&q=We+agree+with+the+USOC%27s+statement%0Athat+the+interests+of+our+athletes+and+clubs%2C%0Aand+their+sport%2C+may+be+better+served "HTTP/1.1 200 OK"
HTTP Request: GET https://translate.googleapis.com/translate_a/single?client=gtx&sl=auto&tl=de&dt=t&q=As+a+result%2C+the+performers+smoke "HTTP/1.1 200 OK"
HTTP Request: GET https://translate.googleapis.com/translate_a/single?client=gtx&sl=auto&tl=de&dt=t&q=Virtual+Scaffolds+are+internalized+in+the+software%0Aand+are+meant+to+question%2C%0Aprompt%2C+and+explain+procedures%0Athat+may+have+been%0Ato+challenging+for+the+student+to+handle+alone. "HTTP/1.1 200 OK"
HTTP Request: GET https://translate.googleapis.com/translate_a/single?client=gtx&sl=auto&tl=de&dt=t&q=Fire+rescue+crews+eventually+doused "HTTP/1.1 200 OK"
HTTP Request: GET https://translate.googleapis.com/translate_a/single?client=gtx&sl=auto&tl=de&dt=t&q=While+Goma+is+reasonably+safe%2C%0Aany+visits+outside+of+Goma%0Ashould+be+researched+to+understand+the+state "HTTP/1.1 200 OK"
HTTP Request: GET https://translate.googleapis.com/translate_a/single?client=gtx&sl=auto&tl=de&dt=t&q=The+word+civilization+comes "HTTP/1.1 200 OK"
HTTP Request: GET https://translate.googleapis.com/translate_a/single?client=gtx&sl=auto&tl=de&dt=t&q=Buses+depart+the+inter-district+bus+station+%28across+the+river%29%0Athroughout+the+day%2C+though+most%2C "HTTP/1.1 200 OK"
HTTP Request: GET https://translate.googleapis.com/translate_a/single?client=gtx&sl=auto&tl=de&dt=t&q=We+agree+with+the+USOC%27s+statement%0Athat+the+interests+of+our+athletes+and+clubs%2C%0Aand+their+sport%2C+may+be+better+served%0Aby+moving+forward+with+meaningful+change "HTTP/1.1 200 OK"
HTTP Request: GET https://translate.googleapis.com/translate_a/single?client=gtx&sl=auto&tl=de&dt=t&q=At+the+other+end+of+the+spectrum%2C%0Aone+morphs+into+an+unrecognizable+individual%0Athat+feels+he+or+she+must+change+everything "HTTP/1.1 200 OK"
HTTP Request: GET https://translate.googleapis.com/translate_a/single?client=gtx&sl=auto&tl=de&dt=t&q=Buses+depart+the+inter-district+bus+station+%28across+the+river%29%0Athroughout+the+day%2C+though+most%2C%0Aespecially+those+heading+to+the+east+and+Jakar%2FBumthang "HTTP/1.1 200 OK"
HTTP Request: GET https://translate.googleapis.com/translate_a/single?client=gtx&sl=auto&tl=de&dt=t&q=At+the+other+end+of+the+spectrum%2C%0Aone+morphs+into+an+unrecognizable+individual%0Athat+feels+he+or+she+must+change+everything%0Athe+team+has+been+doing "HTTP/1.1 200 OK"
HTTP Request: GET https://translate.googleapis.com/translate_a/single?client=gtx&sl=auto&tl=de&dt=t&q=Buses+depart+the+inter-district+bus+station+%28across+the+river%29%0Athroughout+the+day%2C+though+most%2C%0Aespecially+those+heading+to+the+east+and+Jakar%2FBumthang%0Aleave+between+06%3A30+and+07%3A30. "HTTP/1.1 200 OK"
HTTP Request: GET https://translate.googleapis.com/translate_a/single?client=gtx&sl=auto&tl=de&dt=t&q=The+Northern+Marianas+emergency+management+office%0Asaid+that+there+were+no+damages "HTTP/1.1 200 OK"
HTTP Request: GET https://translate.googleapis.com/translate_a/single?client=gtx&sl=auto&tl=de&dt=t&q=At+the+other+end+of+the+spectrum%2C%0Aone+morphs+into+an+unrecognizable+individual%0Athat+feels+he+or+she+must+change+everything%0Athe+team+has+been+doing%0Aand+make+it+their+own. "HTTP/1.1 200 OK"
HTTP Request: GET https://translate.googleapis.com/translate_a/single?client=gtx&sl=auto&tl=de&dt=t&q=The+Northern+Marianas+emergency+management+office%0Asaid+that+there+were+no+damages%0Areported+in+the+nation. "HTTP/1.1 200 OK"
HTTP Request: GET https://translate.googleapis.com/translate_a/single?client=gtx&sl=auto&tl=de&dt=t&q=As+a+result%2C+the+performers+smoke%0Acannabis+joints+on+stage%2C "HTTP/1.1 200 OK"
HTTP Request: GET https://translate.googleapis.com/translate_a/single?client=gtx&sl=auto&tl=de&dt=t&q=Generally+speaking%2C+two+behaviors%0Acan+emerge+as+managers%0Abegin+to+lead+their+former+peers. "HTTP/1.1 200 OK"
HTTP Request: GET https://translate.googleapis.com/translate_a/single?client=gtx&sl=auto&tl=de&dt=t&q=We+agree+with+the+USOC%27s+statement%0Athat+the+interests+of+our+athletes+and+clubs%2C%0Aand+their+sport%2C+may+be+better+served%0Aby+moving+forward+with+meaningful+change%0Awithin+our+organization%2C "HTTP/1.1 200 OK"
HTTP Request: GET https://translate.googleapis.com/translate_a/single?client=gtx&sl=auto&tl=de&dt=t&q=As+a+result%2C+the+process "HTTP/1.1 200 OK"
HTTP Request: GET https://translate.googleapis.com/translate_a/single?client=gtx&sl=auto&tl=de&dt=t&q=The+word+civilization+comes%0Afrom+the+Latin+civilis%2C "HTTP/1.1 200 OK"
HTTP Request: GET https://translate.googleapis.com/translate_a/single?client=gtx&sl=auto&tl=de&dt=t&q=Fire+rescue+crews+eventually+doused%0Athe+fire+by+11%3A35+pm. "HTTP/1.1 200 OK"
HTTP Request: GET https://translate.googleapis.com/translate_a/single?client=gtx&sl=auto&tl=de&dt=t&q=While+Goma+is+reasonably+safe%2C%0Aany+visits+outside+of+Goma%0Ashould+be+researched+to+understand+the+state%0Aof+the+fighting+that+persists+in+the+North+Kivu+province. "HTTP/1.1 200 OK"
HTTP Request: GET https://translate.googleapis.com/translate_a/single?client=gtx&sl=auto&tl=de&dt=t&q=As+a+result%2C+the+performers+smoke%0Acannabis+joints+on+stage%2C%0Aand+the+theatre+itself "HTTP/1.1 200 OK"
HTTP Request: GET https://translate.googleapis.com/translate_a/single?client=gtx&sl=auto&tl=de&dt=t&q=The+word+civilization+comes%0Afrom+the+Latin+civilis%2C%0Ameaning+civil%2C+related+to+the+Latin+civis%2C+meaning+citizen%2C "HTTP/1.1 200 OK"
HTTP Request: GET https://translate.googleapis.com/translate_a/single?client=gtx&sl=auto&tl=de&dt=t&q=As+a+result%2C+the+process%0Aof+an+organization+working+together+to+overcome+an+obstacle "HTTP/1.1 200 OK"
HTTP Request: GET https://translate.googleapis.com/translate_a/single?client=gtx&sl=auto&tl=de&dt=t&q=We+agree+with+the+USOC%27s+statement%0Athat+the+interests+of+our+athletes+and+clubs%2C%0Aand+their+sport%2C+may+be+better+served%0Aby+moving+forward+with+meaningful+change%0Awithin+our+organization%2C%0Arather+than+decertification. "HTTP/1.1 200 OK"
HTTP Request: GET https://translate.googleapis.com/translate_a/single?client=gtx&sl=auto&tl=de&dt=t&q=The+same+month+saw+another+airliner "HTTP/1.1 200 OK"
HTTP Request: GET https://translate.googleapis.com/translate_a/single?client=gtx&sl=auto&tl=de&dt=t&q=The+governor%27s+office+said+nineteen "HTTP/1.1 200 OK"
HTTP Request: GET https://translate.googleapis.com/translate_a/single?client=gtx&sl=auto&tl=de&dt=t&q=As+a+result%2C+the+performers+smoke%0Acannabis+joints+on+stage%2C%0Aand+the+theatre+itself%0Ais+encouraging+the+audience+to+join+in. "HTTP/1.1 200 OK"
HTTP Request: GET https://translate.googleapis.com/translate_a/single?client=gtx&sl=auto&tl=de&dt=t&q=Generally+speaking%2C+two+behaviors%0Acan+emerge+as+managers%0Abegin+to+lead+their+former+peers.%0AOne+end+of+the+spectrum "HTTP/1.1 200 OK"
HTTP Request: GET https://translate.googleapis.com/translate_a/single?client=gtx&sl=auto&tl=de&dt=t&q=The+Giza+Plateau%2C%0Aor+%22Giza+Necropolis%22%0Ain+the+Egyptian+Valley+of+the+Dead%0Acontains+several+pyramids+%28of+which+the+great+pyramid+is+the+largest%29%2C%0Aseveral+small+tombs%2C+several+temples%2C "HTTP/1.1 200 OK"
HTTP Request: GET https://translate.googleapis.com/translate_a/single?client=gtx&sl=auto&tl=de&dt=t&q=The+word+civilization+comes%0Afrom+the+Latin+civilis%2C%0Ameaning+civil%2C+related+to+the+Latin+civis%2C+meaning+citizen%2C%0Aand+civitas%2C+meaning+city+or+city-state%2C "HTTP/1.1 200 OK"
HTTP Request: GET https://translate.googleapis.com/translate_a/single?client=gtx&sl=auto&tl=de&dt=t&q=As+a+result%2C+the+process%0Aof+an+organization+working+together+to+overcome+an+obstacle%0Acan+lead+to+a+new+innovative+process "HTTP/1.1 200 OK"
HTTP Request: GET https://translate.googleapis.com/translate_a/single?client=gtx&sl=auto&tl=de&dt=t&q=Generally+speaking%2C+two+behaviors%0Acan+emerge+as+managers%0Abegin+to+lead+their+former+peers.%0AOne+end+of+the+spectrum%0Ais+trying+to+remain+%E2%80%9Cone+of+the+guys%E2%80%9D+%28or+gals%29. "HTTP/1.1 200 OK"
HTTP Request: GET https://translate.googleapis.com/translate_a/single?client=gtx&sl=auto&tl=de&dt=t&q=The+Giza+Plateau%2C%0Aor+%22Giza+Necropolis%22%0Ain+the+Egyptian+Valley+of+the+Dead%0Acontains+several+pyramids+%28of+which+the+great+pyramid+is+the+largest%29%2C%0Aseveral+small+tombs%2C+several+temples%2C%0Aand+the+great+Sphinx. "HTTP/1.1 200 OK"
HTTP Request: GET https://translate.googleapis.com/translate_a/single?client=gtx&sl=auto&tl=de&dt=t&q=As+a+result%2C+the+process%0Aof+an+organization+working+together+to+overcome+an+obstacle%0Acan+lead+to+a+new+innovative+process%0Ato+serve+the+customer%27s+need. "HTTP/1.1 200 OK"
HTTP Request: GET https://translate.googleapis.com/translate_a/single?client=gtx&sl=auto&tl=de&dt=t&q=The+city+is+also+the+base%0Ato+climb+the+Nyiragongo+volcano%0Aalong+with+some+of+the+cheapest "HTTP/1.1 200 OK"
HTTP Request: GET https://translate.googleapis.com/translate_a/single?client=gtx&sl=auto&tl=de&dt=t&q=Researchers+from+Princeton+University+in+the+United+States%0Aand+Uppsala+University+in+Sweden%0Areported+the+new+species%0Aevolved+in+just+two+generations%2C%0Athough+this+process+had+been+believed+to+take+much+longer%2C%0Adue+to+breeding+between "HTTP/1.1 200 OK"
HTTP Request: GET https://translate.googleapis.com/translate_a/single?client=gtx&sl=auto&tl=de&dt=t&q=The+city+is+also+the+base%0Ato+climb+the+Nyiragongo+volcano%0Aalong+with+some+of+the+cheapest%0AMountain+Gorilla+tracking+in+Africa. "HTTP/1.1 200 OK"
HTTP Request: GET https://translate.googleapis.com/translate_a/single?client=gtx&sl=auto&tl=de&dt=t&q=Cuomo%2C+53%2C+began+his+governorship%0Aearlier+this+year+and+signed+a+bill "HTTP/1.1 200 OK"
HTTP Request: GET https://translate.googleapis.com/translate_a/single?client=gtx&sl=auto&tl=de&dt=t&q=The+governor%27s+office+said+nineteen%0Aof+the+injured+were+police+officers. "HTTP/1.1 200 OK"
HTTP Request: GET https://translate.googleapis.com/translate_a/single?client=gtx&sl=auto&tl=de&dt=t&q=The+same+month+saw+another+airliner%0Aoverrun+a+runway+at+Mashhad "HTTP/1.1 200 OK"
HTTP Request: GET https://translate.googleapis.com/translate_a/single?client=gtx&sl=auto&tl=de&dt=t&q=The+word+civilization+comes%0Afrom+the+Latin+civilis%2C%0Ameaning+civil%2C+related+to+the+Latin+civis%2C+meaning+citizen%2C%0Aand+civitas%2C+meaning+city+or+city-state%2C%0Aand+that+also+somehow+defines "HTTP/1.1 200 OK"
HTTP Request: GET https://translate.googleapis.com/translate_a/single?client=gtx&sl=auto&tl=de&dt=t&q=Ironing+damp+clothes+can+help+them+dry.%0AMany+hotels+have+an+iron "HTTP/1.1 200 OK"
HTTP Request: GET https://translate.googleapis.com/translate_a/single?client=gtx&sl=auto&tl=de&dt=t&q=The+word+civilization+comes%0Afrom+the+Latin+civilis%2C%0Ameaning+civil%2C+related+to+the+Latin+civis%2C+meaning+citizen%2C%0Aand+civitas%2C+meaning+city+or+city-state%2C%0Aand+that+also+somehow+defines%0Athe+size+of+the+society. "HTTP/1.1 200 OK"
HTTP Request: GET https://translate.googleapis.com/translate_a/single?client=gtx&sl=auto&tl=de&dt=t&q=The+same+month+saw+another+airliner%0Aoverrun+a+runway+at+Mashhad%0Aand+strike+a+wall%2C+killing+seventeen. "HTTP/1.1 200 OK"
HTTP Request: GET https://translate.googleapis.com/translate_a/single?client=gtx&sl=auto&tl=de&dt=t&q=Hong+Kong+Island+gives+the+territory "HTTP/1.1 200 OK"
HTTP Request: GET https://translate.googleapis.com/translate_a/single?client=gtx&sl=auto&tl=de&dt=t&q=Researchers+from+Princeton+University+in+the+United+States%0Aand+Uppsala+University+in+Sweden%0Areported+the+new+species%0Aevolved+in+just+two+generations%2C%0Athough+this+process+had+been+believed+to+take+much+longer%2C%0Adue+to+breeding+between%0Aan+endemic+Darwin+finch%2C "HTTP/1.1 200 OK"
HTTP Request: GET https://translate.googleapis.com/translate_a/single?client=gtx&sl=auto&tl=de&dt=t&q=In+1990%2C+it+was "HTTP/1.1 200 OK"
HTTP Request: GET https://translate.googleapis.com/translate_a/single?client=gtx&sl=auto&tl=de&dt=t&q=Cuomo%2C+53%2C+began+his+governorship%0Aearlier+this+year+and+signed+a+bill%0Alast+month+legalizing+same-sex+marriage. "HTTP/1.1 200 OK"
HTTP Request: GET https://translate.googleapis.com/translate_a/single?client=gtx&sl=auto&tl=de&dt=t&q=Parisians+have+a+reputation "HTTP/1.1 200 OK"
HTTP Request: GET https://translate.googleapis.com/translate_a/single?client=gtx&sl=auto&tl=de&dt=t&q=Researchers+from+Princeton+University+in+the+United+States%0Aand+Uppsala+University+in+Sweden%0Areported+the+new+species%0Aevolved+in+just+two+generations%2C%0Athough+this+process+had+been+believed+to+take+much+longer%2C%0Adue+to+breeding+between%0Aan+endemic+Darwin+finch%2C%0AGeospiza+fortes%2C+and+the+immigrant+cactus+finch%2C+Geospiza+conirostris. "HTTP/1.1 200 OK"
HTTP Request: GET https://translate.googleapis.com/translate_a/single?client=gtx&sl=auto&tl=de&dt=t&q=The+Schengen+zone%2C+however%2C "HTTP/1.1 200 OK"
HTTP Request: GET https://translate.googleapis.com/translate_a/single?client=gtx&sl=auto&tl=de&dt=t&q=Hong+Kong+Island+gives+the+territory%0Aof+Hong+Kong+its+name "HTTP/1.1 200 OK"
HTTP Request: GET https://translate.googleapis.com/translate_a/single?client=gtx&sl=auto&tl=de&dt=t&q=Parisians+have+a+reputation%0Afor+being+egocentric%2C+rude+and+arrogant. "HTTP/1.1 200 OK"
HTTP Request: GET https://translate.googleapis.com/translate_a/single?client=gtx&sl=auto&tl=de&dt=t&q=You+can+use+boda-boda+%28motorcycle+taxi%29%0Ato+get+around+Goma.%0AThe+normal+%28local%29+price+is+~500+Congolese+Francs "HTTP/1.1 200 OK"
HTTP Request: GET https://translate.googleapis.com/translate_a/single?client=gtx&sl=auto&tl=de&dt=t&q=The+Schengen+zone%2C+however%2C%0Aworks+somewhat+like+one+country+in+this+respect. "HTTP/1.1 200 OK"
HTTP Request: GET https://translate.googleapis.com/translate_a/single?client=gtx&sl=auto&tl=de&dt=t&q=Needless+to+say%2C+if+you+know+a+Romance+language%2C%0Ait+will+be+easier "HTTP/1.1 200 OK"
HTTP Request: GET https://translate.googleapis.com/translate_a/single?client=gtx&sl=auto&tl=de&dt=t&q=Hong+Kong+Island+gives+the+territory%0Aof+Hong+Kong+its+name%0Aand+is+the+place "HTTP/1.1 200 OK"
HTTP Request: GET https://translate.googleapis.com/translate_a/single?client=gtx&sl=auto&tl=de&dt=t&q=You+can+use+boda-boda+%28motorcycle+taxi%29%0Ato+get+around+Goma.%0AThe+normal+%28local%29+price+is+~500+Congolese+Francs%0Afor+the+short+ride. "HTTP/1.1 200 OK"
HTTP Request: GET https://translate.googleapis.com/translate_a/single?client=gtx&sl=auto&tl=de&dt=t&q=Hong+Kong+Island+gives+the+territory%0Aof+Hong+Kong+its+name%0Aand+is+the+place%0Athat+many+tourists+regard+as+the+main+focus. "HTTP/1.1 200 OK"
HTTP Request: GET https://translate.googleapis.com/translate_a/single?client=gtx&sl=auto&tl=de&dt=t&q=Needless+to+say%2C+if+you+know+a+Romance+language%2C%0Ait+will+be+easier%0Afor+you+to+learn+Portuguese. "HTTP/1.1 200 OK"
HTTP Request: GET https://translate.googleapis.com/translate_a/single?client=gtx&sl=auto&tl=de&dt=t&q=Goats+seem+to+have+been "HTTP/1.1 200 OK"
HTTP Request: GET https://translate.googleapis.com/translate_a/single?client=gtx&sl=auto&tl=de&dt=t&q=Oliver+Sacks%2C%0Ain+his+paper+The+President%27s+Speech%2C%0Aindicated+how+people+who+are+unable+to+understand "HTTP/1.1 200 OK"
HTTP Request: GET https://translate.googleapis.com/translate_a/single?client=gtx&sl=auto&tl=de&dt=t&q=Oliver+Sacks%2C%0Ain+his+paper+The+President%27s+Speech%2C%0Aindicated+how+people+who+are+unable+to+understand%0Aspeech+because+of+brain+damage "HTTP/1.1 200 OK"
HTTP Request: GET https://translate.googleapis.com/translate_a/single?client=gtx&sl=auto&tl=de&dt=t&q=Ironing+damp+clothes+can+help+them+dry.%0AMany+hotels+have+an+iron%0Aand+ironing+board+available+for+loan%2C "HTTP/1.1 200 OK"
HTTP Request: GET https://translate.googleapis.com/translate_a/single?client=gtx&sl=auto&tl=de&dt=t&q=Goats+seem+to+have+been%0Afirst+domesticated+roughly+10%2C000+years "HTTP/1.1 200 OK"
HTTP Request: GET https://translate.googleapis.com/translate_a/single?client=gtx&sl=auto&tl=de&dt=t&q=Other+subjects+on+the+agenda+in+Bali%0Ainclude+saving+the+world%27s+remaining+forests%2C%0Aand+sharing+technologies+to "HTTP/1.1 200 OK"
HTTP Request: GET https://translate.googleapis.com/translate_a/single?client=gtx&sl=auto&tl=de&dt=t&q=They+have+feet+with+scales+and+claws%2C%0Athey+lay+eggs%2C+and+they+walk "HTTP/1.1 200 OK"
HTTP Request: GET https://translate.googleapis.com/translate_a/single?client=gtx&sl=auto&tl=de&dt=t&q=These+couples+may+choose+to "HTTP/1.1 200 OK"
HTTP Request: GET https://translate.googleapis.com/translate_a/single?client=gtx&sl=auto&tl=de&dt=t&q=Lion+prides+act+much+like+packs+of+wolves+or+dogs%2C%0Aanimals+surprisingly+similar+to+lions%0A%28but+not+other+big+cats%29%0Ain+behavior%2C+and+also+very "HTTP/1.1 200 OK"
HTTP Request: GET https://translate.googleapis.com/translate_a/single?client=gtx&sl=auto&tl=de&dt=t&q=Ironing+damp+clothes+can+help+them+dry.%0AMany+hotels+have+an+iron%0Aand+ironing+board+available+for+loan%2C%0Aeven+if+one+is+not+present+in+the+room. "HTTP/1.1 200 OK"
HTTP Request: GET https://translate.googleapis.com/translate_a/single?client=gtx&sl=auto&tl=de&dt=t&q=Goats+seem+to+have+been%0Afirst+domesticated+roughly+10%2C000+years%0Aago+in+the+Zagros+Mountains+of+Iran. "HTTP/1.1 200 OK"
HTTP Request: GET https://translate.googleapis.com/translate_a/single?client=gtx&sl=auto&tl=de&dt=t&q=Oliver+Sacks%2C%0Ain+his+paper+The+President%27s+Speech%2C%0Aindicated+how+people+who+are+unable+to+understand%0Aspeech+because+of+brain+damage%0Aare+nevertheless+able+to+assess+sincerity+accurately. "HTTP/1.1 200 OK"
HTTP Request: GET https://translate.googleapis.com/translate_a/single?client=gtx&sl=auto&tl=de&dt=t&q=Beyond+Wednesday%27s+event%2C+Carpanedo "HTTP/1.1 200 OK"
HTTP Request: GET https://translate.googleapis.com/translate_a/single?client=gtx&sl=auto&tl=de&dt=t&q=In+1990%2C+it+was%0Aadded+to+the+list "HTTP/1.1 200 OK"
HTTP Request: GET https://translate.googleapis.com/translate_a/single?client=gtx&sl=auto&tl=de&dt=t&q=In+1990%2C+it+was%0Aadded+to+the+list%0Aof+world+heritage+sites+in+danger%2C "HTTP/1.1 200 OK"
HTTP Request: GET https://translate.googleapis.com/translate_a/single?client=gtx&sl=auto&tl=de&dt=t&q=In+1990%2C+it+was%0Aadded+to+the+list%0Aof+world+heritage+sites+in+danger%2C%0Adue+to+the+threat+of+desert+sands. "HTTP/1.1 200 OK"
HTTP Request: GET https://translate.googleapis.com/translate_a/single?client=gtx&sl=auto&tl=de&dt=t&q=Other+subjects+on+the+agenda+in+Bali%0Ainclude+saving+the+world%27s+remaining+forests%2C%0Aand+sharing+technologies+to%0Ahelp+developing+nations+grow+in+less-polluting+ways. "HTTP/1.1 200 OK"
HTTP Request: GET https://translate.googleapis.com/translate_a/single?client=gtx&sl=auto&tl=de&dt=t&q=Lion+prides+act+much+like+packs+of+wolves+or+dogs%2C%0Aanimals+surprisingly+similar+to+lions%0A%28but+not+other+big+cats%29%0Ain+behavior%2C+and+also+very%0Adeadly+to+their+prey. "HTTP/1.1 200 OK"
HTTP Request: GET https://translate.googleapis.com/translate_a/single?client=gtx&sl=auto&tl=de&dt=t&q=Aerosmith+have+cancelled+their "HTTP/1.1 200 OK"
HTTP Request: GET https://translate.googleapis.com/translate_a/single?client=gtx&sl=auto&tl=de&dt=t&q=During+the+1920s%2C+the+prevailing+attitudes "HTTP/1.1 200 OK"
HTTP Request: GET https://translate.googleapis.com/translate_a/single?client=gtx&sl=auto&tl=de&dt=t&q=These+couples+may+choose+to%0Amake+an+adoption+plan+for+their+baby. "HTTP/1.1 200 OK"
HTTP Request: GET https://translate.googleapis.com/translate_a/single?client=gtx&sl=auto&tl=de&dt=t&q=Resting+on+the+top+of+one "HTTP/1.1 200 OK"
HTTP Request: GET https://translate.googleapis.com/translate_a/single?client=gtx&sl=auto&tl=de&dt=t&q=They+have+feet+with+scales+and+claws%2C%0Athey+lay+eggs%2C+and+they+walk%0Aon+their+two+back "HTTP/1.1 200 OK"
HTTP Request: GET https://translate.googleapis.com/translate_a/single?client=gtx&sl=auto&tl=de&dt=t&q=Cocham%C3%B3+Valley+-+Chile%27s+premier+climbing+destination%2C%0Aknown+as+the+Yosemite+of+South+America%2C%0Awith+a+variety+of "HTTP/1.1 200 OK"
HTTP Request: GET https://translate.googleapis.com/translate_a/single?client=gtx&sl=auto&tl=de&dt=t&q=The+cabbage+juice+changes+color "HTTP/1.1 200 OK"
HTTP Request: GET https://translate.googleapis.com/translate_a/single?client=gtx&sl=auto&tl=de&dt=t&q=During+the+1920s%2C+the+prevailing+attitudes%0Aof+most+citizens+and+nations "HTTP/1.1 200 OK"
HTTP Request: GET https://translate.googleapis.com/translate_a/single?client=gtx&sl=auto&tl=de&dt=t&q=Beyond+Wednesday%27s+event%2C+Carpanedo%0Acompeted+in+two+individual+races+at+the+Championships. "HTTP/1.1 200 OK"
HTTP Request: GET https://translate.googleapis.com/translate_a/single?client=gtx&sl=auto&tl=de&dt=t&q=They+have+feet+with+scales+and+claws%2C%0Athey+lay+eggs%2C+and+they+walk%0Aon+their+two+back%0Alegs+like+a+T-Rex. "HTTP/1.1 200 OK"
HTTP Request: GET https://translate.googleapis.com/translate_a/single?client=gtx&sl=auto&tl=de&dt=t&q=The+cabbage+juice+changes+color%0Adepending+on+how+acidic+or+basic+%28alkaline%29+the+chemical+is. "HTTP/1.1 200 OK"
HTTP Request: GET https://translate.googleapis.com/translate_a/single?client=gtx&sl=auto&tl=de&dt=t&q=Barcelona%27s+official+languages+are+Catalan+and+Spanish.%0AAbout+a+half+prefer+to+speak+Catalan%2C%0Aa+vast+majority+understands+it%2C "HTTP/1.1 200 OK"
HTTP Request: GET https://translate.googleapis.com/translate_a/single?client=gtx&sl=auto&tl=de&dt=t&q=During+the+1920s%2C+the+prevailing+attitudes%0Aof+most+citizens+and+nations%0Awas+that+of+pacifism+and+isolation. "HTTP/1.1 200 OK"
HTTP Request: GET https://translate.googleapis.com/translate_a/single?client=gtx&sl=auto&tl=de&dt=t&q=Vatican+City%27s+population+is+around+800.%0AIt+is+the+smallest+independent+country "HTTP/1.1 200 OK"
HTTP Request: GET https://translate.googleapis.com/translate_a/single?client=gtx&sl=auto&tl=de&dt=t&q=Barcelona%27s+official+languages+are+Catalan+and+Spanish.%0AAbout+a+half+prefer+to+speak+Catalan%2C%0Aa+vast+majority+understands+it%2C%0Aand+virtually+everyone+knows+Spanish. "HTTP/1.1 200 OK"
HTTP Request: GET https://translate.googleapis.com/translate_a/single?client=gtx&sl=auto&tl=de&dt=t&q=Scaffolding+is+not+a+method+of+learning%0Abut+rather+an+aid "HTTP/1.1 200 OK"
HTTP Request: GET https://translate.googleapis.com/translate_a/single?client=gtx&sl=auto&tl=de&dt=t&q=Scaffolding+is+not+a+method+of+learning%0Abut+rather+an+aid%0Athat+provides+support+to+individuals "HTTP/1.1 200 OK"
HTTP Request: GET https://translate.googleapis.com/translate_a/single?client=gtx&sl=auto&tl=de&dt=t&q=Scaffolding+is+not+a+method+of+learning%0Abut+rather+an+aid%0Athat+provides+support+to+individuals%0Awhom+are+undergoing+a+new+learning+experience "HTTP/1.1 200 OK"
HTTP Request: GET https://translate.googleapis.com/translate_a/single?client=gtx&sl=auto&tl=de&dt=t&q=Scaffolding+is+not+a+method+of+learning%0Abut+rather+an+aid%0Athat+provides+support+to+individuals%0Awhom+are+undergoing+a+new+learning+experience%0Asuch+as+using+a+new+computer+program "HTTP/1.1 200 OK"
HTTP Request: GET https://translate.googleapis.com/translate_a/single?client=gtx&sl=auto&tl=de&dt=t&q=Scaffolding+is+not+a+method+of+learning%0Abut+rather+an+aid%0Athat+provides+support+to+individuals%0Awhom+are+undergoing+a+new+learning+experience%0Asuch+as+using+a+new+computer+program%0Aor+beginning+a+new+project. "HTTP/1.1 200 OK"
HTTP Request: GET https://translate.googleapis.com/translate_a/single?client=gtx&sl=auto&tl=de&dt=t&q=It+is+related+to "HTTP/1.1 200 OK"
HTTP Request: GET https://translate.googleapis.com/translate_a/single?client=gtx&sl=auto&tl=de&dt=t&q=Aerosmith+have+cancelled+their%0Aremaining+concerts+on+their+tour. "HTTP/1.1 200 OK"
HTTP Request: GET https://translate.googleapis.com/translate_a/single?client=gtx&sl=auto&tl=de&dt=t&q=It+is+related+to%0Abut+usually+not+involving "HTTP/1.1 200 OK"
HTTP Request: GET https://translate.googleapis.com/translate_a/single?client=gtx&sl=auto&tl=de&dt=t&q=Resting+on+the+top+of+one%0Aof+the+mountains+north+of+Mecca%2C "HTTP/1.1 200 OK"
HTTP Request: GET https://translate.googleapis.com/translate_a/single?client=gtx&sl=auto&tl=de&dt=t&q=Cocham%C3%B3+Valley+-+Chile%27s+premier+climbing+destination%2C%0Aknown+as+the+Yosemite+of+South+America%2C%0Awith+a+variety+of%0Agranite+big+walls+and+crags. "HTTP/1.1 200 OK"
HTTP Request: GET https://translate.googleapis.com/translate_a/single?client=gtx&sl=auto&tl=de&dt=t&q=Professor+Pamela+Ferguson+of+the+University+of+Dundee%0Anotes+%22journalists+do+seem "HTTP/1.1 200 OK"
HTTP Request: GET https://translate.googleapis.com/translate_a/single?client=gtx&sl=auto&tl=de&dt=t&q=His+work+is+of+such+recognized+quality%0Aand+detail+that+he+is "HTTP/1.1 200 OK"
HTTP Request: GET https://translate.googleapis.com/translate_a/single?client=gtx&sl=auto&tl=de&dt=t&q=It+is+related+to%0Abut+usually+not+involving%0Aalpine+style+ski+touring+or+mountaineering%2C "HTTP/1.1 200 OK"
HTTP Request: GET https://translate.googleapis.com/translate_a/single?client=gtx&sl=auto&tl=de&dt=t&q=People+have+known+about+basic+chemical+elements+such+as+gold%2C%0Asilver%2C+and+copper+from+antiquity%2C%0Aas+these+can+all "HTTP/1.1 200 OK"
HTTP Request: GET https://translate.googleapis.com/translate_a/single?client=gtx&sl=auto&tl=de&dt=t&q=His+work+is+of+such+recognized+quality%0Aand+detail+that+he+is%0Aone+of+the+very+few "HTTP/1.1 200 OK"
HTTP Request: GET https://translate.googleapis.com/translate_a/single?client=gtx&sl=auto&tl=de&dt=t&q=It+is+related+to%0Abut+usually+not+involving%0Aalpine+style+ski+touring+or+mountaineering%2C%0Athe+latter+ones+done+in+steep+terrain "HTTP/1.1 200 OK"
HTTP Request: GET https://translate.googleapis.com/translate_a/single?client=gtx&sl=auto&tl=de&dt=t&q=It+is+related+to%0Abut+usually+not+involving%0Aalpine+style+ski+touring+or+mountaineering%2C%0Athe+latter+ones+done+in+steep+terrain%0Aand+requiring+much+stiffer+skis+and+boots. "HTTP/1.1 200 OK"
HTTP Request: GET https://translate.googleapis.com/translate_a/single?client=gtx&sl=auto&tl=de&dt=t&q=Resting+on+the+top+of+one%0Aof+the+mountains+north+of+Mecca%2C%0Athe+cave+is+completely "HTTP/1.1 200 OK"
HTTP Request: GET https://translate.googleapis.com/translate_a/single?client=gtx&sl=auto&tl=de&dt=t&q=In+the+north+the+region "HTTP/1.1 200 OK"
HTTP Request: GET https://translate.googleapis.com/translate_a/single?client=gtx&sl=auto&tl=de&dt=t&q=His+work+is+of+such+recognized+quality%0Aand+detail+that+he+is%0Aone+of+the+very+few%0A%22household+names%22+among+philatelists. "HTTP/1.1 200 OK"
HTTP Request: GET https://translate.googleapis.com/translate_a/single?client=gtx&sl=auto&tl=de&dt=t&q=His+work+is+of+such+recognized+quality%0Aand+detail+that+he+is%0Aone+of+the+very+few%0A%22household+names%22+among+philatelists.%0ASome+specialize+in+collecting+his+work+alone. "HTTP/1.1 200 OK"
HTTP Request: GET https://translate.googleapis.com/translate_a/single?client=gtx&sl=auto&tl=de&dt=t&q=It+is+one+of+the+main "HTTP/1.1 200 OK"
HTTP Request: GET https://translate.googleapis.com/translate_a/single?client=gtx&sl=auto&tl=de&dt=t&q=Vatican+City%27s+population+is+around+800.%0AIt+is+the+smallest+independent+country%0Ain+the+world+and+the "HTTP/1.1 200 OK"
HTTP Request: GET https://translate.googleapis.com/translate_a/single?client=gtx&sl=auto&tl=de&dt=t&q=It+is+one+of+the+main%0Aattractions+of+South+Africa "HTTP/1.1 200 OK"
HTTP Request: GET https://translate.googleapis.com/translate_a/single?client=gtx&sl=auto&tl=de&dt=t&q=Professor+Pamela+Ferguson+of+the+University+of+Dundee%0Anotes+%22journalists+do+seem%0Ato+be+walking+a+dangerous+line "HTTP/1.1 200 OK"
HTTP Request: GET https://translate.googleapis.com/translate_a/single?client=gtx&sl=auto&tl=de&dt=t&q=Vatican+City%27s+population+is+around+800.%0AIt+is+the+smallest+independent+country%0Ain+the+world+and+the%0Acountry+with+the+lowest+population. "HTTP/1.1 200 OK"
HTTP Request: GET https://translate.googleapis.com/translate_a/single?client=gtx&sl=auto&tl=de&dt=t&q=Bishkek+was+described+as+sinking+into+a+state%0Aof+%22anarchy%22+by+one+observer%2C "HTTP/1.1 200 OK"
HTTP Request: GET https://translate.googleapis.com/translate_a/single?client=gtx&sl=auto&tl=de&dt=t&q=Resting+on+the+top+of+one%0Aof+the+mountains+north+of+Mecca%2C%0Athe+cave+is+completely%0Aisolated+from+the+rest+of+the+world. "HTTP/1.1 200 OK"
HTTP Request: GET https://translate.googleapis.com/translate_a/single?client=gtx&sl=auto&tl=de&dt=t&q=Bishkek+was+described+as+sinking+into+a+state%0Aof+%22anarchy%22+by+one+observer%2C%0Aas+gangs+of+people "HTTP/1.1 200 OK"
HTTP Request: GET https://translate.googleapis.com/translate_a/single?client=gtx&sl=auto&tl=de&dt=t&q=Professor+Pamela+Ferguson+of+the+University+of+Dundee%0Anotes+%22journalists+do+seem%0Ato+be+walking+a+dangerous+line%0Aif+publishing+photos+etc+of+suspects.%22 "HTTP/1.1 200 OK"
HTTP Request: GET https://translate.googleapis.com/translate_a/single?client=gtx&sl=auto&tl=de&dt=t&q=It+is+one+of+the+main%0Aattractions+of+South+Africa%0Aand+it+is+considered "HTTP/1.1 200 OK"
HTTP Request: GET https://translate.googleapis.com/translate_a/single?client=gtx&sl=auto&tl=de&dt=t&q=It+is+one+of+the+main%0Aattractions+of+South+Africa%0Aand+it+is+considered%0Athe+flagship+of+South+African+National+Parks+%28SANParks%29. "HTTP/1.1 200 OK"
HTTP Request: GET https://translate.googleapis.com/translate_a/single?client=gtx&sl=auto&tl=de&dt=t&q=In+the+north+the+region%0Ais+bounded+by+the+Sahel%2C "HTTP/1.1 200 OK"
HTTP Request: GET https://translate.googleapis.com/translate_a/single?client=gtx&sl=auto&tl=de&dt=t&q=People+have+known+about+basic+chemical+elements+such+as+gold%2C%0Asilver%2C+and+copper+from+antiquity%2C%0Aas+these+can+all%0Abe+discovered+in+nature "HTTP/1.1 200 OK"
HTTP Request: GET https://translate.googleapis.com/translate_a/single?client=gtx&sl=auto&tl=de&dt=t&q=In+the+north+the+region%0Ais+bounded+by+the+Sahel%2C%0Aand+in+the+south+and+west+by+the+Atlantic+Ocean. "HTTP/1.1 200 OK"
HTTP Request: GET https://translate.googleapis.com/translate_a/single?client=gtx&sl=auto&tl=de&dt=t&q=Bishkek+was+described+as+sinking+into+a+state%0Aof+%22anarchy%22+by+one+observer%2C%0Aas+gangs+of+people%0Aroamed+the+streets+and+plundered+stores+of+consumer+goods. "HTTP/1.1 200 OK"
HTTP Request: GET https://translate.googleapis.com/translate_a/single?client=gtx&sl=auto&tl=de&dt=t&q=First+among+its+78+recommendations%0Ais+that+a+new+diplomatic+initiative%0Ashould+be+taken+before+the+end+of+this+year%0Ato+secure+Iraq%E2%80%99s+borders%0Aagainst+hostile+interventions+and+to+re-establish "HTTP/1.1 200 OK"
HTTP Request: GET https://translate.googleapis.com/translate_a/single?client=gtx&sl=auto&tl=de&dt=t&q=First+among+its+78+recommendations%0Ais+that+a+new+diplomatic+initiative%0Ashould+be+taken+before+the+end+of+this+year%0Ato+secure+Iraq%E2%80%99s+borders%0Aagainst+hostile+interventions+and+to+re-establish%0Adiplomatic+relations+with+its+neighbors. "HTTP/1.1 200 OK"
HTTP Request: GET https://translate.googleapis.com/translate_a/single?client=gtx&sl=auto&tl=de&dt=t&q=People+have+known+about+basic+chemical+elements+such+as+gold%2C%0Asilver%2C+and+copper+from+antiquity%2C%0Aas+these+can+all%0Abe+discovered+in+nature%0Ain+native+form+and+are "HTTP/1.1 200 OK"
HTTP Request: GET https://translate.googleapis.com/translate_a/single?client=gtx&sl=auto&tl=de&dt=t&q=People+have+known+about+basic+chemical+elements+such+as+gold%2C%0Asilver%2C+and+copper+from+antiquity%2C%0Aas+these+can+all%0Abe+discovered+in+nature%0Ain+native+form+and+are%0Arelatively+simple+to+mine+with+primitive+tools. "HTTP/1.1 200 OK"
/home/mobility/STiTy/.venv-autoseg/lib/python3.10/site-packages/pytorch_lightning/utilities/_pytree.py:21: `isinstance(treespec, LeafSpec)` is deprecated, use `isinstance(treespec, TreeSpec) and treespec.is_leaf()` instead.
  6        4   0.7511   0.7960   0.0559    4.00     4.31   0.00
/home/mobility/STiTy/.venv-autoseg/lib/python3.10/site-packages/pytorch_lightning/utilities/_pytree.py:21: `isinstance(treespec, LeafSpec)` is deprecated, use `isinstance(treespec, TreeSpec) and treespec.is_leaf()` instead.
  8        0   0.7743   0.8263   0.0629    5.45     4.13   0.00
HTTP Request: GET https://translate.googleapis.com/translate_a/single?client=gtx&sl=auto&tl=de&dt=t&q=Women%3A+It+is+recommended+that+any+women+travellers+say+that+they+are+married%2C "HTTP/1.1 200 OK"
HTTP Request: GET https://translate.googleapis.com/translate_a/single?client=gtx&sl=auto&tl=de&dt=t&q=At+the+other+end%0Aof+the+spectrum%2C%0Aone+morphs+into+an+unrecognizable+individual%0Athat+feels+he+or+she+must+change+everything+the+team+has+been+doing+and+make+it+their+own. "HTTP/1.1 200 OK"
HTTP Request: GET https://translate.googleapis.com/translate_a/single?client=gtx&sl=auto&tl=de&dt=t&q=Similarly%2C+by+having+a+Schengen+visa%2C%0Ayou+do+not+need+to+apply+for+visas+to+each+of+the+Schengen+member+countries "HTTP/1.1 200 OK"
HTTP Request: GET https://translate.googleapis.com/translate_a/single?client=gtx&sl=auto&tl=de&dt=t&q=The+official+Falklands+currency%0Ais+the+Falkland+pound+%28FKP%29%0Awhose+value+is+set+equivalent+to+that+of+one+British+pound+%28GBP%29. "HTTP/1.1 200 OK"
HTTP Request: GET https://translate.googleapis.com/translate_a/single?client=gtx&sl=auto&tl=de&dt=t&q=Finally%2C+there+are+many+small+cats+%28including+loose+pet+cats%29%0Athat+eat+the+far+more+numerous+small+prey+like+insects%2C%0Arodents%2C+lizards%2C+and+birds. "HTTP/1.1 200 OK"
HTTP Request: GET https://translate.googleapis.com/translate_a/single?client=gtx&sl=auto&tl=de&dt=t&q=People+have+known+about+basic+chemical+elements%0Asuch+as+gold%2C%0Asilver%2C+and+copper+from+antiquity%2C%0Aas+these+can+all+be+discovered+in+nature+in+native+form+and+are+relatively+simple+to+mine+with+primitive+tools. "HTTP/1.1 200 OK"
HTTP Request: GET https://translate.googleapis.com/translate_a/single?client=gtx&sl=auto&tl=de&dt=t&q=Also+to+the+north+visit+the+great+Sanctuary%0Aof+Our+Lady+of+Fatima+%28Shrine%29%2C%0Aa+place+of+worldwide+famous+Marian+apparitions. "HTTP/1.1 200 OK"
HTTP Request: GET https://translate.googleapis.com/translate_a/single?client=gtx&sl=auto&tl=de&dt=t&q=Women%3A+It+is+recommended+that+any+women+travellers+say+that+they+are+married%2C%0Aregardless+of+actual+marital+status. "HTTP/1.1 200 OK"
HTTP Request: GET https://translate.googleapis.com/translate_a/single?client=gtx&sl=auto&tl=de&dt=t&q=Virtual+Scaffolds+are+internalized+in+the+software%0Aand+are+meant+to+question%2C%0Aprompt%2C+and+explain+procedures%0Athat+may+have+been+to+challenging+for+the+student+to+handle+alone. "HTTP/1.1 200 OK"
HTTP Request: GET https://translate.googleapis.com/translate_a/single?client=gtx&sl=auto&tl=de&dt=t&q=Similarly%2C+by+having+a+Schengen+visa%2C%0Ayou+do+not+need+to+apply+for+visas+to+each+of+the+Schengen+member+countries%0Aseparately%2C+hence+saving+time%2C "HTTP/1.1 200 OK"
HTTP Request: GET https://translate.googleapis.com/translate_a/single?client=gtx&sl=auto&tl=de&dt=t&q=Similarly%2C+by+having+a+Schengen+visa%2C%0Ayou+do+not+need+to+apply+for+visas+to+each+of+the+Schengen+member+countries%0Aseparately%2C+hence+saving+time%2C%0Amoney+and+paperwork. "HTTP/1.1 200 OK"
/home/mobility/STiTy/.venv-autoseg/lib/python3.10/site-packages/pytorch_lightning/utilities/_pytree.py:21: `isinstance(treespec, LeafSpec)` is deprecated, use `isinstance(treespec, TreeSpec) and treespec.is_leaf()` instead.
You seem to be using the pipelines sequentially on GPU. In order to maximize efficiency please use a dataset
  8        2   0.7785   0.8258   0.0574    5.33     4.37   0.00
HTTP Request: GET https://translate.googleapis.com/translate_a/single?client=gtx&sl=auto&tl=de&dt=t&q=The+same+month+saw+another+airliner+overrun+a+runway+at+Mashhad%0Aand+strike+a+wall%2C+killing+seventeen. "HTTP/1.1 200 OK"
HTTP Request: GET https://translate.googleapis.com/translate_a/single?client=gtx&sl=auto&tl=de&dt=t&q=Throughout+1960s%2C+Brzezinski+worked+for+John+F.+Kennedy "HTTP/1.1 200 OK"
HTTP Request: GET https://translate.googleapis.com/translate_a/single?client=gtx&sl=auto&tl=de&dt=t&q=Researchers+from+Princeton+University+in+the+United+States%0Aand+Uppsala+University+in+Sweden%0Areported+the+new+species+evolved+in+just+two+generations%2C%0Athough+this+process+had+been+believed+to+take+much+longer%2C%0Adue+to+breeding+between+an+endemic+Darwin+finch%2C%0AGeospiza+fortes%2C+and+the+immigrant+cactus+finch%2C+Geospiza+conirostris. "HTTP/1.1 200 OK"
HTTP Request: GET https://translate.googleapis.com/translate_a/single?client=gtx&sl=auto&tl=de&dt=t&q=As+a+result%2C%0Athe+process+of+an+organization+working+together+to+overcome+an+obstacle%0Acan+lead+to+a+new+innovative+process+to+serve+the+customer%27s+need. "HTTP/1.1 200 OK"
HTTP Request: GET https://translate.googleapis.com/translate_a/single?client=gtx&sl=auto&tl=de&dt=t&q=Generally+speaking%2C+two+behaviors%0Acan+emerge+as+managers+begin+to+lead+their+former+peers. "HTTP/1.1 200 OK"
HTTP Request: GET https://translate.googleapis.com/translate_a/single?client=gtx&sl=auto&tl=de&dt=t&q=In+1990%2C+it+was+added+to+the+list "HTTP/1.1 200 OK"
HTTP Request: GET https://translate.googleapis.com/translate_a/single?client=gtx&sl=auto&tl=de&dt=t&q=Cuomo%2C+53%2C+began+his+governorship%0Aearlier+this+year+and+signed+a+bill+last+month+legalizing+same-sex+marriage. "HTTP/1.1 200 OK"
HTTP Request: GET https://translate.googleapis.com/translate_a/single?client=gtx&sl=auto&tl=de&dt=t&q=The+word+civilization+comes+from+the+Latin+civilis%2C%0Ameaning+civil%2C+related+to+the+Latin+civis%2C+meaning+citizen%2C%0Aand+civitas%2C+meaning+city+or+city-state%2C%0Aand+that+also+somehow+defines+the+size+of+the+society. "HTTP/1.1 200 OK"
HTTP Request: GET https://translate.googleapis.com/translate_a/single?client=gtx&sl=auto&tl=de&dt=t&q=Throughout+1960s%2C+Brzezinski+worked+for+John+F.+Kennedy%0Aas+his+advisor+and+then+the+Lyndon+B.+Johnson+administration. "HTTP/1.1 200 OK"
HTTP Request: GET https://translate.googleapis.com/translate_a/single?client=gtx&sl=auto&tl=de&dt=t&q=In+1990%2C+it+was+added+to+the+list%0Aof+world+heritage+sites+in+danger%2C "HTTP/1.1 200 OK"
HTTP Request: GET https://translate.googleapis.com/translate_a/single?client=gtx&sl=auto&tl=de&dt=t&q=Oliver+Sacks%2C+in+his+paper%0AThe+President%27s+Speech%2C%0Aindicated+how+people+who+are+unable+to+understand+speech+because+of+brain+damage "HTTP/1.1 200 OK"
HTTP Request: GET https://translate.googleapis.com/translate_a/single?client=gtx&sl=auto&tl=de&dt=t&q=Lion+prides+act+much+like+packs+of+wolves+or+dogs%2C%0Aanimals+surprisingly+similar+to+lions+%28but+not+other+big+cats%29%0Ain+behavior%2C+and+also+very+deadly "HTTP/1.1 200 OK"
HTTP Request: GET https://translate.googleapis.com/translate_a/single?client=gtx&sl=auto&tl=de&dt=t&q=In+fact%2C+it+is+not+easy+to+find+at+all+even+if+one+knew+it+existed.%0AOnce+inside+the+cave%2C "HTTP/1.1 200 OK"
HTTP Request: GET https://translate.googleapis.com/translate_a/single?client=gtx&sl=auto&tl=de&dt=t&q=Hong+Kong+Island%0Agives+the+territory+of+Hong+Kong+its+name "HTTP/1.1 200 OK"
HTTP Request: GET https://translate.googleapis.com/translate_a/single?client=gtx&sl=auto&tl=de&dt=t&q=The+job+of+navies%0Ahas+traditionally+been+to+ensure+that+your+country+maintains+the+ability+to+move+your+people+and+goods%2C "HTTP/1.1 200 OK"
HTTP Request: GET https://translate.googleapis.com/translate_a/single?client=gtx&sl=auto&tl=de&dt=t&q=The+city+is+also+the+base%0Ato+climb+the+Nyiragongo+volcano%0Aalong+with+some+of+the+cheapest+Mountain+Gorilla+tracking+in+Africa. "HTTP/1.1 200 OK"
HTTP Request: GET https://translate.googleapis.com/translate_a/single?client=gtx&sl=auto&tl=de&dt=t&q=Lion+prides+act+much+like+packs+of+wolves+or+dogs%2C%0Aanimals+surprisingly+similar+to+lions+%28but+not+other+big+cats%29%0Ain+behavior%2C+and+also+very+deadly%0Ato+their+prey. "HTTP/1.1 200 OK"
HTTP Request: GET https://translate.googleapis.com/translate_a/single?client=gtx&sl=auto&tl=de&dt=t&q=Generally+speaking%2C+two+behaviors%0Acan+emerge+as+managers+begin+to+lead+their+former+peers.%0AOne+end+of+the+spectrum "HTTP/1.1 200 OK"
HTTP Request: GET https://translate.googleapis.com/translate_a/single?client=gtx&sl=auto&tl=de&dt=t&q=Oliver+Sacks%2C+in+his+paper%0AThe+President%27s+Speech%2C%0Aindicated+how+people+who+are+unable+to+understand+speech+because+of+brain+damage%0Aare+nevertheless+able+to+assess+sincerity+accurately. "HTTP/1.1 200 OK"
HTTP Request: GET https://translate.googleapis.com/translate_a/single?client=gtx&sl=auto&tl=de&dt=t&q=In+1990%2C+it+was+added+to+the+list%0Aof+world+heritage+sites+in+danger%2C%0Adue+to+the+threat+of+desert+sands. "HTTP/1.1 200 OK"
HTTP Request: GET https://translate.googleapis.com/translate_a/single?client=gtx&sl=auto&tl=de&dt=t&q=In+fact%2C+it+is+not+easy+to+find+at+all+even+if+one+knew+it+existed.%0AOnce+inside+the+cave%2C%0Ait+is+a+total+isolation. "HTTP/1.1 200 OK"
HTTP Request: GET https://translate.googleapis.com/translate_a/single?client=gtx&sl=auto&tl=de&dt=t&q=Professor+Pamela+Ferguson%0Aof+the+University+of+Dundee%0Anotes+%22journalists+do+seem+to+be+walking+a+dangerous+line+if+publishing+photos+etc+of+suspects.%22 "HTTP/1.1 200 OK"
HTTP Request: GET https://translate.googleapis.com/translate_a/single?client=gtx&sl=auto&tl=de&dt=t&q=Hong+Kong+Island%0Agives+the+territory+of+Hong+Kong+its+name%0Aand+is+the+place+that+many+tourists+regard+as+the+main+focus. "HTTP/1.1 200 OK"
HTTP Request: GET https://translate.googleapis.com/translate_a/single?client=gtx&sl=auto&tl=de&dt=t&q=Generally+speaking%2C+two+behaviors%0Acan+emerge+as+managers+begin+to+lead+their+former+peers.%0AOne+end+of+the+spectrum%0Ais+trying+to+remain+%E2%80%9Cone+of+the+guys%E2%80%9D+%28or+gals%29. "HTTP/1.1 200 OK"
HTTP Request: GET https://translate.googleapis.com/translate_a/single?client=gtx&sl=auto&tl=de&dt=t&q=The+aspect+ratio+of+this+format%0A%28dividing+by+twelve+to+obtain+the+simplest+whole-number+ratio%29%0Ais+therefore+said+to+be+3%3A2. "HTTP/1.1 200 OK"
HTTP Request: GET https://translate.googleapis.com/translate_a/single?client=gtx&sl=auto&tl=de&dt=t&q=It+is+related+to+but+usually+not+involving+alpine+style+ski+touring+or+mountaineering%2C%0Athe+latter+ones "HTTP/1.1 200 OK"
HTTP Request: GET https://translate.googleapis.com/translate_a/single?client=gtx&sl=auto&tl=de&dt=t&q=His+work+is+of+such+recognized+quality%0Aand+detail+that+he+is+one+of+the+very+few+%22household+names%22+among+philatelists. "HTTP/1.1 200 OK"
HTTP Request: GET https://translate.googleapis.com/translate_a/single?client=gtx&sl=auto&tl=de&dt=t&q=The+job+of+navies%0Ahas+traditionally+been+to+ensure+that+your+country+maintains+the+ability+to+move+your+people+and+goods%2C%0Awhile+at+the+same+time%2C "HTTP/1.1 200 OK"
HTTP Request: GET https://translate.googleapis.com/translate_a/single?client=gtx&sl=auto&tl=de&dt=t&q=His+work+is+of+such+recognized+quality%0Aand+detail+that+he+is+one+of+the+very+few+%22household+names%22+among+philatelists.%0ASome+specialize+in+collecting "HTTP/1.1 200 OK"
HTTP Request: GET https://translate.googleapis.com/translate_a/single?client=gtx&sl=auto&tl=de&dt=t&q=The+job+of+navies%0Ahas+traditionally+been+to+ensure+that+your+country+maintains+the+ability+to+move+your+people+and+goods%2C%0Awhile+at+the+same+time%2C%0Ainterfering+with+your+enemy%27s+ability "HTTP/1.1 200 OK"
HTTP Request: GET https://translate.googleapis.com/translate_a/single?client=gtx&sl=auto&tl=de&dt=t&q=It+is+related+to+but+usually+not+involving+alpine+style+ski+touring+or+mountaineering%2C%0Athe+latter+ones%0Adone+in+steep+terrain "HTTP/1.1 200 OK"
HTTP Request: GET https://translate.googleapis.com/translate_a/single?client=gtx&sl=auto&tl=de&dt=t&q=It+is+related+to+but+usually+not+involving+alpine+style+ski+touring+or+mountaineering%2C%0Athe+latter+ones%0Adone+in+steep+terrain%0Aand+requiring+much+stiffer+skis+and+boots. "HTTP/1.1 200 OK"
HTTP Request: GET https://translate.googleapis.com/translate_a/single?client=gtx&sl=auto&tl=de&dt=t&q=The+job+of+navies%0Ahas+traditionally+been+to+ensure+that+your+country+maintains+the+ability+to+move+your+people+and+goods%2C%0Awhile+at+the+same+time%2C%0Ainterfering+with+your+enemy%27s+ability%0Ato+move+his+people+and+goods. "HTTP/1.1 200 OK"
HTTP Request: GET https://translate.googleapis.com/translate_a/single?client=gtx&sl=auto&tl=de&dt=t&q=His+work+is+of+such+recognized+quality%0Aand+detail+that+he+is+one+of+the+very+few+%22household+names%22+among+philatelists.%0ASome+specialize+in+collecting%0Ahis+work+alone. "HTTP/1.1 200 OK"
HTTP Request: GET https://translate.googleapis.com/translate_a/single?client=gtx&sl=auto&tl=de&dt=t&q=USA+Gymnastics+and+the+USOC+have+the+same+goal+%E2%80%94%0Amaking+the+sport+of+gymnastics%2C%0Aand+others%2C+as+safe+as+possible+for+athletes+to+follow+their+dreams+in+a+safe%2C "HTTP/1.1 200 OK"
HTTP Request: GET https://translate.googleapis.com/translate_a/single?client=gtx&sl=auto&tl=de&dt=t&q=USA+Gymnastics+and+the+USOC+have+the+same+goal+%E2%80%94%0Amaking+the+sport+of+gymnastics%2C%0Aand+others%2C+as+safe+as+possible+for+athletes+to+follow+their+dreams+in+a+safe%2C%0Apositive+and+empowered+environment. "HTTP/1.1 200 OK"
/home/mobility/STiTy/.venv-autoseg/lib/python3.10/site-packages/pytorch_lightning/utilities/_pytree.py:21: `isinstance(treespec, LeafSpec)` is deprecated, use `isinstance(treespec, TreeSpec) and treespec.is_leaf()` instead.
  8        3   0.7814   0.8246   0.0526    5.22     4.85   0.00
HTTP Request: GET https://translate.googleapis.com/translate_a/single?client=gtx&sl=auto&tl=de&dt=t&q=Sleep+interruption+is+the+process+of+purposefully+awakening%0Aduring+your+normal+sleep+period%0Aand+falling+asleep+a+short+time+later+%2810%E2%80%9360+minutes%29. "HTTP/1.1 200 OK"
HTTP Request: GET https://translate.googleapis.com/translate_a/single?client=gtx&sl=auto&tl=de&dt=t&q=We+agree+with+the+USOC%27s+statement%0Athat+the+interests+of+our+athletes+and+clubs%2C%0Aand+their+sport%2C+may+be+better+served%0Aby+moving+forward+with+meaningful+change+within+our+organization%2C+rather+than+decertification. "HTTP/1.1 200 OK"
HTTP Request: GET https://translate.googleapis.com/translate_a/single?client=gtx&sl=auto&tl=de&dt=t&q=Similarly%2C+by+having+a+Schengen+visa%2C%0Ayou+do+not+need+to+apply+for+visas%0Ato+each+of+the+Schengen+member+countries%0Aseparately%2C+hence+saving+time%2C+money+and+paperwork. "HTTP/1.1 200 OK"
HTTP Request: GET https://translate.googleapis.com/translate_a/single?client=gtx&sl=auto&tl=de&dt=t&q=As+a+result%2C+the+process%0Aof+an+organization+working+together+to+overcome+an+obstacle%0Acan+lead+to+a+new+innovative+process+to+serve+the+customer%27s+need. "HTTP/1.1 200 OK"
HTTP Request: GET https://translate.googleapis.com/translate_a/single?client=gtx&sl=auto&tl=de&dt=t&q=As+a+result%2C+the+performers+smoke+cannabis+joints+on+stage%2C%0Aand+the+theatre+itself "HTTP/1.1 200 OK"
HTTP Request: GET https://translate.googleapis.com/translate_a/single?client=gtx&sl=auto&tl=de&dt=t&q=At+the+other+end+of+the+spectrum%2C%0Aone+morphs+into+an+unrecognizable+individual%0Athat+feels+he+or+she+must+change+everything%0Athe+team+has+been+doing+and+make+it+their+own. "HTTP/1.1 200 OK"
HTTP Request: GET https://translate.googleapis.com/translate_a/single?client=gtx&sl=auto&tl=de&dt=t&q=The+Giza+Plateau%2C+or+%22Giza+Necropolis%22+in+the+Egyptian+Valley+of+the+Dead%0Acontains+several+pyramids+%28of+which+the+great+pyramid+is+the+largest%29%2C%0Aseveral+small+tombs%2C+several+temples%2C "HTTP/1.1 200 OK"
HTTP Request: GET https://translate.googleapis.com/translate_a/single?client=gtx&sl=auto&tl=de&dt=t&q=Hong+Kong+Island+gives+the+territory%0Aof+Hong+Kong+its+name%0Aand+is+the+place+that+many+tourists+regard+as+the+main+focus. "HTTP/1.1 200 OK"
HTTP Request: GET https://translate.googleapis.com/translate_a/single?client=gtx&sl=auto&tl=de&dt=t&q=Lion+prides+act+much+like+packs+of+wolves+or+dogs%2C%0Aanimals+surprisingly+similar+to+lions+%28but+not+other+big+cats%29%0Ain+behavior%2C+and+also+very "HTTP/1.1 200 OK"
HTTP Request: GET https://translate.googleapis.com/translate_a/single?client=gtx&sl=auto&tl=de&dt=t&q=As+a+result%2C+the+performers+smoke+cannabis+joints+on+stage%2C%0Aand+the+theatre+itself%0Ais+encouraging+the+audience+to+join+in. "HTTP/1.1 200 OK"
HTTP Request: GET https://translate.googleapis.com/translate_a/single?client=gtx&sl=auto&tl=de&dt=t&q=Oliver+Sacks%2C+in+his+paper+The+President%27s+Speech%2C%0Aindicated+how+people+who+are+unable+to+understand "HTTP/1.1 200 OK"
HTTP Request: GET https://translate.googleapis.com/translate_a/single?client=gtx&sl=auto&tl=de&dt=t&q=Resting+on+the+top+of+one+of+the+mountains+north+of+Mecca%2C%0Athe+cave+is+completely "HTTP/1.1 200 OK"
HTTP Request: GET https://translate.googleapis.com/translate_a/single?client=gtx&sl=auto&tl=de&dt=t&q=The+Giza+Plateau%2C+or+%22Giza+Necropolis%22+in+the+Egyptian+Valley+of+the+Dead%0Acontains+several+pyramids+%28of+which+the+great+pyramid+is+the+largest%29%2C%0Aseveral+small+tombs%2C+several+temples%2C%0Aand+the+great+Sphinx. "HTTP/1.1 200 OK"
HTTP Request: GET https://translate.googleapis.com/translate_a/single?client=gtx&sl=auto&tl=de&dt=t&q=Lion+prides+act+much+like+packs+of+wolves+or+dogs%2C%0Aanimals+surprisingly+similar+to+lions+%28but+not+other+big+cats%29%0Ain+behavior%2C+and+also+very%0Adeadly+to+their+prey. "HTTP/1.1 200 OK"
HTTP Request: GET https://translate.googleapis.com/translate_a/single?client=gtx&sl=auto&tl=de&dt=t&q=He+added+that+%22they+should+not%2C+however%2C%0Abe+asked+to+take+on+obligations%0Athat+go+beyond+their+development+stage%2C+responsibility+and+capabilities.%22 "HTTP/1.1 200 OK"
HTTP Request: GET https://translate.googleapis.com/translate_a/single?client=gtx&sl=auto&tl=de&dt=t&q=Oliver+Sacks%2C+in+his+paper+The+President%27s+Speech%2C%0Aindicated+how+people+who+are+unable+to+understand%0Aspeech+because+of+brain+damage "HTTP/1.1 200 OK"
HTTP Request: GET https://translate.googleapis.com/translate_a/single?client=gtx&sl=auto&tl=de&dt=t&q=Resting+on+the+top+of+one+of+the+mountains+north+of+Mecca%2C%0Athe+cave+is+completely%0Aisolated+from+the+rest+of+the+world. "HTTP/1.1 200 OK"
HTTP Request: GET https://translate.googleapis.com/translate_a/single?client=gtx&sl=auto&tl=de&dt=t&q=Professor+Pamela+Ferguson+of+the+University+of+Dundee%0Anotes+%22journalists+do+seem+to+be+walking+a+dangerous+line "HTTP/1.1 200 OK"
HTTP Request: GET https://translate.googleapis.com/translate_a/single?client=gtx&sl=auto&tl=de&dt=t&q=It+is+related+to+but+usually+not+involving%0Aalpine+style+ski+touring+or+mountaineering%2C%0Athe+latter+ones+done+in+steep+terrain "HTTP/1.1 200 OK"
HTTP Request: GET https://translate.googleapis.com/translate_a/single?client=gtx&sl=auto&tl=de&dt=t&q=Buses+depart+the+inter-district+bus+station+%28across+the+river%29%0Athroughout+the+day%2C+though+most%2C+especially+those+heading+to+the+east+and+Jakar%2FBumthang "HTTP/1.1 200 OK"
HTTP Request: GET https://translate.googleapis.com/translate_a/single?client=gtx&sl=auto&tl=de&dt=t&q=During+the+1920s%2C+the+prevailing+attitudes+of+most+citizens+and+nations "HTTP/1.1 200 OK"
HTTP Request: GET https://translate.googleapis.com/translate_a/single?client=gtx&sl=auto&tl=de&dt=t&q=Vatican+City%27s+population+is+around+800.%0AIt+is+the+smallest+independent+country%0Ain+the+world+and+the+country+with+the+lowest+population. "HTTP/1.1 200 OK"
HTTP Request: GET https://translate.googleapis.com/translate_a/single?client=gtx&sl=auto&tl=de&dt=t&q=Oliver+Sacks%2C+in+his+paper+The+President%27s+Speech%2C%0Aindicated+how+people+who+are+unable+to+understand%0Aspeech+because+of+brain+damage%0Aare+nevertheless+able+to+assess+sincerity+accurately. "HTTP/1.1 200 OK"
HTTP Request: GET https://translate.googleapis.com/translate_a/single?client=gtx&sl=auto&tl=de&dt=t&q=His+work+is+of+such+recognized+quality%0Aand+detail+that+he+is%0Aone+of+the+very+few+%22household+names%22+among+philatelists. "HTTP/1.1 200 OK"
HTTP Request: GET https://translate.googleapis.com/translate_a/single?client=gtx&sl=auto&tl=de&dt=t&q=During+the+1920s%2C+the+prevailing+attitudes+of+most+citizens+and+nations%0Awas+that+of+pacifism+and+isolation. "HTTP/1.1 200 OK"
HTTP Request: GET https://translate.googleapis.com/translate_a/single?client=gtx&sl=auto&tl=de&dt=t&q=Buses+depart+the+inter-district+bus+station+%28across+the+river%29%0Athroughout+the+day%2C+though+most%2C+especially+those+heading+to+the+east+and+Jakar%2FBumthang%0Aleave+between+06%3A30+and+07%3A30. "HTTP/1.1 200 OK"
HTTP Request: GET https://translate.googleapis.com/translate_a/single?client=gtx&sl=auto&tl=de&dt=t&q=Professor+Pamela+Ferguson+of+the+University+of+Dundee%0Anotes+%22journalists+do+seem+to+be+walking+a+dangerous+line%0Aif+publishing+photos+etc+of+suspects.%22 "HTTP/1.1 200 OK"
HTTP Request: GET https://translate.googleapis.com/translate_a/single?client=gtx&sl=auto&tl=de&dt=t&q=It+is+related+to+but+usually+not+involving%0Aalpine+style+ski+touring+or+mountaineering%2C%0Athe+latter+ones+done+in+steep+terrain%0Aand+requiring+much+stiffer+skis+and+boots. "HTTP/1.1 200 OK"
HTTP Request: GET https://translate.googleapis.com/translate_a/single?client=gtx&sl=auto&tl=de&dt=t&q=Bishkek+was+described+as+sinking+into+a+state%0Aof+%22anarchy%22+by+one+observer%2C%0Aas+gangs+of+people+roamed+the+streets+and+plundered+stores+of+consumer+goods. "HTTP/1.1 200 OK"
HTTP Request: GET https://translate.googleapis.com/translate_a/single?client=gtx&sl=auto&tl=de&dt=t&q=People+have+known+about+basic+chemical+elements+such+as+gold%2C%0Asilver%2C+and+copper+from+antiquity%2C%0Aas+these+can+all+be+discovered+in+nature "HTTP/1.1 200 OK"
HTTP Request: GET https://translate.googleapis.com/translate_a/single?client=gtx&sl=auto&tl=de&dt=t&q=His+work+is+of+such+recognized+quality%0Aand+detail+that+he+is%0Aone+of+the+very+few+%22household+names%22+among+philatelists.%0ASome+specialize+in+collecting+his+work+alone. "HTTP/1.1 200 OK"
HTTP Request: GET https://translate.googleapis.com/translate_a/single?client=gtx&sl=auto&tl=de&dt=t&q=People+have+known+about+basic+chemical+elements+such+as+gold%2C%0Asilver%2C+and+copper+from+antiquity%2C%0Aas+these+can+all+be+discovered+in+nature%0Ain+native+form+and+are+relatively+simple+to+mine+with+primitive+tools. "HTTP/1.1 200 OK"
HTTP Request: GET https://translate.googleapis.com/translate_a/single?client=gtx&sl=auto&tl=de&dt=t&q=They+have+feet+with+scales+and+claws%2C%0Athey+lay+eggs%2C+and+they+walk+on+their+two+back "HTTP/1.1 200 OK"
HTTP Request: GET https://translate.googleapis.com/translate_a/single?client=gtx&sl=auto&tl=de&dt=t&q=They+have+feet+with+scales+and+claws%2C%0Athey+lay+eggs%2C+and+they+walk+on+their+two+back%0Alegs+like+a+T-Rex. "HTTP/1.1 200 OK"
/home/mobility/STiTy/.venv-autoseg/lib/python3.10/site-packages/pytorch_lightning/utilities/_pytree.py:21: `isinstance(treespec, LeafSpec)` is deprecated, use `isinstance(treespec, TreeSpec) and treespec.is_leaf()` instead.
  8        4   0.7729   0.8167   0.0538    5.02     5.43   0.00
