/home/mobility/STiTy/.venv-autoseg/lib/python3.10/site-packages/torchmetrics/utilities/imports.py:23: UserWarning: pkg_resources is deprecated as an API. See https://setuptools.pypa.io/en/latest/pkg_resources.html. The pkg_resources package is slated for removal as early as 2025-11-30. Refrain from using this package or pin to Setuptools<81.
  from pkg_resources import DistributionNotFound, get_distribution
Encoder model frozen.
/home/mobility/STiTy/.venv-autoseg/lib/python3.10/site-packages/pytorch_lightning/core/saving.py:197: Found keys that are not in the model state dict but in the checkpoint: ['encoder.model.embeddings.position_ids']
/home/mobility/STiTy/.venv-autoseg/lib/python3.10/site-packages/pytorch_lightning/utilities/_pytree.py:21: `isinstance(treespec, LeafSpec)` is deprecated, use `isinstance(treespec, TreeSpec) and treespec.is_leaf()` instead.
Device set to use cuda:0
German    T=6   laal 4.499  eff 0.7533  adq 0.8119  contra 0.0724  cons 0.8386  k 3.69
HTTP Request: GET https://translate.googleapis.com/translate_a/single?client=gtx&sl=auto&tl=de&dt=t&q=Virtual+Scaffolds+are+internalized+in+the+software%0Aand+are+meant+to+question%2C%0Aprompt%2C%0Aand+explain+procedures+that+may+have+been+to+challenging+for+the+student+to+handle+alone. "HTTP/1.1 200 OK"
HTTP Request: GET https://translate.googleapis.com/translate_a/single?client=gtx&sl=auto&tl=de&dt=t&q=Generally+speaking%2C%0Atwo+behaviors+can+emerge+as+managers+begin+to+lead+their+former+peers.%0AOne+end+of+the+spectrum%0Ais+trying+to+remain+%E2%80%9Cone+of+the+guys%E2%80%9D+%28or+gals%29. "HTTP/1.1 200 OK"
HTTP Request: GET https://translate.googleapis.com/translate_a/single?client=gtx&sl=auto&tl=de&dt=t&q=The+word+civilization+comes+from+the+Latin+civilis%2C+meaning+civil%2C+related+to+the+Latin+civis%2C "HTTP/1.1 200 OK"
HTTP Request: GET https://translate.googleapis.com/translate_a/single?client=gtx&sl=auto&tl=de&dt=t&q=Similarly%2C%0Aby+having+a+Schengen+visa%2C%0Ayou+do+not+need+to+apply+for+visas+to+each+of+the+Schengen+member+countries%0Aseparately%2C+hence+saving+time%2C+money+and+paperwork. "HTTP/1.1 200 OK"
HTTP Request: GET https://translate.googleapis.com/translate_a/single?client=gtx&sl=auto&tl=de&dt=t&q=As+a+result%2C%0Athe+performers+smoke+cannabis+joints+on+stage%2C%0Aand+the+theatre+itself+is+encouraging+the+audience+to+join+in. "HTTP/1.1 200 OK"
HTTP Request: GET https://translate.googleapis.com/translate_a/single?client=gtx&sl=auto&tl=de&dt=t&q=Throughout+1960s%2C%0ABrzezinski+worked+for+John+F.+Kennedy+as+his+advisor+and+then+the+Lyndon+B.+Johnson+administration. "HTTP/1.1 200 OK"
HTTP Request: GET https://translate.googleapis.com/translate_a/single?client=gtx&sl=auto&tl=de&dt=t&q=Scientists+hope+to+understand+how+planets+form%2C+especially+how+the+Earth+formed%2C "HTTP/1.1 200 OK"
HTTP Request: GET https://translate.googleapis.com/translate_a/single?client=gtx&sl=auto&tl=de&dt=t&q=A+search+of+the+Internet+for%27+Hostile+environment+course%27 "HTTP/1.1 200 OK"
HTTP Request: GET https://translate.googleapis.com/translate_a/single?client=gtx&sl=auto&tl=de&dt=t&q=Most+of+the+smaller+islands+are+independent+nations%2C%0Aor+associated+with+France%2C+and+known+as+luxury+beach+resorts. "HTTP/1.1 200 OK"
HTTP Request: GET https://translate.googleapis.com/translate_a/single?client=gtx&sl=auto&tl=de&dt=t&q=Scientists+hope+to+understand+how+planets+form%2C+especially+how+the+Earth+formed%2C%0Asince+comets+collided+with+the+Earth+long+ago. "HTTP/1.1 200 OK"
HTTP Request: GET https://translate.googleapis.com/translate_a/single?client=gtx&sl=auto&tl=de&dt=t&q=The+central+authority+of+the+church+had+been+in+Rome "HTTP/1.1 200 OK"
HTTP Request: GET https://translate.googleapis.com/translate_a/single?client=gtx&sl=auto&tl=de&dt=t&q=As+a+result%2C+two+fish+species+have+become+extinct%2C "HTTP/1.1 200 OK"
HTTP Request: GET https://translate.googleapis.com/translate_a/single?client=gtx&sl=auto&tl=de&dt=t&q=A+search+of+the+Internet+for%27+Hostile+environment+course%27%0Awill+probably+provide+the+address+of+a+local+company. "HTTP/1.1 200 OK"
HTTP Request: GET https://translate.googleapis.com/translate_a/single?client=gtx&sl=auto&tl=de&dt=t&q=We+agree+with+the+USOC%27s+statement+that+the+interests+of+our+athletes+and+clubs%2C "HTTP/1.1 200 OK"
HTTP Request: GET https://translate.googleapis.com/translate_a/single?client=gtx&sl=auto&tl=de&dt=t&q=The+word+civilization+comes+from+the+Latin+civilis%2C+meaning+civil%2C+related+to+the+Latin+civis%2C%0Ameaning+citizen%2C "HTTP/1.1 200 OK"
HTTP Request: GET https://translate.googleapis.com/translate_a/single?client=gtx&sl=auto&tl=de&dt=t&q=Also+to+the+north+visit+the+great+Sanctuary+of+Our+Lady+of+Fatima "HTTP/1.1 200 OK"
HTTP Request: GET https://translate.googleapis.com/translate_a/single?client=gtx&sl=auto&tl=de&dt=t&q=Sleep+interruption+is+the+process+of+purposefully+awakening+during+your+normal+sleep+period "HTTP/1.1 200 OK"
HTTP Request: GET https://translate.googleapis.com/translate_a/single?client=gtx&sl=auto&tl=de&dt=t&q=The+central+authority+of+the+church+had+been+in+Rome%0Afor+over+a+thousand+years "HTTP/1.1 200 OK"
HTTP Request: GET https://translate.googleapis.com/translate_a/single?client=gtx&sl=auto&tl=de&dt=t&q=Buses+depart+the+inter-district+bus+station%0A%28across+the+river%29%0Athroughout+the+day%2C+though+most%2C+especially+those+heading+to+the+east+and+Jakar%2FBumthang+leave+between+06%3A30+and+07%3A30. "HTTP/1.1 200 OK"
HTTP Request: GET https://translate.googleapis.com/translate_a/single?client=gtx&sl=auto&tl=de&dt=t&q=We+agree+with+the+USOC%27s+statement+that+the+interests+of+our+athletes+and+clubs%2C%0Aand+their+sport%2C "HTTP/1.1 200 OK"
HTTP Request: GET https://translate.googleapis.com/translate_a/single?client=gtx&sl=auto&tl=de&dt=t&q=As+a+result%2C+two+fish+species+have+become+extinct%2C%0Aand+two+others+have+become+endangered%2C+including+the+humpback+chub. "HTTP/1.1 200 OK"
HTTP Request: GET https://translate.googleapis.com/translate_a/single?client=gtx&sl=auto&tl=de&dt=t&q=The+word+civilization+comes+from+the+Latin+civilis%2C+meaning+civil%2C+related+to+the+Latin+civis%2C%0Ameaning+citizen%2C%0Aand+civitas%2C+meaning+city+or+city-state%2C "HTTP/1.1 200 OK"
HTTP Request: GET https://translate.googleapis.com/translate_a/single?client=gtx&sl=auto&tl=de&dt=t&q=Sleep+interruption+is+the+process+of+purposefully+awakening+during+your+normal+sleep+period%0Aand+falling+asleep "HTTP/1.1 200 OK"
HTTP Request: GET https://translate.googleapis.com/translate_a/single?client=gtx&sl=auto&tl=de&dt=t&q=The+central+authority+of+the+church+had+been+in+Rome%0Afor+over+a+thousand+years%0Aand+this+concentration+of+power+and+money "HTTP/1.1 200 OK"
HTTP Request: GET https://translate.googleapis.com/translate_a/single?client=gtx&sl=auto&tl=de&dt=t&q=Alloys+are+basically+a+mixture "HTTP/1.1 200 OK"
HTTP Request: GET https://translate.googleapis.com/translate_a/single?client=gtx&sl=auto&tl=de&dt=t&q=We+make+our+houses%0Afrom+plants+and+make+clothes+from+plants.+Most+foods+that+we+eat+are+plants.+Without+plants%2C "HTTP/1.1 200 OK"
HTTP Request: GET https://translate.googleapis.com/translate_a/single?client=gtx&sl=auto&tl=de&dt=t&q=Also+to+the+north+visit+the+great+Sanctuary+of+Our+Lady+of+Fatima%0A%28Shrine%29%2C "HTTP/1.1 200 OK"
HTTP Request: GET https://translate.googleapis.com/translate_a/single?client=gtx&sl=auto&tl=de&dt=t&q=Sleep+interruption+is+the+process+of+purposefully+awakening+during+your+normal+sleep+period%0Aand+falling+asleep%0Aa+short+time+later+%2810%E2%80%9360+minutes%29. "HTTP/1.1 200 OK"
HTTP Request: GET https://translate.googleapis.com/translate_a/single?client=gtx&sl=auto&tl=de&dt=t&q=Also+to+the+north+visit+the+great+Sanctuary+of+Our+Lady+of+Fatima%0A%28Shrine%29%2C%0Aa+place+of+worldwide+famous+Marian+apparitions. "HTTP/1.1 200 OK"
HTTP Request: GET https://translate.googleapis.com/translate_a/single?client=gtx&sl=auto&tl=de&dt=t&q=While+Goma+is+reasonably+safe%2C%0Aany+visits+outside+of+Goma%0Ashould+be+researched+to+understand+the+state+of+the+fighting+that+persists+in+the+North+Kivu+province. "HTTP/1.1 200 OK"
HTTP Request: GET https://translate.googleapis.com/translate_a/single?client=gtx&sl=auto&tl=de&dt=t&q=The+word+civilization+comes+from+the+Latin+civilis%2C+meaning+civil%2C+related+to+the+Latin+civis%2C%0Ameaning+citizen%2C%0Aand+civitas%2C+meaning+city+or+city-state%2C%0Aand+that+also+somehow+defines+the+size+of+the+society. "HTTP/1.1 200 OK"
HTTP Request: GET https://translate.googleapis.com/translate_a/single?client=gtx&sl=auto&tl=de&dt=t&q=We+agree+with+the+USOC%27s+statement+that+the+interests+of+our+athletes+and+clubs%2C%0Aand+their+sport%2C%0Amay+be+better+served+by+moving+forward+with+meaningful+change+within+our+organization%2C "HTTP/1.1 200 OK"
HTTP Request: GET https://translate.googleapis.com/translate_a/single?client=gtx&sl=auto&tl=de&dt=t&q=Alloys+are+basically+a+mixture%0Aof+two+or+more+metals.+Don%27t+forget+that+there+are+many+elements "HTTP/1.1 200 OK"
HTTP Request: GET https://translate.googleapis.com/translate_a/single?client=gtx&sl=auto&tl=de&dt=t&q=The+central+authority+of+the+church+had+been+in+Rome%0Afor+over+a+thousand+years%0Aand+this+concentration+of+power+and+money%0Aled+many+to+question+whether+this+tenet+was+being+met. "HTTP/1.1 200 OK"
HTTP Request: GET https://translate.googleapis.com/translate_a/single?client=gtx&sl=auto&tl=de&dt=t&q=We+make+our+houses%0Afrom+plants+and+make+clothes+from+plants.+Most+foods+that+we+eat+are+plants.+Without+plants%2C%0Aanimals+could+not+survive. "HTTP/1.1 200 OK"
HTTP Request: GET https://translate.googleapis.com/translate_a/single?client=gtx&sl=auto&tl=de&dt=t&q=Giancarlo+Fisichella+lost+control+of+his+car "HTTP/1.1 200 OK"
HTTP Request: GET https://translate.googleapis.com/translate_a/single?client=gtx&sl=auto&tl=de&dt=t&q=Ancient+China+had+a+unique+way "HTTP/1.1 200 OK"
HTTP Request: GET https://translate.googleapis.com/translate_a/single?client=gtx&sl=auto&tl=de&dt=t&q=The+Northern+Marianas+emergency+management+office%0Asaid+that+there+were+no+damages+reported+in+the+nation. "HTTP/1.1 200 OK"
HTTP Request: GET https://translate.googleapis.com/translate_a/single?client=gtx&sl=auto&tl=de&dt=t&q=At+the+other+end+of+the+spectrum%2C "HTTP/1.1 200 OK"
HTTP Request: GET https://translate.googleapis.com/translate_a/single?client=gtx&sl=auto&tl=de&dt=t&q=Alloys+are+basically+a+mixture%0Aof+two+or+more+metals.+Don%27t+forget+that+there+are+many+elements%0Aon+the+periodic+table. "HTTP/1.1 200 OK"
HTTP Request: GET https://translate.googleapis.com/translate_a/single?client=gtx&sl=auto&tl=de&dt=t&q=As+a+result%2C%0Athe+process%0Aof+an+organization+working+together+to+overcome+an+obstacle+can+lead+to+a+new+innovative+process+to+serve+the+customer%27s+need. "HTTP/1.1 200 OK"
HTTP Request: GET https://translate.googleapis.com/translate_a/single?client=gtx&sl=auto&tl=de&dt=t&q=We+agree+with+the+USOC%27s+statement+that+the+interests+of+our+athletes+and+clubs%2C%0Aand+their+sport%2C%0Amay+be+better+served+by+moving+forward+with+meaningful+change+within+our+organization%2C%0Arather+than+decertification. "HTTP/1.1 200 OK"
HTTP Request: GET https://translate.googleapis.com/translate_a/single?client=gtx&sl=auto&tl=de&dt=t&q=Ancient+cultures+and+tribes+began+to+keep+them+for+easy+access+to+milk%2C%0Ahair%2C+meat%2C+and+skins. "HTTP/1.1 200 OK"
HTTP Request: GET https://translate.googleapis.com/translate_a/single?client=gtx&sl=auto&tl=de&dt=t&q=Giancarlo+Fisichella+lost+control+of+his+car%0Aand+ended+the+race+very+soon+after+the+start. "HTTP/1.1 200 OK"
HTTP Request: GET https://translate.googleapis.com/translate_a/single?client=gtx&sl=auto&tl=de&dt=t&q=The+U.S.+Corps+of+Engineers%0Aestimated+that+6+inches+of+rainfall+could+breach+the+previously+damaged+levees. "HTTP/1.1 200 OK"
HTTP Request: GET https://translate.googleapis.com/translate_a/single?client=gtx&sl=auto&tl=de&dt=t&q=Ancient+China+had+a+unique+way%0Aof+showing+different+time+periods%3B "HTTP/1.1 200 OK"
HTTP Request: GET https://translate.googleapis.com/translate_a/single?client=gtx&sl=auto&tl=de&dt=t&q=Researchers+from+Princeton+University+in+the+United+States+and+Uppsala+University+in+Sweden+reported+the+new+species+evolved+in+just+two+generations%2C "HTTP/1.1 200 OK"
HTTP Request: GET https://translate.googleapis.com/translate_a/single?client=gtx&sl=auto&tl=de&dt=t&q=Cuomo%2C+53%2C%0Abegan+his+governorship+earlier+this+year+and+signed+a+bill+last+month+legalizing+same-sex+marriage. "HTTP/1.1 200 OK"
HTTP Request: GET https://translate.googleapis.com/translate_a/single?client=gtx&sl=auto&tl=de&dt=t&q=The+same+month+saw+another+airliner+overrun+a+runway+at+Mashhad+and+strike+a+wall%2C "HTTP/1.1 200 OK"
HTTP Request: GET https://translate.googleapis.com/translate_a/single?client=gtx&sl=auto&tl=de&dt=t&q=The+Giza+Plateau%2C%0Aor+%22Giza+Necropolis%22+in+the+Egyptian+Valley+of+the+Dead%0Acontains+several+pyramids+%28of+which+the+great+pyramid+is+the+largest%29%2C%0Aseveral+small+tombs%2C+several+temples%2C+and+the+great+Sphinx. "HTTP/1.1 200 OK"
HTTP Request: GET https://translate.googleapis.com/translate_a/single?client=gtx&sl=auto&tl=de&dt=t&q=The+harbor+was+the+site+of+an+infamous+naval+standoff+in+1889%0Awhen+seven+ships+from+Germany%2C+the+US%2C+and+Britain "HTTP/1.1 200 OK"
HTTP Request: GET https://translate.googleapis.com/translate_a/single?client=gtx&sl=auto&tl=de&dt=t&q=Ancient+China+had+a+unique+way%0Aof+showing+different+time+periods%3B%0Aeach+stage+of+China+or+each+family+that+was+in+power+was+a+distinctive+dynasty. "HTTP/1.1 200 OK"
HTTP Request: GET https://translate.googleapis.com/translate_a/single?client=gtx&sl=auto&tl=de&dt=t&q=At+the+other+end+of+the+spectrum%2C%0Aone "HTTP/1.1 200 OK"
HTTP Request: GET https://translate.googleapis.com/translate_a/single?client=gtx&sl=auto&tl=de&dt=t&q=In+1990%2C%0Ait+was+added+to+the+list+of+world+heritage+sites+in+danger%2C "HTTP/1.1 200 OK"
HTTP Request: GET https://translate.googleapis.com/translate_a/single?client=gtx&sl=auto&tl=de&dt=t&q=Oliver+Sacks%2C%0Ain+his+paper+The+President%27s+Speech%2C "HTTP/1.1 200 OK"
HTTP Request: GET https://translate.googleapis.com/translate_a/single?client=gtx&sl=auto&tl=de&dt=t&q=Researchers+from+Princeton+University+in+the+United+States+and+Uppsala+University+in+Sweden+reported+the+new+species+evolved+in+just+two+generations%2C%0Athough+this+process+had+been+believed+to+take+much+longer%2C "HTTP/1.1 200 OK"
HTTP Request: GET https://translate.googleapis.com/translate_a/single?client=gtx&sl=auto&tl=de&dt=t&q=The+same+month+saw+another+airliner+overrun+a+runway+at+Mashhad+and+strike+a+wall%2C%0Akilling+seventeen. "HTTP/1.1 200 OK"
HTTP Request: GET https://translate.googleapis.com/translate_a/single?client=gtx&sl=auto&tl=de&dt=t&q=At+the+other+end+of+the+spectrum%2C%0Aone%0Amorphs+into+an+unrecognizable+individual "HTTP/1.1 200 OK"
HTTP Request: GET https://translate.googleapis.com/translate_a/single?client=gtx&sl=auto&tl=de&dt=t&q=Oliver+Sacks%2C%0Ain+his+paper+The+President%27s+Speech%2C%0Aindicated+how+people+who+are+unable+to+understand+speech+because+of+brain+damage "HTTP/1.1 200 OK"
HTTP Request: GET https://translate.googleapis.com/translate_a/single?client=gtx&sl=auto&tl=de&dt=t&q=The+city%0Ais+also+the+base+to+climb+the+Nyiragongo+volcano "HTTP/1.1 200 OK"
HTTP Request: GET https://translate.googleapis.com/translate_a/single?client=gtx&sl=auto&tl=de&dt=t&q=In+1990%2C%0Ait+was+added+to+the+list+of+world+heritage+sites+in+danger%2C%0Adue+to+the+threat+of+desert+sands. "HTTP/1.1 200 OK"
HTTP Request: GET https://translate.googleapis.com/translate_a/single?client=gtx&sl=auto&tl=de&dt=t&q=Researchers+from+Princeton+University+in+the+United+States+and+Uppsala+University+in+Sweden+reported+the+new+species+evolved+in+just+two+generations%2C%0Athough+this+process+had+been+believed+to+take+much+longer%2C%0Adue+to+breeding+between+an+endemic+Darwin+finch%2C "HTTP/1.1 200 OK"
HTTP Request: GET https://translate.googleapis.com/translate_a/single?client=gtx&sl=auto&tl=de&dt=t&q=The+harbor+was+the+site+of+an+infamous+naval+standoff+in+1889%0Awhen+seven+ships+from+Germany%2C+the+US%2C+and+Britain%0Arefused+to+leave+the+harbor. "HTTP/1.1 200 OK"
HTTP Request: GET https://translate.googleapis.com/translate_a/single?client=gtx&sl=auto&tl=de&dt=t&q=The+term+bug+is+used+by+entomologists+in+a+formal+sense "HTTP/1.1 200 OK"
HTTP Request: GET https://translate.googleapis.com/translate_a/single?client=gtx&sl=auto&tl=de&dt=t&q=Ironing+damp+clothes+can+help+them+dry.%0AMany+hotels+have+an+iron+and+ironing+board+available+for+loan%2C "HTTP/1.1 200 OK"
HTTP Request: GET https://translate.googleapis.com/translate_a/single?client=gtx&sl=auto&tl=de&dt=t&q=While+he+was+working+at+the+hospital%0ALiggins+began+to+investigate+premature+labor+during+his+spare+time. "HTTP/1.1 200 OK"
HTTP Request: GET https://translate.googleapis.com/translate_a/single?client=gtx&sl=auto&tl=de&dt=t&q=Oliver+Sacks%2C%0Ain+his+paper+The+President%27s+Speech%2C%0Aindicated+how+people+who+are+unable+to+understand+speech+because+of+brain+damage%0Aare+nevertheless+able+to+assess+sincerity+accurately. "HTTP/1.1 200 OK"
HTTP Request: GET https://translate.googleapis.com/translate_a/single?client=gtx&sl=auto&tl=de&dt=t&q=The+city%0Ais+also+the+base+to+climb+the+Nyiragongo+volcano%0Aalong+with+some+of+the+cheapest+Mountain+Gorilla+tracking+in+Africa. "HTTP/1.1 200 OK"
HTTP Request: GET https://translate.googleapis.com/translate_a/single?client=gtx&sl=auto&tl=de&dt=t&q=Researchers+from+Princeton+University+in+the+United+States+and+Uppsala+University+in+Sweden+reported+the+new+species+evolved+in+just+two+generations%2C%0Athough+this+process+had+been+believed+to+take+much+longer%2C%0Adue+to+breeding+between+an+endemic+Darwin+finch%2C%0AGeospiza+fortes%2C "HTTP/1.1 200 OK"
HTTP Request: GET https://translate.googleapis.com/translate_a/single?client=gtx&sl=auto&tl=de&dt=t&q=At+the+other+end+of+the+spectrum%2C%0Aone%0Amorphs+into+an+unrecognizable+individual%0Athat+feels+he+or+she+must+change+everything+the+team+has+been+doing+and+make+it+their+own. "HTTP/1.1 200 OK"
HTTP Request: GET https://translate.googleapis.com/translate_a/single?client=gtx&sl=auto&tl=de&dt=t&q=The+term+bug+is+used+by+entomologists+in+a+formal+sense%0Afor+this+group+of+insects. "HTTP/1.1 200 OK"
HTTP Request: GET https://translate.googleapis.com/translate_a/single?client=gtx&sl=auto&tl=de&dt=t&q=Researchers+from+Princeton+University+in+the+United+States+and+Uppsala+University+in+Sweden+reported+the+new+species+evolved+in+just+two+generations%2C%0Athough+this+process+had+been+believed+to+take+much+longer%2C%0Adue+to+breeding+between+an+endemic+Darwin+finch%2C%0AGeospiza+fortes%2C%0Aand+the+immigrant+cactus+finch%2C "HTTP/1.1 200 OK"
HTTP Request: GET https://translate.googleapis.com/translate_a/single?client=gtx&sl=auto&tl=de&dt=t&q=In+just+two+weeks+the+Americans+and+Free+French+forces+had+liberated+southern+France "HTTP/1.1 200 OK"
HTTP Request: GET https://translate.googleapis.com/translate_a/single?client=gtx&sl=auto&tl=de&dt=t&q=Other+subjects+on+the+agenda+in+Bali "HTTP/1.1 200 OK"
HTTP Request: GET https://translate.googleapis.com/translate_a/single?client=gtx&sl=auto&tl=de&dt=t&q=All+nouns%2C+alongside+the+word+Sie+for+you%2C "HTTP/1.1 200 OK"
HTTP Request: GET https://translate.googleapis.com/translate_a/single?client=gtx&sl=auto&tl=de&dt=t&q=Ironing+damp+clothes+can+help+them+dry.%0AMany+hotels+have+an+iron+and+ironing+board+available+for+loan%2C%0Aeven+if+one+is+not+present+in+the+room. "HTTP/1.1 200 OK"
HTTP Request: GET https://translate.googleapis.com/translate_a/single?client=gtx&sl=auto&tl=de&dt=t&q=The+official+Falklands+currency+is+the+Falkland+pound "HTTP/1.1 200 OK"
HTTP Request: GET https://translate.googleapis.com/translate_a/single?client=gtx&sl=auto&tl=de&dt=t&q=Other+subjects+on+the+agenda+in+Bali%0Ainclude+saving+the+world%27s+remaining+forests%2C "HTTP/1.1 200 OK"
HTTP Request: GET https://translate.googleapis.com/translate_a/single?client=gtx&sl=auto&tl=de&dt=t&q=Researchers+from+Princeton+University+in+the+United+States+and+Uppsala+University+in+Sweden+reported+the+new+species+evolved+in+just+two+generations%2C%0Athough+this+process+had+been+believed+to+take+much+longer%2C%0Adue+to+breeding+between+an+endemic+Darwin+finch%2C%0AGeospiza+fortes%2C%0Aand+the+immigrant+cactus+finch%2C%0AGeospiza+conirostris. "HTTP/1.1 200 OK"
HTTP Request: GET https://translate.googleapis.com/translate_a/single?client=gtx&sl=auto&tl=de&dt=t&q=You+can+use+boda-boda+%28motorcycle+taxi%29%0Ato+get+around+Goma.%0AThe+normal+%28local%29+price+is+~500+Congolese+Francs+for+the+short+ride. "HTTP/1.1 200 OK"
HTTP Request: GET https://translate.googleapis.com/translate_a/single?client=gtx&sl=auto&tl=de&dt=t&q=In+just+two+weeks+the+Americans+and+Free+French+forces+had+liberated+southern+France%0Aand+were+turning+towards+Germany. "HTTP/1.1 200 OK"
HTTP Request: GET https://translate.googleapis.com/translate_a/single?client=gtx&sl=auto&tl=de&dt=t&q=We+don%27t+know+for+sure%2C%0Abut+it+may+have+had+a+forked+tongue.%0AIts+diet+included+turtles%2C+large+fish%2C+other+mosasaurs%2C "HTTP/1.1 200 OK"
HTTP Request: GET https://translate.googleapis.com/translate_a/single?client=gtx&sl=auto&tl=de&dt=t&q=The+official+Falklands+currency+is+the+Falkland+pound%0A%28FKP%29 "HTTP/1.1 200 OK"
HTTP Request: GET https://translate.googleapis.com/translate_a/single?client=gtx&sl=auto&tl=de&dt=t&q=Other+subjects+on+the+agenda+in+Bali%0Ainclude+saving+the+world%27s+remaining+forests%2C%0Aand+sharing+technologies+to+help+developing+nations+grow+in+less-polluting+ways. "HTTP/1.1 200 OK"
HTTP Request: GET https://translate.googleapis.com/translate_a/single?client=gtx&sl=auto&tl=de&dt=t&q=Needless+to+say%2C+if+you+know+a+Romance+language%2C "HTTP/1.1 200 OK"
HTTP Request: GET https://translate.googleapis.com/translate_a/single?client=gtx&sl=auto&tl=de&dt=t&q=All+nouns%2C+alongside+the+word+Sie+for+you%2C%0Aalways+begin+with+a+capital+letter%2C "HTTP/1.1 200 OK"
HTTP Request: GET https://translate.googleapis.com/translate_a/single?client=gtx&sl=auto&tl=de&dt=t&q=They+have+feet+with+scales+and+claws%2C%0Athey+lay+eggs%2C%0Aand+they+walk+on+their+two+back+legs+like+a+T-Rex. "HTTP/1.1 200 OK"
HTTP Request: GET https://translate.googleapis.com/translate_a/single?client=gtx&sl=auto&tl=de&dt=t&q=The+two+compounds+react+with+one+another+to+form+crystals+that+may+block+kidney+function%2C "HTTP/1.1 200 OK"
HTTP Request: GET https://translate.googleapis.com/translate_a/single?client=gtx&sl=auto&tl=de&dt=t&q=We+don%27t+know+for+sure%2C%0Abut+it+may+have+had+a+forked+tongue.%0AIts+diet+included+turtles%2C+large+fish%2C+other+mosasaurs%2C%0Aand+it+may+even+have+been+a+cannibal. "HTTP/1.1 200 OK"
HTTP Request: GET https://translate.googleapis.com/translate_a/single?client=gtx&sl=auto&tl=de&dt=t&q=Lion+prides+act+much+like+packs+of+wolves+or+dogs%2C%0Aanimals+surprisingly+similar+to+lions+%28but+not+other+big+cats%29%0Ain+behavior%2C%0Aand+also+very+deadly+to+their+prey. "HTTP/1.1 200 OK"
HTTP Request: GET https://translate.googleapis.com/translate_a/single?client=gtx&sl=auto&tl=de&dt=t&q=Needless+to+say%2C+if+you+know+a+Romance+language%2C%0Ait+will+be+easier+for+you+to+learn+Portuguese. "HTTP/1.1 200 OK"
HTTP Request: GET https://translate.googleapis.com/translate_a/single?client=gtx&sl=auto&tl=de&dt=t&q=The+official+Falklands+currency+is+the+Falkland+pound%0A%28FKP%29%0Awhose+value+is+set+equivalent+to+that+of+one+British+pound+%28GBP%29. "HTTP/1.1 200 OK"
HTTP Request: GET https://translate.googleapis.com/translate_a/single?client=gtx&sl=auto&tl=de&dt=t&q=All+nouns%2C+alongside+the+word+Sie+for+you%2C%0Aalways+begin+with+a+capital+letter%2C%0Aeven+in+the+middle+of+a+sentence. "HTTP/1.1 200 OK"
HTTP Request: GET https://translate.googleapis.com/translate_a/single?client=gtx&sl=auto&tl=de&dt=t&q=Goats+seem+to+have+been+first+domesticated+roughly+10%2C000+years%0Aago+in+the+Zagros+Mountains+of+Iran. "HTTP/1.1 200 OK"
HTTP Request: GET https://translate.googleapis.com/translate_a/single?client=gtx&sl=auto&tl=de&dt=t&q=During+the+1920s%2C%0Athe+prevailing+attitudes+of+most+citizens+and+nations+was+that+of+pacifism+and+isolation. "HTTP/1.1 200 OK"
HTTP Request: GET https://translate.googleapis.com/translate_a/single?client=gtx&sl=auto&tl=de&dt=t&q=A+curry+is+a+dish+based+on+herbs+and+spices%2C "HTTP/1.1 200 OK"
HTTP Request: GET https://translate.googleapis.com/translate_a/single?client=gtx&sl=auto&tl=de&dt=t&q=Prior+to+the+arrival+of+troops%2C%0AHaiti+had+not+encountered+problems+related+to+the+disease+since+the+1800s. "HTTP/1.1 200 OK"
HTTP Request: GET https://translate.googleapis.com/translate_a/single?client=gtx&sl=auto&tl=de&dt=t&q=In+fact%2C%0Ait+is+not+easy+to+find+at+all+even+if+one+knew+it+existed.%0AOnce+inside+the+cave%2C+it+is+a+total+isolation. "HTTP/1.1 200 OK"
HTTP Request: GET https://translate.googleapis.com/translate_a/single?client=gtx&sl=auto&tl=de&dt=t&q=The+two+compounds+react+with+one+another+to+form+crystals+that+may+block+kidney+function%2C%0Aresearchers+at+the+university+said. "HTTP/1.1 200 OK"
HTTP Request: GET https://translate.googleapis.com/translate_a/single?client=gtx&sl=auto&tl=de&dt=t&q=Four+skiers+in+the+women%27s+sitting+group%0Afailed+to+finish+their+runs%2C%0Aand+45+of+the+117+total+skiers+in+the+Giant+Slalom "HTTP/1.1 200 OK"
HTTP Request: GET https://translate.googleapis.com/translate_a/single?client=gtx&sl=auto&tl=de&dt=t&q=Cocham%C3%B3+Valley+-+Chile%27s+premier+climbing+destination%2C%0Aknown+as+the+Yosemite+of+South+America%2C%0Awith+a+variety+of+granite+big+walls+and+crags. "HTTP/1.1 200 OK"
HTTP Request: GET https://translate.googleapis.com/translate_a/single?client=gtx&sl=auto&tl=de&dt=t&q=Hong+Kong+Island+gives+the+territory+of+Hong+Kong "HTTP/1.1 200 OK"
HTTP Request: GET https://translate.googleapis.com/translate_a/single?client=gtx&sl=auto&tl=de&dt=t&q=Resting+on+the+top+of+one+of+the+mountains%0Anorth+of+Mecca%2C%0Athe+cave+is+completely+isolated+from+the+rest+of+the+world. "HTTP/1.1 200 OK"
HTTP Request: GET https://translate.googleapis.com/translate_a/single?client=gtx&sl=auto&tl=de&dt=t&q=A+curry+is+a+dish+based+on+herbs+and+spices%2C%0Atogether+with+either+meat+or+vegetables. "HTTP/1.1 200 OK"
HTTP Request: GET https://translate.googleapis.com/translate_a/single?client=gtx&sl=auto&tl=de&dt=t&q=He+added+that+%22they+should+not%2C+however%2C "HTTP/1.1 200 OK"
HTTP Request: GET https://translate.googleapis.com/translate_a/single?client=gtx&sl=auto&tl=de&dt=t&q=The+job%0Aof+navies%0Ahas+traditionally+been+to+ensure+that+your+country+maintains+the+ability+to+move+your+people+and+goods%2C%0Awhile+at+the+same+time%2C%0Ainterfering+with+your+enemy%27s+ability+to+move+his+people+and+goods. "HTTP/1.1 200 OK"
HTTP Request: GET https://translate.googleapis.com/translate_a/single?client=gtx&sl=auto&tl=de&dt=t&q=Barcelona%27s+official+languages+are+Catalan+and+Spanish. "HTTP/1.1 200 OK"
HTTP Request: GET https://translate.googleapis.com/translate_a/single?client=gtx&sl=auto&tl=de&dt=t&q=Hong+Kong+Island+gives+the+territory+of+Hong+Kong%0Aits+name "HTTP/1.1 200 OK"
HTTP Request: GET https://translate.googleapis.com/translate_a/single?client=gtx&sl=auto&tl=de&dt=t&q=He+added+that+%22they+should+not%2C+however%2C%0Abe+asked+to+take+on+obligations+that+go+beyond+their+development+stage%2C "HTTP/1.1 200 OK"
HTTP Request: GET https://translate.googleapis.com/translate_a/single?client=gtx&sl=auto&tl=de&dt=t&q=Four+skiers+in+the+women%27s+sitting+group%0Afailed+to+finish+their+runs%2C%0Aand+45+of+the+117+total+skiers+in+the+Giant+Slalom%0Afailed+to+rank+in+the+race. "HTTP/1.1 200 OK"
HTTP Request: GET https://translate.googleapis.com/translate_a/single?client=gtx&sl=auto&tl=de&dt=t&q=Women%3A%0AIt+is+recommended+that+any+women+travellers+say+that+they+are+married%2C+regardless+of+actual+marital+status. "HTTP/1.1 200 OK"
HTTP Request: GET https://translate.googleapis.com/translate_a/single?client=gtx&sl=auto&tl=de&dt=t&q=Finally%2C%0Athere+are+many+small+cats+%28including+loose+pet+cats%29%0Athat+eat+the+far+more+numerous+small+prey+like+insects%2C+rodents%2C+lizards%2C+and+birds. "HTTP/1.1 200 OK"
HTTP Request: GET https://translate.googleapis.com/translate_a/single?client=gtx&sl=auto&tl=de&dt=t&q=Professor+Pamela+Ferguson+of+the+University+of+Dundee "HTTP/1.1 200 OK"
HTTP Request: GET https://translate.googleapis.com/translate_a/single?client=gtx&sl=auto&tl=de&dt=t&q=Vatican+City%27s+population%0Ais+around+800.%0AIt+is+the+smallest+independent+country+in+the+world+and+the+country+with+the+lowest+population. "HTTP/1.1 200 OK"
HTTP Request: GET https://translate.googleapis.com/translate_a/single?client=gtx&sl=auto&tl=de&dt=t&q=He+added+that+%22they+should+not%2C+however%2C%0Abe+asked+to+take+on+obligations+that+go+beyond+their+development+stage%2C%0Aresponsibility+and+capabilities.%22 "HTTP/1.1 200 OK"
HTTP Request: GET https://translate.googleapis.com/translate_a/single?client=gtx&sl=auto&tl=de&dt=t&q=In+the+north+the+region+is+bounded+by+the+Sahel%2C "HTTP/1.1 200 OK"
HTTP Request: GET https://translate.googleapis.com/translate_a/single?client=gtx&sl=auto&tl=de&dt=t&q=Hong+Kong+Island+gives+the+territory+of+Hong+Kong%0Aits+name%0Aand+is+the+place+that+many+tourists+regard+as+the+main+focus. "HTTP/1.1 200 OK"
HTTP Request: GET https://translate.googleapis.com/translate_a/single?client=gtx&sl=auto&tl=de&dt=t&q=Barcelona%27s+official+languages+are+Catalan+and+Spanish.%0AAbout+a+half+prefer+to+speak+Catalan%2C "HTTP/1.1 200 OK"
HTTP Request: GET https://translate.googleapis.com/translate_a/single?client=gtx&sl=auto&tl=de&dt=t&q=If+you+have+watched+the+movie+National+Treasure%2C "HTTP/1.1 200 OK"
HTTP Request: GET https://translate.googleapis.com/translate_a/single?client=gtx&sl=auto&tl=de&dt=t&q=The+composition+of+these+crystals%0Amatches+those+found+in+the+urine+of+affected+pets+when+compared+by+infrared+spectroscopy+%28FTIR%29. "HTTP/1.1 200 OK"
HTTP Request: GET https://translate.googleapis.com/translate_a/single?client=gtx&sl=auto&tl=de&dt=t&q=Professor+Pamela+Ferguson+of+the+University+of+Dundee%0Anotes+%22journalists "HTTP/1.1 200 OK"
HTTP Request: GET https://translate.googleapis.com/translate_a/single?client=gtx&sl=auto&tl=de&dt=t&q=Scaffolding+is+not+a+method+of+learning%0Abut+rather+an+aid+that+provides+support+to+individuals "HTTP/1.1 200 OK"
HTTP Request: GET https://translate.googleapis.com/translate_a/single?client=gtx&sl=auto&tl=de&dt=t&q=In+the+north+the+region+is+bounded+by+the+Sahel%2C%0Aand+in+the+south+and+west+by+the+Atlantic+Ocean. "HTTP/1.1 200 OK"
HTTP Request: GET https://translate.googleapis.com/translate_a/single?client=gtx&sl=auto&tl=de&dt=t&q=It+is+one+of+the+main+attractions+of+South+Africa%0Aand+it+is+considered%0Athe+flagship+of+South+African+National+Parks+%28SANParks%29. "HTTP/1.1 200 OK"
HTTP Request: GET https://translate.googleapis.com/translate_a/single?client=gtx&sl=auto&tl=de&dt=t&q=If+you+have+watched+the+movie+National+Treasure%2C%0Ayou+may+think+a+treasure+map "HTTP/1.1 200 OK"
HTTP Request: GET https://translate.googleapis.com/translate_a/single?client=gtx&sl=auto&tl=de&dt=t&q=Apia+is+the+capital+of+Samoa.%0AThe+town+is+on+the+island+of+Upolu%0Aand+has+a+population+of+just+under+40%2C000. "HTTP/1.1 200 OK"
HTTP Request: GET https://translate.googleapis.com/translate_a/single?client=gtx&sl=auto&tl=de&dt=t&q=Barcelona%27s+official+languages+are+Catalan+and+Spanish.%0AAbout+a+half+prefer+to+speak+Catalan%2C%0Aa+vast+majority+understands+it%2C+and+virtually+everyone+knows+Spanish. "HTTP/1.1 200 OK"
HTTP Request: GET https://translate.googleapis.com/translate_a/single?client=gtx&sl=auto&tl=de&dt=t&q=The+aspect+ratio+of+this+format+%28dividing+by+twelve+to+obtain+the+simplest+whole-number+ratio%29 "HTTP/1.1 200 OK"
HTTP Request: GET https://translate.googleapis.com/translate_a/single?client=gtx&sl=auto&tl=de&dt=t&q=Professor+Pamela+Ferguson+of+the+University+of+Dundee%0Anotes+%22journalists%0Ado+seem+to+be+walking+a+dangerous+line+if+publishing+photos+etc+of+suspects.%22 "HTTP/1.1 200 OK"
HTTP Request: GET https://translate.googleapis.com/translate_a/single?client=gtx&sl=auto&tl=de&dt=t&q=Regular+announcements+in+the+Metro%0Aare+made+only+in+Catalan%2C%0Abut+unplanned+disruptions+are+announced+by+an+automated+system%0Ain+a+wide+variety+of+languages+including+Spanish%2C+English%2C+French%2C+Arabic+and+Japanese. "HTTP/1.1 200 OK"
HTTP Request: GET https://translate.googleapis.com/translate_a/single?client=gtx&sl=auto&tl=de&dt=t&q=The+pyramid+sound+and+light+show%0Ais+one+of+the+most+interesting+things+in+the+area+for+kids. "HTTP/1.1 200 OK"
HTTP Request: GET https://translate.googleapis.com/translate_a/single?client=gtx&sl=auto&tl=de&dt=t&q=If+you+have+watched+the+movie+National+Treasure%2C%0Ayou+may+think+a+treasure+map%0Awas+written+on+the+back+of+the+Declaration+of+Independence. "HTTP/1.1 200 OK"
HTTP Request: GET https://translate.googleapis.com/translate_a/single?client=gtx&sl=auto&tl=de&dt=t&q=His+work+is+of+such+recognized+quality%0Aand+detail+that+he+is+one+of+the+very+few+%22household+names%22 "HTTP/1.1 200 OK"
HTTP Request: GET https://translate.googleapis.com/translate_a/single?client=gtx&sl=auto&tl=de&dt=t&q=It+is+related+to+but+usually+not+involving+alpine+style+ski+touring%0Aor+mountaineering%2C%0Athe+latter+ones+done+in+steep+terrain%0Aand+requiring+much+stiffer+skis+and+boots. "HTTP/1.1 200 OK"
HTTP Request: GET https://translate.googleapis.com/translate_a/single?client=gtx&sl=auto&tl=de&dt=t&q=Plants+look+their+best+when+in+a+natural+environment%2C "HTTP/1.1 200 OK"
HTTP Request: GET https://translate.googleapis.com/translate_a/single?client=gtx&sl=auto&tl=de&dt=t&q=People+have+known+about+basic+chemical+elements+such+as+gold%2C "HTTP/1.1 200 OK"
HTTP Request: GET https://translate.googleapis.com/translate_a/single?client=gtx&sl=auto&tl=de&dt=t&q=Due+to+the+underwater+topology%0Athe+return+flow+is+concentrated+at+a+few+deeper+sections%2C "HTTP/1.1 200 OK"
HTTP Request: GET https://translate.googleapis.com/translate_a/single?client=gtx&sl=auto&tl=de&dt=t&q=Several+large+television+screens%0Awere+installed+in+various+places+in+Rome+to+let+the+people+watch+the+ceremony. "HTTP/1.1 200 OK"
HTTP Request: GET https://translate.googleapis.com/translate_a/single?client=gtx&sl=auto&tl=de&dt=t&q=USA+Gymnastics+and+the+USOC+have+the+same+goal+%E2%80%94%0Amaking+the+sport+of+gymnastics%2C%0Aand+others%2C%0Aas+safe+as+possible+for+athletes+to+follow+their+dreams+in+a+safe%2C+positive+and+empowered+environment. "HTTP/1.1 200 OK"
HTTP Request: GET https://translate.googleapis.com/translate_a/single?client=gtx&sl=auto&tl=de&dt=t&q=His+work+is+of+such+recognized+quality%0Aand+detail+that+he+is+one+of+the+very+few+%22household+names%22%0Aamong+philatelists. "HTTP/1.1 200 OK"
HTTP Request: GET https://translate.googleapis.com/translate_a/single?client=gtx&sl=auto&tl=de&dt=t&q=Plants+look+their+best+when+in+a+natural+environment%2C%0Aso+resist+the+temptation+to+remove+even+%22just+one%22+specimen. "HTTP/1.1 200 OK"
HTTP Request: GET https://translate.googleapis.com/translate_a/single?client=gtx&sl=auto&tl=de&dt=t&q=People+have+known+about+basic+chemical+elements+such+as+gold%2C%0Asilver%2C "HTTP/1.1 200 OK"
HTTP Request: GET https://translate.googleapis.com/translate_a/single?client=gtx&sl=auto&tl=de&dt=t&q=His+work+is+of+such+recognized+quality%0Aand+detail+that+he+is+one+of+the+very+few+%22household+names%22%0Aamong+philatelists.%0ASome+specialize+in+collecting+his+work+alone. "HTTP/1.1 200 OK"
HTTP Request: GET https://translate.googleapis.com/translate_a/single?client=gtx&sl=auto&tl=de&dt=t&q=Due+to+the+underwater+topology%0Athe+return+flow+is+concentrated+at+a+few+deeper+sections%2C%0Aand+a+fast+current+to+deep+water+may+form+there. "HTTP/1.1 200 OK"
HTTP Request: GET https://translate.googleapis.com/translate_a/single?client=gtx&sl=auto&tl=de&dt=t&q=Bishkek+was+described+as+sinking+into+a+state+of+%22anarchy%22 "HTTP/1.1 200 OK"
HTTP Request: GET https://translate.googleapis.com/translate_a/single?client=gtx&sl=auto&tl=de&dt=t&q=First+among+its+78+recommendations+is+that+a+new+diplomatic+initiative "HTTP/1.1 200 OK"
HTTP Request: GET https://translate.googleapis.com/translate_a/single?client=gtx&sl=auto&tl=de&dt=t&q=People+have+known+about+basic+chemical+elements+such+as+gold%2C%0Asilver%2C%0Aand+copper+from+antiquity%2C "HTTP/1.1 200 OK"
HTTP Request: GET https://translate.googleapis.com/translate_a/single?client=gtx&sl=auto&tl=de&dt=t&q=First+among+its+78+recommendations+is+that+a+new+diplomatic+initiative%0Ashould+be+taken+before+the+end+of+this+year "HTTP/1.1 200 OK"
HTTP Request: GET https://translate.googleapis.com/translate_a/single?client=gtx&sl=auto&tl=de&dt=t&q=Bishkek+was+described+as+sinking+into+a+state+of+%22anarchy%22%0Aby+one+observer%2C "HTTP/1.1 200 OK"
HTTP Request: GET https://translate.googleapis.com/translate_a/single?client=gtx&sl=auto&tl=de&dt=t&q=People+have+known+about+basic+chemical+elements+such+as+gold%2C%0Asilver%2C%0Aand+copper+from+antiquity%2C%0Aas+these+can+all+be+discovered+in+nature+in+native+form+and+are+relatively+simple+to+mine+with+primitive+tools. "HTTP/1.1 200 OK"
HTTP Request: GET https://translate.googleapis.com/translate_a/single?client=gtx&sl=auto&tl=de&dt=t&q=Bishkek+was+described+as+sinking+into+a+state+of+%22anarchy%22%0Aby+one+observer%2C%0Aas+gangs+of+people+roamed+the+streets+and+plundered+stores+of+consumer+goods. "HTTP/1.1 200 OK"
HTTP Request: GET https://translate.googleapis.com/translate_a/single?client=gtx&sl=auto&tl=de&dt=t&q=First+among+its+78+recommendations+is+that+a+new+diplomatic+initiative%0Ashould+be+taken+before+the+end+of+this+year%0Ato+secure+Iraq%E2%80%99s+borders "HTTP/1.1 200 OK"
HTTP Request: GET https://translate.googleapis.com/translate_a/single?client=gtx&sl=auto&tl=de&dt=t&q=First+among+its+78+recommendations+is+that+a+new+diplomatic+initiative%0Ashould+be+taken+before+the+end+of+this+year%0Ato+secure+Iraq%E2%80%99s+borders%0Aagainst+hostile+interventions+and+to+re-establish+diplomatic+relations+with+its+neighbors. "HTTP/1.1 200 OK"
HTTP Request: GET https://translate.googleapis.com/translate_a/single?client=gtx&sl=auto&tl=de&dt=t&q=The+aspect+ratio+of+this+format+%28dividing+by+twelve+to+obtain+the+simplest+whole-number+ratio%29%0Ais+therefore "HTTP/1.1 200 OK"
HTTP Request: GET https://translate.googleapis.com/translate_a/single?client=gtx&sl=auto&tl=de&dt=t&q=Greenland+was+settled+sparsely.%0AIn+the+Norse+sagas+they+say+that+Erik+the+Red+was+exiled+from+Iceland+for+murder%2C "HTTP/1.1 200 OK"
HTTP Request: GET https://translate.googleapis.com/translate_a/single?client=gtx&sl=auto&tl=de&dt=t&q=Scaffolding+is+not+a+method+of+learning%0Abut+rather+an+aid+that+provides+support+to+individuals%0Awhom+are+undergoing+a+new+learning+experience "HTTP/1.1 200 OK"
HTTP Request: GET https://translate.googleapis.com/translate_a/single?client=gtx&sl=auto&tl=de&dt=t&q=The+aspect+ratio+of+this+format+%28dividing+by+twelve+to+obtain+the+simplest+whole-number+ratio%29%0Ais+therefore%0Asaid+to+be+3%3A2. "HTTP/1.1 200 OK"
HTTP Request: GET https://translate.googleapis.com/translate_a/single?client=gtx&sl=auto&tl=de&dt=t&q=Greenland+was+settled+sparsely.%0AIn+the+Norse+sagas+they+say+that+Erik+the+Red+was+exiled+from+Iceland+for+murder%2C%0Aand+when+travelling+further+west%2C "HTTP/1.1 200 OK"
HTTP Request: GET https://translate.googleapis.com/translate_a/single?client=gtx&sl=auto&tl=de&dt=t&q=Scaffolding+is+not+a+method+of+learning%0Abut+rather+an+aid+that+provides+support+to+individuals%0Awhom+are+undergoing+a+new+learning+experience%0Asuch+as+using+a+new+computer+program+or+beginning+a+new+project. "HTTP/1.1 200 OK"
HTTP Request: GET https://translate.googleapis.com/translate_a/single?client=gtx&sl=auto&tl=de&dt=t&q=Greenland+was+settled+sparsely.%0AIn+the+Norse+sagas+they+say+that+Erik+the+Red+was+exiled+from+Iceland+for+murder%2C%0Aand+when+travelling+further+west%2C%0Afound+Greenland+and+named+it+Greenland. "HTTP/1.1 200 OK"
/home/mobility/STiTy/.venv-autoseg/lib/python3.10/site-packages/pytorch_lightning/utilities/_pytree.py:21: `isinstance(treespec, LeafSpec)` is deprecated, use `isinstance(treespec, TreeSpec) and treespec.is_leaf()` instead.
German    T=8   laal 5.451  eff 0.7743  adq 0.8263  contra 0.0629  cons 0.8692  k 2.8
HTTP Request: GET https://translate.googleapis.com/translate_a/single?client=gtx&sl=auto&tl=de&dt=t&q=The+central+authority+of+the+church+had+been+in+Rome+for+over+a+thousand+years "HTTP/1.1 200 OK"
HTTP Request: GET https://translate.googleapis.com/translate_a/single?client=gtx&sl=auto&tl=de&dt=t&q=The+word+civilization+comes+from+the+Latin+civilis%2C+meaning+civil%2C+related+to+the+Latin+civis%2C+meaning+citizen%2C "HTTP/1.1 200 OK"
HTTP Request: GET https://translate.googleapis.com/translate_a/single?client=gtx&sl=auto&tl=de&dt=t&q=Similarly%2C%0Aby+having+a+Schengen+visa%2C+you+do+not+need+to+apply+for+visas+to+each+of+the+Schengen+member+countries+separately%2C+hence+saving+time%2C+money+and+paperwork. "HTTP/1.1 200 OK"
HTTP Request: GET https://translate.googleapis.com/translate_a/single?client=gtx&sl=auto&tl=de&dt=t&q=Generally+speaking%2C+two+behaviors+can+emerge+as+managers+begin+to+lead+their+former+peers. "HTTP/1.1 200 OK"
HTTP Request: GET https://translate.googleapis.com/translate_a/single?client=gtx&sl=auto&tl=de&dt=t&q=Sleep+interruption+is+the+process+of+purposefully+awakening+during+your+normal+sleep+period%0Aand+falling+asleep+a+short+time+later+%2810%E2%80%9360+minutes%29. "HTTP/1.1 200 OK"
HTTP Request: GET https://translate.googleapis.com/translate_a/single?client=gtx&sl=auto&tl=de&dt=t&q=We+agree+with+the+USOC%27s+statement+that+the+interests+of+our+athletes+and+clubs%2C%0Aand+their+sport%2C+may+be+better+served+by+moving+forward+with+meaningful+change+within+our+organization%2C "HTTP/1.1 200 OK"
HTTP Request: GET https://translate.googleapis.com/translate_a/single?client=gtx&sl=auto&tl=de&dt=t&q=Virtual+Scaffolds+are+internalized+in+the+software+and+are+meant+to+question%2C "HTTP/1.1 200 OK"
HTTP Request: GET https://translate.googleapis.com/translate_a/single?client=gtx&sl=auto&tl=de&dt=t&q=As+a+result%2C+the+performers+smoke+cannabis+joints+on+stage%2C "HTTP/1.1 200 OK"
HTTP Request: GET https://translate.googleapis.com/translate_a/single?client=gtx&sl=auto&tl=de&dt=t&q=Generally+speaking%2C+two+behaviors+can+emerge+as+managers+begin+to+lead+their+former+peers.%0AOne+end+of+the+spectrum+is+trying+to+remain+%E2%80%9Cone+of+the+guys%E2%80%9D+%28or+gals%29. "HTTP/1.1 200 OK"
HTTP Request: GET https://translate.googleapis.com/translate_a/single?client=gtx&sl=auto&tl=de&dt=t&q=The+word+civilization+comes+from+the+Latin+civilis%2C+meaning+civil%2C+related+to+the+Latin+civis%2C+meaning+citizen%2C%0Aand+civitas%2C+meaning+city+or+city-state%2C "HTTP/1.1 200 OK"
HTTP Request: GET https://translate.googleapis.com/translate_a/single?client=gtx&sl=auto&tl=de&dt=t&q=The+central+authority+of+the+church+had+been+in+Rome+for+over+a+thousand+years%0Aand+this+concentration+of+power+and+money "HTTP/1.1 200 OK"
HTTP Request: GET https://translate.googleapis.com/translate_a/single?client=gtx&sl=auto&tl=de&dt=t&q=As+a+result%2C+the+performers+smoke+cannabis+joints+on+stage%2C%0Aand+the+theatre+itself+is+encouraging+the+audience+to+join+in. "HTTP/1.1 200 OK"
HTTP Request: GET https://translate.googleapis.com/translate_a/single?client=gtx&sl=auto&tl=de&dt=t&q=Virtual+Scaffolds+are+internalized+in+the+software+and+are+meant+to+question%2C%0Aprompt%2C+and+explain+procedures+that+may+have+been+to+challenging+for+the+student+to+handle+alone. "HTTP/1.1 200 OK"
HTTP Request: GET https://translate.googleapis.com/translate_a/single?client=gtx&sl=auto&tl=de&dt=t&q=We+agree+with+the+USOC%27s+statement+that+the+interests+of+our+athletes+and+clubs%2C%0Aand+their+sport%2C+may+be+better+served+by+moving+forward+with+meaningful+change+within+our+organization%2C%0Arather+than+decertification. "HTTP/1.1 200 OK"
HTTP Request: GET https://translate.googleapis.com/translate_a/single?client=gtx&sl=auto&tl=de&dt=t&q=Also+to+the+north+visit+the+great+Sanctuary+of+Our+Lady+of+Fatima+%28Shrine%29%2C "HTTP/1.1 200 OK"
HTTP Request: GET https://translate.googleapis.com/translate_a/single?client=gtx&sl=auto&tl=de&dt=t&q=Buses+depart+the+inter-district+bus+station+%28across+the+river%29 "HTTP/1.1 200 OK"
HTTP Request: GET https://translate.googleapis.com/translate_a/single?client=gtx&sl=auto&tl=de&dt=t&q=Alloys+are+basically+a+mixture+of+two+or+more+metals.+Don%27t+forget+that+there+are+many+elements "HTTP/1.1 200 OK"
HTTP Request: GET https://translate.googleapis.com/translate_a/single?client=gtx&sl=auto&tl=de&dt=t&q=The+word+civilization+comes+from+the+Latin+civilis%2C+meaning+civil%2C+related+to+the+Latin+civis%2C+meaning+citizen%2C%0Aand+civitas%2C+meaning+city+or+city-state%2C%0Aand+that+also+somehow+defines+the+size+of+the+society. "HTTP/1.1 200 OK"
HTTP Request: GET https://translate.googleapis.com/translate_a/single?client=gtx&sl=auto&tl=de&dt=t&q=We+make+our+houses+from+plants+and+make+clothes+from+plants.+Most+foods+that+we+eat+are+plants.+Without+plants%2C "HTTP/1.1 200 OK"
HTTP Request: GET https://translate.googleapis.com/translate_a/single?client=gtx&sl=auto&tl=de&dt=t&q=The+central+authority+of+the+church+had+been+in+Rome+for+over+a+thousand+years%0Aand+this+concentration+of+power+and+money%0Aled+many+to+question+whether+this+tenet+was+being+met. "HTTP/1.1 200 OK"
HTTP Request: GET https://translate.googleapis.com/translate_a/single?client=gtx&sl=auto&tl=de&dt=t&q=While+Goma+is+reasonably+safe%2C%0Aany+visits+outside+of+Goma+should+be+researched+to+understand+the+state+of+the+fighting+that+persists+in+the+North+Kivu+province. "HTTP/1.1 200 OK"
HTTP Request: GET https://translate.googleapis.com/translate_a/single?client=gtx&sl=auto&tl=de&dt=t&q=Alloys+are+basically+a+mixture+of+two+or+more+metals.+Don%27t+forget+that+there+are+many+elements%0Aon+the+periodic+table. "HTTP/1.1 200 OK"
HTTP Request: GET https://translate.googleapis.com/translate_a/single?client=gtx&sl=auto&tl=de&dt=t&q=At+the+other+end+of+the+spectrum%2C%0Aone+morphs+into+an+unrecognizable+individual "HTTP/1.1 200 OK"
HTTP Request: GET https://translate.googleapis.com/translate_a/single?client=gtx&sl=auto&tl=de&dt=t&q=We+make+our+houses+from+plants+and+make+clothes+from+plants.+Most+foods+that+we+eat+are+plants.+Without+plants%2C%0Aanimals+could+not+survive. "HTTP/1.1 200 OK"
HTTP Request: GET https://translate.googleapis.com/translate_a/single?client=gtx&sl=auto&tl=de&dt=t&q=Ancient+China+had+a+unique+way+of+showing+different+time+periods%3B "HTTP/1.1 200 OK"
HTTP Request: GET https://translate.googleapis.com/translate_a/single?client=gtx&sl=auto&tl=de&dt=t&q=As+a+result%2C%0Athe+process+of+an+organization+working+together+to+overcome+an+obstacle+can+lead+to+a+new+innovative+process+to+serve+the+customer%27s+need. "HTTP/1.1 200 OK"
HTTP Request: GET https://translate.googleapis.com/translate_a/single?client=gtx&sl=auto&tl=de&dt=t&q=Buses+depart+the+inter-district+bus+station+%28across+the+river%29%0Athroughout+the+day%2C+though+most%2C+especially+those+heading+to+the+east+and+Jakar%2FBumthang+leave+between+06%3A30+and+07%3A30. "HTTP/1.1 200 OK"
HTTP Request: GET https://translate.googleapis.com/translate_a/single?client=gtx&sl=auto&tl=de&dt=t&q=Also+to+the+north+visit+the+great+Sanctuary+of+Our+Lady+of+Fatima+%28Shrine%29%2C%0Aa+place+of+worldwide+famous+Marian+apparitions. "HTTP/1.1 200 OK"
HTTP Request: GET https://translate.googleapis.com/translate_a/single?client=gtx&sl=auto&tl=de&dt=t&q=Researchers+from+Princeton+University+in+the+United+States+and+Uppsala+University+in+Sweden+reported+the+new+species+evolved+in+just+two+generations%2C%0Athough+this+process+had+been+believed+to+take+much+longer%2C%0Adue+to+breeding+between+an+endemic+Darwin+finch%2C%0AGeospiza+fortes%2C+and+the+immigrant+cactus+finch%2C+Geospiza+conirostris. "HTTP/1.1 200 OK"
HTTP Request: GET https://translate.googleapis.com/translate_a/single?client=gtx&sl=auto&tl=de&dt=t&q=The+Giza+Plateau%2C+or+%22Giza+Necropolis%22+in+the+Egyptian+Valley+of+the+Dead "HTTP/1.1 200 OK"
HTTP Request: GET https://translate.googleapis.com/translate_a/single?client=gtx&sl=auto&tl=de&dt=t&q=The+harbor+was+the+site+of+an+infamous+naval+standoff+in+1889%0Awhen+seven+ships+from+Germany%2C+the+US%2C+and+Britain+refused+to+leave+the+harbor. "HTTP/1.1 200 OK"
HTTP Request: GET https://translate.googleapis.com/translate_a/single?client=gtx&sl=auto&tl=de&dt=t&q=In+1990%2C%0Ait+was+added+to+the+list+of+world+heritage+sites+in+danger%2C+due+to+the+threat+of+desert+sands. "HTTP/1.1 200 OK"
HTTP Request: GET https://translate.googleapis.com/translate_a/single?client=gtx&sl=auto&tl=de&dt=t&q=At+the+other+end+of+the+spectrum%2C%0Aone+morphs+into+an+unrecognizable+individual%0Athat+feels+he+or+she+must+change+everything+the+team+has+been+doing+and+make+it+their+own. "HTTP/1.1 200 OK"
HTTP Request: GET https://translate.googleapis.com/translate_a/single?client=gtx&sl=auto&tl=de&dt=t&q=Ironing+damp+clothes+can+help+them+dry.%0AMany+hotels+have+an+iron+and+ironing+board+available+for+loan%2C+even+if+one+is+not+present+in+the+room. "HTTP/1.1 200 OK"
HTTP Request: GET https://translate.googleapis.com/translate_a/single?client=gtx&sl=auto&tl=de&dt=t&q=Oliver+Sacks%2C+in+his+paper+The+President%27s+Speech%2C "HTTP/1.1 200 OK"
HTTP Request: GET https://translate.googleapis.com/translate_a/single?client=gtx&sl=auto&tl=de&dt=t&q=Ancient+China+had+a+unique+way+of+showing+different+time+periods%3B%0Aeach+stage+of+China+or+each+family+that+was+in+power+was+a+distinctive+dynasty. "HTTP/1.1 200 OK"
HTTP Request: GET https://translate.googleapis.com/translate_a/single?client=gtx&sl=auto&tl=de&dt=t&q=Hong+Kong+Island+gives+the+territory+of+Hong+Kong+its+name "HTTP/1.1 200 OK"
HTTP Request: GET https://translate.googleapis.com/translate_a/single?client=gtx&sl=auto&tl=de&dt=t&q=The+Giza+Plateau%2C+or+%22Giza+Necropolis%22+in+the+Egyptian+Valley+of+the+Dead%0Acontains+several+pyramids+%28of+which+the+great+pyramid+is+the+largest%29%2C "HTTP/1.1 200 OK"
HTTP Request: GET https://translate.googleapis.com/translate_a/single?client=gtx&sl=auto&tl=de&dt=t&q=The+city+is+also+the+base+to+climb+the+Nyiragongo+volcano "HTTP/1.1 200 OK"
HTTP Request: GET https://translate.googleapis.com/translate_a/single?client=gtx&sl=auto&tl=de&dt=t&q=The+official+Falklands+currency+is+the+Falkland+pound+%28FKP%29 "HTTP/1.1 200 OK"
HTTP Request: GET https://translate.googleapis.com/translate_a/single?client=gtx&sl=auto&tl=de&dt=t&q=Other+subjects+on+the+agenda+in+Bali+include+saving+the+world%27s+remaining+forests%2C "HTTP/1.1 200 OK"
HTTP Request: GET https://translate.googleapis.com/translate_a/single?client=gtx&sl=auto&tl=de&dt=t&q=All+nouns%2C+alongside+the+word+Sie+for+you%2C%0Aalways+begin+with+a+capital+letter%2C+even+in+the+middle+of+a+sentence. "HTTP/1.1 200 OK"
HTTP Request: GET https://translate.googleapis.com/translate_a/single?client=gtx&sl=auto&tl=de&dt=t&q=You+can+use+boda-boda+%28motorcycle+taxi%29+to+get+around+Goma. "HTTP/1.1 200 OK"
HTTP Request: GET https://translate.googleapis.com/translate_a/single?client=gtx&sl=auto&tl=de&dt=t&q=The+official+Falklands+currency+is+the+Falkland+pound+%28FKP%29%0Awhose+value+is+set+equivalent+to+that+of+one+British+pound+%28GBP%29. "HTTP/1.1 200 OK"
HTTP Request: GET https://translate.googleapis.com/translate_a/single?client=gtx&sl=auto&tl=de&dt=t&q=Hong+Kong+Island+gives+the+territory+of+Hong+Kong+its+name%0Aand+is+the+place+that+many+tourists+regard+as+the+main+focus. "HTTP/1.1 200 OK"
HTTP Request: GET https://translate.googleapis.com/translate_a/single?client=gtx&sl=auto&tl=de&dt=t&q=Oliver+Sacks%2C+in+his+paper+The+President%27s+Speech%2C%0Aindicated+how+people+who+are+unable+to+understand+speech+because+of+brain+damage+are+nevertheless+able+to+assess+sincerity+accurately. "HTTP/1.1 200 OK"
HTTP Request: GET https://translate.googleapis.com/translate_a/single?client=gtx&sl=auto&tl=de&dt=t&q=Other+subjects+on+the+agenda+in+Bali+include+saving+the+world%27s+remaining+forests%2C%0Aand+sharing+technologies+to+help+developing+nations+grow+in+less-polluting+ways. "HTTP/1.1 200 OK"
HTTP Request: GET https://translate.googleapis.com/translate_a/single?client=gtx&sl=auto&tl=de&dt=t&q=The+Giza+Plateau%2C+or+%22Giza+Necropolis%22+in+the+Egyptian+Valley+of+the+Dead%0Acontains+several+pyramids+%28of+which+the+great+pyramid+is+the+largest%29%2C%0Aseveral+small+tombs%2C+several+temples%2C+and+the+great+Sphinx. "HTTP/1.1 200 OK"
HTTP Request: GET https://translate.googleapis.com/translate_a/single?client=gtx&sl=auto&tl=de&dt=t&q=The+city+is+also+the+base+to+climb+the+Nyiragongo+volcano%0Aalong+with+some+of+the+cheapest+Mountain+Gorilla+tracking+in+Africa. "HTTP/1.1 200 OK"
HTTP Request: GET https://translate.googleapis.com/translate_a/single?client=gtx&sl=auto&tl=de&dt=t&q=We+don%27t+know+for+sure%2C+but+it+may+have+had+a+forked+tongue. "HTTP/1.1 200 OK"
HTTP Request: GET https://translate.googleapis.com/translate_a/single?client=gtx&sl=auto&tl=de&dt=t&q=Cocham%C3%B3+Valley+-+Chile%27s+premier+climbing+destination%2C%0Aknown+as+the+Yosemite+of+South+America%2C+with+a+variety+of+granite+big+walls+and+crags. "HTTP/1.1 200 OK"
HTTP Request: GET https://translate.googleapis.com/translate_a/single?client=gtx&sl=auto&tl=de&dt=t&q=They+have+feet+with+scales+and+claws%2C%0Athey+lay+eggs%2C+and+they+walk+on+their+two+back+legs+like+a+T-Rex. "HTTP/1.1 200 OK"
HTTP Request: GET https://translate.googleapis.com/translate_a/single?client=gtx&sl=auto&tl=de&dt=t&q=Four+skiers+in+the+women%27s+sitting+group+failed+to+finish+their+runs%2C "HTTP/1.1 200 OK"
HTTP Request: GET https://translate.googleapis.com/translate_a/single?client=gtx&sl=auto&tl=de&dt=t&q=Lion+prides+act+much+like+packs+of+wolves+or+dogs%2C+animals+surprisingly+similar+to+lions+%28but+not+other+big+cats%29 "HTTP/1.1 200 OK"
HTTP Request: GET https://translate.googleapis.com/translate_a/single?client=gtx&sl=auto&tl=de&dt=t&q=In+fact%2C+it+is+not+easy+to+find+at+all+even+if+one+knew+it+existed. "HTTP/1.1 200 OK"
HTTP Request: GET https://translate.googleapis.com/translate_a/single?client=gtx&sl=auto&tl=de&dt=t&q=We+don%27t+know+for+sure%2C+but+it+may+have+had+a+forked+tongue.%0AIts+diet+included+turtles%2C+large+fish%2C+other+mosasaurs%2C+and+it+may+even+have+been+a+cannibal. "HTTP/1.1 200 OK"
HTTP Request: GET https://translate.googleapis.com/translate_a/single?client=gtx&sl=auto&tl=de&dt=t&q=Resting+on+the+top+of+one+of+the+mountains+north+of+Mecca%2C "HTTP/1.1 200 OK"
HTTP Request: GET https://translate.googleapis.com/translate_a/single?client=gtx&sl=auto&tl=de&dt=t&q=You+can+use+boda-boda+%28motorcycle+taxi%29+to+get+around+Goma.%0AThe+normal+%28local%29+price+is+~500+Congolese+Francs+for+the+short+ride. "HTTP/1.1 200 OK"
HTTP Request: GET https://translate.googleapis.com/translate_a/single?client=gtx&sl=auto&tl=de&dt=t&q=Four+skiers+in+the+women%27s+sitting+group+failed+to+finish+their+runs%2C%0Aand+45+of+the+117+total+skiers+in+the+Giant+Slalom+failed+to+rank+in+the+race. "HTTP/1.1 200 OK"
HTTP Request: GET https://translate.googleapis.com/translate_a/single?client=gtx&sl=auto&tl=de&dt=t&q=The+job+of+navies+has+traditionally+been+to+ensure+that+your+country+maintains+the+ability+to+move+your+people+and+goods%2C "HTTP/1.1 200 OK"
HTTP Request: GET https://translate.googleapis.com/translate_a/single?client=gtx&sl=auto&tl=de&dt=t&q=He+added+that+%22they+should+not%2C+however%2C+be+asked+to+take+on+obligations+that+go+beyond+their+development+stage%2C "HTTP/1.1 200 OK"
HTTP Request: GET https://translate.googleapis.com/translate_a/single?client=gtx&sl=auto&tl=de&dt=t&q=Barcelona%27s+official+languages+are+Catalan+and+Spanish.%0AAbout+a+half+prefer+to+speak+Catalan%2C+a+vast+majority+understands+it%2C+and+virtually+everyone+knows+Spanish. "HTTP/1.1 200 OK"
HTTP Request: GET https://translate.googleapis.com/translate_a/single?client=gtx&sl=auto&tl=de&dt=t&q=Lion+prides+act+much+like+packs+of+wolves+or+dogs%2C+animals+surprisingly+similar+to+lions+%28but+not+other+big+cats%29%0Ain+behavior%2C+and+also+very+deadly+to+their+prey. "HTTP/1.1 200 OK"
HTTP Request: GET https://translate.googleapis.com/translate_a/single?client=gtx&sl=auto&tl=de&dt=t&q=Professor+Pamela+Ferguson+of+the+University+of+Dundee%0Anotes+%22journalists+do+seem+to+be+walking+a+dangerous+line+if+publishing+photos+etc+of+suspects.%22 "HTTP/1.1 200 OK"
HTTP Request: GET https://translate.googleapis.com/translate_a/single?client=gtx&sl=auto&tl=de&dt=t&q=In+fact%2C+it+is+not+easy+to+find+at+all+even+if+one+knew+it+existed.%0AOnce+inside+the+cave%2C+it+is+a+total+isolation. "HTTP/1.1 200 OK"
HTTP Request: GET https://translate.googleapis.com/translate_a/single?client=gtx&sl=auto&tl=de&dt=t&q=Finally%2C+there+are+many+small+cats+%28including+loose+pet+cats%29 "HTTP/1.1 200 OK"
HTTP Request: GET https://translate.googleapis.com/translate_a/single?client=gtx&sl=auto&tl=de&dt=t&q=Resting+on+the+top+of+one+of+the+mountains+north+of+Mecca%2C%0Athe+cave+is+completely+isolated+from+the+rest+of+the+world. "HTTP/1.1 200 OK"
HTTP Request: GET https://translate.googleapis.com/translate_a/single?client=gtx&sl=auto&tl=de&dt=t&q=The+job+of+navies+has+traditionally+been+to+ensure+that+your+country+maintains+the+ability+to+move+your+people+and+goods%2C%0Awhile+at+the+same+time%2C "HTTP/1.1 200 OK"
HTTP Request: GET https://translate.googleapis.com/translate_a/single?client=gtx&sl=auto&tl=de&dt=t&q=He+added+that+%22they+should+not%2C+however%2C+be+asked+to+take+on+obligations+that+go+beyond+their+development+stage%2C%0Aresponsibility+and+capabilities.%22 "HTTP/1.1 200 OK"
HTTP Request: GET https://translate.googleapis.com/translate_a/single?client=gtx&sl=auto&tl=de&dt=t&q=Vatican+City%27s+population+is+around+800. "HTTP/1.1 200 OK"
HTTP Request: GET https://translate.googleapis.com/translate_a/single?client=gtx&sl=auto&tl=de&dt=t&q=Scaffolding+is+not+a+method+of+learning+but+rather+an+aid+that+provides+support+to+individuals "HTTP/1.1 200 OK"
HTTP Request: GET https://translate.googleapis.com/translate_a/single?client=gtx&sl=auto&tl=de&dt=t&q=Apia+is+the+capital+of+Samoa.%0AThe+town+is+on+the+island+of+Upolu+and+has+a+population+of+just+under+40%2C000. "HTTP/1.1 200 OK"
HTTP Request: GET https://translate.googleapis.com/translate_a/single?client=gtx&sl=auto&tl=de&dt=t&q=The+job+of+navies+has+traditionally+been+to+ensure+that+your+country+maintains+the+ability+to+move+your+people+and+goods%2C%0Awhile+at+the+same+time%2C%0Ainterfering+with+your+enemy%27s+ability+to+move+his+people+and+goods. "HTTP/1.1 200 OK"
HTTP Request: GET https://translate.googleapis.com/translate_a/single?client=gtx&sl=auto&tl=de&dt=t&q=If+you+have+watched+the+movie+National+Treasure%2C%0Ayou+may+think+a+treasure+map+was+written+on+the+back+of+the+Declaration+of+Independence. "HTTP/1.1 200 OK"
HTTP Request: GET https://translate.googleapis.com/translate_a/single?client=gtx&sl=auto&tl=de&dt=t&q=Vatican+City%27s+population+is+around+800.%0AIt+is+the+smallest+independent+country+in+the+world+and+the+country+with+the+lowest+population. "HTTP/1.1 200 OK"
HTTP Request: GET https://translate.googleapis.com/translate_a/single?client=gtx&sl=auto&tl=de&dt=t&q=The+aspect+ratio+of+this+format+%28dividing+by+twelve+to+obtain+the+simplest+whole-number+ratio%29%0Ais+therefore+said+to+be+3%3A2. "HTTP/1.1 200 OK"
HTTP Request: GET https://translate.googleapis.com/translate_a/single?client=gtx&sl=auto&tl=de&dt=t&q=Finally%2C+there+are+many+small+cats+%28including+loose+pet+cats%29%0Athat+eat+the+far+more+numerous+small+prey+like+insects%2C+rodents%2C+lizards%2C+and+birds. "HTTP/1.1 200 OK"
HTTP Request: GET https://translate.googleapis.com/translate_a/single?client=gtx&sl=auto&tl=de&dt=t&q=It+is+one+of+the+main+attractions+of+South+Africa%0Aand+it+is+considered+the+flagship+of+South+African+National+Parks+%28SANParks%29. "HTTP/1.1 200 OK"
HTTP Request: GET https://translate.googleapis.com/translate_a/single?client=gtx&sl=auto&tl=de&dt=t&q=Scaffolding+is+not+a+method+of+learning+but+rather+an+aid+that+provides+support+to+individuals%0Awhom+are+undergoing+a+new+learning+experience "HTTP/1.1 200 OK"
HTTP Request: GET https://translate.googleapis.com/translate_a/single?client=gtx&sl=auto&tl=de&dt=t&q=It+is+related+to+but+usually+not+involving+alpine+style+ski+touring+or+mountaineering%2C "HTTP/1.1 200 OK"
HTTP Request: GET https://translate.googleapis.com/translate_a/single?client=gtx&sl=auto&tl=de&dt=t&q=Regular+announcements+in+the+Metro+are+made+only+in+Catalan%2C "HTTP/1.1 200 OK"
HTTP Request: GET https://translate.googleapis.com/translate_a/single?client=gtx&sl=auto&tl=de&dt=t&q=His+work+is+of+such+recognized+quality+and+detail+that+he+is+one+of+the+very+few+%22household+names%22+among+philatelists. "HTTP/1.1 200 OK"
HTTP Request: GET https://translate.googleapis.com/translate_a/single?client=gtx&sl=auto&tl=de&dt=t&q=People+have+known+about+basic+chemical+elements+such+as+gold%2C%0Asilver%2C+and+copper+from+antiquity%2C "HTTP/1.1 200 OK"
HTTP Request: GET https://translate.googleapis.com/translate_a/single?client=gtx&sl=auto&tl=de&dt=t&q=USA+Gymnastics+and+the+USOC+have+the+same+goal+%E2%80%94%0Amaking+the+sport+of+gymnastics%2C%0Aand+others%2C+as+safe+as+possible+for+athletes+to+follow+their+dreams+in+a+safe%2C+positive+and+empowered+environment. "HTTP/1.1 200 OK"
HTTP Request: GET https://translate.googleapis.com/translate_a/single?client=gtx&sl=auto&tl=de&dt=t&q=Scaffolding+is+not+a+method+of+learning+but+rather+an+aid+that+provides+support+to+individuals%0Awhom+are+undergoing+a+new+learning+experience%0Asuch+as+using+a+new+computer+program+or+beginning+a+new+project. "HTTP/1.1 200 OK"
HTTP Request: GET https://translate.googleapis.com/translate_a/single?client=gtx&sl=auto&tl=de&dt=t&q=Due+to+the+underwater+topology+the+return+flow+is+concentrated+at+a+few+deeper+sections%2C "HTTP/1.1 200 OK"
HTTP Request: GET https://translate.googleapis.com/translate_a/single?client=gtx&sl=auto&tl=de&dt=t&q=Greenland+was+settled+sparsely.%0AIn+the+Norse+sagas+they+say+that+Erik+the+Red+was+exiled+from+Iceland+for+murder%2C%0Aand+when+travelling+further+west%2C+found+Greenland+and+named+it+Greenland. "HTTP/1.1 200 OK"
HTTP Request: GET https://translate.googleapis.com/translate_a/single?client=gtx&sl=auto&tl=de&dt=t&q=Regular+announcements+in+the+Metro+are+made+only+in+Catalan%2C%0Abut+unplanned+disruptions+are+announced+by+an+automated+system "HTTP/1.1 200 OK"
HTTP Request: GET https://translate.googleapis.com/translate_a/single?client=gtx&sl=auto&tl=de&dt=t&q=His+work+is+of+such+recognized+quality+and+detail+that+he+is+one+of+the+very+few+%22household+names%22+among+philatelists.%0ASome+specialize+in+collecting+his+work+alone. "HTTP/1.1 200 OK"
HTTP Request: GET https://translate.googleapis.com/translate_a/single?client=gtx&sl=auto&tl=de&dt=t&q=People+have+known+about+basic+chemical+elements+such+as+gold%2C%0Asilver%2C+and+copper+from+antiquity%2C%0Aas+these+can+all+be+discovered+in+nature+in+native+form+and+are+relatively+simple+to+mine+with+primitive+tools. "HTTP/1.1 200 OK"
HTTP Request: GET https://translate.googleapis.com/translate_a/single?client=gtx&sl=auto&tl=de&dt=t&q=It+is+related+to+but+usually+not+involving+alpine+style+ski+touring+or+mountaineering%2C%0Athe+latter+ones+done+in+steep+terrain+and+requiring+much+stiffer+skis+and+boots. "HTTP/1.1 200 OK"
HTTP Request: GET https://translate.googleapis.com/translate_a/single?client=gtx&sl=auto&tl=de&dt=t&q=Bishkek+was+described+as+sinking+into+a+state+of+%22anarchy%22+by+one+observer%2C "HTTP/1.1 200 OK"
HTTP Request: GET https://translate.googleapis.com/translate_a/single?client=gtx&sl=auto&tl=de&dt=t&q=First+among+its+78+recommendations+is+that+a+new+diplomatic+initiative%0Ashould+be+taken+before+the+end+of+this+year%0Ato+secure+Iraq%E2%80%99s+borders+against+hostile+interventions+and+to+re-establish+diplomatic+relations+with+its+neighbors. "HTTP/1.1 200 OK"
HTTP Request: GET https://translate.googleapis.com/translate_a/single?client=gtx&sl=auto&tl=de&dt=t&q=Due+to+the+underwater+topology+the+return+flow+is+concentrated+at+a+few+deeper+sections%2C%0Aand+a+fast+current+to+deep+water+may+form+there. "HTTP/1.1 200 OK"
HTTP Request: GET https://translate.googleapis.com/translate_a/single?client=gtx&sl=auto&tl=de&dt=t&q=Regular+announcements+in+the+Metro+are+made+only+in+Catalan%2C%0Abut+unplanned+disruptions+are+announced+by+an+automated+system%0Ain+a+wide+variety+of+languages+including+Spanish%2C+English%2C+French%2C+Arabic+and+Japanese. "HTTP/1.1 200 OK"
HTTP Request: GET https://translate.googleapis.com/translate_a/single?client=gtx&sl=auto&tl=de&dt=t&q=Bishkek+was+described+as+sinking+into+a+state+of+%22anarchy%22+by+one+observer%2C%0Aas+gangs+of+people+roamed+the+streets+and+plundered+stores+of+consumer+goods. "HTTP/1.1 200 OK"
/home/mobility/STiTy/.venv-autoseg/lib/python3.10/site-packages/pytorch_lightning/utilities/_pytree.py:21: `isinstance(treespec, LeafSpec)` is deprecated, use `isinstance(treespec, TreeSpec) and treespec.is_leaf()` instead.
German    T=12  laal 6.449  eff 0.7883  adq 0.8356  contra 0.0567  cons 0.8846  k 2.14
HTTP Request: GET https://translate.googleapis.com/translate_a/single?client=gtx&sl=auto&tl=es&dt=t&q=A+search+of+the+Internet+for+%27Hostile+environment+course%27+will+probably+provide+the+address+of+a+local+company. "HTTP/1.1 200 OK"
HTTP Request: GET https://translate.googleapis.com/translate_a/single?client=gtx&sl=auto&tl=es&dt=t&q=The+word+civilization+comes+from+the+Latin+civilis%2C+meaning+civil%2C+related+to+the+Latin+civis%2C+meaning+citizen%2C+and+civitas%2C+meaning+city+or+city-state%2C+and+that+also+somehow+defines+the+size+of+the+society. "HTTP/1.1 200 OK"
HTTP Request: GET https://translate.googleapis.com/translate_a/single?client=gtx&sl=auto&tl=es&dt=t&q=As+a+result%2C+the+performers+smoke+cannabis+joints+on+stage%2C+and+the+theatre+itself+is+encouraging+the+audience+to+join+in. "HTTP/1.1 200 OK"
HTTP Request: GET https://translate.googleapis.com/translate_a/single?client=gtx&sl=auto&tl=es&dt=t&q=Throughout+1960s%2C+Brzezinski+worked+for+John+F.+Kennedy+as+his+advisor+and+then+the+Lyndon+B.+Johnson+administration. "HTTP/1.1 200 OK"
HTTP Request: GET https://translate.googleapis.com/translate_a/single?client=gtx&sl=auto&tl=es&dt=t&q=Generally+speaking%2C+two+behaviors+can+emerge+as+managers+begin+to+lead+their+former+peers.+One+end+of+the+spectrum+is+trying+to+remain+%E2%80%9Cone+of+the+guys%E2%80%9D+%28or+gals%29. "HTTP/1.1 200 OK"
HTTP Request: GET https://translate.googleapis.com/translate_a/single?client=gtx&sl=auto&tl=es&dt=t&q=Scientists+hope+to+understand+how+planets+form%2C+especially+how+the+Earth+formed%2C+since+comets+collided+with+the+Earth+long+ago. "HTTP/1.1 200 OK"
HTTP Request: GET https://translate.googleapis.com/translate_a/single?client=gtx&sl=auto&tl=es&dt=t&q=Through+the+night+between+150+and+200+copies+were+made%2C+now+known+as+%22Dunlap+broadsides%22. "HTTP/1.1 200 OK"
HTTP Request: GET https://translate.googleapis.com/translate_a/single?client=gtx&sl=auto&tl=es&dt=t&q=He+referred+to+the+rumors+as+%22political+chatter+and+silliness%22. "HTTP/1.1 200 OK"
HTTP Request: GET https://translate.googleapis.com/translate_a/single?client=gtx&sl=auto&tl=es&dt=t&q=Sleep+interruption+is+the+process+of+purposefully+awakening+during+your+normal+sleep+period+and+falling+asleep+a+short+time+later+%2810%E2%80%9360+minutes%29. "HTTP/1.1 200 OK"
HTTP Request: GET https://translate.googleapis.com/translate_a/single?client=gtx&sl=auto&tl=es&dt=t&q=We+agree+with+the+USOC%27s+statement+that+the+interests+of+our+athletes+and+clubs%2C+and+their+sport%2C+may+be+better+served+by+moving+forward+with+meaningful+change+within+our+organization%2C+rather+than+decertification. "HTTP/1.1 200 OK"
HTTP Request: GET https://translate.googleapis.com/translate_a/single?client=gtx&sl=auto&tl=es&dt=t&q=Virtual+Scaffolds+are+internalized+in+the+software+and+are+meant+to+question%2C+prompt%2C+and+explain+procedures+that+may+have+been+to+challenging+for+the+student+to+handle+alone. "HTTP/1.1 200 OK"
HTTP Request: GET https://translate.googleapis.com/translate_a/single?client=gtx&sl=auto&tl=es&dt=t&q=Most+of+the+smaller+islands+are+independent+nations%2C+or+associated+with+France%2C+and+known+as+luxury+beach+resorts. "HTTP/1.1 200 OK"
HTTP Request: GET https://translate.googleapis.com/translate_a/single?client=gtx&sl=auto&tl=es&dt=t&q=As+a+result%2C+two+fish+species+have+become+extinct%2C+and+two+others+have+become+endangered%2C+including+the+humpback+chub. "HTTP/1.1 200 OK"
HTTP Request: GET https://translate.googleapis.com/translate_a/single?client=gtx&sl=auto&tl=es&dt=t&q=But+there+are+a+lot+of+things+about+birds+that+still+look+like+a+dinosaur. "HTTP/1.1 200 OK"
HTTP Request: GET https://translate.googleapis.com/translate_a/single?client=gtx&sl=auto&tl=es&dt=t&q=Similarly%2C+by+having+a+Schengen+visa%2C+you+do+not+need+to+apply+for+visas+to+each+of+the+Schengen+member+countries+separately%2C+hence+saving+time%2C+money+and+paperwork. "HTTP/1.1 200 OK"
HTTP Request: GET https://translate.googleapis.com/translate_a/single?client=gtx&sl=auto&tl=es&dt=t&q=The+central+authority+of+the+church+had+been+in+Rome+for+over+a+thousand+years+and+this+concentration+of+power+and+money+led+many+to+question+whether+this+tenet+was+being+met. "HTTP/1.1 200 OK"
HTTP Request: GET https://translate.googleapis.com/translate_a/single?client=gtx&sl=auto&tl=es&dt=t&q=Buses+depart+the+inter-district+bus+station+%28across+the+river%29+throughout+the+day%2C+though+most%2C+especially+those+heading+to+the+east+and+Jakar%2FBumthang+leave+between+06%3A30+and+07%3A30. "HTTP/1.1 200 OK"
HTTP Request: GET https://translate.googleapis.com/translate_a/single?client=gtx&sl=auto&tl=es&dt=t&q=Alloys+are+basically+a+mixture+of+two+or+more+metals.+Don%27t+forget+that+there+are+many+elements+on+the+periodic+table. "HTTP/1.1 200 OK"
HTTP Request: GET https://translate.googleapis.com/translate_a/single?client=gtx&sl=auto&tl=es&dt=t&q=We+make+our+houses+from+plants+and+make+clothes+from+plants.+Most+foods+that+we+eat+are+plants.+Without+plants%2C+animals+could+not+survive. "HTTP/1.1 200 OK"
HTTP Request: GET https://translate.googleapis.com/translate_a/single?client=gtx&sl=auto&tl=es&dt=t&q=Also+to+the+north+visit+the+great+Sanctuary+of+Our+Lady+of+Fatima+%28Shrine%29%2C+a+place+of+worldwide+famous+Marian+apparitions. "HTTP/1.1 200 OK"
HTTP Request: GET https://translate.googleapis.com/translate_a/single?client=gtx&sl=auto&tl=es&dt=t&q=Ancient+China+had+a+unique+way+of+showing+different+time+periods%3B+each+stage+of+China+or+each+family+that+was+in+power+was+a+distinctive+dynasty. "HTTP/1.1 200 OK"
HTTP Request: GET https://translate.googleapis.com/translate_a/single?client=gtx&sl=auto&tl=es&dt=t&q=Fire+rescue+crews+eventually+doused+the+fire+by+11%3A35+pm. "HTTP/1.1 200 OK"
HTTP Request: GET https://translate.googleapis.com/translate_a/single?client=gtx&sl=auto&tl=es&dt=t&q=The+802.11n+standard+operates+on+both+the+2.4Ghz+and+5.0Ghz+frequencies. "HTTP/1.1 200 OK"
HTTP Request: GET https://translate.googleapis.com/translate_a/single?client=gtx&sl=auto&tl=es&dt=t&q=Giancarlo+Fisichella+lost+control+of+his+car+and+ended+the+race+very+soon+after+the+start. "HTTP/1.1 200 OK"
HTTP Request: GET https://translate.googleapis.com/translate_a/single?client=gtx&sl=auto&tl=es&dt=t&q=At+the+other+end+of+the+spectrum%2C+one+morphs+into+an+unrecognizable+individual+that+feels+he+or+she+must+change+everything+the+team+has+been+doing+and+make+it+their+own. "HTTP/1.1 200 OK"
HTTP Request: GET https://translate.googleapis.com/translate_a/single?client=gtx&sl=auto&tl=es&dt=t&q=The+Northern+Marianas+emergency+management+office+said+that+there+were+no+damages+reported+in+the+nation. "HTTP/1.1 200 OK"
HTTP Request: GET https://translate.googleapis.com/translate_a/single?client=gtx&sl=auto&tl=es&dt=t&q=While+Goma+is+reasonably+safe%2C+any+visits+outside+of+Goma+should+be+researched+to+understand+the+state+of+the+fighting+that+persists+in+the+North+Kivu+province. "HTTP/1.1 200 OK"
HTTP Request: GET https://translate.googleapis.com/translate_a/single?client=gtx&sl=auto&tl=es&dt=t&q=As+a+result%2C+the+process+of+an+organization+working+together+to+overcome+an+obstacle+can+lead+to+a+new+innovative+process+to+serve+the+customer%27s+need. "HTTP/1.1 200 OK"
HTTP Request: GET https://translate.googleapis.com/translate_a/single?client=gtx&sl=auto&tl=es&dt=t&q=The+U.S.+Corps+of+Engineers+estimated+that+6+inches+of+rainfall+could+breach+the+previously+damaged+levees. "HTTP/1.1 200 OK"
HTTP Request: GET https://translate.googleapis.com/translate_a/single?client=gtx&sl=auto&tl=es&dt=t&q=Ancient+cultures+and+tribes+began+to+keep+them+for+easy+access+to+milk%2C+hair%2C+meat%2C+and+skins. "HTTP/1.1 200 OK"
HTTP Request: GET https://translate.googleapis.com/translate_a/single?client=gtx&sl=auto&tl=es&dt=t&q=The+governor%27s+office+said+nineteen+of+the+injured+were+police+officers. "HTTP/1.1 200 OK"
HTTP Request: GET https://translate.googleapis.com/translate_a/single?client=gtx&sl=auto&tl=es&dt=t&q=The+same+month+saw+another+airliner+overrun+a+runway+at+Mashhad+and+strike+a+wall%2C+killing+seventeen. "HTTP/1.1 200 OK"
HTTP Request: GET https://translate.googleapis.com/translate_a/single?client=gtx&sl=auto&tl=es&dt=t&q=The+city+is+also+the+base+to+climb+the+Nyiragongo+volcano+along+with+some+of+the+cheapest+Mountain+Gorilla+tracking+in+Africa. "HTTP/1.1 200 OK"
HTTP Request: GET https://translate.googleapis.com/translate_a/single?client=gtx&sl=auto&tl=es&dt=t&q=The+term+bug+is+used+by+entomologists+in+a+formal+sense+for+this+group+of+insects. "HTTP/1.1 200 OK"
HTTP Request: GET https://translate.googleapis.com/translate_a/single?client=gtx&sl=auto&tl=es&dt=t&q=Researchers+from+Princeton+University+in+the+United+States+and+Uppsala+University+in+Sweden+reported+the+new+species+evolved+in+just+two+generations%2C+though+this+process+had+been+believed+to+take+much+longer%2C+due+to+breeding+between+an+endemic+Darwin+finch%2C+Geospiza+fortes%2C+and+the+immigrant+cactus+finch%2C+Geospiza+conirostris. "HTTP/1.1 200 OK"
HTTP Request: GET https://translate.googleapis.com/translate_a/single?client=gtx&sl=auto&tl=es&dt=t&q=Oliver+Sacks%2C+in+his+paper+The+President%27s+Speech%2C+indicated+how+people+who+are+unable+to+understand+speech+because+of+brain+damage+are+nevertheless+able+to+assess+sincerity+accurately. "HTTP/1.1 200 OK"
HTTP Request: GET https://translate.googleapis.com/translate_a/single?client=gtx&sl=auto&tl=es&dt=t&q=The+Giza+Plateau%2C+or+%22Giza+Necropolis%22+in+the+Egyptian+Valley+of+the+Dead+contains+several+pyramids+%28of+which+the+great+pyramid+is+the+largest%29%2C+several+small+tombs%2C+several+temples%2C+and+the+great+Sphinx. "HTTP/1.1 200 OK"
HTTP Request: GET https://translate.googleapis.com/translate_a/single?client=gtx&sl=auto&tl=es&dt=t&q=The+harbor+was+the+site+of+an+infamous+naval+standoff+in+1889+when+seven+ships+from+Germany%2C+the+US%2C+and+Britain+refused+to+leave+the+harbor. "HTTP/1.1 200 OK"
HTTP Request: GET https://translate.googleapis.com/translate_a/single?client=gtx&sl=auto&tl=es&dt=t&q=While+he+was+working+at+the+hospital+Liggins+began+to+investigate+premature+labor+during+his+spare+time. "HTTP/1.1 200 OK"
HTTP Request: GET https://translate.googleapis.com/translate_a/single?client=gtx&sl=auto&tl=es&dt=t&q=In+1990%2C+it+was+added+to+the+list+of+world+heritage+sites+in+danger%2C+due+to+the+threat+of+desert+sands. "HTTP/1.1 200 OK"
HTTP Request: GET https://translate.googleapis.com/translate_a/single?client=gtx&sl=auto&tl=es&dt=t&q=Parisians+have+a+reputation+for+being+egocentric%2C+rude+and+arrogant. "HTTP/1.1 200 OK"
HTTP Request: GET https://translate.googleapis.com/translate_a/single?client=gtx&sl=auto&tl=es&dt=t&q=Hong+Kong+Island+gives+the+territory+of+Hong+Kong+its+name+and+is+the+place+that+many+tourists+regard+as+the+main+focus. "HTTP/1.1 200 OK"
HTTP Request: GET https://translate.googleapis.com/translate_a/single?client=gtx&sl=auto&tl=es&dt=t&q=Cuomo%2C+53%2C+began+his+governorship+earlier+this+year+and+signed+a+bill+last+month+legalizing+same-sex+marriage. "HTTP/1.1 200 OK"
HTTP Request: GET https://translate.googleapis.com/translate_a/single?client=gtx&sl=auto&tl=es&dt=t&q=Ironing+damp+clothes+can+help+them+dry.+Many+hotels+have+an+iron+and+ironing+board+available+for+loan%2C+even+if+one+is+not+present+in+the+room. "HTTP/1.1 200 OK"
HTTP Request: GET https://translate.googleapis.com/translate_a/single?client=gtx&sl=auto&tl=es&dt=t&q=The+official+Falklands+currency+is+the+Falkland+pound+%28FKP%29+whose+value+is+set+equivalent+to+that+of+one+British+pound+%28GBP%29. "HTTP/1.1 200 OK"
HTTP Request: GET https://translate.googleapis.com/translate_a/single?client=gtx&sl=auto&tl=es&dt=t&q=All+nouns%2C+alongside+the+word+Sie+for+you%2C+always+begin+with+a+capital+letter%2C+even+in+the+middle+of+a+sentence. "HTTP/1.1 200 OK"
HTTP Request: GET https://translate.googleapis.com/translate_a/single?client=gtx&sl=auto&tl=es&dt=t&q=Large+areas+further+north+are+quite+sparsely+populated+and+some+is+nearly+uninhabited+wilderness. "HTTP/1.1 200 OK"
HTTP Request: GET https://translate.googleapis.com/translate_a/single?client=gtx&sl=auto&tl=es&dt=t&q=According+to+Japan%27s+nuclear+agency%2C+radioactive+caesium+and+iodine+has+been+identified+at+the+plant. "HTTP/1.1 200 OK"
HTTP Request: GET https://translate.googleapis.com/translate_a/single?client=gtx&sl=auto&tl=es&dt=t&q=You+can+use+boda-boda+%28motorcycle+taxi%29+to+get+around+Goma.+The+normal+%28local%29+price+is+~500+Congolese+Francs+for+the+short+ride. "HTTP/1.1 200 OK"
HTTP Request: GET https://translate.googleapis.com/translate_a/single?client=gtx&sl=auto&tl=es&dt=t&q=The+Schengen+zone%2C+however%2C+works+somewhat+like+one+country+in+this+respect. "HTTP/1.1 200 OK"
HTTP Request: GET https://translate.googleapis.com/translate_a/single?client=gtx&sl=auto&tl=es&dt=t&q=Lakkha+Singh+presented+the+chhappan+bhog+bhajan+as+well.+Singer%2C+Raju+Khandelwal+was+accompanying+him. "HTTP/1.1 200 OK"
HTTP Request: GET https://translate.googleapis.com/translate_a/single?client=gtx&sl=auto&tl=es&dt=t&q=Other+subjects+on+the+agenda+in+Bali+include+saving+the+world%27s+remaining+forests%2C+and+sharing+technologies+to+help+developing+nations+grow+in+less-polluting+ways. "HTTP/1.1 200 OK"
HTTP Request: GET https://translate.googleapis.com/translate_a/single?client=gtx&sl=auto&tl=es&dt=t&q=In+just+two+weeks+the+Americans+and+Free+French+forces+had+liberated+southern+France+and+were+turning+towards+Germany. "HTTP/1.1 200 OK"
HTTP Request: GET https://translate.googleapis.com/translate_a/single?client=gtx&sl=auto&tl=es&dt=t&q=We+don%27t+know+for+sure%2C+but+it+may+have+had+a+forked+tongue.+Its+diet+included+turtles%2C+large+fish%2C+other+mosasaurs%2C+and+it+may+even+have+been+a+cannibal. "HTTP/1.1 200 OK"
HTTP Request: GET https://translate.googleapis.com/translate_a/single?client=gtx&sl=auto&tl=es&dt=t&q=Goats+seem+to+have+been+first+domesticated+roughly+10%2C000+years+ago+in+the+Zagros+Mountains+of+Iran. "HTTP/1.1 200 OK"
HTTP Request: GET https://translate.googleapis.com/translate_a/single?client=gtx&sl=auto&tl=es&dt=t&q=These+couples+may+choose+to+make+an+adoption+plan+for+their+baby. "HTTP/1.1 200 OK"
HTTP Request: GET https://translate.googleapis.com/translate_a/single?client=gtx&sl=auto&tl=es&dt=t&q=They+have+feet+with+scales+and+claws%2C+they+lay+eggs%2C+and+they+walk+on+their+two+back+legs+like+a+T-Rex. "HTTP/1.1 200 OK"
HTTP Request: GET https://translate.googleapis.com/translate_a/single?client=gtx&sl=auto&tl=es&dt=t&q=Needless+to+say%2C+if+you+know+a+Romance+language%2C+it+will+be+easier+for+you+to+learn+Portuguese. "HTTP/1.1 200 OK"
HTTP Request: GET https://translate.googleapis.com/translate_a/single?client=gtx&sl=auto&tl=es&dt=t&q=In+fact%2C+it+is+not+easy+to+find+at+all+even+if+one+knew+it+existed.+Once+inside+the+cave%2C+it+is+a+total+isolation. "HTTP/1.1 200 OK"
HTTP Request: GET https://translate.googleapis.com/translate_a/single?client=gtx&sl=auto&tl=es&dt=t&q=A+curry+is+a+dish+based+on+herbs+and+spices%2C+together+with+either+meat+or+vegetables. "HTTP/1.1 200 OK"
HTTP Request: GET https://translate.googleapis.com/translate_a/single?client=gtx&sl=auto&tl=es&dt=t&q=During+the+1920s%2C+the+prevailing+attitudes+of+most+citizens+and+nations+was+that+of+pacifism+and+isolation. "HTTP/1.1 200 OK"
HTTP Request: GET https://translate.googleapis.com/translate_a/single?client=gtx&sl=auto&tl=es&dt=t&q=Scotturb+Bus+403+travels+regularly+to+Sintra%2C+stopping+at+Cabo+da+Roca. "HTTP/1.1 200 OK"
HTTP Request: GET https://translate.googleapis.com/translate_a/single?client=gtx&sl=auto&tl=es&dt=t&q=The+two+compounds+react+with+one+another+to+form+crystals+that+may+block+kidney+function%2C+researchers+at+the+university+said. "HTTP/1.1 200 OK"
HTTP Request: GET https://translate.googleapis.com/translate_a/single?client=gtx&sl=auto&tl=es&dt=t&q=Aerosmith+have+cancelled+their+remaining+concerts+on+their+tour. "HTTP/1.1 200 OK"
HTTP Request: GET https://translate.googleapis.com/translate_a/single?client=gtx&sl=auto&tl=es&dt=t&q=Prior+to+the+arrival+of+troops%2C+Haiti+had+not+encountered+problems+related+to+the+disease+since+the+1800s. "HTTP/1.1 200 OK"
HTTP Request: GET https://translate.googleapis.com/translate_a/single?client=gtx&sl=auto&tl=es&dt=t&q=The+cabbage+juice+changes+color+depending+on+how+acidic+or+basic+%28alkaline%29+the+chemical+is. "HTTP/1.1 200 OK"
HTTP Request: GET https://translate.googleapis.com/translate_a/single?client=gtx&sl=auto&tl=es&dt=t&q=Cocham%C3%B3+Valley+-+Chile%27s+premier+climbing+destination%2C+known+as+the+Yosemite+of+South+America%2C+with+a+variety+of+granite+big+walls+and+crags. "HTTP/1.1 200 OK"
HTTP Request: GET https://translate.googleapis.com/translate_a/single?client=gtx&sl=auto&tl=es&dt=t&q=Television+reports+show+white+smoke+coming+from+the+plant. "HTTP/1.1 200 OK"
HTTP Request: GET https://translate.googleapis.com/translate_a/single?client=gtx&sl=auto&tl=es&dt=t&q=He+added+that+%22they+should+not%2C+however%2C+be+asked+to+take+on+obligations+that+go+beyond+their+development+stage%2C+responsibility+and+capabilities.%22 "HTTP/1.1 200 OK"
HTTP Request: GET https://translate.googleapis.com/translate_a/single?client=gtx&sl=auto&tl=es&dt=t&q=Lion+prides+act+much+like+packs+of+wolves+or+dogs%2C+animals+surprisingly+similar+to+lions+%28but+not+other+big+cats%29+in+behavior%2C+and+also+very+deadly+to+their+prey. "HTTP/1.1 200 OK"
HTTP Request: GET https://translate.googleapis.com/translate_a/single?client=gtx&sl=auto&tl=es&dt=t&q=Four+skiers+in+the+women%27s+sitting+group+failed+to+finish+their+runs%2C+and+45+of+the+117+total+skiers+in+the+Giant+Slalom+failed+to+rank+in+the+race. "HTTP/1.1 200 OK"
HTTP Request: GET https://translate.googleapis.com/translate_a/single?client=gtx&sl=auto&tl=es&dt=t&q=Resting+on+the+top+of+one+of+the+mountains+north+of+Mecca%2C+the+cave+is+completely+isolated+from+the+rest+of+the+world. "HTTP/1.1 200 OK"
HTTP Request: GET https://translate.googleapis.com/translate_a/single?client=gtx&sl=auto&tl=es&dt=t&q=Beyond+Wednesday%27s+event%2C+Carpanedo+competed+in+two+individual+races+at+the+Championships. "HTTP/1.1 200 OK"
HTTP Request: GET https://translate.googleapis.com/translate_a/single?client=gtx&sl=auto&tl=es&dt=t&q=Women%3A+It+is+recommended+that+any+women+travellers+say+that+they+are+married%2C+regardless+of+actual+marital+status. "HTTP/1.1 200 OK"
HTTP Request: GET https://translate.googleapis.com/translate_a/single?client=gtx&sl=auto&tl=es&dt=t&q=Barcelona%27s+official+languages+are+Catalan+and+Spanish.+About+a+half+prefer+to+speak+Catalan%2C+a+vast+majority+understands+it%2C+and+virtually+everyone+knows+Spanish. "HTTP/1.1 200 OK"
HTTP Request: GET https://translate.googleapis.com/translate_a/single?client=gtx&sl=auto&tl=es&dt=t&q=Along+the+same+line%2C+men+are+required+to+wear+trousers+covering+the+knees. "HTTP/1.1 200 OK"
HTTP Request: GET https://translate.googleapis.com/translate_a/single?client=gtx&sl=auto&tl=es&dt=t&q=In+the+north+the+region+is+bounded+by+the+Sahel%2C+and+in+the+south+and+west+by+the+Atlantic+Ocean. "HTTP/1.1 200 OK"
HTTP Request: GET https://translate.googleapis.com/translate_a/single?client=gtx&sl=auto&tl=es&dt=t&q=The+composition+of+these+crystals+matches+those+found+in+the+urine+of+affected+pets+when+compared+by+infrared+spectroscopy+%28FTIR%29. "HTTP/1.1 200 OK"
HTTP Request: GET https://translate.googleapis.com/translate_a/single?client=gtx&sl=auto&tl=es&dt=t&q=Vatican+City%27s+population+is+around+800.+It+is+the+smallest+independent+country+in+the+world+and+the+country+with+the+lowest+population. "HTTP/1.1 200 OK"
HTTP Request: GET https://translate.googleapis.com/translate_a/single?client=gtx&sl=auto&tl=es&dt=t&q=If+you+have+watched+the+movie+National+Treasure%2C+you+may+think+a+treasure+map+was+written+on+the+back+of+the+Declaration+of+Independence. "HTTP/1.1 200 OK"
HTTP Request: GET https://translate.googleapis.com/translate_a/single?client=gtx&sl=auto&tl=es&dt=t&q=Finally%2C+there+are+many+small+cats+%28including+loose+pet+cats%29+that+eat+the+far+more+numerous+small+prey+like+insects%2C+rodents%2C+lizards%2C+and+birds. "HTTP/1.1 200 OK"
HTTP Request: GET https://translate.googleapis.com/translate_a/single?client=gtx&sl=auto&tl=es&dt=t&q=The+job+of+navies+has+traditionally+been+to+ensure+that+your+country+maintains+the+ability+to+move+your+people+and+goods%2C+while+at+the+same+time%2C+interfering+with+your+enemy%27s+ability+to+move+his+people+and+goods. "HTTP/1.1 200 OK"
HTTP Request: GET https://translate.googleapis.com/translate_a/single?client=gtx&sl=auto&tl=es&dt=t&q=Professor+Pamela+Ferguson+of+the+University+of+Dundee+notes+%22journalists+do+seem+to+be+walking+a+dangerous+line+if+publishing+photos+etc+of+suspects.%22 "HTTP/1.1 200 OK"
HTTP Request: GET https://translate.googleapis.com/translate_a/single?client=gtx&sl=auto&tl=es&dt=t&q=Scaffolding+is+not+a+method+of+learning+but+rather+an+aid+that+provides+support+to+individuals+whom+are+undergoing+a+new+learning+experience+such+as+using+a+new+computer+program+or+beginning+a+new+project. "HTTP/1.1 200 OK"
HTTP Request: GET https://translate.googleapis.com/translate_a/single?client=gtx&sl=auto&tl=es&dt=t&q=It+is+related+to+but+usually+not+involving+alpine+style+ski+touring+or+mountaineering%2C+the+latter+ones+done+in+steep+terrain+and+requiring+much+stiffer+skis+and+boots. "HTTP/1.1 200 OK"
HTTP Request: GET https://translate.googleapis.com/translate_a/single?client=gtx&sl=auto&tl=es&dt=t&q=Apia+is+the+capital+of+Samoa.+The+town+is+on+the+island+of+Upolu+and+has+a+population+of+just+under+40%2C000. "HTTP/1.1 200 OK"
HTTP Request: GET https://translate.googleapis.com/translate_a/single?client=gtx&sl=auto&tl=es&dt=t&q=The+pyramid+sound+and+light+show+is+one+of+the+most+interesting+things+in+the+area+for+kids. "HTTP/1.1 200 OK"
HTTP Request: GET https://translate.googleapis.com/translate_a/single?client=gtx&sl=auto&tl=es&dt=t&q=It+is+one+of+the+main+attractions+of+South+Africa+and+it+is+considered+the+flagship+of+South+African+National+Parks+%28SANParks%29. "HTTP/1.1 200 OK"
HTTP Request: GET https://translate.googleapis.com/translate_a/single?client=gtx&sl=auto&tl=es&dt=t&q=The+aspect+ratio+of+this+format+%28dividing+by+twelve+to+obtain+the+simplest+whole-number+ratio%29+is+therefore+said+to+be+3%3A2. "HTTP/1.1 200 OK"
HTTP Request: GET https://translate.googleapis.com/translate_a/single?client=gtx&sl=auto&tl=es&dt=t&q=Six+hostages%2C+including+the+children+and+elderly%2C+were+released+early%2C+as+were+the+Filipino+photographers. "HTTP/1.1 200 OK"
HTTP Request: GET https://translate.googleapis.com/translate_a/single?client=gtx&sl=auto&tl=es&dt=t&q=His+work+is+of+such+recognized+quality+and+detail+that+he+is+one+of+the+very+few+%22household+names%22+among+philatelists.+Some+specialize+in+collecting+his+work+alone. "HTTP/1.1 200 OK"
HTTP Request: GET https://translate.googleapis.com/translate_a/single?client=gtx&sl=auto&tl=es&dt=t&q=Plants+look+their+best+when+in+a+natural+environment%2C+so+resist+the+temptation+to+remove+even+%22just+one%22+specimen. "HTTP/1.1 200 OK"
HTTP Request: GET https://translate.googleapis.com/translate_a/single?client=gtx&sl=auto&tl=es&dt=t&q=Due+to+the+underwater+topology+the+return+flow+is+concentrated+at+a+few+deeper+sections%2C+and+a+fast+current+to+deep+water+may+form+there. "HTTP/1.1 200 OK"
HTTP Request: GET https://translate.googleapis.com/translate_a/single?client=gtx&sl=auto&tl=es&dt=t&q=First+among+its+78+recommendations+is+that+a+new+diplomatic+initiative+should+be+taken+before+the+end+of+this+year+to+secure+Iraq%E2%80%99s+borders+against+hostile+interventions+and+to+re-establish+diplomatic+relations+with+its+neighbors. "HTTP/1.1 200 OK"
HTTP Request: GET https://translate.googleapis.com/translate_a/single?client=gtx&sl=auto&tl=es&dt=t&q=Regular+announcements+in+the+Metro+are+made+only+in+Catalan%2C+but+unplanned+disruptions+are+announced+by+an+automated+system+in+a+wide+variety+of+languages+including+Spanish%2C+English%2C+French%2C+Arabic+and+Japanese. "HTTP/1.1 200 OK"
HTTP Request: GET https://translate.googleapis.com/translate_a/single?client=gtx&sl=auto&tl=es&dt=t&q=People+have+known+about+basic+chemical+elements+such+as+gold%2C+silver%2C+and+copper+from+antiquity%2C+as+these+can+all+be+discovered+in+nature+in+native+form+and+are+relatively+simple+to+mine+with+primitive+tools. "HTTP/1.1 200 OK"
HTTP Request: GET https://translate.googleapis.com/translate_a/single?client=gtx&sl=auto&tl=es&dt=t&q=USA+Gymnastics+and+the+USOC+have+the+same+goal+%E2%80%94+making+the+sport+of+gymnastics%2C+and+others%2C+as+safe+as+possible+for+athletes+to+follow+their+dreams+in+a+safe%2C+positive+and+empowered+environment. "HTTP/1.1 200 OK"
HTTP Request: GET https://translate.googleapis.com/translate_a/single?client=gtx&sl=auto&tl=es&dt=t&q=Several+large+television+screens+were+installed+in+various+places+in+Rome+to+let+the+people+watch+the+ceremony. "HTTP/1.1 200 OK"
HTTP Request: GET https://translate.googleapis.com/translate_a/single?client=gtx&sl=auto&tl=es&dt=t&q=Bishkek+was+described+as+sinking+into+a+state+of+%22anarchy%22+by+one+observer%2C+as+gangs+of+people+roamed+the+streets+and+plundered+stores+of+consumer+goods. "HTTP/1.1 200 OK"
HTTP Request: GET https://translate.googleapis.com/translate_a/single?client=gtx&sl=auto&tl=es&dt=t&q=Greenland+was+settled+sparsely.+In+the+Norse+sagas+they+say+that+Erik+the+Red+was+exiled+from+Iceland+for+murder%2C+and+when+travelling+further+west%2C+found+Greenland+and+named+it+Greenland. "HTTP/1.1 200 OK"
HTTP Request: GET https://translate.googleapis.com/translate_a/single?client=gtx&sl=auto&tl=es&dt=t&q=As+a+result%2C "HTTP/1.1 200 OK"
HTTP Request: GET https://translate.googleapis.com/translate_a/single?client=gtx&sl=auto&tl=es&dt=t&q=He+referred+to+the+rumors "HTTP/1.1 200 OK"
HTTP Request: GET https://translate.googleapis.com/translate_a/single?client=gtx&sl=auto&tl=es&dt=t&q=Scientists+hope+to+understand+how+planets+form%2C "HTTP/1.1 200 OK"
HTTP Request: GET https://translate.googleapis.com/translate_a/single?client=gtx&sl=auto&tl=es&dt=t&q=Through+the+night+between+150+and+200+copies+were+made%2C "HTTP/1.1 200 OK"
HTTP Request: GET https://translate.googleapis.com/translate_a/single?client=gtx&sl=auto&tl=es&dt=t&q=The+word+civilization+comes+from+the+Latin+civilis%2C "HTTP/1.1 200 OK"
HTTP Request: GET https://translate.googleapis.com/translate_a/single?client=gtx&sl=auto&tl=es&dt=t&q=Generally+speaking%2C "HTTP/1.1 200 OK"
HTTP Request: GET https://translate.googleapis.com/translate_a/single?client=gtx&sl=auto&tl=es&dt=t&q=A+search+of+the+Internet "HTTP/1.1 200 OK"
HTTP Request: GET https://translate.googleapis.com/translate_a/single?client=gtx&sl=auto&tl=es&dt=t&q=Throughout+1960s%2C "HTTP/1.1 200 OK"
HTTP Request: GET https://translate.googleapis.com/translate_a/single?client=gtx&sl=auto&tl=es&dt=t&q=Scientists+hope+to+understand+how+planets+form%2C%0Aespecially+how+the+Earth+formed%2C "HTTP/1.1 200 OK"
HTTP Request: GET https://translate.googleapis.com/translate_a/single?client=gtx&sl=auto&tl=es&dt=t&q=Through+the+night+between+150+and+200+copies+were+made%2C%0Anow+known+as+%22Dunlap+broadsides%22. "HTTP/1.1 200 OK"
HTTP Request: GET https://translate.googleapis.com/translate_a/single?client=gtx&sl=auto&tl=es&dt=t&q=He+referred+to+the+rumors%0Aas+%22political+chatter+and+silliness%22. "HTTP/1.1 200 OK"
HTTP Request: GET https://translate.googleapis.com/translate_a/single?client=gtx&sl=auto&tl=es&dt=t&q=As+a+result%2C%0Athe+performers+smoke+cannabis+joints+on+stage%2C "HTTP/1.1 200 OK"
HTTP Request: GET https://translate.googleapis.com/translate_a/single?client=gtx&sl=auto&tl=es&dt=t&q=A+search+of+the+Internet%0Afor%27+Hostile+environment+course%27 "HTTP/1.1 200 OK"
HTTP Request: GET https://translate.googleapis.com/translate_a/single?client=gtx&sl=auto&tl=es&dt=t&q=Throughout+1960s%2C%0ABrzezinski+worked+for+John+F.+Kennedy "HTTP/1.1 200 OK"
HTTP Request: GET https://translate.googleapis.com/translate_a/single?client=gtx&sl=auto&tl=es&dt=t&q=Generally+speaking%2C%0Atwo+behaviors+can+emerge+as+managers+begin+to+lead+their+former+peers. "HTTP/1.1 200 OK"
HTTP Request: GET https://translate.googleapis.com/translate_a/single?client=gtx&sl=auto&tl=es&dt=t&q=As+a+result%2C%0Athe+performers+smoke+cannabis+joints+on+stage%2C%0Aand+the+theatre+itself "HTTP/1.1 200 OK"
HTTP Request: GET https://translate.googleapis.com/translate_a/single?client=gtx&sl=auto&tl=es&dt=t&q=The+word+civilization+comes+from+the+Latin+civilis%2C%0Ameaning+civil%2C "HTTP/1.1 200 OK"
HTTP Request: GET https://translate.googleapis.com/translate_a/single?client=gtx&sl=auto&tl=es&dt=t&q=Virtual+Scaffolds+are+internalized+in+the+software "HTTP/1.1 200 OK"
HTTP Request: GET https://translate.googleapis.com/translate_a/single?client=gtx&sl=auto&tl=es&dt=t&q=But+there+are+a+lot+of+things+about+birds "HTTP/1.1 200 OK"
HTTP Request: GET https://translate.googleapis.com/translate_a/single?client=gtx&sl=auto&tl=es&dt=t&q=Scientists+hope+to+understand+how+planets+form%2C%0Aespecially+how+the+Earth+formed%2C%0Asince+comets+collided+with+the+Earth+long+ago. "HTTP/1.1 200 OK"
HTTP Request: GET https://translate.googleapis.com/translate_a/single?client=gtx&sl=auto&tl=es&dt=t&q=Similarly%2C "HTTP/1.1 200 OK"
HTTP Request: GET https://translate.googleapis.com/translate_a/single?client=gtx&sl=auto&tl=es&dt=t&q=The+word+civilization+comes+from+the+Latin+civilis%2C%0Ameaning+civil%2C%0Arelated+to+the+Latin+civis%2C "HTTP/1.1 200 OK"
HTTP Request: GET https://translate.googleapis.com/translate_a/single?client=gtx&sl=auto&tl=es&dt=t&q=As+a+result%2C%0Athe+performers+smoke+cannabis+joints+on+stage%2C%0Aand+the+theatre+itself%0Ais+encouraging+the+audience+to+join+in. "HTTP/1.1 200 OK"
HTTP Request: GET https://translate.googleapis.com/translate_a/single?client=gtx&sl=auto&tl=es&dt=t&q=Virtual+Scaffolds+are+internalized+in+the+software%0Aand+are+meant+to+question%2C "HTTP/1.1 200 OK"
HTTP Request: GET https://translate.googleapis.com/translate_a/single?client=gtx&sl=auto&tl=es&dt=t&q=Throughout+1960s%2C%0ABrzezinski+worked+for+John+F.+Kennedy%0Aas+his+advisor+and+then+the+Lyndon+B.+Johnson+administration. "HTTP/1.1 200 OK"
HTTP Request: GET https://translate.googleapis.com/translate_a/single?client=gtx&sl=auto&tl=es&dt=t&q=But+there+are+a+lot+of+things+about+birds%0Athat+still+look+like+a+dinosaur. "HTTP/1.1 200 OK"
HTTP Request: GET https://translate.googleapis.com/translate_a/single?client=gtx&sl=auto&tl=es&dt=t&q=A+search+of+the+Internet%0Afor%27+Hostile+environment+course%27%0Awill+probably+provide+the+address+of+a+local+company. "HTTP/1.1 200 OK"
HTTP Request: GET https://translate.googleapis.com/translate_a/single?client=gtx&sl=auto&tl=es&dt=t&q=The+central+authority+of+the+church "HTTP/1.1 200 OK"
HTTP Request: GET https://translate.googleapis.com/translate_a/single?client=gtx&sl=auto&tl=es&dt=t&q=Most+of+the+smaller+islands+are+independent+nations%2C "HTTP/1.1 200 OK"
HTTP Request: GET https://translate.googleapis.com/translate_a/single?client=gtx&sl=auto&tl=es&dt=t&q=The+word+civilization+comes+from+the+Latin+civilis%2C%0Ameaning+civil%2C%0Arelated+to+the+Latin+civis%2C%0Ameaning+citizen%2C "HTTP/1.1 200 OK"
HTTP Request: GET https://translate.googleapis.com/translate_a/single?client=gtx&sl=auto&tl=es&dt=t&q=Virtual+Scaffolds+are+internalized+in+the+software%0Aand+are+meant+to+question%2C%0Aprompt%2C "HTTP/1.1 200 OK"
HTTP Request: GET https://translate.googleapis.com/translate_a/single?client=gtx&sl=auto&tl=es&dt=t&q=As+a+result%2C%0Atwo+fish+species+have+become+extinct%2C "HTTP/1.1 200 OK"
HTTP Request: GET https://translate.googleapis.com/translate_a/single?client=gtx&sl=auto&tl=es&dt=t&q=Most+of+the+smaller+islands+are+independent+nations%2C%0Aor+associated+with+France%2C "HTTP/1.1 200 OK"
HTTP Request: GET https://translate.googleapis.com/translate_a/single?client=gtx&sl=auto&tl=es&dt=t&q=We+agree+with+the+USOC%27s "HTTP/1.1 200 OK"
HTTP Request: GET https://translate.googleapis.com/translate_a/single?client=gtx&sl=auto&tl=es&dt=t&q=Generally+speaking%2C%0Atwo+behaviors+can+emerge+as+managers+begin+to+lead+their+former+peers.%0AOne+end+of+the+spectrum "HTTP/1.1 200 OK"
HTTP Request: GET https://translate.googleapis.com/translate_a/single?client=gtx&sl=auto&tl=es&dt=t&q=Similarly%2C%0Aby+having+a+Schengen+visa%2C "HTTP/1.1 200 OK"
HTTP Request: GET https://translate.googleapis.com/translate_a/single?client=gtx&sl=auto&tl=es&dt=t&q=We+agree+with+the+USOC%27s%0Astatement "HTTP/1.1 200 OK"
HTTP Request: GET https://translate.googleapis.com/translate_a/single?client=gtx&sl=auto&tl=es&dt=t&q=Generally+speaking%2C%0Atwo+behaviors+can+emerge+as+managers+begin+to+lead+their+former+peers.%0AOne+end+of+the+spectrum%0Ais+trying+to+remain+%E2%80%9Cone+of+the+guys%E2%80%9D "HTTP/1.1 200 OK"
HTTP Request: GET https://translate.googleapis.com/translate_a/single?client=gtx&sl=auto&tl=es&dt=t&q=The+word+civilization+comes+from+the+Latin+civilis%2C%0Ameaning+civil%2C%0Arelated+to+the+Latin+civis%2C%0Ameaning+citizen%2C%0Aand+civitas%2C+meaning+city+or+city-state%2C "HTTP/1.1 200 OK"
HTTP Request: GET https://translate.googleapis.com/translate_a/single?client=gtx&sl=auto&tl=es&dt=t&q=Most+of+the+smaller+islands+are+independent+nations%2C%0Aor+associated+with+France%2C%0Aand+known+as+luxury+beach+resorts. "HTTP/1.1 200 OK"
HTTP Request: GET https://translate.googleapis.com/translate_a/single?client=gtx&sl=auto&tl=es&dt=t&q=As+a+result%2C%0Atwo+fish+species+have+become+extinct%2C%0Aand+two+others+have+become+endangered%2C+including+the+humpback+chub. "HTTP/1.1 200 OK"
HTTP Request: GET https://translate.googleapis.com/translate_a/single?client=gtx&sl=auto&tl=es&dt=t&q=The+central+authority+of+the+church%0Ahad+been+in+Rome "HTTP/1.1 200 OK"
HTTP Request: GET https://translate.googleapis.com/translate_a/single?client=gtx&sl=auto&tl=es&dt=t&q=We+agree+with+the+USOC%27s%0Astatement%0Athat+the+interests+of+our+athletes+and+clubs%2C "HTTP/1.1 200 OK"
HTTP Request: GET https://translate.googleapis.com/translate_a/single?client=gtx&sl=auto&tl=es&dt=t&q=Buses+depart+the+inter-district+bus+station "HTTP/1.1 200 OK"
HTTP Request: GET https://translate.googleapis.com/translate_a/single?client=gtx&sl=auto&tl=es&dt=t&q=Sleep+interruption+is+the+process+of+purposefully+awakening "HTTP/1.1 200 OK"
HTTP Request: GET https://translate.googleapis.com/translate_a/single?client=gtx&sl=auto&tl=es&dt=t&q=Similarly%2C%0Aby+having+a+Schengen+visa%2C%0Ayou+do+not+need+to+apply+for+visas+to+each+of+the+Schengen+member+countries "HTTP/1.1 200 OK"
HTTP Request: GET https://translate.googleapis.com/translate_a/single?client=gtx&sl=auto&tl=es&dt=t&q=The+word+civilization+comes+from+the+Latin+civilis%2C%0Ameaning+civil%2C%0Arelated+to+the+Latin+civis%2C%0Ameaning+citizen%2C%0Aand+civitas%2C+meaning+city+or+city-state%2C%0Aand+that+also+somehow+defines+the+size+of+the+society. "HTTP/1.1 200 OK"
HTTP Request: GET https://translate.googleapis.com/translate_a/single?client=gtx&sl=auto&tl=es&dt=t&q=Virtual+Scaffolds+are+internalized+in+the+software%0Aand+are+meant+to+question%2C%0Aprompt%2C%0Aand+explain+procedures "HTTP/1.1 200 OK"
HTTP Request: GET https://translate.googleapis.com/translate_a/single?client=gtx&sl=auto&tl=es&dt=t&q=The+central+authority+of+the+church%0Ahad+been+in+Rome%0Afor+over+a+thousand+years "HTTP/1.1 200 OK"
HTTP Request: GET https://translate.googleapis.com/translate_a/single?client=gtx&sl=auto&tl=es&dt=t&q=The+central+authority+of+the+church%0Ahad+been+in+Rome%0Afor+over+a+thousand+years%0Aand+this+concentration+of+power+and+money "HTTP/1.1 200 OK"
HTTP Request: GET https://translate.googleapis.com/translate_a/single?client=gtx&sl=auto&tl=es&dt=t&q=Also+to+the+north+visit+the+great+Sanctuary "HTTP/1.1 200 OK"
HTTP Request: GET https://translate.googleapis.com/translate_a/single?client=gtx&sl=auto&tl=es&dt=t&q=Sleep+interruption+is+the+process+of+purposefully+awakening%0Aduring+your+normal+sleep+period "HTTP/1.1 200 OK"
HTTP Request: GET https://translate.googleapis.com/translate_a/single?client=gtx&sl=auto&tl=es&dt=t&q=Generally+speaking%2C%0Atwo+behaviors+can+emerge+as+managers+begin+to+lead+their+former+peers.%0AOne+end+of+the+spectrum%0Ais+trying+to+remain+%E2%80%9Cone+of+the+guys%E2%80%9D%0A%28or+gals%29. "HTTP/1.1 200 OK"
HTTP Request: GET https://translate.googleapis.com/translate_a/single?client=gtx&sl=auto&tl=es&dt=t&q=We+agree+with+the+USOC%27s%0Astatement%0Athat+the+interests+of+our+athletes+and+clubs%2C%0Aand+their+sport%2C "HTTP/1.1 200 OK"
HTTP Request: GET https://translate.googleapis.com/translate_a/single?client=gtx&sl=auto&tl=es&dt=t&q=Similarly%2C%0Aby+having+a+Schengen+visa%2C%0Ayou+do+not+need+to+apply+for+visas+to+each+of+the+Schengen+member+countries%0Aseparately%2C "HTTP/1.1 200 OK"
HTTP Request: GET https://translate.googleapis.com/translate_a/single?client=gtx&sl=auto&tl=es&dt=t&q=Buses+depart+the+inter-district+bus+station%0A%28across+the+river%29 "HTTP/1.1 200 OK"
HTTP Request: GET https://translate.googleapis.com/translate_a/single?client=gtx&sl=auto&tl=es&dt=t&q=We+agree+with+the+USOC%27s%0Astatement%0Athat+the+interests+of+our+athletes+and+clubs%2C%0Aand+their+sport%2C%0Amay+be+better+served+by+moving+forward+with+meaningful+change+within+our+organization%2C "HTTP/1.1 200 OK"
HTTP Request: GET https://translate.googleapis.com/translate_a/single?client=gtx&sl=auto&tl=es&dt=t&q=The+central+authority+of+the+church%0Ahad+been+in+Rome%0Afor+over+a+thousand+years%0Aand+this+concentration+of+power+and+money%0Aled+many+to+question+whether+this+tenet+was+being+met. "HTTP/1.1 200 OK"
HTTP Request: GET https://translate.googleapis.com/translate_a/single?client=gtx&sl=auto&tl=es&dt=t&q=Also+to+the+north+visit+the+great+Sanctuary%0Aof+Our+Lady+of+Fatima "HTTP/1.1 200 OK"
HTTP Request: GET https://translate.googleapis.com/translate_a/single?client=gtx&sl=auto&tl=es&dt=t&q=Buses+depart+the+inter-district+bus+station%0A%28across+the+river%29%0Athroughout+the+day%2C "HTTP/1.1 200 OK"
HTTP Request: GET https://translate.googleapis.com/translate_a/single?client=gtx&sl=auto&tl=es&dt=t&q=Similarly%2C%0Aby+having+a+Schengen+visa%2C%0Ayou+do+not+need+to+apply+for+visas+to+each+of+the+Schengen+member+countries%0Aseparately%2C%0Ahence+saving+time%2C+money+and+paperwork. "HTTP/1.1 200 OK"
HTTP Request: GET https://translate.googleapis.com/translate_a/single?client=gtx&sl=auto&tl=es&dt=t&q=Virtual+Scaffolds+are+internalized+in+the+software%0Aand+are+meant+to+question%2C%0Aprompt%2C%0Aand+explain+procedures%0Athat+may+have+been+to+challenging+for+the+student+to+handle+alone. "HTTP/1.1 200 OK"
HTTP Request: GET https://translate.googleapis.com/translate_a/single?client=gtx&sl=auto&tl=es&dt=t&q=Alloys "HTTP/1.1 200 OK"
HTTP Request: GET https://translate.googleapis.com/translate_a/single?client=gtx&sl=auto&tl=es&dt=t&q=We+agree+with+the+USOC%27s%0Astatement%0Athat+the+interests+of+our+athletes+and+clubs%2C%0Aand+their+sport%2C%0Amay+be+better+served+by+moving+forward+with+meaningful+change+within+our+organization%2C%0Arather+than+decertification. "HTTP/1.1 200 OK"
HTTP Request: GET https://translate.googleapis.com/translate_a/single?client=gtx&sl=auto&tl=es&dt=t&q=Fire+rescue+crews "HTTP/1.1 200 OK"
HTTP Request: GET https://translate.googleapis.com/translate_a/single?client=gtx&sl=auto&tl=es&dt=t&q=Also+to+the+north+visit+the+great+Sanctuary%0Aof+Our+Lady+of+Fatima%0A%28Shrine%29%2C "HTTP/1.1 200 OK"
HTTP Request: GET https://translate.googleapis.com/translate_a/single?client=gtx&sl=auto&tl=es&dt=t&q=Buses+depart+the+inter-district+bus+station%0A%28across+the+river%29%0Athroughout+the+day%2C%0Athough+most%2C+especially+those+heading+to+the+east+and+Jakar%2FBumthang+leave+between+06%3A30+and+07%3A30. "HTTP/1.1 200 OK"
HTTP Request: GET https://translate.googleapis.com/translate_a/single?client=gtx&sl=auto&tl=es&dt=t&q=The+802.11n+standard "HTTP/1.1 200 OK"
HTTP Request: GET https://translate.googleapis.com/translate_a/single?client=gtx&sl=auto&tl=es&dt=t&q=We+make+our+houses "HTTP/1.1 200 OK"
HTTP Request: GET https://translate.googleapis.com/translate_a/single?client=gtx&sl=auto&tl=es&dt=t&q=Sleep+interruption+is+the+process+of+purposefully+awakening%0Aduring+your+normal+sleep+period%0Aand+falling+asleep "HTTP/1.1 200 OK"
HTTP Request: GET https://translate.googleapis.com/translate_a/single?client=gtx&sl=auto&tl=es&dt=t&q=Fire+rescue+crews%0Aeventually+doused+the+fire+by+11%3A35+pm. "HTTP/1.1 200 OK"
HTTP Request: GET https://translate.googleapis.com/translate_a/single?client=gtx&sl=auto&tl=es&dt=t&q=While+Goma+is+reasonably+safe%2C "HTTP/1.1 200 OK"
HTTP Request: GET https://translate.googleapis.com/translate_a/single?client=gtx&sl=auto&tl=es&dt=t&q=Also+to+the+north+visit+the+great+Sanctuary%0Aof+Our+Lady+of+Fatima%0A%28Shrine%29%2C%0Aa+place+of+worldwide+famous+Marian+apparitions. "HTTP/1.1 200 OK"
HTTP Request: GET https://translate.googleapis.com/translate_a/single?client=gtx&sl=auto&tl=es&dt=t&q=While+Goma+is+reasonably+safe%2C%0Aany+visits+outside+of+Goma "HTTP/1.1 200 OK"
HTTP Request: GET https://translate.googleapis.com/translate_a/single?client=gtx&sl=auto&tl=es&dt=t&q=Sleep+interruption+is+the+process+of+purposefully+awakening%0Aduring+your+normal+sleep+period%0Aand+falling+asleep%0Aa+short+time+later+%2810%E2%80%9360+minutes%29. "HTTP/1.1 200 OK"
HTTP Request: GET https://translate.googleapis.com/translate_a/single?client=gtx&sl=auto&tl=es&dt=t&q=Giancarlo+Fisichella "HTTP/1.1 200 OK"
HTTP Request: GET https://translate.googleapis.com/translate_a/single?client=gtx&sl=auto&tl=es&dt=t&q=Ancient+China "HTTP/1.1 200 OK"
HTTP Request: GET https://translate.googleapis.com/translate_a/single?client=gtx&sl=auto&tl=es&dt=t&q=At+the+other+end "HTTP/1.1 200 OK"
HTTP Request: GET https://translate.googleapis.com/translate_a/single?client=gtx&sl=auto&tl=es&dt=t&q=Alloys%0Aare+basically+a+mixture "HTTP/1.1 200 OK"
HTTP Request: GET https://translate.googleapis.com/translate_a/single?client=gtx&sl=auto&tl=es&dt=t&q=We+make+our+houses%0Afrom+plants+and+make+clothes+from+plants.+Most+foods+that+we+eat "HTTP/1.1 200 OK"
HTTP Request: GET https://translate.googleapis.com/translate_a/single?client=gtx&sl=auto&tl=es&dt=t&q=The+802.11n+standard%0Aoperates+on+both+the+2.4Ghz+and+5.0Ghz+frequencies. "HTTP/1.1 200 OK"
HTTP Request: GET https://translate.googleapis.com/translate_a/single?client=gtx&sl=auto&tl=es&dt=t&q=As+a+result%2C%0Athe+process "HTTP/1.1 200 OK"
HTTP Request: GET https://translate.googleapis.com/translate_a/single?client=gtx&sl=auto&tl=es&dt=t&q=The+Northern+Marianas+emergency+management+office "HTTP/1.1 200 OK"
HTTP Request: GET https://translate.googleapis.com/translate_a/single?client=gtx&sl=auto&tl=es&dt=t&q=While+Goma+is+reasonably+safe%2C%0Aany+visits+outside+of+Goma%0Ashould+be+researched "HTTP/1.1 200 OK"
HTTP Request: GET https://translate.googleapis.com/translate_a/single?client=gtx&sl=auto&tl=es&dt=t&q=Ancient+China%0Ahad+a+unique+way "HTTP/1.1 200 OK"
HTTP Request: GET https://translate.googleapis.com/translate_a/single?client=gtx&sl=auto&tl=es&dt=t&q=As+a+result%2C%0Athe+process%0Aof+an+organization+working+together+to+overcome+an+obstacle "HTTP/1.1 200 OK"
HTTP Request: GET https://translate.googleapis.com/translate_a/single?client=gtx&sl=auto&tl=es&dt=t&q=Ancient+China%0Ahad+a+unique+way%0Aof+showing+different+time+periods%3B "HTTP/1.1 200 OK"
HTTP Request: GET https://translate.googleapis.com/translate_a/single?client=gtx&sl=auto&tl=es&dt=t&q=The+Northern+Marianas+emergency+management+office%0Asaid+that+there+were+no+damages+reported "HTTP/1.1 200 OK"
HTTP Request: GET https://translate.googleapis.com/translate_a/single?client=gtx&sl=auto&tl=es&dt=t&q=Ancient+China%0Ahad+a+unique+way%0Aof+showing+different+time+periods%3B%0Aeach+stage+of+China+or+each+family+that+was+in+power+was+a+distinctive+dynasty. "HTTP/1.1 200 OK"
HTTP Request: GET https://translate.googleapis.com/translate_a/single?client=gtx&sl=auto&tl=es&dt=t&q=We+make+our+houses%0Afrom+plants+and+make+clothes+from+plants.+Most+foods+that+we+eat%0Aare+plants.+Without+plants%2C "HTTP/1.1 200 OK"
HTTP Request: GET https://translate.googleapis.com/translate_a/single?client=gtx&sl=auto&tl=es&dt=t&q=Giancarlo+Fisichella%0Alost+control+of+his+car "HTTP/1.1 200 OK"
HTTP Request: GET https://translate.googleapis.com/translate_a/single?client=gtx&sl=auto&tl=es&dt=t&q=Alloys%0Aare+basically+a+mixture%0Aof+two+or+more+metals.+Don%27t+forget+that+there+are+many+elements "HTTP/1.1 200 OK"
HTTP Request: GET https://translate.googleapis.com/translate_a/single?client=gtx&sl=auto&tl=es&dt=t&q=At+the+other+end%0Aof+the+spectrum%2C "HTTP/1.1 200 OK"
HTTP Request: GET https://translate.googleapis.com/translate_a/single?client=gtx&sl=auto&tl=es&dt=t&q=At+the+other+end%0Aof+the+spectrum%2C%0Aone "HTTP/1.1 200 OK"
HTTP Request: GET https://translate.googleapis.com/translate_a/single?client=gtx&sl=auto&tl=es&dt=t&q=We+make+our+houses%0Afrom+plants+and+make+clothes+from+plants.+Most+foods+that+we+eat%0Aare+plants.+Without+plants%2C%0Aanimals+could+not+survive. "HTTP/1.1 200 OK"
HTTP Request: GET https://translate.googleapis.com/translate_a/single?client=gtx&sl=auto&tl=es&dt=t&q=Ancient+cultures+and+tribes+began+to+keep+them+for+easy+access+to+milk%2C "HTTP/1.1 200 OK"
HTTP Request: GET https://translate.googleapis.com/translate_a/single?client=gtx&sl=auto&tl=es&dt=t&q=While+Goma+is+reasonably+safe%2C%0Aany+visits+outside+of+Goma%0Ashould+be+researched%0Ato+understand+the+state+of+the+fighting+that+persists+in+the+North+Kivu+province. "HTTP/1.1 200 OK"
HTTP Request: GET https://translate.googleapis.com/translate_a/single?client=gtx&sl=auto&tl=es&dt=t&q=As+a+result%2C%0Athe+process%0Aof+an+organization+working+together+to+overcome+an+obstacle%0Acan+lead+to+a+new+innovative+process+to+serve+the+customer%27s+need. "HTTP/1.1 200 OK"
HTTP Request: GET https://translate.googleapis.com/translate_a/single?client=gtx&sl=auto&tl=es&dt=t&q=At+the+other+end%0Aof+the+spectrum%2C%0Aone%0Amorphs+into+an+unrecognizable+individual "HTTP/1.1 200 OK"
HTTP Request: GET https://translate.googleapis.com/translate_a/single?client=gtx&sl=auto&tl=es&dt=t&q=Giancarlo+Fisichella%0Alost+control+of+his+car%0Aand+ended+the+race+very+soon+after+the+start. "HTTP/1.1 200 OK"
HTTP Request: GET https://translate.googleapis.com/translate_a/single?client=gtx&sl=auto&tl=es&dt=t&q=The+Northern+Marianas+emergency+management+office%0Asaid+that+there+were+no+damages+reported%0Ain+the+nation. "HTTP/1.1 200 OK"
HTTP Request: GET https://translate.googleapis.com/translate_a/single?client=gtx&sl=auto&tl=es&dt=t&q=Alloys%0Aare+basically+a+mixture%0Aof+two+or+more+metals.+Don%27t+forget+that+there+are+many+elements%0Aon+the+periodic+table. "HTTP/1.1 200 OK"
HTTP Request: GET https://translate.googleapis.com/translate_a/single?client=gtx&sl=auto&tl=es&dt=t&q=The+same+month+saw+another+airliner+overrun+a+runway+at+Mashhad "HTTP/1.1 200 OK"
HTTP Request: GET https://translate.googleapis.com/translate_a/single?client=gtx&sl=auto&tl=es&dt=t&q=The+U.S.+Corps+of+Engineers "HTTP/1.1 200 OK"
HTTP Request: GET https://translate.googleapis.com/translate_a/single?client=gtx&sl=auto&tl=es&dt=t&q=The+U.S.+Corps+of+Engineers%0Aestimated+that+6+inches+of+rainfall "HTTP/1.1 200 OK"
HTTP Request: GET https://translate.googleapis.com/translate_a/single?client=gtx&sl=auto&tl=es&dt=t&q=The+Giza+Plateau%2C "HTTP/1.1 200 OK"
HTTP Request: GET https://translate.googleapis.com/translate_a/single?client=gtx&sl=auto&tl=es&dt=t&q=Cuomo%2C+53%2C "HTTP/1.1 200 OK"
HTTP Request: GET https://translate.googleapis.com/translate_a/single?client=gtx&sl=auto&tl=es&dt=t&q=The+same+month+saw+another+airliner+overrun+a+runway+at+Mashhad%0Aand+strike+a+wall%2C "HTTP/1.1 200 OK"
HTTP Request: GET https://translate.googleapis.com/translate_a/single?client=gtx&sl=auto&tl=es&dt=t&q=Researchers+from+Princeton+University+in+the+United+States "HTTP/1.1 200 OK"
HTTP Request: GET https://translate.googleapis.com/translate_a/single?client=gtx&sl=auto&tl=es&dt=t&q=At+the+other+end%0Aof+the+spectrum%2C%0Aone%0Amorphs+into+an+unrecognizable+individual%0Athat+feels+he+or+she+must+change+everything+the+team+has+been+doing+and+make+it+their+own. "HTTP/1.1 200 OK"
HTTP Request: GET https://translate.googleapis.com/translate_a/single?client=gtx&sl=auto&tl=es&dt=t&q=The+governor%27s+office "HTTP/1.1 200 OK"
HTTP Request: GET https://translate.googleapis.com/translate_a/single?client=gtx&sl=auto&tl=es&dt=t&q=Ancient+cultures+and+tribes+began+to+keep+them+for+easy+access+to+milk%2C%0Ahair%2C "HTTP/1.1 200 OK"
HTTP Request: GET https://translate.googleapis.com/translate_a/single?client=gtx&sl=auto&tl=es&dt=t&q=The+U.S.+Corps+of+Engineers%0Aestimated+that+6+inches+of+rainfall%0Acould+breach+the+previously+damaged+levees. "HTTP/1.1 200 OK"
HTTP Request: GET https://translate.googleapis.com/translate_a/single?client=gtx&sl=auto&tl=es&dt=t&q=The+harbor+was+the+site+of+an+infamous+naval+standoff+in+1889 "HTTP/1.1 200 OK"
HTTP Request: GET https://translate.googleapis.com/translate_a/single?client=gtx&sl=auto&tl=es&dt=t&q=Researchers+from+Princeton+University+in+the+United+States%0Aand+Uppsala+University+in+Sweden "HTTP/1.1 200 OK"
HTTP Request: GET https://translate.googleapis.com/translate_a/single?client=gtx&sl=auto&tl=es&dt=t&q=The+same+month+saw+another+airliner+overrun+a+runway+at+Mashhad%0Aand+strike+a+wall%2C%0Akilling+seventeen. "HTTP/1.1 200 OK"
HTTP Request: GET https://translate.googleapis.com/translate_a/single?client=gtx&sl=auto&tl=es&dt=t&q=In+1990%2C "HTTP/1.1 200 OK"
HTTP Request: GET https://translate.googleapis.com/translate_a/single?client=gtx&sl=auto&tl=es&dt=t&q=Ancient+cultures+and+tribes+began+to+keep+them+for+easy+access+to+milk%2C%0Ahair%2C%0Ameat%2C+and+skins. "HTTP/1.1 200 OK"
HTTP Request: GET https://translate.googleapis.com/translate_a/single?client=gtx&sl=auto&tl=es&dt=t&q=The+Giza+Plateau%2C%0Aor+%22Giza+Necropolis%22+in+the+Egyptian+Valley+of+the+Dead "HTTP/1.1 200 OK"
HTTP Request: GET https://translate.googleapis.com/translate_a/single?client=gtx&sl=auto&tl=es&dt=t&q=The+governor%27s+office%0Asaid+nineteen+of+the+injured+were+police+officers. "HTTP/1.1 200 OK"
HTTP Request: GET https://translate.googleapis.com/translate_a/single?client=gtx&sl=auto&tl=es&dt=t&q=The+city "HTTP/1.1 200 OK"
HTTP Request: GET https://translate.googleapis.com/translate_a/single?client=gtx&sl=auto&tl=es&dt=t&q=Cuomo%2C+53%2C%0Abegan+his+governorship "HTTP/1.1 200 OK"
HTTP Request: GET https://translate.googleapis.com/translate_a/single?client=gtx&sl=auto&tl=es&dt=t&q=Oliver+Sacks%2C "HTTP/1.1 200 OK"
HTTP Request: GET https://translate.googleapis.com/translate_a/single?client=gtx&sl=auto&tl=es&dt=t&q=The+harbor+was+the+site+of+an+infamous+naval+standoff+in+1889%0Awhen+seven+ships+from+Germany%2C "HTTP/1.1 200 OK"
HTTP Request: GET https://translate.googleapis.com/translate_a/single?client=gtx&sl=auto&tl=es&dt=t&q=In+1990%2C%0Ait+was+added+to+the+list+of+world+heritage+sites "HTTP/1.1 200 OK"
HTTP Request: GET https://translate.googleapis.com/translate_a/single?client=gtx&sl=auto&tl=es&dt=t&q=The+term+bug+is+used+by+entomologists "HTTP/1.1 200 OK"
HTTP Request: GET https://translate.googleapis.com/translate_a/single?client=gtx&sl=auto&tl=es&dt=t&q=Researchers+from+Princeton+University+in+the+United+States%0Aand+Uppsala+University+in+Sweden%0Areported+the+new+species+evolved+in+just+two+generations%2C "HTTP/1.1 200 OK"
HTTP Request: GET https://translate.googleapis.com/translate_a/single?client=gtx&sl=auto&tl=es&dt=t&q=The+Giza+Plateau%2C%0Aor+%22Giza+Necropolis%22+in+the+Egyptian+Valley+of+the+Dead%0Acontains+several+pyramids+%28of+which+the+great+pyramid+is+the+largest%29%2C "HTTP/1.1 200 OK"
HTTP Request: GET https://translate.googleapis.com/translate_a/single?client=gtx&sl=auto&tl=es&dt=t&q=Cuomo%2C+53%2C%0Abegan+his+governorship%0Aearlier+this+year+and+signed+a+bill+last+month+legalizing+same-sex+marriage. "HTTP/1.1 200 OK"
HTTP Request: GET https://translate.googleapis.com/translate_a/single?client=gtx&sl=auto&tl=es&dt=t&q=Ironing+damp+clothes+can+help+them+dry. "HTTP/1.1 200 OK"
HTTP Request: GET https://translate.googleapis.com/translate_a/single?client=gtx&sl=auto&tl=es&dt=t&q=Ironing+damp+clothes+can+help+them+dry.%0AMany+hotels+have+an+iron+and+ironing+board "HTTP/1.1 200 OK"
HTTP Request: GET https://translate.googleapis.com/translate_a/single?client=gtx&sl=auto&tl=es&dt=t&q=The+term+bug+is+used+by+entomologists%0Ain+a+formal+sense "HTTP/1.1 200 OK"
HTTP Request: GET https://translate.googleapis.com/translate_a/single?client=gtx&sl=auto&tl=es&dt=t&q=The+city%0Ais+also+the+base "HTTP/1.1 200 OK"
HTTP Request: GET https://translate.googleapis.com/translate_a/single?client=gtx&sl=auto&tl=es&dt=t&q=In+1990%2C%0Ait+was+added+to+the+list+of+world+heritage+sites%0Ain+danger%2C "HTTP/1.1 200 OK"
HTTP Request: GET https://translate.googleapis.com/translate_a/single?client=gtx&sl=auto&tl=es&dt=t&q=Researchers+from+Princeton+University+in+the+United+States%0Aand+Uppsala+University+in+Sweden%0Areported+the+new+species+evolved+in+just+two+generations%2C%0Athough+this+process+had+been+believed+to+take+much+longer%2C "HTTP/1.1 200 OK"
HTTP Request: GET https://translate.googleapis.com/translate_a/single?client=gtx&sl=auto&tl=es&dt=t&q=The+Giza+Plateau%2C%0Aor+%22Giza+Necropolis%22+in+the+Egyptian+Valley+of+the+Dead%0Acontains+several+pyramids+%28of+which+the+great+pyramid+is+the+largest%29%2C%0Aseveral+small+tombs%2C "HTTP/1.1 200 OK"
HTTP Request: GET https://translate.googleapis.com/translate_a/single?client=gtx&sl=auto&tl=es&dt=t&q=The+harbor+was+the+site+of+an+infamous+naval+standoff+in+1889%0Awhen+seven+ships+from+Germany%2C%0Athe+US%2C+and+Britain "HTTP/1.1 200 OK"
HTTP Request: GET https://translate.googleapis.com/translate_a/single?client=gtx&sl=auto&tl=es&dt=t&q=Oliver+Sacks%2C%0Ain+his+paper "HTTP/1.1 200 OK"
HTTP Request: GET https://translate.googleapis.com/translate_a/single?client=gtx&sl=auto&tl=es&dt=t&q=The+city%0Ais+also+the+base%0Ato+climb+the+Nyiragongo+volcano "HTTP/1.1 200 OK"
HTTP Request: GET https://translate.googleapis.com/translate_a/single?client=gtx&sl=auto&tl=es&dt=t&q=The+term+bug+is+used+by+entomologists%0Ain+a+formal+sense%0Afor+this+group+of+insects. "HTTP/1.1 200 OK"
HTTP Request: GET https://translate.googleapis.com/translate_a/single?client=gtx&sl=auto&tl=es&dt=t&q=In+1990%2C%0Ait+was+added+to+the+list+of+world+heritage+sites%0Ain+danger%2C%0Adue+to+the+threat+of+desert+sands. "HTTP/1.1 200 OK"
HTTP Request: GET https://translate.googleapis.com/translate_a/single?client=gtx&sl=auto&tl=es&dt=t&q=While+he+was+working+at+the+hospital "HTTP/1.1 200 OK"
HTTP Request: GET https://translate.googleapis.com/translate_a/single?client=gtx&sl=auto&tl=es&dt=t&q=Researchers+from+Princeton+University+in+the+United+States%0Aand+Uppsala+University+in+Sweden%0Areported+the+new+species+evolved+in+just+two+generations%2C%0Athough+this+process+had+been+believed+to+take+much+longer%2C%0Adue+to+breeding+between+an+endemic+Darwin+finch%2C "HTTP/1.1 200 OK"
HTTP Request: GET https://translate.googleapis.com/translate_a/single?client=gtx&sl=auto&tl=es&dt=t&q=The+harbor+was+the+site+of+an+infamous+naval+standoff+in+1889%0Awhen+seven+ships+from+Germany%2C%0Athe+US%2C+and+Britain%0Arefused+to+leave+the+harbor. "HTTP/1.1 200 OK"
HTTP Request: GET https://translate.googleapis.com/translate_a/single?client=gtx&sl=auto&tl=es&dt=t&q=The+city%0Ais+also+the+base%0Ato+climb+the+Nyiragongo+volcano%0Aalong+with+some+of+the+cheapest+Mountain+Gorilla+tracking+in+Africa. "HTTP/1.1 200 OK"
HTTP Request: GET https://translate.googleapis.com/translate_a/single?client=gtx&sl=auto&tl=es&dt=t&q=The+Giza+Plateau%2C%0Aor+%22Giza+Necropolis%22+in+the+Egyptian+Valley+of+the+Dead%0Acontains+several+pyramids+%28of+which+the+great+pyramid+is+the+largest%29%2C%0Aseveral+small+tombs%2C%0Aseveral+temples%2C "HTTP/1.1 200 OK"
HTTP Request: GET https://translate.googleapis.com/translate_a/single?client=gtx&sl=auto&tl=es&dt=t&q=Researchers+from+Princeton+University+in+the+United+States%0Aand+Uppsala+University+in+Sweden%0Areported+the+new+species+evolved+in+just+two+generations%2C%0Athough+this+process+had+been+believed+to+take+much+longer%2C%0Adue+to+breeding+between+an+endemic+Darwin+finch%2C%0AGeospiza+fortes%2C "HTTP/1.1 200 OK"
HTTP Request: GET https://translate.googleapis.com/translate_a/single?client=gtx&sl=auto&tl=es&dt=t&q=Ironing+damp+clothes+can+help+them+dry.%0AMany+hotels+have+an+iron+and+ironing+board%0Aavailable+for+loan%2C "HTTP/1.1 200 OK"
HTTP Request: GET https://translate.googleapis.com/translate_a/single?client=gtx&sl=auto&tl=es&dt=t&q=The+official+Falklands+currency "HTTP/1.1 200 OK"
HTTP Request: GET https://translate.googleapis.com/translate_a/single?client=gtx&sl=auto&tl=es&dt=t&q=Hong+Kong+Island "HTTP/1.1 200 OK"
HTTP Request: GET https://translate.googleapis.com/translate_a/single?client=gtx&sl=auto&tl=es&dt=t&q=While+he+was+working+at+the+hospital%0ALiggins+began+to+investigate+premature+labor "HTTP/1.1 200 OK"
HTTP Request: GET https://translate.googleapis.com/translate_a/single?client=gtx&sl=auto&tl=es&dt=t&q=Oliver+Sacks%2C%0Ain+his+paper%0AThe+President%27s+Speech%2C "HTTP/1.1 200 OK"
HTTP Request: GET https://translate.googleapis.com/translate_a/single?client=gtx&sl=auto&tl=es&dt=t&q=Oliver+Sacks%2C%0Ain+his+paper%0AThe+President%27s+Speech%2C%0Aindicated+how+people+who+are+unable+to+understand+speech+because+of+brain+damage "HTTP/1.1 200 OK"
HTTP Request: GET https://translate.googleapis.com/translate_a/single?client=gtx&sl=auto&tl=es&dt=t&q=Ironing+damp+clothes+can+help+them+dry.%0AMany+hotels+have+an+iron+and+ironing+board%0Aavailable+for+loan%2C%0Aeven+if+one+is+not+present+in+the+room. "HTTP/1.1 200 OK"
HTTP Request: GET https://translate.googleapis.com/translate_a/single?client=gtx&sl=auto&tl=es&dt=t&q=Researchers+from+Princeton+University+in+the+United+States%0Aand+Uppsala+University+in+Sweden%0Areported+the+new+species+evolved+in+just+two+generations%2C%0Athough+this+process+had+been+believed+to+take+much+longer%2C%0Adue+to+breeding+between+an+endemic+Darwin+finch%2C%0AGeospiza+fortes%2C%0Aand+the+immigrant+cactus+finch%2C "HTTP/1.1 200 OK"
HTTP Request: GET https://translate.googleapis.com/translate_a/single?client=gtx&sl=auto&tl=es&dt=t&q=Hong+Kong+Island%0Agives+the+territory+of+Hong+Kong "HTTP/1.1 200 OK"
HTTP Request: GET https://translate.googleapis.com/translate_a/single?client=gtx&sl=auto&tl=es&dt=t&q=The+Giza+Plateau%2C%0Aor+%22Giza+Necropolis%22+in+the+Egyptian+Valley+of+the+Dead%0Acontains+several+pyramids+%28of+which+the+great+pyramid+is+the+largest%29%2C%0Aseveral+small+tombs%2C%0Aseveral+temples%2C%0Aand+the+great+Sphinx. "HTTP/1.1 200 OK"
HTTP Request: GET https://translate.googleapis.com/translate_a/single?client=gtx&sl=auto&tl=es&dt=t&q=Parisians+have+a+reputation+for+being+egocentric%2C "HTTP/1.1 200 OK"
HTTP Request: GET https://translate.googleapis.com/translate_a/single?client=gtx&sl=auto&tl=es&dt=t&q=While+he+was+working+at+the+hospital%0ALiggins+began+to+investigate+premature+labor%0Aduring+his+spare+time. "HTTP/1.1 200 OK"
HTTP Request: GET https://translate.googleapis.com/translate_a/single?client=gtx&sl=auto&tl=es&dt=t&q=The+official+Falklands+currency%0Ais+the+Falkland+pound "HTTP/1.1 200 OK"
HTTP Request: GET https://translate.googleapis.com/translate_a/single?client=gtx&sl=auto&tl=es&dt=t&q=Hong+Kong+Island%0Agives+the+territory+of+Hong+Kong%0Aits+name "HTTP/1.1 200 OK"
HTTP Request: GET https://translate.googleapis.com/translate_a/single?client=gtx&sl=auto&tl=es&dt=t&q=Other+subjects+on+the+agenda "HTTP/1.1 200 OK"
HTTP Request: GET https://translate.googleapis.com/translate_a/single?client=gtx&sl=auto&tl=es&dt=t&q=Hong+Kong+Island%0Agives+the+territory+of+Hong+Kong%0Aits+name%0Aand+is+the+place+that+many+tourists+regard+as+the+main+focus. "HTTP/1.1 200 OK"
HTTP Request: GET https://translate.googleapis.com/translate_a/single?client=gtx&sl=auto&tl=es&dt=t&q=Oliver+Sacks%2C%0Ain+his+paper%0AThe+President%27s+Speech%2C%0Aindicated+how+people+who+are+unable+to+understand+speech+because+of+brain+damage%0Aare+nevertheless+able+to+assess+sincerity+accurately. "HTTP/1.1 200 OK"
HTTP Request: GET https://translate.googleapis.com/translate_a/single?client=gtx&sl=auto&tl=es&dt=t&q=In+just+two+weeks "HTTP/1.1 200 OK"
HTTP Request: GET https://translate.googleapis.com/translate_a/single?client=gtx&sl=auto&tl=es&dt=t&q=The+official+Falklands+currency%0Ais+the+Falkland+pound%0A%28FKP%29 "HTTP/1.1 200 OK"
HTTP Request: GET https://translate.googleapis.com/translate_a/single?client=gtx&sl=auto&tl=es&dt=t&q=Lakkha+Singh+presented+the+chhappan+bhog+bhajan+as+well. "HTTP/1.1 200 OK"
HTTP Request: GET https://translate.googleapis.com/translate_a/single?client=gtx&sl=auto&tl=es&dt=t&q=Parisians+have+a+reputation+for+being+egocentric%2C%0Arude+and+arrogant. "HTTP/1.1 200 OK"
HTTP Request: GET https://translate.googleapis.com/translate_a/single?client=gtx&sl=auto&tl=es&dt=t&q=The+Schengen+zone%2C "HTTP/1.1 200 OK"
HTTP Request: GET https://translate.googleapis.com/translate_a/single?client=gtx&sl=auto&tl=es&dt=t&q=Researchers+from+Princeton+University+in+the+United+States%0Aand+Uppsala+University+in+Sweden%0Areported+the+new+species+evolved+in+just+two+generations%2C%0Athough+this+process+had+been+believed+to+take+much+longer%2C%0Adue+to+breeding+between+an+endemic+Darwin+finch%2C%0AGeospiza+fortes%2C%0Aand+the+immigrant+cactus+finch%2C%0AGeospiza+conirostris. "HTTP/1.1 200 OK"
HTTP Request: GET https://translate.googleapis.com/translate_a/single?client=gtx&sl=auto&tl=es&dt=t&q=Lakkha+Singh+presented+the+chhappan+bhog+bhajan+as+well.%0ASinger%2C+Raju+Khandelwal+was+accompanying+him. "HTTP/1.1 200 OK"
HTTP Request: GET https://translate.googleapis.com/translate_a/single?client=gtx&sl=auto&tl=es&dt=t&q=You+can+use+boda-boda+%28motorcycle+taxi%29 "HTTP/1.1 200 OK"
HTTP Request: GET https://translate.googleapis.com/translate_a/single?client=gtx&sl=auto&tl=es&dt=t&q=According+to+Japan%27s+nuclear+agency%2C "HTTP/1.1 200 OK"
HTTP Request: GET https://translate.googleapis.com/translate_a/single?client=gtx&sl=auto&tl=es&dt=t&q=The+Schengen+zone%2C%0Ahowever%2C+works+somewhat+like+one+country+in+this+respect. "HTTP/1.1 200 OK"
HTTP Request: GET https://translate.googleapis.com/translate_a/single?client=gtx&sl=auto&tl=es&dt=t&q=In+just+two+weeks%0Athe+Americans+and+Free+French+forces+had+liberated+southern+France "HTTP/1.1 200 OK"
HTTP Request: GET https://translate.googleapis.com/translate_a/single?client=gtx&sl=auto&tl=es&dt=t&q=All+nouns%2C "HTTP/1.1 200 OK"
HTTP Request: GET https://translate.googleapis.com/translate_a/single?client=gtx&sl=auto&tl=es&dt=t&q=Other+subjects+on+the+agenda%0Ain+Bali "HTTP/1.1 200 OK"
HTTP Request: GET https://translate.googleapis.com/translate_a/single?client=gtx&sl=auto&tl=es&dt=t&q=The+official+Falklands+currency%0Ais+the+Falkland+pound%0A%28FKP%29%0Awhose+value+is+set+equivalent+to+that+of+one+British+pound+%28GBP%29. "HTTP/1.1 200 OK"
HTTP Request: GET https://translate.googleapis.com/translate_a/single?client=gtx&sl=auto&tl=es&dt=t&q=We+don%27t+know+for+sure%2C "HTTP/1.1 200 OK"
HTTP Request: GET https://translate.googleapis.com/translate_a/single?client=gtx&sl=auto&tl=es&dt=t&q=Needless+to+say%2C "HTTP/1.1 200 OK"
HTTP Request: GET https://translate.googleapis.com/translate_a/single?client=gtx&sl=auto&tl=es&dt=t&q=All+nouns%2C%0Aalongside+the+word+Sie+for+you%2C "HTTP/1.1 200 OK"
HTTP Request: GET https://translate.googleapis.com/translate_a/single?client=gtx&sl=auto&tl=es&dt=t&q=Other+subjects+on+the+agenda%0Ain+Bali%0Ainclude+saving+the+world%27s+remaining+forests%2C "HTTP/1.1 200 OK"
HTTP Request: GET https://translate.googleapis.com/translate_a/single?client=gtx&sl=auto&tl=es&dt=t&q=In+just+two+weeks%0Athe+Americans+and+Free+French+forces+had+liberated+southern+France%0Aand+were+turning+towards+Germany. "HTTP/1.1 200 OK"
HTTP Request: GET https://translate.googleapis.com/translate_a/single?client=gtx&sl=auto&tl=es&dt=t&q=We+don%27t+know+for+sure%2C%0Abut+it+may+have+had+a+forked+tongue. "HTTP/1.1 200 OK"
HTTP Request: GET https://translate.googleapis.com/translate_a/single?client=gtx&sl=auto&tl=es&dt=t&q=Needless+to+say%2C%0Aif+you+know+a+Romance+language%2C "HTTP/1.1 200 OK"
HTTP Request: GET https://translate.googleapis.com/translate_a/single?client=gtx&sl=auto&tl=es&dt=t&q=We+don%27t+know+for+sure%2C%0Abut+it+may+have+had+a+forked+tongue.%0AIts+diet+included+turtles%2C "HTTP/1.1 200 OK"
HTTP Request: GET https://translate.googleapis.com/translate_a/single?client=gtx&sl=auto&tl=es&dt=t&q=All+nouns%2C%0Aalongside+the+word+Sie+for+you%2C%0Aalways+begin+with+a+capital+letter%2C "HTTP/1.1 200 OK"
HTTP Request: GET https://translate.googleapis.com/translate_a/single?client=gtx&sl=auto&tl=es&dt=t&q=They+have+feet+with+scales+and+claws%2C "HTTP/1.1 200 OK"
HTTP Request: GET https://translate.googleapis.com/translate_a/single?client=gtx&sl=auto&tl=es&dt=t&q=You+can+use+boda-boda+%28motorcycle+taxi%29%0Ato+get+around+Goma. "HTTP/1.1 200 OK"
HTTP Request: GET https://translate.googleapis.com/translate_a/single?client=gtx&sl=auto&tl=es&dt=t&q=Large+areas+further+north+are+quite+sparsely+populated "HTTP/1.1 200 OK"
HTTP Request: GET https://translate.googleapis.com/translate_a/single?client=gtx&sl=auto&tl=es&dt=t&q=Other+subjects+on+the+agenda%0Ain+Bali%0Ainclude+saving+the+world%27s+remaining+forests%2C%0Aand+sharing+technologies+to+help+developing+nations+grow+in+less-polluting+ways. "HTTP/1.1 200 OK"
HTTP Request: GET https://translate.googleapis.com/translate_a/single?client=gtx&sl=auto&tl=es&dt=t&q=According+to+Japan%27s+nuclear+agency%2C%0Aradioactive+caesium+and+iodine+has+been+identified+at+the+plant. "HTTP/1.1 200 OK"
HTTP Request: GET https://translate.googleapis.com/translate_a/single?client=gtx&sl=auto&tl=es&dt=t&q=Needless+to+say%2C%0Aif+you+know+a+Romance+language%2C%0Ait+will+be+easier+for+you+to+learn+Portuguese. "HTTP/1.1 200 OK"
HTTP Request: GET https://translate.googleapis.com/translate_a/single?client=gtx&sl=auto&tl=es&dt=t&q=We+don%27t+know+for+sure%2C%0Abut+it+may+have+had+a+forked+tongue.%0AIts+diet+included+turtles%2C%0Alarge+fish%2C+other+mosasaurs%2C "HTTP/1.1 200 OK"
HTTP Request: GET https://translate.googleapis.com/translate_a/single?client=gtx&sl=auto&tl=es&dt=t&q=All+nouns%2C%0Aalongside+the+word+Sie+for+you%2C%0Aalways+begin+with+a+capital+letter%2C%0Aeven+in+the+middle+of+a+sentence. "HTTP/1.1 200 OK"
HTTP Request: GET https://translate.googleapis.com/translate_a/single?client=gtx&sl=auto&tl=es&dt=t&q=The+two+compounds+react+with+one+another+to+form+crystals "HTTP/1.1 200 OK"
HTTP Request: GET https://translate.googleapis.com/translate_a/single?client=gtx&sl=auto&tl=es&dt=t&q=These+couples+may+choose+to+make+an+adoption+plan "HTTP/1.1 200 OK"
HTTP Request: GET https://translate.googleapis.com/translate_a/single?client=gtx&sl=auto&tl=es&dt=t&q=Large+areas+further+north+are+quite+sparsely+populated%0Aand+some+is+nearly+uninhabited+wilderness. "HTTP/1.1 200 OK"
HTTP Request: GET https://translate.googleapis.com/translate_a/single?client=gtx&sl=auto&tl=es&dt=t&q=The+two+compounds+react+with+one+another+to+form+crystals%0Athat+may+block+kidney+function%2C "HTTP/1.1 200 OK"
HTTP Request: GET https://translate.googleapis.com/translate_a/single?client=gtx&sl=auto&tl=es&dt=t&q=They+have+feet+with+scales+and+claws%2C%0Athey+lay+eggs%2C "HTTP/1.1 200 OK"
HTTP Request: GET https://translate.googleapis.com/translate_a/single?client=gtx&sl=auto&tl=es&dt=t&q=You+can+use+boda-boda+%28motorcycle+taxi%29%0Ato+get+around+Goma.%0AThe+normal+%28local%29 "HTTP/1.1 200 OK"
HTTP Request: GET https://translate.googleapis.com/translate_a/single?client=gtx&sl=auto&tl=es&dt=t&q=We+don%27t+know+for+sure%2C%0Abut+it+may+have+had+a+forked+tongue.%0AIts+diet+included+turtles%2C%0Alarge+fish%2C+other+mosasaurs%2C%0Aand+it+may+even+have+been+a+cannibal. "HTTP/1.1 200 OK"
HTTP Request: GET https://translate.googleapis.com/translate_a/single?client=gtx&sl=auto&tl=es&dt=t&q=The+two+compounds+react+with+one+another+to+form+crystals%0Athat+may+block+kidney+function%2C%0Aresearchers+at+the+university+said. "HTTP/1.1 200 OK"
HTTP Request: GET https://translate.googleapis.com/translate_a/single?client=gtx&sl=auto&tl=es&dt=t&q=A+curry+is+a+dish "HTTP/1.1 200 OK"
HTTP Request: GET https://translate.googleapis.com/translate_a/single?client=gtx&sl=auto&tl=es&dt=t&q=These+couples+may+choose+to+make+an+adoption+plan%0Afor+their+baby. "HTTP/1.1 200 OK"
HTTP Request: GET https://translate.googleapis.com/translate_a/single?client=gtx&sl=auto&tl=es&dt=t&q=Aerosmith+have+cancelled+their+remaining+concerts "HTTP/1.1 200 OK"
HTTP Request: GET https://translate.googleapis.com/translate_a/single?client=gtx&sl=auto&tl=es&dt=t&q=Lion+prides+act+much+like+packs+of+wolves+or+dogs%2C "HTTP/1.1 200 OK"
HTTP Request: GET https://translate.googleapis.com/translate_a/single?client=gtx&sl=auto&tl=es&dt=t&q=Goats+seem+to+have+been+first+domesticated+roughly+10%2C000+years "HTTP/1.1 200 OK"
HTTP Request: GET https://translate.googleapis.com/translate_a/single?client=gtx&sl=auto&tl=es&dt=t&q=You+can+use+boda-boda+%28motorcycle+taxi%29%0Ato+get+around+Goma.%0AThe+normal+%28local%29%0Aprice+is+~500+Congolese+Francs+for+the+short+ride. "HTTP/1.1 200 OK"
HTTP Request: GET https://translate.googleapis.com/translate_a/single?client=gtx&sl=auto&tl=es&dt=t&q=They+have+feet+with+scales+and+claws%2C%0Athey+lay+eggs%2C%0Aand+they+walk+on+their+two+back+legs+like+a "HTTP/1.1 200 OK"
HTTP Request: GET https://translate.googleapis.com/translate_a/single?client=gtx&sl=auto&tl=es&dt=t&q=Aerosmith+have+cancelled+their+remaining+concerts%0Aon+their+tour. "HTTP/1.1 200 OK"
HTTP Request: GET https://translate.googleapis.com/translate_a/single?client=gtx&sl=auto&tl=es&dt=t&q=They+have+feet+with+scales+and+claws%2C%0Athey+lay+eggs%2C%0Aand+they+walk+on+their+two+back+legs+like+a%0AT-Rex. "HTTP/1.1 200 OK"
HTTP Request: GET https://translate.googleapis.com/translate_a/single?client=gtx&sl=auto&tl=es&dt=t&q=During+the+1920s%2C "HTTP/1.1 200 OK"
HTTP Request: GET https://translate.googleapis.com/translate_a/single?client=gtx&sl=auto&tl=es&dt=t&q=In+fact%2C "HTTP/1.1 200 OK"
HTTP Request: GET https://translate.googleapis.com/translate_a/single?client=gtx&sl=auto&tl=es&dt=t&q=Goats+seem+to+have+been+first+domesticated+roughly+10%2C000+years%0Aago+in+the+Zagros+Mountains "HTTP/1.1 200 OK"
HTTP Request: GET https://translate.googleapis.com/translate_a/single?client=gtx&sl=auto&tl=es&dt=t&q=Scotturb+Bus+403+travels+regularly+to+Sintra%2C "HTTP/1.1 200 OK"
HTTP Request: GET https://translate.googleapis.com/translate_a/single?client=gtx&sl=auto&tl=es&dt=t&q=Prior+to+the+arrival+of+troops%2C "HTTP/1.1 200 OK"
HTTP Request: GET https://translate.googleapis.com/translate_a/single?client=gtx&sl=auto&tl=es&dt=t&q=A+curry+is+a+dish%0Abased+on+herbs+and+spices%2C "HTTP/1.1 200 OK"
HTTP Request: GET https://translate.googleapis.com/translate_a/single?client=gtx&sl=auto&tl=es&dt=t&q=Lion+prides+act+much+like+packs+of+wolves+or+dogs%2C%0Aanimals+surprisingly+similar+to+lions+%28but+not+other+big+cats%29 "HTTP/1.1 200 OK"
HTTP Request: GET https://translate.googleapis.com/translate_a/single?client=gtx&sl=auto&tl=es&dt=t&q=Beyond+Wednesday%27s+event%2C "HTTP/1.1 200 OK"
HTTP Request: GET https://translate.googleapis.com/translate_a/single?client=gtx&sl=auto&tl=es&dt=t&q=Prior+to+the+arrival+of+troops%2C%0AHaiti+had+not+encountered+problems "HTTP/1.1 200 OK"
HTTP Request: GET https://translate.googleapis.com/translate_a/single?client=gtx&sl=auto&tl=es&dt=t&q=Scotturb+Bus+403+travels+regularly+to+Sintra%2C%0Astopping+at+Cabo+da+Roca. "HTTP/1.1 200 OK"
HTTP Request: GET https://translate.googleapis.com/translate_a/single?client=gtx&sl=auto&tl=es&dt=t&q=A+curry+is+a+dish%0Abased+on+herbs+and+spices%2C%0Atogether+with+either+meat+or+vegetables. "HTTP/1.1 200 OK"
HTTP Request: GET https://translate.googleapis.com/translate_a/single?client=gtx&sl=auto&tl=es&dt=t&q=Lion+prides+act+much+like+packs+of+wolves+or+dogs%2C%0Aanimals+surprisingly+similar+to+lions+%28but+not+other+big+cats%29%0Ain+behavior%2C "HTTP/1.1 200 OK"
HTTP Request: GET https://translate.googleapis.com/translate_a/single?client=gtx&sl=auto&tl=es&dt=t&q=Goats+seem+to+have+been+first+domesticated+roughly+10%2C000+years%0Aago+in+the+Zagros+Mountains%0Aof+Iran. "HTTP/1.1 200 OK"
HTTP Request: GET https://translate.googleapis.com/translate_a/single?client=gtx&sl=auto&tl=es&dt=t&q=During+the+1920s%2C%0Athe+prevailing+attitudes+of+most+citizens+and+nations "HTTP/1.1 200 OK"
HTTP Request: GET https://translate.googleapis.com/translate_a/single?client=gtx&sl=auto&tl=es&dt=t&q=Beyond+Wednesday%27s+event%2C%0ACarpanedo+competed+in+two+individual+races+at+the+Championships. "HTTP/1.1 200 OK"
HTTP Request: GET https://translate.googleapis.com/translate_a/single?client=gtx&sl=auto&tl=es&dt=t&q=Cocham%C3%B3+Valley+-+Chile%27s+premier+climbing+destination%2C "HTTP/1.1 200 OK"
HTTP Request: GET https://translate.googleapis.com/translate_a/single?client=gtx&sl=auto&tl=es&dt=t&q=In+fact%2C%0Ait+is+not+easy+to+find+at+all+even+if+one+knew+it+existed. "HTTP/1.1 200 OK"
HTTP Request: GET https://translate.googleapis.com/translate_a/single?client=gtx&sl=auto&tl=es&dt=t&q=Prior+to+the+arrival+of+troops%2C%0AHaiti+had+not+encountered+problems%0Arelated+to+the+disease+since+the+1800s. "HTTP/1.1 200 OK"
HTTP Request: GET https://translate.googleapis.com/translate_a/single?client=gtx&sl=auto&tl=es&dt=t&q=Resting+on+the+top+of+one+of+the+mountains "HTTP/1.1 200 OK"
HTTP Request: GET https://translate.googleapis.com/translate_a/single?client=gtx&sl=auto&tl=es&dt=t&q=Four+skiers+in+the+women%27s+sitting+group "HTTP/1.1 200 OK"
HTTP Request: GET https://translate.googleapis.com/translate_a/single?client=gtx&sl=auto&tl=es&dt=t&q=Lion+prides+act+much+like+packs+of+wolves+or+dogs%2C%0Aanimals+surprisingly+similar+to+lions+%28but+not+other+big+cats%29%0Ain+behavior%2C%0Aand+also+very+deadly+to+their "HTTP/1.1 200 OK"
HTTP Request: GET https://translate.googleapis.com/translate_a/single?client=gtx&sl=auto&tl=es&dt=t&q=In+fact%2C%0Ait+is+not+easy+to+find+at+all+even+if+one+knew+it+existed.%0AOnce+inside+the+cave%2C "HTTP/1.1 200 OK"
HTTP Request: GET https://translate.googleapis.com/translate_a/single?client=gtx&sl=auto&tl=es&dt=t&q=During+the+1920s%2C%0Athe+prevailing+attitudes+of+most+citizens+and+nations%0Awas+that+of+pacifism+and+isolation. "HTTP/1.1 200 OK"
HTTP Request: GET https://translate.googleapis.com/translate_a/single?client=gtx&sl=auto&tl=es&dt=t&q=He+added+that+%22they+should+not%2C "HTTP/1.1 200 OK"
HTTP Request: GET https://translate.googleapis.com/translate_a/single?client=gtx&sl=auto&tl=es&dt=t&q=He+added+that+%22they+should+not%2C%0Ahowever%2C "HTTP/1.1 200 OK"
HTTP Request: GET https://translate.googleapis.com/translate_a/single?client=gtx&sl=auto&tl=es&dt=t&q=Lion+prides+act+much+like+packs+of+wolves+or+dogs%2C%0Aanimals+surprisingly+similar+to+lions+%28but+not+other+big+cats%29%0Ain+behavior%2C%0Aand+also+very+deadly+to+their%0Aprey. "HTTP/1.1 200 OK"
HTTP Request: GET https://translate.googleapis.com/translate_a/single?client=gtx&sl=auto&tl=es&dt=t&q=Cocham%C3%B3+Valley+-+Chile%27s+premier+climbing+destination%2C%0Aknown+as+the+Yosemite+of+South+America%2C "HTTP/1.1 200 OK"
HTTP Request: GET https://translate.googleapis.com/translate_a/single?client=gtx&sl=auto&tl=es&dt=t&q=Television+reports "HTTP/1.1 200 OK"
HTTP Request: GET https://translate.googleapis.com/translate_a/single?client=gtx&sl=auto&tl=es&dt=t&q=Four+skiers+in+the+women%27s+sitting+group%0Afailed+to+finish+their+runs%2C "HTTP/1.1 200 OK"
HTTP Request: GET https://translate.googleapis.com/translate_a/single?client=gtx&sl=auto&tl=es&dt=t&q=He+added+that+%22they+should+not%2C%0Ahowever%2C%0Abe+asked+to+take+on+obligations+that+go+beyond+their+development+stage%2C "HTTP/1.1 200 OK"
HTTP Request: GET https://translate.googleapis.com/translate_a/single?client=gtx&sl=auto&tl=es&dt=t&q=The+cabbage+juice+changes+color+depending+on+how+acidic+or+basic+%28alkaline%29 "HTTP/1.1 200 OK"
HTTP Request: GET https://translate.googleapis.com/translate_a/single?client=gtx&sl=auto&tl=es&dt=t&q=Television+reports%0Ashow+white+smoke+coming+from+the+plant. "HTTP/1.1 200 OK"
HTTP Request: GET https://translate.googleapis.com/translate_a/single?client=gtx&sl=auto&tl=es&dt=t&q=Cocham%C3%B3+Valley+-+Chile%27s+premier+climbing+destination%2C%0Aknown+as+the+Yosemite+of+South+America%2C%0Awith+a+variety+of+granite+big+walls "HTTP/1.1 200 OK"
HTTP Request: GET https://translate.googleapis.com/translate_a/single?client=gtx&sl=auto&tl=es&dt=t&q=Four+skiers+in+the+women%27s+sitting+group%0Afailed+to+finish+their+runs%2C%0Aand+45+of+the+117+total+skiers "HTTP/1.1 200 OK"
HTTP Request: GET https://translate.googleapis.com/translate_a/single?client=gtx&sl=auto&tl=es&dt=t&q=He+added+that+%22they+should+not%2C%0Ahowever%2C%0Abe+asked+to+take+on+obligations+that+go+beyond+their+development+stage%2C%0Aresponsibility+and+capabilities.%22 "HTTP/1.1 200 OK"
HTTP Request: GET https://translate.googleapis.com/translate_a/single?client=gtx&sl=auto&tl=es&dt=t&q=Resting+on+the+top+of+one+of+the+mountains%0Anorth+of+Mecca%2C "HTTP/1.1 200 OK"
HTTP Request: GET https://translate.googleapis.com/translate_a/single?client=gtx&sl=auto&tl=es&dt=t&q=The+cabbage+juice+changes+color+depending+on+how+acidic+or+basic+%28alkaline%29%0Athe+chemical+is. "HTTP/1.1 200 OK"
HTTP Request: GET https://translate.googleapis.com/translate_a/single?client=gtx&sl=auto&tl=es&dt=t&q=In+fact%2C%0Ait+is+not+easy+to+find+at+all+even+if+one+knew+it+existed.%0AOnce+inside+the+cave%2C%0Ait+is+a+total+isolation. "HTTP/1.1 200 OK"
HTTP Request: GET https://translate.googleapis.com/translate_a/single?client=gtx&sl=auto&tl=es&dt=t&q=Women%3A "HTTP/1.1 200 OK"
HTTP Request: GET https://translate.googleapis.com/translate_a/single?client=gtx&sl=auto&tl=es&dt=t&q=Along+the+same+line%2C "HTTP/1.1 200 OK"
HTTP Request: GET https://translate.googleapis.com/translate_a/single?client=gtx&sl=auto&tl=es&dt=t&q=Four+skiers+in+the+women%27s+sitting+group%0Afailed+to+finish+their+runs%2C%0Aand+45+of+the+117+total+skiers%0Ain+the+Giant+Slalom "HTTP/1.1 200 OK"
HTTP Request: GET https://translate.googleapis.com/translate_a/single?client=gtx&sl=auto&tl=es&dt=t&q=Cocham%C3%B3+Valley+-+Chile%27s+premier+climbing+destination%2C%0Aknown+as+the+Yosemite+of+South+America%2C%0Awith+a+variety+of+granite+big+walls%0Aand+crags. "HTTP/1.1 200 OK"
HTTP Request: GET https://translate.googleapis.com/translate_a/single?client=gtx&sl=auto&tl=es&dt=t&q=The+job "HTTP/1.1 200 OK"
HTTP Request: GET https://translate.googleapis.com/translate_a/single?client=gtx&sl=auto&tl=es&dt=t&q=Finally%2C "HTTP/1.1 200 OK"
HTTP Request: GET https://translate.googleapis.com/translate_a/single?client=gtx&sl=auto&tl=es&dt=t&q=Barcelona%27s+official+languages "HTTP/1.1 200 OK"
HTTP Request: GET https://translate.googleapis.com/translate_a/single?client=gtx&sl=auto&tl=es&dt=t&q=Professor+Pamela+Ferguson "HTTP/1.1 200 OK"
HTTP Request: GET https://translate.googleapis.com/translate_a/single?client=gtx&sl=auto&tl=es&dt=t&q=Along+the+same+line%2C%0Amen+are+required+to+wear+trousers+covering+the+knees. "HTTP/1.1 200 OK"
HTTP Request: GET https://translate.googleapis.com/translate_a/single?client=gtx&sl=auto&tl=es&dt=t&q=Barcelona%27s+official+languages%0Aare+Catalan+and+Spanish. "HTTP/1.1 200 OK"
HTTP Request: GET https://translate.googleapis.com/translate_a/single?client=gtx&sl=auto&tl=es&dt=t&q=The+job%0Aof+navies "HTTP/1.1 200 OK"
HTTP Request: GET https://translate.googleapis.com/translate_a/single?client=gtx&sl=auto&tl=es&dt=t&q=Resting+on+the+top+of+one+of+the+mountains%0Anorth+of+Mecca%2C%0Athe+cave "HTTP/1.1 200 OK"
HTTP Request: GET https://translate.googleapis.com/translate_a/single?client=gtx&sl=auto&tl=es&dt=t&q=Four+skiers+in+the+women%27s+sitting+group%0Afailed+to+finish+their+runs%2C%0Aand+45+of+the+117+total+skiers%0Ain+the+Giant+Slalom%0Afailed+to+rank+in+the+race. "HTTP/1.1 200 OK"
HTTP Request: GET https://translate.googleapis.com/translate_a/single?client=gtx&sl=auto&tl=es&dt=t&q=Professor+Pamela+Ferguson%0Aof+the+University+of+Dundee "HTTP/1.1 200 OK"
HTTP Request: GET https://translate.googleapis.com/translate_a/single?client=gtx&sl=auto&tl=es&dt=t&q=Women%3A%0AIt+is+recommended+that+any+women+travellers+say+that+they+are+married%2C "HTTP/1.1 200 OK"
HTTP Request: GET https://translate.googleapis.com/translate_a/single?client=gtx&sl=auto&tl=es&dt=t&q=Professor+Pamela+Ferguson%0Aof+the+University+of+Dundee%0Anotes+%22journalists "HTTP/1.1 200 OK"
HTTP Request: GET https://translate.googleapis.com/translate_a/single?client=gtx&sl=auto&tl=es&dt=t&q=Barcelona%27s+official+languages%0Aare+Catalan+and+Spanish.%0AAbout+a+half+prefer+to+speak+Catalan%2C "HTTP/1.1 200 OK"
HTTP Request: GET https://translate.googleapis.com/translate_a/single?client=gtx&sl=auto&tl=es&dt=t&q=Women%3A%0AIt+is+recommended+that+any+women+travellers+say+that+they+are+married%2C%0Aregardless+of+actual+marital+status. "HTTP/1.1 200 OK"
HTTP Request: GET https://translate.googleapis.com/translate_a/single?client=gtx&sl=auto&tl=es&dt=t&q=If+you+have+watched+the+movie "HTTP/1.1 200 OK"
HTTP Request: GET https://translate.googleapis.com/translate_a/single?client=gtx&sl=auto&tl=es&dt=t&q=Vatican+City%27s+population "HTTP/1.1 200 OK"
HTTP Request: GET https://translate.googleapis.com/translate_a/single?client=gtx&sl=auto&tl=es&dt=t&q=Finally%2C%0Athere+are+many+small+cats+%28including+loose+pet+cats%29 "HTTP/1.1 200 OK"
HTTP Request: GET https://translate.googleapis.com/translate_a/single?client=gtx&sl=auto&tl=es&dt=t&q=In+the+north "HTTP/1.1 200 OK"
HTTP Request: GET https://translate.googleapis.com/translate_a/single?client=gtx&sl=auto&tl=es&dt=t&q=Professor+Pamela+Ferguson%0Aof+the+University+of+Dundee%0Anotes+%22journalists%0Ado+seem+to+be+walking+a+dangerous+line+if+publishing+photos+etc+of+suspects.%22 "HTTP/1.1 200 OK"
HTTP Request: GET https://translate.googleapis.com/translate_a/single?client=gtx&sl=auto&tl=es&dt=t&q=Barcelona%27s+official+languages%0Aare+Catalan+and+Spanish.%0AAbout+a+half+prefer+to+speak+Catalan%2C%0Aa+vast+majority+understands+it%2C+and+virtually+everyone+knows+Spanish. "HTTP/1.1 200 OK"
HTTP Request: GET https://translate.googleapis.com/translate_a/single?client=gtx&sl=auto&tl=es&dt=t&q=In+the+north%0Athe+region+is+bounded+by+the+Sahel%2C "HTTP/1.1 200 OK"
HTTP Request: GET https://translate.googleapis.com/translate_a/single?client=gtx&sl=auto&tl=es&dt=t&q=Resting+on+the+top+of+one+of+the+mountains%0Anorth+of+Mecca%2C%0Athe+cave%0Ais+completely+isolated+from+the+rest+of+the+world. "HTTP/1.1 200 OK"
HTTP Request: GET https://translate.googleapis.com/translate_a/single?client=gtx&sl=auto&tl=es&dt=t&q=The+job%0Aof+navies%0Ahas+traditionally+been+to+ensure+that+your+country+maintains+the+ability+to+move+your+people+and+goods%2C "HTTP/1.1 200 OK"
HTTP Request: GET https://translate.googleapis.com/translate_a/single?client=gtx&sl=auto&tl=es&dt=t&q=If+you+have+watched+the+movie%0ANational+Treasure%2C "HTTP/1.1 200 OK"
HTTP Request: GET https://translate.googleapis.com/translate_a/single?client=gtx&sl=auto&tl=es&dt=t&q=Finally%2C%0Athere+are+many+small+cats+%28including+loose+pet+cats%29%0Athat+eat+the+far+more+numerous+small+prey+like+insects%2C "HTTP/1.1 200 OK"
HTTP Request: GET https://translate.googleapis.com/translate_a/single?client=gtx&sl=auto&tl=es&dt=t&q=Vatican+City%27s+population%0Ais+around+800. "HTTP/1.1 200 OK"
HTTP Request: GET https://translate.googleapis.com/translate_a/single?client=gtx&sl=auto&tl=es&dt=t&q=The+composition+of+these+crystals "HTTP/1.1 200 OK"
HTTP Request: GET https://translate.googleapis.com/translate_a/single?client=gtx&sl=auto&tl=es&dt=t&q=The+aspect+ratio+of+this+format "HTTP/1.1 200 OK"
HTTP Request: GET https://translate.googleapis.com/translate_a/single?client=gtx&sl=auto&tl=es&dt=t&q=Scaffolding+is+not+a+method+of+learning "HTTP/1.1 200 OK"
HTTP Request: GET https://translate.googleapis.com/translate_a/single?client=gtx&sl=auto&tl=es&dt=t&q=In+the+north%0Athe+region+is+bounded+by+the+Sahel%2C%0Aand+in+the+south+and+west+by+the+Atlantic+Ocean. "HTTP/1.1 200 OK"
HTTP Request: GET https://translate.googleapis.com/translate_a/single?client=gtx&sl=auto&tl=es&dt=t&q=Vatican+City%27s+population%0Ais+around+800.%0AIt+is+the+smallest+independent+country "HTTP/1.1 200 OK"
HTTP Request: GET https://translate.googleapis.com/translate_a/single?client=gtx&sl=auto&tl=es&dt=t&q=If+you+have+watched+the+movie%0ANational+Treasure%2C%0Ayou+may+think+a+treasure+map "HTTP/1.1 200 OK"
HTTP Request: GET https://translate.googleapis.com/translate_a/single?client=gtx&sl=auto&tl=es&dt=t&q=Finally%2C%0Athere+are+many+small+cats+%28including+loose+pet+cats%29%0Athat+eat+the+far+more+numerous+small+prey+like+insects%2C%0Arodents%2C+lizards%2C+and+birds. "HTTP/1.1 200 OK"
HTTP Request: GET https://translate.googleapis.com/translate_a/single?client=gtx&sl=auto&tl=es&dt=t&q=Scaffolding+is+not+a+method+of+learning%0Abut+rather+an+aid+that+provides+support "HTTP/1.1 200 OK"
HTTP Request: GET https://translate.googleapis.com/translate_a/single?client=gtx&sl=auto&tl=es&dt=t&q=Apia+is+the+capital+of+Samoa. "HTTP/1.1 200 OK"
HTTP Request: GET https://translate.googleapis.com/translate_a/single?client=gtx&sl=auto&tl=es&dt=t&q=The+composition+of+these+crystals%0Amatches+those+found+in+the+urine+of+affected+pets+when+compared+by+infrared+spectroscopy "HTTP/1.1 200 OK"
HTTP Request: GET https://translate.googleapis.com/translate_a/single?client=gtx&sl=auto&tl=es&dt=t&q=It+is+one+of+the+main+attractions+of+South+Africa "HTTP/1.1 200 OK"
HTTP Request: GET https://translate.googleapis.com/translate_a/single?client=gtx&sl=auto&tl=es&dt=t&q=The+aspect+ratio+of+this+format%0A%28dividing+by+twelve+to+obtain+the+simplest+whole-number+ratio%29 "HTTP/1.1 200 OK"
HTTP Request: GET https://translate.googleapis.com/translate_a/single?client=gtx&sl=auto&tl=es&dt=t&q=Scaffolding+is+not+a+method+of+learning%0Abut+rather+an+aid+that+provides+support%0Ato+individuals "HTTP/1.1 200 OK"
HTTP Request: GET https://translate.googleapis.com/translate_a/single?client=gtx&sl=auto&tl=es&dt=t&q=The+job%0Aof+navies%0Ahas+traditionally+been+to+ensure+that+your+country+maintains+the+ability+to+move+your+people+and+goods%2C%0Awhile+at+the+same+time%2C "HTTP/1.1 200 OK"
HTTP Request: GET https://translate.googleapis.com/translate_a/single?client=gtx&sl=auto&tl=es&dt=t&q=If+you+have+watched+the+movie%0ANational+Treasure%2C%0Ayou+may+think+a+treasure+map%0Awas+written+on+the+back+of+the+Declaration+of+Independence. "HTTP/1.1 200 OK"
HTTP Request: GET https://translate.googleapis.com/translate_a/single?client=gtx&sl=auto&tl=es&dt=t&q=Apia+is+the+capital+of+Samoa.%0AThe+town+is+on+the+island+of+Upolu "HTTP/1.1 200 OK"
HTTP Request: GET https://translate.googleapis.com/translate_a/single?client=gtx&sl=auto&tl=es&dt=t&q=Vatican+City%27s+population%0Ais+around+800.%0AIt+is+the+smallest+independent+country%0Ain+the+world+and+the+country+with+the+lowest+population. "HTTP/1.1 200 OK"
HTTP Request: GET https://translate.googleapis.com/translate_a/single?client=gtx&sl=auto&tl=es&dt=t&q=The+job%0Aof+navies%0Ahas+traditionally+been+to+ensure+that+your+country+maintains+the+ability+to+move+your+people+and+goods%2C%0Awhile+at+the+same+time%2C%0Ainterfering+with+your+enemy%27s+ability "HTTP/1.1 200 OK"
HTTP Request: GET https://translate.googleapis.com/translate_a/single?client=gtx&sl=auto&tl=es&dt=t&q=Scaffolding+is+not+a+method+of+learning%0Abut+rather+an+aid+that+provides+support%0Ato+individuals%0Awhom+are+undergoing+a+new+learning+experience "HTTP/1.1 200 OK"
HTTP Request: GET https://translate.googleapis.com/translate_a/single?client=gtx&sl=auto&tl=es&dt=t&q=The+composition+of+these+crystals%0Amatches+those+found+in+the+urine+of+affected+pets+when+compared+by+infrared+spectroscopy%0A%28FTIR%29. "HTTP/1.1 200 OK"
HTTP Request: GET https://translate.googleapis.com/translate_a/single?client=gtx&sl=auto&tl=es&dt=t&q=The+aspect+ratio+of+this+format%0A%28dividing+by+twelve+to+obtain+the+simplest+whole-number+ratio%29%0Ais+therefore "HTTP/1.1 200 OK"
HTTP Request: GET https://translate.googleapis.com/translate_a/single?client=gtx&sl=auto&tl=es&dt=t&q=It+is+one+of+the+main+attractions+of+South+Africa%0Aand+it+is+considered "HTTP/1.1 200 OK"
HTTP Request: GET https://translate.googleapis.com/translate_a/single?client=gtx&sl=auto&tl=es&dt=t&q=The+job%0Aof+navies%0Ahas+traditionally+been+to+ensure+that+your+country+maintains+the+ability+to+move+your+people+and+goods%2C%0Awhile+at+the+same+time%2C%0Ainterfering+with+your+enemy%27s+ability%0Ato+move+his+people+and+goods. "HTTP/1.1 200 OK"
HTTP Request: GET https://translate.googleapis.com/translate_a/single?client=gtx&sl=auto&tl=es&dt=t&q=The+pyramid+sound+and+light+show "HTTP/1.1 200 OK"
HTTP Request: GET https://translate.googleapis.com/translate_a/single?client=gtx&sl=auto&tl=es&dt=t&q=Apia+is+the+capital+of+Samoa.%0AThe+town+is+on+the+island+of+Upolu%0Aand+has+a+population "HTTP/1.1 200 OK"
HTTP Request: GET https://translate.googleapis.com/translate_a/single?client=gtx&sl=auto&tl=es&dt=t&q=It+is+one+of+the+main+attractions+of+South+Africa%0Aand+it+is+considered%0Athe "HTTP/1.1 200 OK"
HTTP Request: GET https://translate.googleapis.com/translate_a/single?client=gtx&sl=auto&tl=es&dt=t&q=It+is+related+to+but+usually+not+involving+alpine+style+ski+touring "HTTP/1.1 200 OK"
HTTP Request: GET https://translate.googleapis.com/translate_a/single?client=gtx&sl=auto&tl=es&dt=t&q=His+work+is+of+such+recognized+quality "HTTP/1.1 200 OK"
HTTP Request: GET https://translate.googleapis.com/translate_a/single?client=gtx&sl=auto&tl=es&dt=t&q=The+pyramid+sound+and+light+show%0Ais+one+of+the+most+interesting+things "HTTP/1.1 200 OK"
HTTP Request: GET https://translate.googleapis.com/translate_a/single?client=gtx&sl=auto&tl=es&dt=t&q=Scaffolding+is+not+a+method+of+learning%0Abut+rather+an+aid+that+provides+support%0Ato+individuals%0Awhom+are+undergoing+a+new+learning+experience%0Asuch+as+using+a+new+computer+program "HTTP/1.1 200 OK"
HTTP Request: GET https://translate.googleapis.com/translate_a/single?client=gtx&sl=auto&tl=es&dt=t&q=Regular+announcements+in+the+Metro "HTTP/1.1 200 OK"
HTTP Request: GET https://translate.googleapis.com/translate_a/single?client=gtx&sl=auto&tl=es&dt=t&q=The+aspect+ratio+of+this+format%0A%28dividing+by+twelve+to+obtain+the+simplest+whole-number+ratio%29%0Ais+therefore%0Asaid+to+be+3%3A2. "HTTP/1.1 200 OK"
HTTP Request: GET https://translate.googleapis.com/translate_a/single?client=gtx&sl=auto&tl=es&dt=t&q=Apia+is+the+capital+of+Samoa.%0AThe+town+is+on+the+island+of+Upolu%0Aand+has+a+population%0Aof+just+under+40%2C000. "HTTP/1.1 200 OK"
HTTP Request: GET https://translate.googleapis.com/translate_a/single?client=gtx&sl=auto&tl=es&dt=t&q=The+pyramid+sound+and+light+show%0Ais+one+of+the+most+interesting+things%0Ain+the+area+for+kids. "HTTP/1.1 200 OK"
HTTP Request: GET https://translate.googleapis.com/translate_a/single?client=gtx&sl=auto&tl=es&dt=t&q=It+is+related+to+but+usually+not+involving+alpine+style+ski+touring%0Aor+mountaineering%2C "HTTP/1.1 200 OK"
HTTP Request: GET https://translate.googleapis.com/translate_a/single?client=gtx&sl=auto&tl=es&dt=t&q=It+is+one+of+the+main+attractions+of+South+Africa%0Aand+it+is+considered%0Athe%0Aflagship+of+South+African+National+Parks+%28SANParks%29. "HTTP/1.1 200 OK"
HTTP Request: GET https://translate.googleapis.com/translate_a/single?client=gtx&sl=auto&tl=es&dt=t&q=Scaffolding+is+not+a+method+of+learning%0Abut+rather+an+aid+that+provides+support%0Ato+individuals%0Awhom+are+undergoing+a+new+learning+experience%0Asuch+as+using+a+new+computer+program%0Aor+beginning+a+new+project. "HTTP/1.1 200 OK"
HTTP Request: GET https://translate.googleapis.com/translate_a/single?client=gtx&sl=auto&tl=es&dt=t&q=Regular+announcements+in+the+Metro%0Aare+made+only+in+Catalan%2C "HTTP/1.1 200 OK"
HTTP Request: GET https://translate.googleapis.com/translate_a/single?client=gtx&sl=auto&tl=es&dt=t&q=It+is+related+to+but+usually+not+involving+alpine+style+ski+touring%0Aor+mountaineering%2C%0Athe+latter+ones+done+in+steep+terrain "HTTP/1.1 200 OK"
HTTP Request: GET https://translate.googleapis.com/translate_a/single?client=gtx&sl=auto&tl=es&dt=t&q=People+have+known+about+basic+chemical+elements "HTTP/1.1 200 OK"
HTTP Request: GET https://translate.googleapis.com/translate_a/single?client=gtx&sl=auto&tl=es&dt=t&q=Six+hostages%2C+including+the+children+and+elderly%2C "HTTP/1.1 200 OK"
HTTP Request: GET https://translate.googleapis.com/translate_a/single?client=gtx&sl=auto&tl=es&dt=t&q=Due+to+the+underwater+topology "HTTP/1.1 200 OK"
HTTP Request: GET https://translate.googleapis.com/translate_a/single?client=gtx&sl=auto&tl=es&dt=t&q=It+is+related+to+but+usually+not+involving+alpine+style+ski+touring%0Aor+mountaineering%2C%0Athe+latter+ones+done+in+steep+terrain%0Aand+requiring+much+stiffer+skis "HTTP/1.1 200 OK"
HTTP Request: GET https://translate.googleapis.com/translate_a/single?client=gtx&sl=auto&tl=es&dt=t&q=Several+large+television+screens "HTTP/1.1 200 OK"
HTTP Request: GET https://translate.googleapis.com/translate_a/single?client=gtx&sl=auto&tl=es&dt=t&q=His+work+is+of+such+recognized+quality%0Aand+detail "HTTP/1.1 200 OK"
HTTP Request: GET https://translate.googleapis.com/translate_a/single?client=gtx&sl=auto&tl=es&dt=t&q=People+have+known+about+basic+chemical+elements%0Asuch+as+gold%2C "HTTP/1.1 200 OK"
HTTP Request: GET https://translate.googleapis.com/translate_a/single?client=gtx&sl=auto&tl=es&dt=t&q=Plants+look+their+best "HTTP/1.1 200 OK"
HTTP Request: GET https://translate.googleapis.com/translate_a/single?client=gtx&sl=auto&tl=es&dt=t&q=Regular+announcements+in+the+Metro%0Aare+made+only+in+Catalan%2C%0Abut+unplanned+disruptions+are+announced+by+an+automated+system "HTTP/1.1 200 OK"
HTTP Request: GET https://translate.googleapis.com/translate_a/single?client=gtx&sl=auto&tl=es&dt=t&q=Six+hostages%2C+including+the+children+and+elderly%2C%0Awere+released+early%2C+as+were+the+Filipino+photographers. "HTTP/1.1 200 OK"
HTTP Request: GET https://translate.googleapis.com/translate_a/single?client=gtx&sl=auto&tl=es&dt=t&q=Regular+announcements+in+the+Metro%0Aare+made+only+in+Catalan%2C%0Abut+unplanned+disruptions+are+announced+by+an+automated+system%0Ain+a+wide+variety+of+languages "HTTP/1.1 200 OK"
HTTP Request: GET https://translate.googleapis.com/translate_a/single?client=gtx&sl=auto&tl=es&dt=t&q=USA+Gymnastics+and+the+USOC+have+the+same+goal+%E2%80%94 "HTTP/1.1 200 OK"
HTTP Request: GET https://translate.googleapis.com/translate_a/single?client=gtx&sl=auto&tl=es&dt=t&q=His+work+is+of+such+recognized+quality%0Aand+detail%0Athat+he+is+one+of+the+very+few+%22household+names%22 "HTTP/1.1 200 OK"
HTTP Request: GET https://translate.googleapis.com/translate_a/single?client=gtx&sl=auto&tl=es&dt=t&q=Several+large+television+screens%0Awere+installed "HTTP/1.1 200 OK"
HTTP Request: GET https://translate.googleapis.com/translate_a/single?client=gtx&sl=auto&tl=es&dt=t&q=Due+to+the+underwater+topology%0Athe+return+flow+is+concentrated "HTTP/1.1 200 OK"
HTTP Request: GET https://translate.googleapis.com/translate_a/single?client=gtx&sl=auto&tl=es&dt=t&q=Plants+look+their+best%0Awhen+in+a+natural+environment%2C "HTTP/1.1 200 OK"
HTTP Request: GET https://translate.googleapis.com/translate_a/single?client=gtx&sl=auto&tl=es&dt=t&q=It+is+related+to+but+usually+not+involving+alpine+style+ski+touring%0Aor+mountaineering%2C%0Athe+latter+ones+done+in+steep+terrain%0Aand+requiring+much+stiffer+skis%0Aand+boots. "HTTP/1.1 200 OK"
HTTP Request: GET https://translate.googleapis.com/translate_a/single?client=gtx&sl=auto&tl=es&dt=t&q=Greenland+was+settled+sparsely. "HTTP/1.1 200 OK"
HTTP Request: GET https://translate.googleapis.com/translate_a/single?client=gtx&sl=auto&tl=es&dt=t&q=Several+large+television+screens%0Awere+installed%0Ain+various+places+in+Rome+to+let+the+people+watch+the+ceremony. "HTTP/1.1 200 OK"
HTTP Request: GET https://translate.googleapis.com/translate_a/single?client=gtx&sl=auto&tl=es&dt=t&q=Plants+look+their+best%0Awhen+in+a+natural+environment%2C%0Aso+resist+the+temptation+to+remove+even+%22just+one%22+specimen. "HTTP/1.1 200 OK"
HTTP Request: GET https://translate.googleapis.com/translate_a/single?client=gtx&sl=auto&tl=es&dt=t&q=People+have+known+about+basic+chemical+elements%0Asuch+as+gold%2C%0Asilver%2C "HTTP/1.1 200 OK"
HTTP Request: GET https://translate.googleapis.com/translate_a/single?client=gtx&sl=auto&tl=es&dt=t&q=Regular+announcements+in+the+Metro%0Aare+made+only+in+Catalan%2C%0Abut+unplanned+disruptions+are+announced+by+an+automated+system%0Ain+a+wide+variety+of+languages%0Aincluding+Spanish%2C+English%2C+French%2C+Arabic+and+Japanese. "HTTP/1.1 200 OK"
HTTP Request: GET https://translate.googleapis.com/translate_a/single?client=gtx&sl=auto&tl=es&dt=t&q=Greenland+was+settled+sparsely.%0AIn+the+Norse+sagas+they+say+that+Erik+the+Red "HTTP/1.1 200 OK"
HTTP Request: GET https://translate.googleapis.com/translate_a/single?client=gtx&sl=auto&tl=es&dt=t&q=Due+to+the+underwater+topology%0Athe+return+flow+is+concentrated%0Aat+a+few+deeper+sections%2C "HTTP/1.1 200 OK"
HTTP Request: GET https://translate.googleapis.com/translate_a/single?client=gtx&sl=auto&tl=es&dt=t&q=USA+Gymnastics+and+the+USOC+have+the+same+goal+%E2%80%94%0Amaking+the+sport+of+gymnastics%2C "HTTP/1.1 200 OK"
HTTP Request: GET https://translate.googleapis.com/translate_a/single?client=gtx&sl=auto&tl=es&dt=t&q=His+work+is+of+such+recognized+quality%0Aand+detail%0Athat+he+is+one+of+the+very+few+%22household+names%22%0Aamong+philatelists. "HTTP/1.1 200 OK"
HTTP Request: GET https://translate.googleapis.com/translate_a/single?client=gtx&sl=auto&tl=es&dt=t&q=His+work+is+of+such+recognized+quality%0Aand+detail%0Athat+he+is+one+of+the+very+few+%22household+names%22%0Aamong+philatelists.%0ASome+specialize+in+collecting+his+work+alone. "HTTP/1.1 200 OK"
HTTP Request: GET https://translate.googleapis.com/translate_a/single?client=gtx&sl=auto&tl=es&dt=t&q=Bishkek+was+described+as+sinking+into+a+state "HTTP/1.1 200 OK"
HTTP Request: GET https://translate.googleapis.com/translate_a/single?client=gtx&sl=auto&tl=es&dt=t&q=First+among+its+78+recommendations "HTTP/1.1 200 OK"
HTTP Request: GET https://translate.googleapis.com/translate_a/single?client=gtx&sl=auto&tl=es&dt=t&q=Greenland+was+settled+sparsely.%0AIn+the+Norse+sagas+they+say+that+Erik+the+Red%0Awas+exiled+from+Iceland+for+murder%2C "HTTP/1.1 200 OK"
HTTP Request: GET https://translate.googleapis.com/translate_a/single?client=gtx&sl=auto&tl=es&dt=t&q=People+have+known+about+basic+chemical+elements%0Asuch+as+gold%2C%0Asilver%2C%0Aand+copper+from+antiquity%2C "HTTP/1.1 200 OK"
HTTP Request: GET https://translate.googleapis.com/translate_a/single?client=gtx&sl=auto&tl=es&dt=t&q=Due+to+the+underwater+topology%0Athe+return+flow+is+concentrated%0Aat+a+few+deeper+sections%2C%0Aand+a+fast+current+to+deep+water+may+form+there. "HTTP/1.1 200 OK"
HTTP Request: GET https://translate.googleapis.com/translate_a/single?client=gtx&sl=auto&tl=es&dt=t&q=USA+Gymnastics+and+the+USOC+have+the+same+goal+%E2%80%94%0Amaking+the+sport+of+gymnastics%2C%0Aand+others%2C "HTTP/1.1 200 OK"
HTTP Request: GET https://translate.googleapis.com/translate_a/single?client=gtx&sl=auto&tl=es&dt=t&q=People+have+known+about+basic+chemical+elements%0Asuch+as+gold%2C%0Asilver%2C%0Aand+copper+from+antiquity%2C%0Aas+these+can+all+be+discovered+in+nature "HTTP/1.1 200 OK"
HTTP Request: GET https://translate.googleapis.com/translate_a/single?client=gtx&sl=auto&tl=es&dt=t&q=Greenland+was+settled+sparsely.%0AIn+the+Norse+sagas+they+say+that+Erik+the+Red%0Awas+exiled+from+Iceland+for+murder%2C%0Aand+when+travelling+further+west%2C "HTTP/1.1 200 OK"
HTTP Request: GET https://translate.googleapis.com/translate_a/single?client=gtx&sl=auto&tl=es&dt=t&q=First+among+its+78+recommendations%0Ais+that+a+new+diplomatic+initiative "HTTP/1.1 200 OK"
HTTP Request: GET https://translate.googleapis.com/translate_a/single?client=gtx&sl=auto&tl=es&dt=t&q=Greenland+was+settled+sparsely.%0AIn+the+Norse+sagas+they+say+that+Erik+the+Red%0Awas+exiled+from+Iceland+for+murder%2C%0Aand+when+travelling+further+west%2C%0Afound+Greenland+and+named+it+Greenland. "HTTP/1.1 200 OK"
HTTP Request: GET https://translate.googleapis.com/translate_a/single?client=gtx&sl=auto&tl=es&dt=t&q=First+among+its+78+recommendations%0Ais+that+a+new+diplomatic+initiative%0Ashould+be+taken+before+the+end+of+this+year "HTTP/1.1 200 OK"
HTTP Request: GET https://translate.googleapis.com/translate_a/single?client=gtx&sl=auto&tl=es&dt=t&q=Bishkek+was+described+as+sinking+into+a+state%0Aof+%22anarchy%22 "HTTP/1.1 200 OK"
HTTP Request: GET https://translate.googleapis.com/translate_a/single?client=gtx&sl=auto&tl=es&dt=t&q=First+among+its+78+recommendations%0Ais+that+a+new+diplomatic+initiative%0Ashould+be+taken+before+the+end+of+this+year%0Ato+secure+Iraq%E2%80%99s+borders "HTTP/1.1 200 OK"
HTTP Request: GET https://translate.googleapis.com/translate_a/single?client=gtx&sl=auto&tl=es&dt=t&q=Bishkek+was+described+as+sinking+into+a+state%0Aof+%22anarchy%22%0Aby+one+observer%2C "HTTP/1.1 200 OK"
HTTP Request: GET https://translate.googleapis.com/translate_a/single?client=gtx&sl=auto&tl=es&dt=t&q=USA+Gymnastics+and+the+USOC+have+the+same+goal+%E2%80%94%0Amaking+the+sport+of+gymnastics%2C%0Aand+others%2C%0Aas+safe+as+possible "HTTP/1.1 200 OK"
HTTP Request: GET https://translate.googleapis.com/translate_a/single?client=gtx&sl=auto&tl=es&dt=t&q=People+have+known+about+basic+chemical+elements%0Asuch+as+gold%2C%0Asilver%2C%0Aand+copper+from+antiquity%2C%0Aas+these+can+all+be+discovered+in+nature%0Ain+native+form+and+are+relatively+simple+to+mine+with+primitive+tools. "HTTP/1.1 200 OK"
HTTP Request: GET https://translate.googleapis.com/translate_a/single?client=gtx&sl=auto&tl=es&dt=t&q=Bishkek+was+described+as+sinking+into+a+state%0Aof+%22anarchy%22%0Aby+one+observer%2C%0Aas+gangs+of+people+roamed+the+streets+and+plundered+stores+of+consumer+goods. "HTTP/1.1 200 OK"
HTTP Request: GET https://translate.googleapis.com/translate_a/single?client=gtx&sl=auto&tl=es&dt=t&q=USA+Gymnastics+and+the+USOC+have+the+same+goal+%E2%80%94%0Amaking+the+sport+of+gymnastics%2C%0Aand+others%2C%0Aas+safe+as+possible%0Afor+athletes+to+follow+their+dreams+in+a+safe%2C "HTTP/1.1 200 OK"
HTTP Request: GET https://translate.googleapis.com/translate_a/single?client=gtx&sl=auto&tl=es&dt=t&q=First+among+its+78+recommendations%0Ais+that+a+new+diplomatic+initiative%0Ashould+be+taken+before+the+end+of+this+year%0Ato+secure+Iraq%E2%80%99s+borders%0Aagainst+hostile+interventions "HTTP/1.1 200 OK"
HTTP Request: GET https://translate.googleapis.com/translate_a/single?client=gtx&sl=auto&tl=es&dt=t&q=USA+Gymnastics+and+the+USOC+have+the+same+goal+%E2%80%94%0Amaking+the+sport+of+gymnastics%2C%0Aand+others%2C%0Aas+safe+as+possible%0Afor+athletes+to+follow+their+dreams+in+a+safe%2C%0Apositive+and+empowered+environment. "HTTP/1.1 200 OK"
HTTP Request: GET https://translate.googleapis.com/translate_a/single?client=gtx&sl=auto&tl=es&dt=t&q=First+among+its+78+recommendations%0Ais+that+a+new+diplomatic+initiative%0Ashould+be+taken+before+the+end+of+this+year%0Ato+secure+Iraq%E2%80%99s+borders%0Aagainst+hostile+interventions%0Aand+to+re-establish+diplomatic+relations+with+its+neighbors. "HTTP/1.1 200 OK"
/home/mobility/STiTy/.venv-autoseg/lib/python3.10/site-packages/pytorch_lightning/utilities/_pytree.py:21: `isinstance(treespec, LeafSpec)` is deprecated, use `isinstance(treespec, TreeSpec) and treespec.is_leaf()` instead.
Spanish   T=6   laal 4.175  eff 0.7603  adq 0.8271  contra 0.0818  cons 0.8043  k 3.69
HTTP Request: GET https://translate.googleapis.com/translate_a/single?client=gtx&sl=auto&tl=es&dt=t&q=A+search+of+the+Internet+for%27+Hostile+environment+course%27 "HTTP/1.1 200 OK"
HTTP Request: GET https://translate.googleapis.com/translate_a/single?client=gtx&sl=auto&tl=es&dt=t&q=Scientists+hope+to+understand+how+planets+form%2C+especially+how+the+Earth+formed%2C "HTTP/1.1 200 OK"
HTTP Request: GET https://translate.googleapis.com/translate_a/single?client=gtx&sl=auto&tl=es&dt=t&q=Throughout+1960s%2C%0ABrzezinski+worked+for+John+F.+Kennedy+as+his+advisor+and+then+the+Lyndon+B.+Johnson+administration. "HTTP/1.1 200 OK"
HTTP Request: GET https://translate.googleapis.com/translate_a/single?client=gtx&sl=auto&tl=es&dt=t&q=A+search+of+the+Internet+for%27+Hostile+environment+course%27%0Awill+probably+provide+the+address+of+a+local+company. "HTTP/1.1 200 OK"
HTTP Request: GET https://translate.googleapis.com/translate_a/single?client=gtx&sl=auto&tl=es&dt=t&q=Scientists+hope+to+understand+how+planets+form%2C+especially+how+the+Earth+formed%2C%0Asince+comets+collided+with+the+Earth+long+ago. "HTTP/1.1 200 OK"
HTTP Request: GET https://translate.googleapis.com/translate_a/single?client=gtx&sl=auto&tl=es&dt=t&q=Virtual+Scaffolds+are+internalized+in+the+software%0Aand+are+meant+to+question%2C%0Aprompt%2C%0Aand+explain+procedures+that+may+have+been+to+challenging+for+the+student+to+handle+alone. "HTTP/1.1 200 OK"
HTTP Request: GET https://translate.googleapis.com/translate_a/single?client=gtx&sl=auto&tl=es&dt=t&q=Generally+speaking%2C%0Atwo+behaviors+can+emerge+as+managers+begin+to+lead+their+former+peers.%0AOne+end+of+the+spectrum%0Ais+trying+to+remain+%E2%80%9Cone+of+the+guys%E2%80%9D+%28or+gals%29. "HTTP/1.1 200 OK"
HTTP Request: GET https://translate.googleapis.com/translate_a/single?client=gtx&sl=auto&tl=es&dt=t&q=As+a+result%2C%0Athe+performers+smoke+cannabis+joints+on+stage%2C%0Aand+the+theatre+itself+is+encouraging+the+audience+to+join+in. "HTTP/1.1 200 OK"
HTTP Request: GET https://translate.googleapis.com/translate_a/single?client=gtx&sl=auto&tl=es&dt=t&q=Similarly%2C%0Aby+having+a+Schengen+visa%2C%0Ayou+do+not+need+to+apply+for+visas+to+each+of+the+Schengen+member+countries%0Aseparately%2C+hence+saving+time%2C+money+and+paperwork. "HTTP/1.1 200 OK"
HTTP Request: GET https://translate.googleapis.com/translate_a/single?client=gtx&sl=auto&tl=es&dt=t&q=Buses+depart+the+inter-district+bus+station%0A%28across+the+river%29%0Athroughout+the+day%2C+though+most%2C+especially+those+heading+to+the+east+and+Jakar%2FBumthang+leave+between+06%3A30+and+07%3A30. "HTTP/1.1 200 OK"
HTTP Request: GET https://translate.googleapis.com/translate_a/single?client=gtx&sl=auto&tl=es&dt=t&q=Most+of+the+smaller+islands+are+independent+nations%2C%0Aor+associated+with+France%2C+and+known+as+luxury+beach+resorts. "HTTP/1.1 200 OK"
HTTP Request: GET https://translate.googleapis.com/translate_a/single?client=gtx&sl=auto&tl=es&dt=t&q=The+central+authority+of+the+church+had+been+in+Rome "HTTP/1.1 200 OK"
HTTP Request: GET https://translate.googleapis.com/translate_a/single?client=gtx&sl=auto&tl=es&dt=t&q=Sleep+interruption+is+the+process+of+purposefully+awakening+during+your+normal+sleep+period "HTTP/1.1 200 OK"
HTTP Request: GET https://translate.googleapis.com/translate_a/single?client=gtx&sl=auto&tl=es&dt=t&q=We+agree+with+the+USOC%27s+statement+that+the+interests+of+our+athletes+and+clubs%2C "HTTP/1.1 200 OK"
HTTP Request: GET https://translate.googleapis.com/translate_a/single?client=gtx&sl=auto&tl=es&dt=t&q=Also+to+the+north+visit+the+great+Sanctuary+of+Our+Lady+of+Fatima "HTTP/1.1 200 OK"
HTTP Request: GET https://translate.googleapis.com/translate_a/single?client=gtx&sl=auto&tl=es&dt=t&q=As+a+result%2C+two+fish+species+have+become+extinct%2C "HTTP/1.1 200 OK"
HTTP Request: GET https://translate.googleapis.com/translate_a/single?client=gtx&sl=auto&tl=es&dt=t&q=The+word+civilization+comes+from+the+Latin+civilis%2C+meaning+civil%2C+related+to+the+Latin+civis%2C "HTTP/1.1 200 OK"
HTTP Request: GET https://translate.googleapis.com/translate_a/single?client=gtx&sl=auto&tl=es&dt=t&q=The+word+civilization+comes+from+the+Latin+civilis%2C+meaning+civil%2C+related+to+the+Latin+civis%2C%0Ameaning+citizen%2C "HTTP/1.1 200 OK"
HTTP Request: GET https://translate.googleapis.com/translate_a/single?client=gtx&sl=auto&tl=es&dt=t&q=As+a+result%2C+two+fish+species+have+become+extinct%2C%0Aand+two+others+have+become+endangered%2C+including+the+humpback+chub. "HTTP/1.1 200 OK"
HTTP Request: GET https://translate.googleapis.com/translate_a/single?client=gtx&sl=auto&tl=es&dt=t&q=Also+to+the+north+visit+the+great+Sanctuary+of+Our+Lady+of+Fatima%0A%28Shrine%29%2C "HTTP/1.1 200 OK"
HTTP Request: GET https://translate.googleapis.com/translate_a/single?client=gtx&sl=auto&tl=es&dt=t&q=Sleep+interruption+is+the+process+of+purposefully+awakening+during+your+normal+sleep+period%0Aand+falling+asleep "HTTP/1.1 200 OK"
HTTP Request: GET https://translate.googleapis.com/translate_a/single?client=gtx&sl=auto&tl=es&dt=t&q=We+agree+with+the+USOC%27s+statement+that+the+interests+of+our+athletes+and+clubs%2C%0Aand+their+sport%2C "HTTP/1.1 200 OK"
HTTP Request: GET https://translate.googleapis.com/translate_a/single?client=gtx&sl=auto&tl=es&dt=t&q=We+make+our+houses%0Afrom+plants+and+make+clothes+from+plants.+Most+foods+that+we+eat+are+plants.+Without+plants%2C "HTTP/1.1 200 OK"
HTTP Request: GET https://translate.googleapis.com/translate_a/single?client=gtx&sl=auto&tl=es&dt=t&q=The+central+authority+of+the+church+had+been+in+Rome%0Afor+over+a+thousand+years "HTTP/1.1 200 OK"
HTTP Request: GET https://translate.googleapis.com/translate_a/single?client=gtx&sl=auto&tl=es&dt=t&q=The+word+civilization+comes+from+the+Latin+civilis%2C+meaning+civil%2C+related+to+the+Latin+civis%2C%0Ameaning+citizen%2C%0Aand+civitas%2C+meaning+city+or+city-state%2C "HTTP/1.1 200 OK"
HTTP Request: GET https://translate.googleapis.com/translate_a/single?client=gtx&sl=auto&tl=es&dt=t&q=The+central+authority+of+the+church+had+been+in+Rome%0Afor+over+a+thousand+years%0Aand+this+concentration+of+power+and+money "HTTP/1.1 200 OK"
HTTP Request: GET https://translate.googleapis.com/translate_a/single?client=gtx&sl=auto&tl=es&dt=t&q=We+make+our+houses%0Afrom+plants+and+make+clothes+from+plants.+Most+foods+that+we+eat+are+plants.+Without+plants%2C%0Aanimals+could+not+survive. "HTTP/1.1 200 OK"
HTTP Request: GET https://translate.googleapis.com/translate_a/single?client=gtx&sl=auto&tl=es&dt=t&q=We+agree+with+the+USOC%27s+statement+that+the+interests+of+our+athletes+and+clubs%2C%0Aand+their+sport%2C%0Amay+be+better+served+by+moving+forward+with+meaningful+change+within+our+organization%2C "HTTP/1.1 200 OK"
HTTP Request: GET https://translate.googleapis.com/translate_a/single?client=gtx&sl=auto&tl=es&dt=t&q=The+word+civilization+comes+from+the+Latin+civilis%2C+meaning+civil%2C+related+to+the+Latin+civis%2C%0Ameaning+citizen%2C%0Aand+civitas%2C+meaning+city+or+city-state%2C%0Aand+that+also+somehow+defines+the+size+of+the+society. "HTTP/1.1 200 OK"
HTTP Request: GET https://translate.googleapis.com/translate_a/single?client=gtx&sl=auto&tl=es&dt=t&q=Also+to+the+north+visit+the+great+Sanctuary+of+Our+Lady+of+Fatima%0A%28Shrine%29%2C%0Aa+place+of+worldwide+famous+Marian+apparitions. "HTTP/1.1 200 OK"
HTTP Request: GET https://translate.googleapis.com/translate_a/single?client=gtx&sl=auto&tl=es&dt=t&q=Sleep+interruption+is+the+process+of+purposefully+awakening+during+your+normal+sleep+period%0Aand+falling+asleep%0Aa+short+time+later+%2810%E2%80%9360+minutes%29. "HTTP/1.1 200 OK"
HTTP Request: GET https://translate.googleapis.com/translate_a/single?client=gtx&sl=auto&tl=es&dt=t&q=The+central+authority+of+the+church+had+been+in+Rome%0Afor+over+a+thousand+years%0Aand+this+concentration+of+power+and+money%0Aled+many+to+question+whether+this+tenet+was+being+met. "HTTP/1.1 200 OK"
HTTP Request: GET https://translate.googleapis.com/translate_a/single?client=gtx&sl=auto&tl=es&dt=t&q=We+agree+with+the+USOC%27s+statement+that+the+interests+of+our+athletes+and+clubs%2C%0Aand+their+sport%2C%0Amay+be+better+served+by+moving+forward+with+meaningful+change+within+our+organization%2C%0Arather+than+decertification. "HTTP/1.1 200 OK"
HTTP Request: GET https://translate.googleapis.com/translate_a/single?client=gtx&sl=auto&tl=es&dt=t&q=Alloys+are+basically+a+mixture "HTTP/1.1 200 OK"
HTTP Request: GET https://translate.googleapis.com/translate_a/single?client=gtx&sl=auto&tl=es&dt=t&q=Alloys+are+basically+a+mixture%0Aof+two+or+more+metals.+Don%27t+forget+that+there+are+many+elements "HTTP/1.1 200 OK"
HTTP Request: GET https://translate.googleapis.com/translate_a/single?client=gtx&sl=auto&tl=es&dt=t&q=Alloys+are+basically+a+mixture%0Aof+two+or+more+metals.+Don%27t+forget+that+there+are+many+elements%0Aon+the+periodic+table. "HTTP/1.1 200 OK"
HTTP Request: GET https://translate.googleapis.com/translate_a/single?client=gtx&sl=auto&tl=es&dt=t&q=Ancient+China+had+a+unique+way "HTTP/1.1 200 OK"
HTTP Request: GET https://translate.googleapis.com/translate_a/single?client=gtx&sl=auto&tl=es&dt=t&q=Giancarlo+Fisichella+lost+control+of+his+car "HTTP/1.1 200 OK"
HTTP Request: GET https://translate.googleapis.com/translate_a/single?client=gtx&sl=auto&tl=es&dt=t&q=At+the+other+end+of+the+spectrum%2C "HTTP/1.1 200 OK"
HTTP Request: GET https://translate.googleapis.com/translate_a/single?client=gtx&sl=auto&tl=es&dt=t&q=As+a+result%2C%0Athe+process%0Aof+an+organization+working+together+to+overcome+an+obstacle+can+lead+to+a+new+innovative+process+to+serve+the+customer%27s+need. "HTTP/1.1 200 OK"
HTTP Request: GET https://translate.googleapis.com/translate_a/single?client=gtx&sl=auto&tl=es&dt=t&q=While+Goma+is+reasonably+safe%2C%0Aany+visits+outside+of+Goma%0Ashould+be+researched+to+understand+the+state+of+the+fighting+that+persists+in+the+North+Kivu+province. "HTTP/1.1 200 OK"
HTTP Request: GET https://translate.googleapis.com/translate_a/single?client=gtx&sl=auto&tl=es&dt=t&q=The+Northern+Marianas+emergency+management+office%0Asaid+that+there+were+no+damages+reported+in+the+nation. "HTTP/1.1 200 OK"
HTTP Request: GET https://translate.googleapis.com/translate_a/single?client=gtx&sl=auto&tl=es&dt=t&q=Giancarlo+Fisichella+lost+control+of+his+car%0Aand+ended+the+race+very+soon+after+the+start. "HTTP/1.1 200 OK"
HTTP Request: GET https://translate.googleapis.com/translate_a/single?client=gtx&sl=auto&tl=es&dt=t&q=Ancient+China+had+a+unique+way%0Aof+showing+different+time+periods%3B "HTTP/1.1 200 OK"
HTTP Request: GET https://translate.googleapis.com/translate_a/single?client=gtx&sl=auto&tl=es&dt=t&q=At+the+other+end+of+the+spectrum%2C%0Aone "HTTP/1.1 200 OK"
HTTP Request: GET https://translate.googleapis.com/translate_a/single?client=gtx&sl=auto&tl=es&dt=t&q=Ancient+China+had+a+unique+way%0Aof+showing+different+time+periods%3B%0Aeach+stage+of+China+or+each+family+that+was+in+power+was+a+distinctive+dynasty. "HTTP/1.1 200 OK"
HTTP Request: GET https://translate.googleapis.com/translate_a/single?client=gtx&sl=auto&tl=es&dt=t&q=At+the+other+end+of+the+spectrum%2C%0Aone%0Amorphs+into+an+unrecognizable+individual "HTTP/1.1 200 OK"
HTTP Request: GET https://translate.googleapis.com/translate_a/single?client=gtx&sl=auto&tl=es&dt=t&q=Ancient+cultures+and+tribes+began+to+keep+them+for+easy+access+to+milk%2C%0Ahair%2C+meat%2C+and+skins. "HTTP/1.1 200 OK"
HTTP Request: GET https://translate.googleapis.com/translate_a/single?client=gtx&sl=auto&tl=es&dt=t&q=At+the+other+end+of+the+spectrum%2C%0Aone%0Amorphs+into+an+unrecognizable+individual%0Athat+feels+he+or+she+must+change+everything+the+team+has+been+doing+and+make+it+their+own. "HTTP/1.1 200 OK"
HTTP Request: GET https://translate.googleapis.com/translate_a/single?client=gtx&sl=auto&tl=es&dt=t&q=The+harbor+was+the+site+of+an+infamous+naval+standoff+in+1889%0Awhen+seven+ships+from+Germany%2C+the+US%2C+and+Britain "HTTP/1.1 200 OK"
HTTP Request: GET https://translate.googleapis.com/translate_a/single?client=gtx&sl=auto&tl=es&dt=t&q=The+same+month+saw+another+airliner+overrun+a+runway+at+Mashhad+and+strike+a+wall%2C "HTTP/1.1 200 OK"
HTTP Request: GET https://translate.googleapis.com/translate_a/single?client=gtx&sl=auto&tl=es&dt=t&q=The+Giza+Plateau%2C%0Aor+%22Giza+Necropolis%22+in+the+Egyptian+Valley+of+the+Dead%0Acontains+several+pyramids+%28of+which+the+great+pyramid+is+the+largest%29%2C%0Aseveral+small+tombs%2C+several+temples%2C+and+the+great+Sphinx. "HTTP/1.1 200 OK"
HTTP Request: GET https://translate.googleapis.com/translate_a/single?client=gtx&sl=auto&tl=es&dt=t&q=The+U.S.+Corps+of+Engineers%0Aestimated+that+6+inches+of+rainfall+could+breach+the+previously+damaged+levees. "HTTP/1.1 200 OK"
HTTP Request: GET https://translate.googleapis.com/translate_a/single?client=gtx&sl=auto&tl=es&dt=t&q=Cuomo%2C+53%2C%0Abegan+his+governorship+earlier+this+year+and+signed+a+bill+last+month+legalizing+same-sex+marriage. "HTTP/1.1 200 OK"
HTTP Request: GET https://translate.googleapis.com/translate_a/single?client=gtx&sl=auto&tl=es&dt=t&q=The+harbor+was+the+site+of+an+infamous+naval+standoff+in+1889%0Awhen+seven+ships+from+Germany%2C+the+US%2C+and+Britain%0Arefused+to+leave+the+harbor. "HTTP/1.1 200 OK"
HTTP Request: GET https://translate.googleapis.com/translate_a/single?client=gtx&sl=auto&tl=es&dt=t&q=The+same+month+saw+another+airliner+overrun+a+runway+at+Mashhad+and+strike+a+wall%2C%0Akilling+seventeen. "HTTP/1.1 200 OK"
HTTP Request: GET https://translate.googleapis.com/translate_a/single?client=gtx&sl=auto&tl=es&dt=t&q=In+1990%2C%0Ait+was+added+to+the+list+of+world+heritage+sites+in+danger%2C "HTTP/1.1 200 OK"
HTTP Request: GET https://translate.googleapis.com/translate_a/single?client=gtx&sl=auto&tl=es&dt=t&q=The+city%0Ais+also+the+base+to+climb+the+Nyiragongo+volcano "HTTP/1.1 200 OK"
HTTP Request: GET https://translate.googleapis.com/translate_a/single?client=gtx&sl=auto&tl=es&dt=t&q=Oliver+Sacks%2C%0Ain+his+paper+The+President%27s+Speech%2C "HTTP/1.1 200 OK"
HTTP Request: GET https://translate.googleapis.com/translate_a/single?client=gtx&sl=auto&tl=es&dt=t&q=In+1990%2C%0Ait+was+added+to+the+list+of+world+heritage+sites+in+danger%2C%0Adue+to+the+threat+of+desert+sands. "HTTP/1.1 200 OK"
HTTP Request: GET https://translate.googleapis.com/translate_a/single?client=gtx&sl=auto&tl=es&dt=t&q=The+city%0Ais+also+the+base+to+climb+the+Nyiragongo+volcano%0Aalong+with+some+of+the+cheapest+Mountain+Gorilla+tracking+in+Africa. "HTTP/1.1 200 OK"
HTTP Request: GET https://translate.googleapis.com/translate_a/single?client=gtx&sl=auto&tl=es&dt=t&q=Oliver+Sacks%2C%0Ain+his+paper+The+President%27s+Speech%2C%0Aindicated+how+people+who+are+unable+to+understand+speech+because+of+brain+damage "HTTP/1.1 200 OK"
HTTP Request: GET https://translate.googleapis.com/translate_a/single?client=gtx&sl=auto&tl=es&dt=t&q=Researchers+from+Princeton+University+in+the+United+States+and+Uppsala+University+in+Sweden+reported+the+new+species+evolved+in+just+two+generations%2C "HTTP/1.1 200 OK"
HTTP Request: GET https://translate.googleapis.com/translate_a/single?client=gtx&sl=auto&tl=es&dt=t&q=Researchers+from+Princeton+University+in+the+United+States+and+Uppsala+University+in+Sweden+reported+the+new+species+evolved+in+just+two+generations%2C%0Athough+this+process+had+been+believed+to+take+much+longer%2C "HTTP/1.1 200 OK"
HTTP Request: GET https://translate.googleapis.com/translate_a/single?client=gtx&sl=auto&tl=es&dt=t&q=Oliver+Sacks%2C%0Ain+his+paper+The+President%27s+Speech%2C%0Aindicated+how+people+who+are+unable+to+understand+speech+because+of+brain+damage%0Aare+nevertheless+able+to+assess+sincerity+accurately. "HTTP/1.1 200 OK"
HTTP Request: GET https://translate.googleapis.com/translate_a/single?client=gtx&sl=auto&tl=es&dt=t&q=The+term+bug+is+used+by+entomologists+in+a+formal+sense "HTTP/1.1 200 OK"
HTTP Request: GET https://translate.googleapis.com/translate_a/single?client=gtx&sl=auto&tl=es&dt=t&q=While+he+was+working+at+the+hospital%0ALiggins+began+to+investigate+premature+labor+during+his+spare+time. "HTTP/1.1 200 OK"
HTTP Request: GET https://translate.googleapis.com/translate_a/single?client=gtx&sl=auto&tl=es&dt=t&q=Researchers+from+Princeton+University+in+the+United+States+and+Uppsala+University+in+Sweden+reported+the+new+species+evolved+in+just+two+generations%2C%0Athough+this+process+had+been+believed+to+take+much+longer%2C%0Adue+to+breeding+between+an+endemic+Darwin+finch%2C "HTTP/1.1 200 OK"
HTTP Request: GET https://translate.googleapis.com/translate_a/single?client=gtx&sl=auto&tl=es&dt=t&q=The+term+bug+is+used+by+entomologists+in+a+formal+sense%0Afor+this+group+of+insects. "HTTP/1.1 200 OK"
HTTP Request: GET https://translate.googleapis.com/translate_a/single?client=gtx&sl=auto&tl=es&dt=t&q=Researchers+from+Princeton+University+in+the+United+States+and+Uppsala+University+in+Sweden+reported+the+new+species+evolved+in+just+two+generations%2C%0Athough+this+process+had+been+believed+to+take+much+longer%2C%0Adue+to+breeding+between+an+endemic+Darwin+finch%2C%0AGeospiza+fortes%2C "HTTP/1.1 200 OK"
HTTP Request: GET https://translate.googleapis.com/translate_a/single?client=gtx&sl=auto&tl=es&dt=t&q=You+can+use+boda-boda+%28motorcycle+taxi%29%0Ato+get+around+Goma.%0AThe+normal+%28local%29+price+is+~500+Congolese+Francs+for+the+short+ride. "HTTP/1.1 200 OK"
HTTP Request: GET https://translate.googleapis.com/translate_a/single?client=gtx&sl=auto&tl=es&dt=t&q=Other+subjects+on+the+agenda+in+Bali "HTTP/1.1 200 OK"
HTTP Request: GET https://translate.googleapis.com/translate_a/single?client=gtx&sl=auto&tl=es&dt=t&q=Researchers+from+Princeton+University+in+the+United+States+and+Uppsala+University+in+Sweden+reported+the+new+species+evolved+in+just+two+generations%2C%0Athough+this+process+had+been+believed+to+take+much+longer%2C%0Adue+to+breeding+between+an+endemic+Darwin+finch%2C%0AGeospiza+fortes%2C%0Aand+the+immigrant+cactus+finch%2C "HTTP/1.1 200 OK"
HTTP Request: GET https://translate.googleapis.com/translate_a/single?client=gtx&sl=auto&tl=es&dt=t&q=Researchers+from+Princeton+University+in+the+United+States+and+Uppsala+University+in+Sweden+reported+the+new+species+evolved+in+just+two+generations%2C%0Athough+this+process+had+been+believed+to+take+much+longer%2C%0Adue+to+breeding+between+an+endemic+Darwin+finch%2C%0AGeospiza+fortes%2C%0Aand+the+immigrant+cactus+finch%2C%0AGeospiza+conirostris. "HTTP/1.1 200 OK"
HTTP Request: GET https://translate.googleapis.com/translate_a/single?client=gtx&sl=auto&tl=es&dt=t&q=Other+subjects+on+the+agenda+in+Bali%0Ainclude+saving+the+world%27s+remaining+forests%2C "HTTP/1.1 200 OK"
HTTP Request: GET https://translate.googleapis.com/translate_a/single?client=gtx&sl=auto&tl=es&dt=t&q=Other+subjects+on+the+agenda+in+Bali%0Ainclude+saving+the+world%27s+remaining+forests%2C%0Aand+sharing+technologies+to+help+developing+nations+grow+in+less-polluting+ways. "HTTP/1.1 200 OK"
HTTP Request: GET https://translate.googleapis.com/translate_a/single?client=gtx&sl=auto&tl=es&dt=t&q=Hong+Kong+Island+gives+the+territory+of+Hong+Kong "HTTP/1.1 200 OK"
HTTP Request: GET https://translate.googleapis.com/translate_a/single?client=gtx&sl=auto&tl=es&dt=t&q=Ironing+damp+clothes+can+help+them+dry.%0AMany+hotels+have+an+iron+and+ironing+board+available+for+loan%2C "HTTP/1.1 200 OK"
HTTP Request: GET https://translate.googleapis.com/translate_a/single?client=gtx&sl=auto&tl=es&dt=t&q=In+just+two+weeks+the+Americans+and+Free+French+forces+had+liberated+southern+France "HTTP/1.1 200 OK"
HTTP Request: GET https://translate.googleapis.com/translate_a/single?client=gtx&sl=auto&tl=es&dt=t&q=The+official+Falklands+currency+is+the+Falkland+pound "HTTP/1.1 200 OK"
HTTP Request: GET https://translate.googleapis.com/translate_a/single?client=gtx&sl=auto&tl=es&dt=t&q=Hong+Kong+Island+gives+the+territory+of+Hong+Kong%0Aits+name "HTTP/1.1 200 OK"
HTTP Request: GET https://translate.googleapis.com/translate_a/single?client=gtx&sl=auto&tl=es&dt=t&q=All+nouns%2C+alongside+the+word+Sie+for+you%2C "HTTP/1.1 200 OK"
HTTP Request: GET https://translate.googleapis.com/translate_a/single?client=gtx&sl=auto&tl=es&dt=t&q=Ironing+damp+clothes+can+help+them+dry.%0AMany+hotels+have+an+iron+and+ironing+board+available+for+loan%2C%0Aeven+if+one+is+not+present+in+the+room. "HTTP/1.1 200 OK"
HTTP Request: GET https://translate.googleapis.com/translate_a/single?client=gtx&sl=auto&tl=es&dt=t&q=In+just+two+weeks+the+Americans+and+Free+French+forces+had+liberated+southern+France%0Aand+were+turning+towards+Germany. "HTTP/1.1 200 OK"
HTTP Request: GET https://translate.googleapis.com/translate_a/single?client=gtx&sl=auto&tl=es&dt=t&q=The+official+Falklands+currency+is+the+Falkland+pound%0A%28FKP%29 "HTTP/1.1 200 OK"
HTTP Request: GET https://translate.googleapis.com/translate_a/single?client=gtx&sl=auto&tl=es&dt=t&q=Hong+Kong+Island+gives+the+territory+of+Hong+Kong%0Aits+name%0Aand+is+the+place+that+many+tourists+regard+as+the+main+focus. "HTTP/1.1 200 OK"
HTTP Request: GET https://translate.googleapis.com/translate_a/single?client=gtx&sl=auto&tl=es&dt=t&q=All+nouns%2C+alongside+the+word+Sie+for+you%2C%0Aalways+begin+with+a+capital+letter%2C "HTTP/1.1 200 OK"
HTTP Request: GET https://translate.googleapis.com/translate_a/single?client=gtx&sl=auto&tl=es&dt=t&q=All+nouns%2C+alongside+the+word+Sie+for+you%2C%0Aalways+begin+with+a+capital+letter%2C%0Aeven+in+the+middle+of+a+sentence. "HTTP/1.1 200 OK"
HTTP Request: GET https://translate.googleapis.com/translate_a/single?client=gtx&sl=auto&tl=es&dt=t&q=The+official+Falklands+currency+is+the+Falkland+pound%0A%28FKP%29%0Awhose+value+is+set+equivalent+to+that+of+one+British+pound+%28GBP%29. "HTTP/1.1 200 OK"
HTTP Request: GET https://translate.googleapis.com/translate_a/single?client=gtx&sl=auto&tl=es&dt=t&q=Needless+to+say%2C+if+you+know+a+Romance+language%2C "HTTP/1.1 200 OK"
HTTP Request: GET https://translate.googleapis.com/translate_a/single?client=gtx&sl=auto&tl=es&dt=t&q=Needless+to+say%2C+if+you+know+a+Romance+language%2C%0Ait+will+be+easier+for+you+to+learn+Portuguese. "HTTP/1.1 200 OK"
HTTP Request: GET https://translate.googleapis.com/translate_a/single?client=gtx&sl=auto&tl=es&dt=t&q=We+don%27t+know+for+sure%2C%0Abut+it+may+have+had+a+forked+tongue.%0AIts+diet+included+turtles%2C+large+fish%2C+other+mosasaurs%2C "HTTP/1.1 200 OK"
HTTP Request: GET https://translate.googleapis.com/translate_a/single?client=gtx&sl=auto&tl=es&dt=t&q=They+have+feet+with+scales+and+claws%2C%0Athey+lay+eggs%2C%0Aand+they+walk+on+their+two+back+legs+like+a+T-Rex. "HTTP/1.1 200 OK"
HTTP Request: GET https://translate.googleapis.com/translate_a/single?client=gtx&sl=auto&tl=es&dt=t&q=A+curry+is+a+dish+based+on+herbs+and+spices%2C "HTTP/1.1 200 OK"
HTTP Request: GET https://translate.googleapis.com/translate_a/single?client=gtx&sl=auto&tl=es&dt=t&q=Goats+seem+to+have+been+first+domesticated+roughly+10%2C000+years%0Aago+in+the+Zagros+Mountains+of+Iran. "HTTP/1.1 200 OK"
HTTP Request: GET https://translate.googleapis.com/translate_a/single?client=gtx&sl=auto&tl=es&dt=t&q=Lion+prides+act+much+like+packs+of+wolves+or+dogs%2C%0Aanimals+surprisingly+similar+to+lions+%28but+not+other+big+cats%29%0Ain+behavior%2C%0Aand+also+very+deadly+to+their+prey. "HTTP/1.1 200 OK"
HTTP Request: GET https://translate.googleapis.com/translate_a/single?client=gtx&sl=auto&tl=es&dt=t&q=We+don%27t+know+for+sure%2C%0Abut+it+may+have+had+a+forked+tongue.%0AIts+diet+included+turtles%2C+large+fish%2C+other+mosasaurs%2C%0Aand+it+may+even+have+been+a+cannibal. "HTTP/1.1 200 OK"
HTTP Request: GET https://translate.googleapis.com/translate_a/single?client=gtx&sl=auto&tl=es&dt=t&q=A+curry+is+a+dish+based+on+herbs+and+spices%2C%0Atogether+with+either+meat+or+vegetables. "HTTP/1.1 200 OK"
HTTP Request: GET https://translate.googleapis.com/translate_a/single?client=gtx&sl=auto&tl=es&dt=t&q=In+fact%2C%0Ait+is+not+easy+to+find+at+all+even+if+one+knew+it+existed.%0AOnce+inside+the+cave%2C+it+is+a+total+isolation. "HTTP/1.1 200 OK"
HTTP Request: GET https://translate.googleapis.com/translate_a/single?client=gtx&sl=auto&tl=es&dt=t&q=Prior+to+the+arrival+of+troops%2C%0AHaiti+had+not+encountered+problems+related+to+the+disease+since+the+1800s. "HTTP/1.1 200 OK"
HTTP Request: GET https://translate.googleapis.com/translate_a/single?client=gtx&sl=auto&tl=es&dt=t&q=Barcelona%27s+official+languages+are+Catalan+and+Spanish. "HTTP/1.1 200 OK"
HTTP Request: GET https://translate.googleapis.com/translate_a/single?client=gtx&sl=auto&tl=es&dt=t&q=Cocham%C3%B3+Valley+-+Chile%27s+premier+climbing+destination%2C%0Aknown+as+the+Yosemite+of+South+America%2C%0Awith+a+variety+of+granite+big+walls+and+crags. "HTTP/1.1 200 OK"
HTTP Request: GET https://translate.googleapis.com/translate_a/single?client=gtx&sl=auto&tl=es&dt=t&q=The+two+compounds+react+with+one+another+to+form+crystals+that+may+block+kidney+function%2C "HTTP/1.1 200 OK"
HTTP Request: GET https://translate.googleapis.com/translate_a/single?client=gtx&sl=auto&tl=es&dt=t&q=During+the+1920s%2C%0Athe+prevailing+attitudes+of+most+citizens+and+nations+was+that+of+pacifism+and+isolation. "HTTP/1.1 200 OK"
HTTP Request: GET https://translate.googleapis.com/translate_a/single?client=gtx&sl=auto&tl=es&dt=t&q=He+added+that+%22they+should+not%2C+however%2C "HTTP/1.1 200 OK"
HTTP Request: GET https://translate.googleapis.com/translate_a/single?client=gtx&sl=auto&tl=es&dt=t&q=Barcelona%27s+official+languages+are+Catalan+and+Spanish.%0AAbout+a+half+prefer+to+speak+Catalan%2C "HTTP/1.1 200 OK"
HTTP Request: GET https://translate.googleapis.com/translate_a/single?client=gtx&sl=auto&tl=es&dt=t&q=Barcelona%27s+official+languages+are+Catalan+and+Spanish.%0AAbout+a+half+prefer+to+speak+Catalan%2C%0Aa+vast+majority+understands+it%2C+and+virtually+everyone+knows+Spanish. "HTTP/1.1 200 OK"
HTTP Request: GET https://translate.googleapis.com/translate_a/single?client=gtx&sl=auto&tl=es&dt=t&q=The+two+compounds+react+with+one+another+to+form+crystals+that+may+block+kidney+function%2C%0Aresearchers+at+the+university+said. "HTTP/1.1 200 OK"
HTTP Request: GET https://translate.googleapis.com/translate_a/single?client=gtx&sl=auto&tl=es&dt=t&q=He+added+that+%22they+should+not%2C+however%2C%0Abe+asked+to+take+on+obligations+that+go+beyond+their+development+stage%2C "HTTP/1.1 200 OK"
HTTP Request: GET https://translate.googleapis.com/translate_a/single?client=gtx&sl=auto&tl=es&dt=t&q=Four+skiers+in+the+women%27s+sitting+group%0Afailed+to+finish+their+runs%2C%0Aand+45+of+the+117+total+skiers+in+the+Giant+Slalom "HTTP/1.1 200 OK"
HTTP Request: GET https://translate.googleapis.com/translate_a/single?client=gtx&sl=auto&tl=es&dt=t&q=Resting+on+the+top+of+one+of+the+mountains%0Anorth+of+Mecca%2C%0Athe+cave+is+completely+isolated+from+the+rest+of+the+world. "HTTP/1.1 200 OK"
HTTP Request: GET https://translate.googleapis.com/translate_a/single?client=gtx&sl=auto&tl=es&dt=t&q=Four+skiers+in+the+women%27s+sitting+group%0Afailed+to+finish+their+runs%2C%0Aand+45+of+the+117+total+skiers+in+the+Giant+Slalom%0Afailed+to+rank+in+the+race. "HTTP/1.1 200 OK"
HTTP Request: GET https://translate.googleapis.com/translate_a/single?client=gtx&sl=auto&tl=es&dt=t&q=He+added+that+%22they+should+not%2C+however%2C%0Abe+asked+to+take+on+obligations+that+go+beyond+their+development+stage%2C%0Aresponsibility+and+capabilities.%22 "HTTP/1.1 200 OK"
HTTP Request: GET https://translate.googleapis.com/translate_a/single?client=gtx&sl=auto&tl=es&dt=t&q=Vatican+City%27s+population%0Ais+around+800.%0AIt+is+the+smallest+independent+country+in+the+world+and+the+country+with+the+lowest+population. "HTTP/1.1 200 OK"
HTTP Request: GET https://translate.googleapis.com/translate_a/single?client=gtx&sl=auto&tl=es&dt=t&q=Women%3A%0AIt+is+recommended+that+any+women+travellers+say+that+they+are+married%2C+regardless+of+actual+marital+status. "HTTP/1.1 200 OK"
HTTP Request: GET https://translate.googleapis.com/translate_a/single?client=gtx&sl=auto&tl=es&dt=t&q=Professor+Pamela+Ferguson+of+the+University+of+Dundee "HTTP/1.1 200 OK"
HTTP Request: GET https://translate.googleapis.com/translate_a/single?client=gtx&sl=auto&tl=es&dt=t&q=The+job%0Aof+navies%0Ahas+traditionally+been+to+ensure+that+your+country+maintains+the+ability+to+move+your+people+and+goods%2C%0Awhile+at+the+same+time%2C%0Ainterfering+with+your+enemy%27s+ability+to+move+his+people+and+goods. "HTTP/1.1 200 OK"
HTTP Request: GET https://translate.googleapis.com/translate_a/single?client=gtx&sl=auto&tl=es&dt=t&q=Professor+Pamela+Ferguson+of+the+University+of+Dundee%0Anotes+%22journalists "HTTP/1.1 200 OK"
HTTP Request: GET https://translate.googleapis.com/translate_a/single?client=gtx&sl=auto&tl=es&dt=t&q=Professor+Pamela+Ferguson+of+the+University+of+Dundee%0Anotes+%22journalists%0Ado+seem+to+be+walking+a+dangerous+line+if+publishing+photos+etc+of+suspects.%22 "HTTP/1.1 200 OK"
HTTP Request: GET https://translate.googleapis.com/translate_a/single?client=gtx&sl=auto&tl=es&dt=t&q=In+the+north+the+region+is+bounded+by+the+Sahel%2C "HTTP/1.1 200 OK"
HTTP Request: GET https://translate.googleapis.com/translate_a/single?client=gtx&sl=auto&tl=es&dt=t&q=If+you+have+watched+the+movie+National+Treasure%2C "HTTP/1.1 200 OK"
HTTP Request: GET https://translate.googleapis.com/translate_a/single?client=gtx&sl=auto&tl=es&dt=t&q=The+aspect+ratio+of+this+format+%28dividing+by+twelve+to+obtain+the+simplest+whole-number+ratio%29 "HTTP/1.1 200 OK"
HTTP Request: GET https://translate.googleapis.com/translate_a/single?client=gtx&sl=auto&tl=es&dt=t&q=The+composition+of+these+crystals%0Amatches+those+found+in+the+urine+of+affected+pets+when+compared+by+infrared+spectroscopy+%28FTIR%29. "HTTP/1.1 200 OK"
HTTP Request: GET https://translate.googleapis.com/translate_a/single?client=gtx&sl=auto&tl=es&dt=t&q=Scaffolding+is+not+a+method+of+learning%0Abut+rather+an+aid+that+provides+support+to+individuals "HTTP/1.1 200 OK"
HTTP Request: GET https://translate.googleapis.com/translate_a/single?client=gtx&sl=auto&tl=es&dt=t&q=Finally%2C%0Athere+are+many+small+cats+%28including+loose+pet+cats%29%0Athat+eat+the+far+more+numerous+small+prey+like+insects%2C+rodents%2C+lizards%2C+and+birds. "HTTP/1.1 200 OK"
HTTP Request: GET https://translate.googleapis.com/translate_a/single?client=gtx&sl=auto&tl=es&dt=t&q=In+the+north+the+region+is+bounded+by+the+Sahel%2C%0Aand+in+the+south+and+west+by+the+Atlantic+Ocean. "HTTP/1.1 200 OK"
HTTP Request: GET https://translate.googleapis.com/translate_a/single?client=gtx&sl=auto&tl=es&dt=t&q=If+you+have+watched+the+movie+National+Treasure%2C%0Ayou+may+think+a+treasure+map "HTTP/1.1 200 OK"
HTTP Request: GET https://translate.googleapis.com/translate_a/single?client=gtx&sl=auto&tl=es&dt=t&q=Scaffolding+is+not+a+method+of+learning%0Abut+rather+an+aid+that+provides+support+to+individuals%0Awhom+are+undergoing+a+new+learning+experience "HTTP/1.1 200 OK"
HTTP Request: GET https://translate.googleapis.com/translate_a/single?client=gtx&sl=auto&tl=es&dt=t&q=The+aspect+ratio+of+this+format+%28dividing+by+twelve+to+obtain+the+simplest+whole-number+ratio%29%0Ais+therefore "HTTP/1.1 200 OK"
HTTP Request: GET https://translate.googleapis.com/translate_a/single?client=gtx&sl=auto&tl=es&dt=t&q=If+you+have+watched+the+movie+National+Treasure%2C%0Ayou+may+think+a+treasure+map%0Awas+written+on+the+back+of+the+Declaration+of+Independence. "HTTP/1.1 200 OK"
HTTP Request: GET https://translate.googleapis.com/translate_a/single?client=gtx&sl=auto&tl=es&dt=t&q=The+aspect+ratio+of+this+format+%28dividing+by+twelve+to+obtain+the+simplest+whole-number+ratio%29%0Ais+therefore%0Asaid+to+be+3%3A2. "HTTP/1.1 200 OK"
HTTP Request: GET https://translate.googleapis.com/translate_a/single?client=gtx&sl=auto&tl=es&dt=t&q=It+is+one+of+the+main+attractions+of+South+Africa%0Aand+it+is+considered%0Athe+flagship+of+South+African+National+Parks+%28SANParks%29. "HTTP/1.1 200 OK"
HTTP Request: GET https://translate.googleapis.com/translate_a/single?client=gtx&sl=auto&tl=es&dt=t&q=Apia+is+the+capital+of+Samoa.%0AThe+town+is+on+the+island+of+Upolu%0Aand+has+a+population+of+just+under+40%2C000. "HTTP/1.1 200 OK"
HTTP Request: GET https://translate.googleapis.com/translate_a/single?client=gtx&sl=auto&tl=es&dt=t&q=It+is+related+to+but+usually+not+involving+alpine+style+ski+touring%0Aor+mountaineering%2C%0Athe+latter+ones+done+in+steep+terrain%0Aand+requiring+much+stiffer+skis+and+boots. "HTTP/1.1 200 OK"
HTTP Request: GET https://translate.googleapis.com/translate_a/single?client=gtx&sl=auto&tl=es&dt=t&q=His+work+is+of+such+recognized+quality%0Aand+detail+that+he+is+one+of+the+very+few+%22household+names%22 "HTTP/1.1 200 OK"
HTTP Request: GET https://translate.googleapis.com/translate_a/single?client=gtx&sl=auto&tl=es&dt=t&q=His+work+is+of+such+recognized+quality%0Aand+detail+that+he+is+one+of+the+very+few+%22household+names%22%0Aamong+philatelists. "HTTP/1.1 200 OK"
HTTP Request: GET https://translate.googleapis.com/translate_a/single?client=gtx&sl=auto&tl=es&dt=t&q=Regular+announcements+in+the+Metro%0Aare+made+only+in+Catalan%2C%0Abut+unplanned+disruptions+are+announced+by+an+automated+system%0Ain+a+wide+variety+of+languages+including+Spanish%2C+English%2C+French%2C+Arabic+and+Japanese. "HTTP/1.1 200 OK"
HTTP Request: GET https://translate.googleapis.com/translate_a/single?client=gtx&sl=auto&tl=es&dt=t&q=Scaffolding+is+not+a+method+of+learning%0Abut+rather+an+aid+that+provides+support+to+individuals%0Awhom+are+undergoing+a+new+learning+experience%0Asuch+as+using+a+new+computer+program+or+beginning+a+new+project. "HTTP/1.1 200 OK"
HTTP Request: GET https://translate.googleapis.com/translate_a/single?client=gtx&sl=auto&tl=es&dt=t&q=Plants+look+their+best+when+in+a+natural+environment%2C "HTTP/1.1 200 OK"
HTTP Request: GET https://translate.googleapis.com/translate_a/single?client=gtx&sl=auto&tl=es&dt=t&q=The+pyramid+sound+and+light+show%0Ais+one+of+the+most+interesting+things+in+the+area+for+kids. "HTTP/1.1 200 OK"
HTTP Request: GET https://translate.googleapis.com/translate_a/single?client=gtx&sl=auto&tl=es&dt=t&q=People+have+known+about+basic+chemical+elements+such+as+gold%2C "HTTP/1.1 200 OK"
HTTP Request: GET https://translate.googleapis.com/translate_a/single?client=gtx&sl=auto&tl=es&dt=t&q=Plants+look+their+best+when+in+a+natural+environment%2C%0Aso+resist+the+temptation+to+remove+even+%22just+one%22+specimen. "HTTP/1.1 200 OK"
HTTP Request: GET https://translate.googleapis.com/translate_a/single?client=gtx&sl=auto&tl=es&dt=t&q=His+work+is+of+such+recognized+quality%0Aand+detail+that+he+is+one+of+the+very+few+%22household+names%22%0Aamong+philatelists.%0ASome+specialize+in+collecting+his+work+alone. "HTTP/1.1 200 OK"
HTTP Request: GET https://translate.googleapis.com/translate_a/single?client=gtx&sl=auto&tl=es&dt=t&q=People+have+known+about+basic+chemical+elements+such+as+gold%2C%0Asilver%2C "HTTP/1.1 200 OK"
HTTP Request: GET https://translate.googleapis.com/translate_a/single?client=gtx&sl=auto&tl=es&dt=t&q=People+have+known+about+basic+chemical+elements+such+as+gold%2C%0Asilver%2C%0Aand+copper+from+antiquity%2C "HTTP/1.1 200 OK"
HTTP Request: GET https://translate.googleapis.com/translate_a/single?client=gtx&sl=auto&tl=es&dt=t&q=Due+to+the+underwater+topology%0Athe+return+flow+is+concentrated+at+a+few+deeper+sections%2C "HTTP/1.1 200 OK"
HTTP Request: GET https://translate.googleapis.com/translate_a/single?client=gtx&sl=auto&tl=es&dt=t&q=Greenland+was+settled+sparsely.%0AIn+the+Norse+sagas+they+say+that+Erik+the+Red+was+exiled+from+Iceland+for+murder%2C "HTTP/1.1 200 OK"
HTTP Request: GET https://translate.googleapis.com/translate_a/single?client=gtx&sl=auto&tl=es&dt=t&q=Bishkek+was+described+as+sinking+into+a+state+of+%22anarchy%22 "HTTP/1.1 200 OK"
HTTP Request: GET https://translate.googleapis.com/translate_a/single?client=gtx&sl=auto&tl=es&dt=t&q=USA+Gymnastics+and+the+USOC+have+the+same+goal+%E2%80%94%0Amaking+the+sport+of+gymnastics%2C%0Aand+others%2C%0Aas+safe+as+possible+for+athletes+to+follow+their+dreams+in+a+safe%2C+positive+and+empowered+environment. "HTTP/1.1 200 OK"
HTTP Request: GET https://translate.googleapis.com/translate_a/single?client=gtx&sl=auto&tl=es&dt=t&q=First+among+its+78+recommendations+is+that+a+new+diplomatic+initiative "HTTP/1.1 200 OK"
HTTP Request: GET https://translate.googleapis.com/translate_a/single?client=gtx&sl=auto&tl=es&dt=t&q=People+have+known+about+basic+chemical+elements+such+as+gold%2C%0Asilver%2C%0Aand+copper+from+antiquity%2C%0Aas+these+can+all+be+discovered+in+nature+in+native+form+and+are+relatively+simple+to+mine+with+primitive+tools. "HTTP/1.1 200 OK"
HTTP Request: GET https://translate.googleapis.com/translate_a/single?client=gtx&sl=auto&tl=es&dt=t&q=Several+large+television+screens%0Awere+installed+in+various+places+in+Rome+to+let+the+people+watch+the+ceremony. "HTTP/1.1 200 OK"
HTTP Request: GET https://translate.googleapis.com/translate_a/single?client=gtx&sl=auto&tl=es&dt=t&q=Greenland+was+settled+sparsely.%0AIn+the+Norse+sagas+they+say+that+Erik+the+Red+was+exiled+from+Iceland+for+murder%2C%0Aand+when+travelling+further+west%2C "HTTP/1.1 200 OK"
HTTP Request: GET https://translate.googleapis.com/translate_a/single?client=gtx&sl=auto&tl=es&dt=t&q=Bishkek+was+described+as+sinking+into+a+state+of+%22anarchy%22%0Aby+one+observer%2C "HTTP/1.1 200 OK"
HTTP Request: GET https://translate.googleapis.com/translate_a/single?client=gtx&sl=auto&tl=es&dt=t&q=Due+to+the+underwater+topology%0Athe+return+flow+is+concentrated+at+a+few+deeper+sections%2C%0Aand+a+fast+current+to+deep+water+may+form+there. "HTTP/1.1 200 OK"
HTTP Request: GET https://translate.googleapis.com/translate_a/single?client=gtx&sl=auto&tl=es&dt=t&q=Bishkek+was+described+as+sinking+into+a+state+of+%22anarchy%22%0Aby+one+observer%2C%0Aas+gangs+of+people+roamed+the+streets+and+plundered+stores+of+consumer+goods. "HTTP/1.1 200 OK"
HTTP Request: GET https://translate.googleapis.com/translate_a/single?client=gtx&sl=auto&tl=es&dt=t&q=First+among+its+78+recommendations+is+that+a+new+diplomatic+initiative%0Ashould+be+taken+before+the+end+of+this+year "HTTP/1.1 200 OK"
HTTP Request: GET https://translate.googleapis.com/translate_a/single?client=gtx&sl=auto&tl=es&dt=t&q=Greenland+was+settled+sparsely.%0AIn+the+Norse+sagas+they+say+that+Erik+the+Red+was+exiled+from+Iceland+for+murder%2C%0Aand+when+travelling+further+west%2C%0Afound+Greenland+and+named+it+Greenland. "HTTP/1.1 200 OK"
HTTP Request: GET https://translate.googleapis.com/translate_a/single?client=gtx&sl=auto&tl=es&dt=t&q=First+among+its+78+recommendations+is+that+a+new+diplomatic+initiative%0Ashould+be+taken+before+the+end+of+this+year%0Ato+secure+Iraq%E2%80%99s+borders "HTTP/1.1 200 OK"
HTTP Request: GET https://translate.googleapis.com/translate_a/single?client=gtx&sl=auto&tl=es&dt=t&q=First+among+its+78+recommendations+is+that+a+new+diplomatic+initiative%0Ashould+be+taken+before+the+end+of+this+year%0Ato+secure+Iraq%E2%80%99s+borders%0Aagainst+hostile+interventions+and+to+re-establish+diplomatic+relations+with+its+neighbors. "HTTP/1.1 200 OK"
/home/mobility/STiTy/.venv-autoseg/lib/python3.10/site-packages/pytorch_lightning/utilities/_pytree.py:21: `isinstance(treespec, LeafSpec)` is deprecated, use `isinstance(treespec, TreeSpec) and treespec.is_leaf()` instead.
Spanish   T=8   laal 5.069  eff 0.7687  adq 0.8426  contra 0.0889  cons 0.8073  k 2.8
HTTP Request: GET https://translate.googleapis.com/translate_a/single?client=gtx&sl=auto&tl=es&dt=t&q=Generally+speaking%2C+two+behaviors+can+emerge+as+managers+begin+to+lead+their+former+peers. "HTTP/1.1 200 OK"
HTTP Request: GET https://translate.googleapis.com/translate_a/single?client=gtx&sl=auto&tl=es&dt=t&q=Generally+speaking%2C+two+behaviors+can+emerge+as+managers+begin+to+lead+their+former+peers.%0AOne+end+of+the+spectrum+is+trying+to+remain+%E2%80%9Cone+of+the+guys%E2%80%9D+%28or+gals%29. "HTTP/1.1 200 OK"
HTTP Request: GET https://translate.googleapis.com/translate_a/single?client=gtx&sl=auto&tl=es&dt=t&q=The+word+civilization+comes+from+the+Latin+civilis%2C+meaning+civil%2C+related+to+the+Latin+civis%2C+meaning+citizen%2C "HTTP/1.1 200 OK"
HTTP Request: GET https://translate.googleapis.com/translate_a/single?client=gtx&sl=auto&tl=es&dt=t&q=The+central+authority+of+the+church+had+been+in+Rome+for+over+a+thousand+years "HTTP/1.1 200 OK"
HTTP Request: GET https://translate.googleapis.com/translate_a/single?client=gtx&sl=auto&tl=es&dt=t&q=Virtual+Scaffolds+are+internalized+in+the+software+and+are+meant+to+question%2C "HTTP/1.1 200 OK"
HTTP Request: GET https://translate.googleapis.com/translate_a/single?client=gtx&sl=auto&tl=es&dt=t&q=As+a+result%2C+the+performers+smoke+cannabis+joints+on+stage%2C "HTTP/1.1 200 OK"
HTTP Request: GET https://translate.googleapis.com/translate_a/single?client=gtx&sl=auto&tl=es&dt=t&q=We+agree+with+the+USOC%27s+statement+that+the+interests+of+our+athletes+and+clubs%2C%0Aand+their+sport%2C+may+be+better+served+by+moving+forward+with+meaningful+change+within+our+organization%2C "HTTP/1.1 200 OK"
HTTP Request: GET https://translate.googleapis.com/translate_a/single?client=gtx&sl=auto&tl=es&dt=t&q=As+a+result%2C+the+performers+smoke+cannabis+joints+on+stage%2C%0Aand+the+theatre+itself+is+encouraging+the+audience+to+join+in. "HTTP/1.1 200 OK"
HTTP Request: GET https://translate.googleapis.com/translate_a/single?client=gtx&sl=auto&tl=es&dt=t&q=The+central+authority+of+the+church+had+been+in+Rome+for+over+a+thousand+years%0Aand+this+concentration+of+power+and+money "HTTP/1.1 200 OK"
HTTP Request: GET https://translate.googleapis.com/translate_a/single?client=gtx&sl=auto&tl=es&dt=t&q=The+word+civilization+comes+from+the+Latin+civilis%2C+meaning+civil%2C+related+to+the+Latin+civis%2C+meaning+citizen%2C%0Aand+civitas%2C+meaning+city+or+city-state%2C "HTTP/1.1 200 OK"
HTTP Request: GET https://translate.googleapis.com/translate_a/single?client=gtx&sl=auto&tl=es&dt=t&q=We+agree+with+the+USOC%27s+statement+that+the+interests+of+our+athletes+and+clubs%2C%0Aand+their+sport%2C+may+be+better+served+by+moving+forward+with+meaningful+change+within+our+organization%2C%0Arather+than+decertification. "HTTP/1.1 200 OK"
HTTP Request: GET https://translate.googleapis.com/translate_a/single?client=gtx&sl=auto&tl=es&dt=t&q=The+central+authority+of+the+church+had+been+in+Rome+for+over+a+thousand+years%0Aand+this+concentration+of+power+and+money%0Aled+many+to+question+whether+this+tenet+was+being+met. "HTTP/1.1 200 OK"
HTTP Request: GET https://translate.googleapis.com/translate_a/single?client=gtx&sl=auto&tl=es&dt=t&q=The+word+civilization+comes+from+the+Latin+civilis%2C+meaning+civil%2C+related+to+the+Latin+civis%2C+meaning+citizen%2C%0Aand+civitas%2C+meaning+city+or+city-state%2C%0Aand+that+also+somehow+defines+the+size+of+the+society. "HTTP/1.1 200 OK"
HTTP Request: GET https://translate.googleapis.com/translate_a/single?client=gtx&sl=auto&tl=es&dt=t&q=Alloys+are+basically+a+mixture+of+two+or+more+metals.+Don%27t+forget+that+there+are+many+elements "HTTP/1.1 200 OK"
HTTP Request: GET https://translate.googleapis.com/translate_a/single?client=gtx&sl=auto&tl=es&dt=t&q=We+make+our+houses+from+plants+and+make+clothes+from+plants.+Most+foods+that+we+eat+are+plants.+Without+plants%2C "HTTP/1.1 200 OK"
HTTP Request: GET https://translate.googleapis.com/translate_a/single?client=gtx&sl=auto&tl=es&dt=t&q=Alloys+are+basically+a+mixture+of+two+or+more+metals.+Don%27t+forget+that+there+are+many+elements%0Aon+the+periodic+table. "HTTP/1.1 200 OK"
HTTP Request: GET https://translate.googleapis.com/translate_a/single?client=gtx&sl=auto&tl=es&dt=t&q=We+make+our+houses+from+plants+and+make+clothes+from+plants.+Most+foods+that+we+eat+are+plants.+Without+plants%2C%0Aanimals+could+not+survive. "HTTP/1.1 200 OK"
HTTP Request: GET https://translate.googleapis.com/translate_a/single?client=gtx&sl=auto&tl=es&dt=t&q=Ancient+China+had+a+unique+way+of+showing+different+time+periods%3B "HTTP/1.1 200 OK"
HTTP Request: GET https://translate.googleapis.com/translate_a/single?client=gtx&sl=auto&tl=es&dt=t&q=Buses+depart+the+inter-district+bus+station+%28across+the+river%29 "HTTP/1.1 200 OK"
HTTP Request: GET https://translate.googleapis.com/translate_a/single?client=gtx&sl=auto&tl=es&dt=t&q=Also+to+the+north+visit+the+great+Sanctuary+of+Our+Lady+of+Fatima+%28Shrine%29%2C "HTTP/1.1 200 OK"
HTTP Request: GET https://translate.googleapis.com/translate_a/single?client=gtx&sl=auto&tl=es&dt=t&q=Sleep+interruption+is+the+process+of+purposefully+awakening+during+your+normal+sleep+period%0Aand+falling+asleep+a+short+time+later+%2810%E2%80%9360+minutes%29. "HTTP/1.1 200 OK"
HTTP Request: GET https://translate.googleapis.com/translate_a/single?client=gtx&sl=auto&tl=es&dt=t&q=Ancient+China+had+a+unique+way+of+showing+different+time+periods%3B%0Aeach+stage+of+China+or+each+family+that+was+in+power+was+a+distinctive+dynasty. "HTTP/1.1 200 OK"
HTTP Request: GET https://translate.googleapis.com/translate_a/single?client=gtx&sl=auto&tl=es&dt=t&q=Also+to+the+north+visit+the+great+Sanctuary+of+Our+Lady+of+Fatima+%28Shrine%29%2C%0Aa+place+of+worldwide+famous+Marian+apparitions. "HTTP/1.1 200 OK"
HTTP Request: GET https://translate.googleapis.com/translate_a/single?client=gtx&sl=auto&tl=es&dt=t&q=Buses+depart+the+inter-district+bus+station+%28across+the+river%29%0Athroughout+the+day%2C+though+most%2C+especially+those+heading+to+the+east+and+Jakar%2FBumthang+leave+between+06%3A30+and+07%3A30. "HTTP/1.1 200 OK"
HTTP Request: GET https://translate.googleapis.com/translate_a/single?client=gtx&sl=auto&tl=es&dt=t&q=Virtual+Scaffolds+are+internalized+in+the+software+and+are+meant+to+question%2C%0Aprompt%2C+and+explain+procedures+that+may+have+been+to+challenging+for+the+student+to+handle+alone. "HTTP/1.1 200 OK"
HTTP Request: GET https://translate.googleapis.com/translate_a/single?client=gtx&sl=auto&tl=es&dt=t&q=While+Goma+is+reasonably+safe%2C%0Aany+visits+outside+of+Goma+should+be+researched+to+understand+the+state+of+the+fighting+that+persists+in+the+North+Kivu+province. "HTTP/1.1 200 OK"
HTTP Request: GET https://translate.googleapis.com/translate_a/single?client=gtx&sl=auto&tl=es&dt=t&q=At+the+other+end+of+the+spectrum%2C%0Aone+morphs+into+an+unrecognizable+individual "HTTP/1.1 200 OK"
HTTP Request: GET https://translate.googleapis.com/translate_a/single?client=gtx&sl=auto&tl=es&dt=t&q=At+the+other+end+of+the+spectrum%2C%0Aone+morphs+into+an+unrecognizable+individual%0Athat+feels+he+or+she+must+change+everything+the+team+has+been+doing+and+make+it+their+own. "HTTP/1.1 200 OK"
HTTP Request: GET https://translate.googleapis.com/translate_a/single?client=gtx&sl=auto&tl=es&dt=t&q=The+Giza+Plateau%2C+or+%22Giza+Necropolis%22+in+the+Egyptian+Valley+of+the+Dead "HTTP/1.1 200 OK"
HTTP Request: GET https://translate.googleapis.com/translate_a/single?client=gtx&sl=auto&tl=es&dt=t&q=The+harbor+was+the+site+of+an+infamous+naval+standoff+in+1889%0Awhen+seven+ships+from+Germany%2C+the+US%2C+and+Britain+refused+to+leave+the+harbor. "HTTP/1.1 200 OK"
HTTP Request: GET https://translate.googleapis.com/translate_a/single?client=gtx&sl=auto&tl=es&dt=t&q=In+1990%2C%0Ait+was+added+to+the+list+of+world+heritage+sites+in+danger%2C+due+to+the+threat+of+desert+sands. "HTTP/1.1 200 OK"
HTTP Request: GET https://translate.googleapis.com/translate_a/single?client=gtx&sl=auto&tl=es&dt=t&q=Oliver+Sacks%2C+in+his+paper+The+President%27s+Speech%2C "HTTP/1.1 200 OK"
HTTP Request: GET https://translate.googleapis.com/translate_a/single?client=gtx&sl=auto&tl=es&dt=t&q=Researchers+from+Princeton+University+in+the+United+States+and+Uppsala+University+in+Sweden+reported+the+new+species+evolved+in+just+two+generations%2C%0Athough+this+process+had+been+believed+to+take+much+longer%2C%0Adue+to+breeding+between+an+endemic+Darwin+finch%2C%0AGeospiza+fortes%2C+and+the+immigrant+cactus+finch%2C+Geospiza+conirostris. "HTTP/1.1 200 OK"
HTTP Request: GET https://translate.googleapis.com/translate_a/single?client=gtx&sl=auto&tl=es&dt=t&q=Similarly%2C%0Aby+having+a+Schengen+visa%2C+you+do+not+need+to+apply+for+visas+to+each+of+the+Schengen+member+countries+separately%2C+hence+saving+time%2C+money+and+paperwork. "HTTP/1.1 200 OK"
HTTP Request: GET https://translate.googleapis.com/translate_a/single?client=gtx&sl=auto&tl=es&dt=t&q=The+Giza+Plateau%2C+or+%22Giza+Necropolis%22+in+the+Egyptian+Valley+of+the+Dead%0Acontains+several+pyramids+%28of+which+the+great+pyramid+is+the+largest%29%2C "HTTP/1.1 200 OK"
HTTP Request: GET https://translate.googleapis.com/translate_a/single?client=gtx&sl=auto&tl=es&dt=t&q=Ironing+damp+clothes+can+help+them+dry.%0AMany+hotels+have+an+iron+and+ironing+board+available+for+loan%2C+even+if+one+is+not+present+in+the+room. "HTTP/1.1 200 OK"
HTTP Request: GET https://translate.googleapis.com/translate_a/single?client=gtx&sl=auto&tl=es&dt=t&q=As+a+result%2C%0Athe+process+of+an+organization+working+together+to+overcome+an+obstacle+can+lead+to+a+new+innovative+process+to+serve+the+customer%27s+need. "HTTP/1.1 200 OK"
HTTP Request: GET https://translate.googleapis.com/translate_a/single?client=gtx&sl=auto&tl=es&dt=t&q=The+Giza+Plateau%2C+or+%22Giza+Necropolis%22+in+the+Egyptian+Valley+of+the+Dead%0Acontains+several+pyramids+%28of+which+the+great+pyramid+is+the+largest%29%2C%0Aseveral+small+tombs%2C+several+temples%2C+and+the+great+Sphinx. "HTTP/1.1 200 OK"
HTTP Request: GET https://translate.googleapis.com/translate_a/single?client=gtx&sl=auto&tl=es&dt=t&q=You+can+use+boda-boda+%28motorcycle+taxi%29+to+get+around+Goma. "HTTP/1.1 200 OK"
HTTP Request: GET https://translate.googleapis.com/translate_a/single?client=gtx&sl=auto&tl=es&dt=t&q=We+don%27t+know+for+sure%2C+but+it+may+have+had+a+forked+tongue. "HTTP/1.1 200 OK"
HTTP Request: GET https://translate.googleapis.com/translate_a/single?client=gtx&sl=auto&tl=es&dt=t&q=You+can+use+boda-boda+%28motorcycle+taxi%29+to+get+around+Goma.%0AThe+normal+%28local%29+price+is+~500+Congolese+Francs+for+the+short+ride. "HTTP/1.1 200 OK"
HTTP Request: GET https://translate.googleapis.com/translate_a/single?client=gtx&sl=auto&tl=es&dt=t&q=We+don%27t+know+for+sure%2C+but+it+may+have+had+a+forked+tongue.%0AIts+diet+included+turtles%2C+large+fish%2C+other+mosasaurs%2C+and+it+may+even+have+been+a+cannibal. "HTTP/1.1 200 OK"
HTTP Request: GET https://translate.googleapis.com/translate_a/single?client=gtx&sl=auto&tl=es&dt=t&q=Other+subjects+on+the+agenda+in+Bali+include+saving+the+world%27s+remaining+forests%2C "HTTP/1.1 200 OK"
HTTP Request: GET https://translate.googleapis.com/translate_a/single?client=gtx&sl=auto&tl=es&dt=t&q=The+official+Falklands+currency+is+the+Falkland+pound+%28FKP%29 "HTTP/1.1 200 OK"
HTTP Request: GET https://translate.googleapis.com/translate_a/single?client=gtx&sl=auto&tl=es&dt=t&q=Oliver+Sacks%2C+in+his+paper+The+President%27s+Speech%2C%0Aindicated+how+people+who+are+unable+to+understand+speech+because+of+brain+damage+are+nevertheless+able+to+assess+sincerity+accurately. "HTTP/1.1 200 OK"
HTTP Request: GET https://translate.googleapis.com/translate_a/single?client=gtx&sl=auto&tl=es&dt=t&q=Hong+Kong+Island+gives+the+territory+of+Hong+Kong+its+name "HTTP/1.1 200 OK"
HTTP Request: GET https://translate.googleapis.com/translate_a/single?client=gtx&sl=auto&tl=es&dt=t&q=All+nouns%2C+alongside+the+word+Sie+for+you%2C%0Aalways+begin+with+a+capital+letter%2C+even+in+the+middle+of+a+sentence. "HTTP/1.1 200 OK"
HTTP Request: GET https://translate.googleapis.com/translate_a/single?client=gtx&sl=auto&tl=es&dt=t&q=The+city+is+also+the+base+to+climb+the+Nyiragongo+volcano "HTTP/1.1 200 OK"
HTTP Request: GET https://translate.googleapis.com/translate_a/single?client=gtx&sl=auto&tl=es&dt=t&q=In+fact%2C+it+is+not+easy+to+find+at+all+even+if+one+knew+it+existed. "HTTP/1.1 200 OK"
HTTP Request: GET https://translate.googleapis.com/translate_a/single?client=gtx&sl=auto&tl=es&dt=t&q=Other+subjects+on+the+agenda+in+Bali+include+saving+the+world%27s+remaining+forests%2C%0Aand+sharing+technologies+to+help+developing+nations+grow+in+less-polluting+ways. "HTTP/1.1 200 OK"
HTTP Request: GET https://translate.googleapis.com/translate_a/single?client=gtx&sl=auto&tl=es&dt=t&q=The+official+Falklands+currency+is+the+Falkland+pound+%28FKP%29%0Awhose+value+is+set+equivalent+to+that+of+one+British+pound+%28GBP%29. "HTTP/1.1 200 OK"
HTTP Request: GET https://translate.googleapis.com/translate_a/single?client=gtx&sl=auto&tl=es&dt=t&q=Hong+Kong+Island+gives+the+territory+of+Hong+Kong+its+name%0Aand+is+the+place+that+many+tourists+regard+as+the+main+focus. "HTTP/1.1 200 OK"
HTTP Request: GET https://translate.googleapis.com/translate_a/single?client=gtx&sl=auto&tl=es&dt=t&q=The+city+is+also+the+base+to+climb+the+Nyiragongo+volcano%0Aalong+with+some+of+the+cheapest+Mountain+Gorilla+tracking+in+Africa. "HTTP/1.1 200 OK"
HTTP Request: GET https://translate.googleapis.com/translate_a/single?client=gtx&sl=auto&tl=es&dt=t&q=In+fact%2C+it+is+not+easy+to+find+at+all+even+if+one+knew+it+existed.%0AOnce+inside+the+cave%2C+it+is+a+total+isolation. "HTTP/1.1 200 OK"
HTTP Request: GET https://translate.googleapis.com/translate_a/single?client=gtx&sl=auto&tl=es&dt=t&q=Barcelona%27s+official+languages+are+Catalan+and+Spanish.%0AAbout+a+half+prefer+to+speak+Catalan%2C+a+vast+majority+understands+it%2C+and+virtually+everyone+knows+Spanish. "HTTP/1.1 200 OK"
HTTP Request: GET https://translate.googleapis.com/translate_a/single?client=gtx&sl=auto&tl=es&dt=t&q=Lion+prides+act+much+like+packs+of+wolves+or+dogs%2C+animals+surprisingly+similar+to+lions+%28but+not+other+big+cats%29 "HTTP/1.1 200 OK"
HTTP Request: GET https://translate.googleapis.com/translate_a/single?client=gtx&sl=auto&tl=es&dt=t&q=Resting+on+the+top+of+one+of+the+mountains+north+of+Mecca%2C "HTTP/1.1 200 OK"
HTTP Request: GET https://translate.googleapis.com/translate_a/single?client=gtx&sl=auto&tl=es&dt=t&q=Resting+on+the+top+of+one+of+the+mountains+north+of+Mecca%2C%0Athe+cave+is+completely+isolated+from+the+rest+of+the+world. "HTTP/1.1 200 OK"
HTTP Request: GET https://translate.googleapis.com/translate_a/single?client=gtx&sl=auto&tl=es&dt=t&q=They+have+feet+with+scales+and+claws%2C%0Athey+lay+eggs%2C+and+they+walk+on+their+two+back+legs+like+a+T-Rex. "HTTP/1.1 200 OK"
HTTP Request: GET https://translate.googleapis.com/translate_a/single?client=gtx&sl=auto&tl=es&dt=t&q=Four+skiers+in+the+women%27s+sitting+group+failed+to+finish+their+runs%2C "HTTP/1.1 200 OK"
HTTP Request: GET https://translate.googleapis.com/translate_a/single?client=gtx&sl=auto&tl=es&dt=t&q=He+added+that+%22they+should+not%2C+however%2C+be+asked+to+take+on+obligations+that+go+beyond+their+development+stage%2C "HTTP/1.1 200 OK"
HTTP Request: GET https://translate.googleapis.com/translate_a/single?client=gtx&sl=auto&tl=es&dt=t&q=Professor+Pamela+Ferguson+of+the+University+of+Dundee%0Anotes+%22journalists+do+seem+to+be+walking+a+dangerous+line+if+publishing+photos+etc+of+suspects.%22 "HTTP/1.1 200 OK"
HTTP Request: GET https://translate.googleapis.com/translate_a/single?client=gtx&sl=auto&tl=es&dt=t&q=Cocham%C3%B3+Valley+-+Chile%27s+premier+climbing+destination%2C%0Aknown+as+the+Yosemite+of+South+America%2C+with+a+variety+of+granite+big+walls+and+crags. "HTTP/1.1 200 OK"
HTTP Request: GET https://translate.googleapis.com/translate_a/single?client=gtx&sl=auto&tl=es&dt=t&q=Lion+prides+act+much+like+packs+of+wolves+or+dogs%2C+animals+surprisingly+similar+to+lions+%28but+not+other+big+cats%29%0Ain+behavior%2C+and+also+very+deadly+to+their+prey. "HTTP/1.1 200 OK"
HTTP Request: GET https://translate.googleapis.com/translate_a/single?client=gtx&sl=auto&tl=es&dt=t&q=He+added+that+%22they+should+not%2C+however%2C+be+asked+to+take+on+obligations+that+go+beyond+their+development+stage%2C%0Aresponsibility+and+capabilities.%22 "HTTP/1.1 200 OK"
HTTP Request: GET https://translate.googleapis.com/translate_a/single?client=gtx&sl=auto&tl=es&dt=t&q=Vatican+City%27s+population+is+around+800. "HTTP/1.1 200 OK"
HTTP Request: GET https://translate.googleapis.com/translate_a/single?client=gtx&sl=auto&tl=es&dt=t&q=Vatican+City%27s+population+is+around+800.%0AIt+is+the+smallest+independent+country+in+the+world+and+the+country+with+the+lowest+population. "HTTP/1.1 200 OK"
HTTP Request: GET https://translate.googleapis.com/translate_a/single?client=gtx&sl=auto&tl=es&dt=t&q=The+aspect+ratio+of+this+format+%28dividing+by+twelve+to+obtain+the+simplest+whole-number+ratio%29%0Ais+therefore+said+to+be+3%3A2. "HTTP/1.1 200 OK"
HTTP Request: GET https://translate.googleapis.com/translate_a/single?client=gtx&sl=auto&tl=es&dt=t&q=Apia+is+the+capital+of+Samoa.%0AThe+town+is+on+the+island+of+Upolu+and+has+a+population+of+just+under+40%2C000. "HTTP/1.1 200 OK"
HTTP Request: GET https://translate.googleapis.com/translate_a/single?client=gtx&sl=auto&tl=es&dt=t&q=Finally%2C+there+are+many+small+cats+%28including+loose+pet+cats%29 "HTTP/1.1 200 OK"
HTTP Request: GET https://translate.googleapis.com/translate_a/single?client=gtx&sl=auto&tl=es&dt=t&q=The+job+of+navies+has+traditionally+been+to+ensure+that+your+country+maintains+the+ability+to+move+your+people+and+goods%2C "HTTP/1.1 200 OK"
HTTP Request: GET https://translate.googleapis.com/translate_a/single?client=gtx&sl=auto&tl=es&dt=t&q=It+is+one+of+the+main+attractions+of+South+Africa%0Aand+it+is+considered+the+flagship+of+South+African+National+Parks+%28SANParks%29. "HTTP/1.1 200 OK"
HTTP Request: GET https://translate.googleapis.com/translate_a/single?client=gtx&sl=auto&tl=es&dt=t&q=Scaffolding+is+not+a+method+of+learning+but+rather+an+aid+that+provides+support+to+individuals "HTTP/1.1 200 OK"
HTTP Request: GET https://translate.googleapis.com/translate_a/single?client=gtx&sl=auto&tl=es&dt=t&q=If+you+have+watched+the+movie+National+Treasure%2C%0Ayou+may+think+a+treasure+map+was+written+on+the+back+of+the+Declaration+of+Independence. "HTTP/1.1 200 OK"
HTTP Request: GET https://translate.googleapis.com/translate_a/single?client=gtx&sl=auto&tl=es&dt=t&q=Four+skiers+in+the+women%27s+sitting+group+failed+to+finish+their+runs%2C%0Aand+45+of+the+117+total+skiers+in+the+Giant+Slalom+failed+to+rank+in+the+race. "HTTP/1.1 200 OK"
HTTP Request: GET https://translate.googleapis.com/translate_a/single?client=gtx&sl=auto&tl=es&dt=t&q=Scaffolding+is+not+a+method+of+learning+but+rather+an+aid+that+provides+support+to+individuals%0Awhom+are+undergoing+a+new+learning+experience "HTTP/1.1 200 OK"
HTTP Request: GET https://translate.googleapis.com/translate_a/single?client=gtx&sl=auto&tl=es&dt=t&q=The+job+of+navies+has+traditionally+been+to+ensure+that+your+country+maintains+the+ability+to+move+your+people+and+goods%2C%0Awhile+at+the+same+time%2C "HTTP/1.1 200 OK"
HTTP Request: GET https://translate.googleapis.com/translate_a/single?client=gtx&sl=auto&tl=es&dt=t&q=Finally%2C+there+are+many+small+cats+%28including+loose+pet+cats%29%0Athat+eat+the+far+more+numerous+small+prey+like+insects%2C+rodents%2C+lizards%2C+and+birds. "HTTP/1.1 200 OK"
HTTP Request: GET https://translate.googleapis.com/translate_a/single?client=gtx&sl=auto&tl=es&dt=t&q=His+work+is+of+such+recognized+quality+and+detail+that+he+is+one+of+the+very+few+%22household+names%22+among+philatelists. "HTTP/1.1 200 OK"
HTTP Request: GET https://translate.googleapis.com/translate_a/single?client=gtx&sl=auto&tl=es&dt=t&q=Scaffolding+is+not+a+method+of+learning+but+rather+an+aid+that+provides+support+to+individuals%0Awhom+are+undergoing+a+new+learning+experience%0Asuch+as+using+a+new+computer+program+or+beginning+a+new+project. "HTTP/1.1 200 OK"
HTTP Request: GET https://translate.googleapis.com/translate_a/single?client=gtx&sl=auto&tl=es&dt=t&q=The+job+of+navies+has+traditionally+been+to+ensure+that+your+country+maintains+the+ability+to+move+your+people+and+goods%2C%0Awhile+at+the+same+time%2C%0Ainterfering+with+your+enemy%27s+ability+to+move+his+people+and+goods. "HTTP/1.1 200 OK"
HTTP Request: GET https://translate.googleapis.com/translate_a/single?client=gtx&sl=auto&tl=es&dt=t&q=His+work+is+of+such+recognized+quality+and+detail+that+he+is+one+of+the+very+few+%22household+names%22+among+philatelists.%0ASome+specialize+in+collecting+his+work+alone. "HTTP/1.1 200 OK"
HTTP Request: GET https://translate.googleapis.com/translate_a/single?client=gtx&sl=auto&tl=es&dt=t&q=People+have+known+about+basic+chemical+elements+such+as+gold%2C%0Asilver%2C+and+copper+from+antiquity%2C "HTTP/1.1 200 OK"
HTTP Request: GET https://translate.googleapis.com/translate_a/single?client=gtx&sl=auto&tl=es&dt=t&q=People+have+known+about+basic+chemical+elements+such+as+gold%2C%0Asilver%2C+and+copper+from+antiquity%2C%0Aas+these+can+all+be+discovered+in+nature+in+native+form+and+are+relatively+simple+to+mine+with+primitive+tools. "HTTP/1.1 200 OK"
HTTP Request: GET https://translate.googleapis.com/translate_a/single?client=gtx&sl=auto&tl=es&dt=t&q=It+is+related+to+but+usually+not+involving+alpine+style+ski+touring+or+mountaineering%2C "HTTP/1.1 200 OK"
HTTP Request: GET https://translate.googleapis.com/translate_a/single?client=gtx&sl=auto&tl=es&dt=t&q=Bishkek+was+described+as+sinking+into+a+state+of+%22anarchy%22+by+one+observer%2C "HTTP/1.1 200 OK"
HTTP Request: GET https://translate.googleapis.com/translate_a/single?client=gtx&sl=auto&tl=es&dt=t&q=Due+to+the+underwater+topology+the+return+flow+is+concentrated+at+a+few+deeper+sections%2C "HTTP/1.1 200 OK"
HTTP Request: GET https://translate.googleapis.com/translate_a/single?client=gtx&sl=auto&tl=es&dt=t&q=Greenland+was+settled+sparsely.%0AIn+the+Norse+sagas+they+say+that+Erik+the+Red+was+exiled+from+Iceland+for+murder%2C%0Aand+when+travelling+further+west%2C+found+Greenland+and+named+it+Greenland. "HTTP/1.1 200 OK"
HTTP Request: GET https://translate.googleapis.com/translate_a/single?client=gtx&sl=auto&tl=es&dt=t&q=Regular+announcements+in+the+Metro+are+made+only+in+Catalan%2C "HTTP/1.1 200 OK"
HTTP Request: GET https://translate.googleapis.com/translate_a/single?client=gtx&sl=auto&tl=es&dt=t&q=First+among+its+78+recommendations+is+that+a+new+diplomatic+initiative%0Ashould+be+taken+before+the+end+of+this+year%0Ato+secure+Iraq%E2%80%99s+borders+against+hostile+interventions+and+to+re-establish+diplomatic+relations+with+its+neighbors. "HTTP/1.1 200 OK"
HTTP Request: GET https://translate.googleapis.com/translate_a/single?client=gtx&sl=auto&tl=es&dt=t&q=USA+Gymnastics+and+the+USOC+have+the+same+goal+%E2%80%94%0Amaking+the+sport+of+gymnastics%2C%0Aand+others%2C+as+safe+as+possible+for+athletes+to+follow+their+dreams+in+a+safe%2C+positive+and+empowered+environment. "HTTP/1.1 200 OK"
HTTP Request: GET https://translate.googleapis.com/translate_a/single?client=gtx&sl=auto&tl=es&dt=t&q=Regular+announcements+in+the+Metro+are+made+only+in+Catalan%2C%0Abut+unplanned+disruptions+are+announced+by+an+automated+system "HTTP/1.1 200 OK"
HTTP Request: GET https://translate.googleapis.com/translate_a/single?client=gtx&sl=auto&tl=es&dt=t&q=Due+to+the+underwater+topology+the+return+flow+is+concentrated+at+a+few+deeper+sections%2C%0Aand+a+fast+current+to+deep+water+may+form+there. "HTTP/1.1 200 OK"
HTTP Request: GET https://translate.googleapis.com/translate_a/single?client=gtx&sl=auto&tl=es&dt=t&q=Bishkek+was+described+as+sinking+into+a+state+of+%22anarchy%22+by+one+observer%2C%0Aas+gangs+of+people+roamed+the+streets+and+plundered+stores+of+consumer+goods. "HTTP/1.1 200 OK"
HTTP Request: GET https://translate.googleapis.com/translate_a/single?client=gtx&sl=auto&tl=es&dt=t&q=Regular+announcements+in+the+Metro+are+made+only+in+Catalan%2C%0Abut+unplanned+disruptions+are+announced+by+an+automated+system%0Ain+a+wide+variety+of+languages+including+Spanish%2C+English%2C+French%2C+Arabic+and+Japanese. "HTTP/1.1 200 OK"
HTTP Request: GET https://translate.googleapis.com/translate_a/single?client=gtx&sl=auto&tl=es&dt=t&q=It+is+related+to+but+usually+not+involving+alpine+style+ski+touring+or+mountaineering%2C%0Athe+latter+ones+done+in+steep+terrain+and+requiring+much+stiffer+skis+and+boots. "HTTP/1.1 200 OK"
/home/mobility/STiTy/.venv-autoseg/lib/python3.10/site-packages/pytorch_lightning/utilities/_pytree.py:21: `isinstance(treespec, LeafSpec)` is deprecated, use `isinstance(treespec, TreeSpec) and treespec.is_leaf()` instead.
You seem to be using the pipelines sequentially on GPU. In order to maximize efficiency please use a dataset
Spanish   T=12  laal 6.043  eff 0.7780  adq 0.8549  contra 0.0913  cons 0.8339  k 2.14
HTTP Request: GET https://translate.googleapis.com/translate_a/single?client=gtx&sl=auto&tl=ko&dt=t&q=The+word+civilization+comes+from+the+Latin+civilis%2C+meaning+civil%2C+related+to+the+Latin+civis%2C+meaning+citizen%2C+and+civitas%2C+meaning+city+or+city-state%2C+and+that+also+somehow+defines+the+size+of+the+society. "HTTP/1.1 200 OK"
HTTP Request: GET https://translate.googleapis.com/translate_a/single?client=gtx&sl=auto&tl=ko&dt=t&q=As+a+result%2C+the+performers+smoke+cannabis+joints+on+stage%2C+and+the+theatre+itself+is+encouraging+the+audience+to+join+in. "HTTP/1.1 200 OK"
HTTP Request: GET https://translate.googleapis.com/translate_a/single?client=gtx&sl=auto&tl=ko&dt=t&q=Throughout+1960s%2C+Brzezinski+worked+for+John+F.+Kennedy+as+his+advisor+and+then+the+Lyndon+B.+Johnson+administration. "HTTP/1.1 200 OK"
HTTP Request: GET https://translate.googleapis.com/translate_a/single?client=gtx&sl=auto&tl=ko&dt=t&q=Virtual+Scaffolds+are+internalized+in+the+software+and+are+meant+to+question%2C+prompt%2C+and+explain+procedures+that+may+have+been+to+challenging+for+the+student+to+handle+alone. "HTTP/1.1 200 OK"
HTTP Request: GET https://translate.googleapis.com/translate_a/single?client=gtx&sl=auto&tl=ko&dt=t&q=A+search+of+the+Internet+for+%27Hostile+environment+course%27+will+probably+provide+the+address+of+a+local+company. "HTTP/1.1 200 OK"
HTTP Request: GET https://translate.googleapis.com/translate_a/single?client=gtx&sl=auto&tl=ko&dt=t&q=Scientists+hope+to+understand+how+planets+form%2C+especially+how+the+Earth+formed%2C+since+comets+collided+with+the+Earth+long+ago. "HTTP/1.1 200 OK"
HTTP Request: GET https://translate.googleapis.com/translate_a/single?client=gtx&sl=auto&tl=ko&dt=t&q=Generally+speaking%2C+two+behaviors+can+emerge+as+managers+begin+to+lead+their+former+peers.+One+end+of+the+spectrum+is+trying+to+remain+%E2%80%9Cone+of+the+guys%E2%80%9D+%28or+gals%29. "HTTP/1.1 200 OK"
HTTP Request: GET https://translate.googleapis.com/translate_a/single?client=gtx&sl=auto&tl=ko&dt=t&q=He+referred+to+the+rumors+as+%22political+chatter+and+silliness%22. "HTTP/1.1 200 OK"
HTTP Request: GET https://translate.googleapis.com/translate_a/single?client=gtx&sl=auto&tl=ko&dt=t&q=Through+the+night+between+150+and+200+copies+were+made%2C+now+known+as+%22Dunlap+broadsides%22. "HTTP/1.1 200 OK"
HTTP Request: GET https://translate.googleapis.com/translate_a/single?client=gtx&sl=auto&tl=ko&dt=t&q=As+a+result%2C+two+fish+species+have+become+extinct%2C+and+two+others+have+become+endangered%2C+including+the+humpback+chub. "HTTP/1.1 200 OK"
HTTP Request: GET https://translate.googleapis.com/translate_a/single?client=gtx&sl=auto&tl=ko&dt=t&q=We+agree+with+the+USOC%27s+statement+that+the+interests+of+our+athletes+and+clubs%2C+and+their+sport%2C+may+be+better+served+by+moving+forward+with+meaningful+change+within+our+organization%2C+rather+than+decertification. "HTTP/1.1 200 OK"
HTTP Request: GET https://translate.googleapis.com/translate_a/single?client=gtx&sl=auto&tl=ko&dt=t&q=But+there+are+a+lot+of+things+about+birds+that+still+look+like+a+dinosaur. "HTTP/1.1 200 OK"
HTTP Request: GET https://translate.googleapis.com/translate_a/single?client=gtx&sl=auto&tl=ko&dt=t&q=Most+of+the+smaller+islands+are+independent+nations%2C+or+associated+with+France%2C+and+known+as+luxury+beach+resorts. "HTTP/1.1 200 OK"
HTTP Request: GET https://translate.googleapis.com/translate_a/single?client=gtx&sl=auto&tl=ko&dt=t&q=Also+to+the+north+visit+the+great+Sanctuary+of+Our+Lady+of+Fatima+%28Shrine%29%2C+a+place+of+worldwide+famous+Marian+apparitions. "HTTP/1.1 200 OK"
HTTP Request: GET https://translate.googleapis.com/translate_a/single?client=gtx&sl=auto&tl=ko&dt=t&q=Fire+rescue+crews+eventually+doused+the+fire+by+11%3A35+pm. "HTTP/1.1 200 OK"
HTTP Request: GET https://translate.googleapis.com/translate_a/single?client=gtx&sl=auto&tl=ko&dt=t&q=Buses+depart+the+inter-district+bus+station+%28across+the+river%29+throughout+the+day%2C+though+most%2C+especially+those+heading+to+the+east+and+Jakar%2FBumthang+leave+between+06%3A30+and+07%3A30. "HTTP/1.1 200 OK"
HTTP Request: GET https://translate.googleapis.com/translate_a/single?client=gtx&sl=auto&tl=ko&dt=t&q=Similarly%2C+by+having+a+Schengen+visa%2C+you+do+not+need+to+apply+for+visas+to+each+of+the+Schengen+member+countries+separately%2C+hence+saving+time%2C+money+and+paperwork. "HTTP/1.1 200 OK"
HTTP Request: GET https://translate.googleapis.com/translate_a/single?client=gtx&sl=auto&tl=ko&dt=t&q=Sleep+interruption+is+the+process+of+purposefully+awakening+during+your+normal+sleep+period+and+falling+asleep+a+short+time+later+%2810%E2%80%9360+minutes%29. "HTTP/1.1 200 OK"
HTTP Request: GET https://translate.googleapis.com/translate_a/single?client=gtx&sl=auto&tl=ko&dt=t&q=At+the+other+end+of+the+spectrum%2C+one+morphs+into+an+unrecognizable+individual+that+feels+he+or+she+must+change+everything+the+team+has+been+doing+and+make+it+their+own. "HTTP/1.1 200 OK"
HTTP Request: GET https://translate.googleapis.com/translate_a/single?client=gtx&sl=auto&tl=ko&dt=t&q=While+Goma+is+reasonably+safe%2C+any+visits+outside+of+Goma+should+be+researched+to+understand+the+state+of+the+fighting+that+persists+in+the+North+Kivu+province. "HTTP/1.1 200 OK"
HTTP Request: GET https://translate.googleapis.com/translate_a/single?client=gtx&sl=auto&tl=ko&dt=t&q=The+802.11n+standard+operates+on+both+the+2.4Ghz+and+5.0Ghz+frequencies. "HTTP/1.1 200 OK"
HTTP Request: GET https://translate.googleapis.com/translate_a/single?client=gtx&sl=auto&tl=ko&dt=t&q=We+make+our+houses+from+plants+and+make+clothes+from+plants.+Most+foods+that+we+eat+are+plants.+Without+plants%2C+animals+could+not+survive. "HTTP/1.1 200 OK"
HTTP Request: GET https://translate.googleapis.com/translate_a/single?client=gtx&sl=auto&tl=ko&dt=t&q=Alloys+are+basically+a+mixture+of+two+or+more+metals.+Don%27t+forget+that+there+are+many+elements+on+the+periodic+table. "HTTP/1.1 200 OK"
HTTP Request: GET https://translate.googleapis.com/translate_a/single?client=gtx&sl=auto&tl=ko&dt=t&q=Ancient+China+had+a+unique+way+of+showing+different+time+periods%3B+each+stage+of+China+or+each+family+that+was+in+power+was+a+distinctive+dynasty. "HTTP/1.1 200 OK"
HTTP Request: GET https://translate.googleapis.com/translate_a/single?client=gtx&sl=auto&tl=ko&dt=t&q=The+Northern+Marianas+emergency+management+office+said+that+there+were+no+damages+reported+in+the+nation. "HTTP/1.1 200 OK"
HTTP Request: GET https://translate.googleapis.com/translate_a/single?client=gtx&sl=auto&tl=ko&dt=t&q=Giancarlo+Fisichella+lost+control+of+his+car+and+ended+the+race+very+soon+after+the+start. "HTTP/1.1 200 OK"
HTTP Request: GET https://translate.googleapis.com/translate_a/single?client=gtx&sl=auto&tl=ko&dt=t&q=The+governor%27s+office+said+nineteen+of+the+injured+were+police+officers. "HTTP/1.1 200 OK"
HTTP Request: GET https://translate.googleapis.com/translate_a/single?client=gtx&sl=auto&tl=ko&dt=t&q=The+same+month+saw+another+airliner+overrun+a+runway+at+Mashhad+and+strike+a+wall%2C+killing+seventeen. "HTTP/1.1 200 OK"
HTTP Request: GET https://translate.googleapis.com/translate_a/single?client=gtx&sl=auto&tl=ko&dt=t&q=The+central+authority+of+the+church+had+been+in+Rome+for+over+a+thousand+years+and+this+concentration+of+power+and+money+led+many+to+question+whether+this+tenet+was+being+met. "HTTP/1.1 200 OK"
HTTP Request: GET https://translate.googleapis.com/translate_a/single?client=gtx&sl=auto&tl=ko&dt=t&q=Cuomo%2C+53%2C+began+his+governorship+earlier+this+year+and+signed+a+bill+last+month+legalizing+same-sex+marriage. "HTTP/1.1 200 OK"
HTTP Request: GET https://translate.googleapis.com/translate_a/single?client=gtx&sl=auto&tl=ko&dt=t&q=Ancient+cultures+and+tribes+began+to+keep+them+for+easy+access+to+milk%2C+hair%2C+meat%2C+and+skins. "HTTP/1.1 200 OK"
HTTP Request: GET https://translate.googleapis.com/translate_a/single?client=gtx&sl=auto&tl=ko&dt=t&q=Oliver+Sacks%2C+in+his+paper+The+President%27s+Speech%2C+indicated+how+people+who+are+unable+to+understand+speech+because+of+brain+damage+are+nevertheless+able+to+assess+sincerity+accurately. "HTTP/1.1 200 OK"
HTTP Request: GET https://translate.googleapis.com/translate_a/single?client=gtx&sl=auto&tl=ko&dt=t&q=The+Giza+Plateau%2C+or+%22Giza+Necropolis%22+in+the+Egyptian+Valley+of+the+Dead+contains+several+pyramids+%28of+which+the+great+pyramid+is+the+largest%29%2C+several+small+tombs%2C+several+temples%2C+and+the+great+Sphinx. "HTTP/1.1 200 OK"
HTTP Request: GET https://translate.googleapis.com/translate_a/single?client=gtx&sl=auto&tl=ko&dt=t&q=Researchers+from+Princeton+University+in+the+United+States+and+Uppsala+University+in+Sweden+reported+the+new+species+evolved+in+just+two+generations%2C+though+this+process+had+been+believed+to+take+much+longer%2C+due+to+breeding+between+an+endemic+Darwin+finch%2C+Geospiza+fortes%2C+and+the+immigrant+cactus+finch%2C+Geospiza+conirostris. "HTTP/1.1 200 OK"
HTTP Request: GET https://translate.googleapis.com/translate_a/single?client=gtx&sl=auto&tl=ko&dt=t&q=The+term+bug+is+used+by+entomologists+in+a+formal+sense+for+this+group+of+insects. "HTTP/1.1 200 OK"
HTTP Request: GET https://translate.googleapis.com/translate_a/single?client=gtx&sl=auto&tl=ko&dt=t&q=Hong+Kong+Island+gives+the+territory+of+Hong+Kong+its+name+and+is+the+place+that+many+tourists+regard+as+the+main+focus. "HTTP/1.1 200 OK"
HTTP Request: GET https://translate.googleapis.com/translate_a/single?client=gtx&sl=auto&tl=ko&dt=t&q=The+city+is+also+the+base+to+climb+the+Nyiragongo+volcano+along+with+some+of+the+cheapest+Mountain+Gorilla+tracking+in+Africa. "HTTP/1.1 200 OK"
HTTP Request: GET https://translate.googleapis.com/translate_a/single?client=gtx&sl=auto&tl=ko&dt=t&q=The+harbor+was+the+site+of+an+infamous+naval+standoff+in+1889+when+seven+ships+from+Germany%2C+the+US%2C+and+Britain+refused+to+leave+the+harbor. "HTTP/1.1 200 OK"
HTTP Request: GET https://translate.googleapis.com/translate_a/single?client=gtx&sl=auto&tl=ko&dt=t&q=The+U.S.+Corps+of+Engineers+estimated+that+6+inches+of+rainfall+could+breach+the+previously+damaged+levees. "HTTP/1.1 200 OK"
HTTP Request: GET https://translate.googleapis.com/translate_a/single?client=gtx&sl=auto&tl=ko&dt=t&q=While+he+was+working+at+the+hospital+Liggins+began+to+investigate+premature+labor+during+his+spare+time. "HTTP/1.1 200 OK"
HTTP Request: GET https://translate.googleapis.com/translate_a/single?client=gtx&sl=auto&tl=ko&dt=t&q=Ironing+damp+clothes+can+help+them+dry.+Many+hotels+have+an+iron+and+ironing+board+available+for+loan%2C+even+if+one+is+not+present+in+the+room. "HTTP/1.1 200 OK"
HTTP Request: GET https://translate.googleapis.com/translate_a/single?client=gtx&sl=auto&tl=ko&dt=t&q=The+official+Falklands+currency+is+the+Falkland+pound+%28FKP%29+whose+value+is+set+equivalent+to+that+of+one+British+pound+%28GBP%29. "HTTP/1.1 200 OK"
HTTP Request: GET https://translate.googleapis.com/translate_a/single?client=gtx&sl=auto&tl=ko&dt=t&q=In+1990%2C+it+was+added+to+the+list+of+world+heritage+sites+in+danger%2C+due+to+the+threat+of+desert+sands. "HTTP/1.1 200 OK"
HTTP Request: GET https://translate.googleapis.com/translate_a/single?client=gtx&sl=auto&tl=ko&dt=t&q=As+a+result%2C+the+process+of+an+organization+working+together+to+overcome+an+obstacle+can+lead+to+a+new+innovative+process+to+serve+the+customer%27s+need. "HTTP/1.1 200 OK"
HTTP Request: GET https://translate.googleapis.com/translate_a/single?client=gtx&sl=auto&tl=ko&dt=t&q=Other+subjects+on+the+agenda+in+Bali+include+saving+the+world%27s+remaining+forests%2C+and+sharing+technologies+to+help+developing+nations+grow+in+less-polluting+ways. "HTTP/1.1 200 OK"
HTTP Request: GET https://translate.googleapis.com/translate_a/single?client=gtx&sl=auto&tl=ko&dt=t&q=In+just+two+weeks+the+Americans+and+Free+French+forces+had+liberated+southern+France+and+were+turning+towards+Germany. "HTTP/1.1 200 OK"
HTTP Request: GET https://translate.googleapis.com/translate_a/single?client=gtx&sl=auto&tl=ko&dt=t&q=According+to+Japan%27s+nuclear+agency%2C+radioactive+caesium+and+iodine+has+been+identified+at+the+plant. "HTTP/1.1 200 OK"
HTTP Request: GET https://translate.googleapis.com/translate_a/single?client=gtx&sl=auto&tl=ko&dt=t&q=You+can+use+boda-boda+%28motorcycle+taxi%29+to+get+around+Goma.+The+normal+%28local%29+price+is+~500+Congolese+Francs+for+the+short+ride. "HTTP/1.1 200 OK"
HTTP Request: GET https://translate.googleapis.com/translate_a/single?client=gtx&sl=auto&tl=ko&dt=t&q=All+nouns%2C+alongside+the+word+Sie+for+you%2C+always+begin+with+a+capital+letter%2C+even+in+the+middle+of+a+sentence. "HTTP/1.1 200 OK"
HTTP Request: GET https://translate.googleapis.com/translate_a/single?client=gtx&sl=auto&tl=ko&dt=t&q=The+Schengen+zone%2C+however%2C+works+somewhat+like+one+country+in+this+respect. "HTTP/1.1 200 OK"
HTTP Request: GET https://translate.googleapis.com/translate_a/single?client=gtx&sl=auto&tl=ko&dt=t&q=Parisians+have+a+reputation+for+being+egocentric%2C+rude+and+arrogant. "HTTP/1.1 200 OK"
HTTP Request: GET https://translate.googleapis.com/translate_a/single?client=gtx&sl=auto&tl=ko&dt=t&q=Lakkha+Singh+presented+the+chhappan+bhog+bhajan+as+well.+Singer%2C+Raju+Khandelwal+was+accompanying+him. "HTTP/1.1 200 OK"
HTTP Request: GET https://translate.googleapis.com/translate_a/single?client=gtx&sl=auto&tl=ko&dt=t&q=The+two+compounds+react+with+one+another+to+form+crystals+that+may+block+kidney+function%2C+researchers+at+the+university+said. "HTTP/1.1 200 OK"
HTTP Request: GET https://translate.googleapis.com/translate_a/single?client=gtx&sl=auto&tl=ko&dt=t&q=Large+areas+further+north+are+quite+sparsely+populated+and+some+is+nearly+uninhabited+wilderness. "HTTP/1.1 200 OK"
HTTP Request: GET https://translate.googleapis.com/translate_a/single?client=gtx&sl=auto&tl=ko&dt=t&q=They+have+feet+with+scales+and+claws%2C+they+lay+eggs%2C+and+they+walk+on+their+two+back+legs+like+a+T-Rex. "HTTP/1.1 200 OK"
HTTP Request: GET https://translate.googleapis.com/translate_a/single?client=gtx&sl=auto&tl=ko&dt=t&q=These+couples+may+choose+to+make+an+adoption+plan+for+their+baby. "HTTP/1.1 200 OK"
HTTP Request: GET https://translate.googleapis.com/translate_a/single?client=gtx&sl=auto&tl=ko&dt=t&q=Needless+to+say%2C+if+you+know+a+Romance+language%2C+it+will+be+easier+for+you+to+learn+Portuguese. "HTTP/1.1 200 OK"
HTTP Request: GET https://translate.googleapis.com/translate_a/single?client=gtx&sl=auto&tl=ko&dt=t&q=We+don%27t+know+for+sure%2C+but+it+may+have+had+a+forked+tongue.+Its+diet+included+turtles%2C+large+fish%2C+other+mosasaurs%2C+and+it+may+even+have+been+a+cannibal. "HTTP/1.1 200 OK"
HTTP Request: GET https://translate.googleapis.com/translate_a/single?client=gtx&sl=auto&tl=ko&dt=t&q=Goats+seem+to+have+been+first+domesticated+roughly+10%2C000+years+ago+in+the+Zagros+Mountains+of+Iran. "HTTP/1.1 200 OK"
HTTP Request: GET https://translate.googleapis.com/translate_a/single?client=gtx&sl=auto&tl=ko&dt=t&q=During+the+1920s%2C+the+prevailing+attitudes+of+most+citizens+and+nations+was+that+of+pacifism+and+isolation. "HTTP/1.1 200 OK"
HTTP Request: GET https://translate.googleapis.com/translate_a/single?client=gtx&sl=auto&tl=ko&dt=t&q=A+curry+is+a+dish+based+on+herbs+and+spices%2C+together+with+either+meat+or+vegetables. "HTTP/1.1 200 OK"
HTTP Request: GET https://translate.googleapis.com/translate_a/single?client=gtx&sl=auto&tl=ko&dt=t&q=Cocham%C3%B3+Valley+-+Chile%27s+premier+climbing+destination%2C+known+as+the+Yosemite+of+South+America%2C+with+a+variety+of+granite+big+walls+and+crags. "HTTP/1.1 200 OK"
HTTP Request: GET https://translate.googleapis.com/translate_a/single?client=gtx&sl=auto&tl=ko&dt=t&q=Aerosmith+have+cancelled+their+remaining+concerts+on+their+tour. "HTTP/1.1 200 OK"
HTTP Request: GET https://translate.googleapis.com/translate_a/single?client=gtx&sl=auto&tl=ko&dt=t&q=Prior+to+the+arrival+of+troops%2C+Haiti+had+not+encountered+problems+related+to+the+disease+since+the+1800s. "HTTP/1.1 200 OK"
HTTP Request: GET https://translate.googleapis.com/translate_a/single?client=gtx&sl=auto&tl=ko&dt=t&q=Scotturb+Bus+403+travels+regularly+to+Sintra%2C+stopping+at+Cabo+da+Roca. "HTTP/1.1 200 OK"
HTTP Request: GET https://translate.googleapis.com/translate_a/single?client=gtx&sl=auto&tl=ko&dt=t&q=Resting+on+the+top+of+one+of+the+mountains+north+of+Mecca%2C+the+cave+is+completely+isolated+from+the+rest+of+the+world. "HTTP/1.1 200 OK"
HTTP Request: GET https://translate.googleapis.com/translate_a/single?client=gtx&sl=auto&tl=ko&dt=t&q=In+fact%2C+it+is+not+easy+to+find+at+all+even+if+one+knew+it+existed.+Once+inside+the+cave%2C+it+is+a+total+isolation. "HTTP/1.1 200 OK"
HTTP Request: GET https://translate.googleapis.com/translate_a/single?client=gtx&sl=auto&tl=ko&dt=t&q=Beyond+Wednesday%27s+event%2C+Carpanedo+competed+in+two+individual+races+at+the+Championships. "HTTP/1.1 200 OK"
HTTP Request: GET https://translate.googleapis.com/translate_a/single?client=gtx&sl=auto&tl=ko&dt=t&q=Along+the+same+line%2C+men+are+required+to+wear+trousers+covering+the+knees. "HTTP/1.1 200 OK"
HTTP Request: GET https://translate.googleapis.com/translate_a/single?client=gtx&sl=auto&tl=ko&dt=t&q=Lion+prides+act+much+like+packs+of+wolves+or+dogs%2C+animals+surprisingly+similar+to+lions+%28but+not+other+big+cats%29+in+behavior%2C+and+also+very+deadly+to+their+prey. "HTTP/1.1 200 OK"
HTTP Request: GET https://translate.googleapis.com/translate_a/single?client=gtx&sl=auto&tl=ko&dt=t&q=Barcelona%27s+official+languages+are+Catalan+and+Spanish.+About+a+half+prefer+to+speak+Catalan%2C+a+vast+majority+understands+it%2C+and+virtually+everyone+knows+Spanish. "HTTP/1.1 200 OK"
HTTP Request: GET https://translate.googleapis.com/translate_a/single?client=gtx&sl=auto&tl=ko&dt=t&q=Women%3A+It+is+recommended+that+any+women+travellers+say+that+they+are+married%2C+regardless+of+actual+marital+status. "HTTP/1.1 200 OK"
HTTP Request: GET https://translate.googleapis.com/translate_a/single?client=gtx&sl=auto&tl=ko&dt=t&q=Television+reports+show+white+smoke+coming+from+the+plant. "HTTP/1.1 200 OK"
HTTP Request: GET https://translate.googleapis.com/translate_a/single?client=gtx&sl=auto&tl=ko&dt=t&q=Finally%2C+there+are+many+small+cats+%28including+loose+pet+cats%29+that+eat+the+far+more+numerous+small+prey+like+insects%2C+rodents%2C+lizards%2C+and+birds. "HTTP/1.1 200 OK"
HTTP Request: GET https://translate.googleapis.com/translate_a/single?client=gtx&sl=auto&tl=ko&dt=t&q=Professor+Pamela+Ferguson+of+the+University+of+Dundee+notes+%22journalists+do+seem+to+be+walking+a+dangerous+line+if+publishing+photos+etc+of+suspects.%22 "HTTP/1.1 200 OK"
HTTP Request: GET https://translate.googleapis.com/translate_a/single?client=gtx&sl=auto&tl=ko&dt=t&q=If+you+have+watched+the+movie+National+Treasure%2C+you+may+think+a+treasure+map+was+written+on+the+back+of+the+Declaration+of+Independence. "HTTP/1.1 200 OK"
HTTP Request: GET https://translate.googleapis.com/translate_a/single?client=gtx&sl=auto&tl=ko&dt=t&q=The+cabbage+juice+changes+color+depending+on+how+acidic+or+basic+%28alkaline%29+the+chemical+is. "HTTP/1.1 200 OK"
HTTP Request: GET https://translate.googleapis.com/translate_a/single?client=gtx&sl=auto&tl=ko&dt=t&q=Vatican+City%27s+population+is+around+800.+It+is+the+smallest+independent+country+in+the+world+and+the+country+with+the+lowest+population. "HTTP/1.1 200 OK"
HTTP Request: GET https://translate.googleapis.com/translate_a/single?client=gtx&sl=auto&tl=ko&dt=t&q=The+composition+of+these+crystals+matches+those+found+in+the+urine+of+affected+pets+when+compared+by+infrared+spectroscopy+%28FTIR%29. "HTTP/1.1 200 OK"
HTTP Request: GET https://translate.googleapis.com/translate_a/single?client=gtx&sl=auto&tl=ko&dt=t&q=The+aspect+ratio+of+this+format+%28dividing+by+twelve+to+obtain+the+simplest+whole-number+ratio%29+is+therefore+said+to+be+3%3A2. "HTTP/1.1 200 OK"
HTTP Request: GET https://translate.googleapis.com/translate_a/single?client=gtx&sl=auto&tl=ko&dt=t&q=It+is+one+of+the+main+attractions+of+South+Africa+and+it+is+considered+the+flagship+of+South+African+National+Parks+%28SANParks%29. "HTTP/1.1 200 OK"
HTTP Request: GET https://translate.googleapis.com/translate_a/single?client=gtx&sl=auto&tl=ko&dt=t&q=The+pyramid+sound+and+light+show+is+one+of+the+most+interesting+things+in+the+area+for+kids. "HTTP/1.1 200 OK"
HTTP Request: GET https://translate.googleapis.com/translate_a/single?client=gtx&sl=auto&tl=ko&dt=t&q=He+added+that+%22they+should+not%2C+however%2C+be+asked+to+take+on+obligations+that+go+beyond+their+development+stage%2C+responsibility+and+capabilities.%22 "HTTP/1.1 200 OK"
HTTP Request: GET https://translate.googleapis.com/translate_a/single?client=gtx&sl=auto&tl=ko&dt=t&q=Four+skiers+in+the+women%27s+sitting+group+failed+to+finish+their+runs%2C+and+45+of+the+117+total+skiers+in+the+Giant+Slalom+failed+to+rank+in+the+race. "HTTP/1.1 200 OK"
HTTP Request: GET https://translate.googleapis.com/translate_a/single?client=gtx&sl=auto&tl=ko&dt=t&q=The+job+of+navies+has+traditionally+been+to+ensure+that+your+country+maintains+the+ability+to+move+your+people+and+goods%2C+while+at+the+same+time%2C+interfering+with+your+enemy%27s+ability+to+move+his+people+and+goods. "HTTP/1.1 200 OK"
HTTP Request: GET https://translate.googleapis.com/translate_a/single?client=gtx&sl=auto&tl=ko&dt=t&q=In+the+north+the+region+is+bounded+by+the+Sahel%2C+and+in+the+south+and+west+by+the+Atlantic+Ocean. "HTTP/1.1 200 OK"
HTTP Request: GET https://translate.googleapis.com/translate_a/single?client=gtx&sl=auto&tl=ko&dt=t&q=Apia+is+the+capital+of+Samoa.+The+town+is+on+the+island+of+Upolu+and+has+a+population+of+just+under+40%2C000. "HTTP/1.1 200 OK"
HTTP Request: GET https://translate.googleapis.com/translate_a/single?client=gtx&sl=auto&tl=ko&dt=t&q=Plants+look+their+best+when+in+a+natural+environment%2C+so+resist+the+temptation+to+remove+even+%22just+one%22+specimen. "HTTP/1.1 200 OK"
HTTP Request: GET https://translate.googleapis.com/translate_a/single?client=gtx&sl=auto&tl=ko&dt=t&q=Six+hostages%2C+including+the+children+and+elderly%2C+were+released+early%2C+as+were+the+Filipino+photographers. "HTTP/1.1 200 OK"
HTTP Request: GET https://translate.googleapis.com/translate_a/single?client=gtx&sl=auto&tl=ko&dt=t&q=USA+Gymnastics+and+the+USOC+have+the+same+goal+%E2%80%94+making+the+sport+of+gymnastics%2C+and+others%2C+as+safe+as+possible+for+athletes+to+follow+their+dreams+in+a+safe%2C+positive+and+empowered+environment. "HTTP/1.1 200 OK"
HTTP Request: GET https://translate.googleapis.com/translate_a/single?client=gtx&sl=auto&tl=ko&dt=t&q=Scaffolding+is+not+a+method+of+learning+but+rather+an+aid+that+provides+support+to+individuals+whom+are+undergoing+a+new+learning+experience+such+as+using+a+new+computer+program+or+beginning+a+new+project. "HTTP/1.1 200 OK"
HTTP Request: GET https://translate.googleapis.com/translate_a/single?client=gtx&sl=auto&tl=ko&dt=t&q=Regular+announcements+in+the+Metro+are+made+only+in+Catalan%2C+but+unplanned+disruptions+are+announced+by+an+automated+system+in+a+wide+variety+of+languages+including+Spanish%2C+English%2C+French%2C+Arabic+and+Japanese. "HTTP/1.1 200 OK"
HTTP Request: GET https://translate.googleapis.com/translate_a/single?client=gtx&sl=auto&tl=ko&dt=t&q=It+is+related+to+but+usually+not+involving+alpine+style+ski+touring+or+mountaineering%2C+the+latter+ones+done+in+steep+terrain+and+requiring+much+stiffer+skis+and+boots. "HTTP/1.1 200 OK"
HTTP Request: GET https://translate.googleapis.com/translate_a/single?client=gtx&sl=auto&tl=ko&dt=t&q=Greenland+was+settled+sparsely.+In+the+Norse+sagas+they+say+that+Erik+the+Red+was+exiled+from+Iceland+for+murder%2C+and+when+travelling+further+west%2C+found+Greenland+and+named+it+Greenland. "HTTP/1.1 200 OK"
HTTP Request: GET https://translate.googleapis.com/translate_a/single?client=gtx&sl=auto&tl=ko&dt=t&q=Several+large+television+screens+were+installed+in+various+places+in+Rome+to+let+the+people+watch+the+ceremony. "HTTP/1.1 200 OK"
HTTP Request: GET https://translate.googleapis.com/translate_a/single?client=gtx&sl=auto&tl=ko&dt=t&q=Due+to+the+underwater+topology+the+return+flow+is+concentrated+at+a+few+deeper+sections%2C+and+a+fast+current+to+deep+water+may+form+there. "HTTP/1.1 200 OK"
HTTP Request: GET https://translate.googleapis.com/translate_a/single?client=gtx&sl=auto&tl=ko&dt=t&q=His+work+is+of+such+recognized+quality+and+detail+that+he+is+one+of+the+very+few+%22household+names%22+among+philatelists.+Some+specialize+in+collecting+his+work+alone. "HTTP/1.1 200 OK"
HTTP Request: GET https://translate.googleapis.com/translate_a/single?client=gtx&sl=auto&tl=ko&dt=t&q=People+have+known+about+basic+chemical+elements+such+as+gold%2C+silver%2C+and+copper+from+antiquity%2C+as+these+can+all+be+discovered+in+nature+in+native+form+and+are+relatively+simple+to+mine+with+primitive+tools. "HTTP/1.1 200 OK"
HTTP Request: GET https://translate.googleapis.com/translate_a/single?client=gtx&sl=auto&tl=ko&dt=t&q=First+among+its+78+recommendations+is+that+a+new+diplomatic+initiative+should+be+taken+before+the+end+of+this+year+to+secure+Iraq%E2%80%99s+borders+against+hostile+interventions+and+to+re-establish+diplomatic+relations+with+its+neighbors. "HTTP/1.1 200 OK"
HTTP Request: GET https://translate.googleapis.com/translate_a/single?client=gtx&sl=auto&tl=ko&dt=t&q=Bishkek+was+described+as+sinking+into+a+state+of+%22anarchy%22+by+one+observer%2C+as+gangs+of+people+roamed+the+streets+and+plundered+stores+of+consumer+goods. "HTTP/1.1 200 OK"
HTTP Request: GET https://translate.googleapis.com/translate_a/single?client=gtx&sl=auto&tl=ko&dt=t&q=As+a+result%2C "HTTP/1.1 200 OK"
HTTP Request: GET https://translate.googleapis.com/translate_a/single?client=gtx&sl=auto&tl=ko&dt=t&q=Generally+speaking%2C "HTTP/1.1 200 OK"
HTTP Request: GET https://translate.googleapis.com/translate_a/single?client=gtx&sl=auto&tl=ko&dt=t&q=A+search+of+the+Internet "HTTP/1.1 200 OK"
HTTP Request: GET https://translate.googleapis.com/translate_a/single?client=gtx&sl=auto&tl=ko&dt=t&q=The+word+civilization+comes+from+the+Latin+civilis%2C "HTTP/1.1 200 OK"
HTTP Request: GET https://translate.googleapis.com/translate_a/single?client=gtx&sl=auto&tl=ko&dt=t&q=A+search+of+the+Internet%0Afor%27+Hostile+environment+course%27 "HTTP/1.1 200 OK"
HTTP Request: GET https://translate.googleapis.com/translate_a/single?client=gtx&sl=auto&tl=ko&dt=t&q=Scientists+hope+to+understand+how+planets+form%2C "HTTP/1.1 200 OK"
HTTP Request: GET https://translate.googleapis.com/translate_a/single?client=gtx&sl=auto&tl=ko&dt=t&q=He+referred+to+the+rumors "HTTP/1.1 200 OK"
HTTP Request: GET https://translate.googleapis.com/translate_a/single?client=gtx&sl=auto&tl=ko&dt=t&q=The+word+civilization+comes+from+the+Latin+civilis%2C%0Ameaning+civil%2C "HTTP/1.1 200 OK"
HTTP Request: GET https://translate.googleapis.com/translate_a/single?client=gtx&sl=auto&tl=ko&dt=t&q=Throughout+1960s%2C "HTTP/1.1 200 OK"
HTTP Request: GET https://translate.googleapis.com/translate_a/single?client=gtx&sl=auto&tl=ko&dt=t&q=Through+the+night+between+150+and+200+copies+were+made%2C "HTTP/1.1 200 OK"
HTTP Request: GET https://translate.googleapis.com/translate_a/single?client=gtx&sl=auto&tl=ko&dt=t&q=A+search+of+the+Internet%0Afor%27+Hostile+environment+course%27%0Awill+probably+provide+the+address+of+a+local+company. "HTTP/1.1 200 OK"
HTTP Request: GET https://translate.googleapis.com/translate_a/single?client=gtx&sl=auto&tl=ko&dt=t&q=Generally+speaking%2C%0Atwo+behaviors+can+emerge+as+managers+begin+to+lead+their+former+peers. "HTTP/1.1 200 OK"
HTTP Request: GET https://translate.googleapis.com/translate_a/single?client=gtx&sl=auto&tl=ko&dt=t&q=The+word+civilization+comes+from+the+Latin+civilis%2C%0Ameaning+civil%2C%0Arelated+to+the+Latin+civis%2C "HTTP/1.1 200 OK"
HTTP Request: GET https://translate.googleapis.com/translate_a/single?client=gtx&sl=auto&tl=ko&dt=t&q=Scientists+hope+to+understand+how+planets+form%2C%0Aespecially+how+the+Earth+formed%2C "HTTP/1.1 200 OK"
HTTP Request: GET https://translate.googleapis.com/translate_a/single?client=gtx&sl=auto&tl=ko&dt=t&q=He+referred+to+the+rumors%0Aas+%22political+chatter+and+silliness%22. "HTTP/1.1 200 OK"
HTTP Request: GET https://translate.googleapis.com/translate_a/single?client=gtx&sl=auto&tl=ko&dt=t&q=As+a+result%2C%0Athe+performers+smoke+cannabis+joints+on+stage%2C "HTTP/1.1 200 OK"
HTTP Request: GET https://translate.googleapis.com/translate_a/single?client=gtx&sl=auto&tl=ko&dt=t&q=Throughout+1960s%2C%0ABrzezinski+worked+for+John+F.+Kennedy "HTTP/1.1 200 OK"
HTTP Request: GET https://translate.googleapis.com/translate_a/single?client=gtx&sl=auto&tl=ko&dt=t&q=The+word+civilization+comes+from+the+Latin+civilis%2C%0Ameaning+civil%2C%0Arelated+to+the+Latin+civis%2C%0Ameaning+citizen%2C "HTTP/1.1 200 OK"
HTTP Request: GET https://translate.googleapis.com/translate_a/single?client=gtx&sl=auto&tl=ko&dt=t&q=Virtual+Scaffolds+are+internalized+in+the+software "HTTP/1.1 200 OK"
HTTP Request: GET https://translate.googleapis.com/translate_a/single?client=gtx&sl=auto&tl=ko&dt=t&q=Scientists+hope+to+understand+how+planets+form%2C%0Aespecially+how+the+Earth+formed%2C%0Asince+comets+collided+with+the+Earth+long+ago. "HTTP/1.1 200 OK"
HTTP Request: GET https://translate.googleapis.com/translate_a/single?client=gtx&sl=auto&tl=ko&dt=t&q=The+word+civilization+comes+from+the+Latin+civilis%2C%0Ameaning+civil%2C%0Arelated+to+the+Latin+civis%2C%0Ameaning+citizen%2C%0Aand+civitas%2C+meaning+city+or+city-state%2C "HTTP/1.1 200 OK"
HTTP Request: GET https://translate.googleapis.com/translate_a/single?client=gtx&sl=auto&tl=ko&dt=t&q=Virtual+Scaffolds+are+internalized+in+the+software%0Aand+are+meant+to+question%2C "HTTP/1.1 200 OK"
HTTP Request: GET https://translate.googleapis.com/translate_a/single?client=gtx&sl=auto&tl=ko&dt=t&q=Throughout+1960s%2C%0ABrzezinski+worked+for+John+F.+Kennedy%0Aas+his+advisor+and+then+the+Lyndon+B.+Johnson+administration. "HTTP/1.1 200 OK"
HTTP Request: GET https://translate.googleapis.com/translate_a/single?client=gtx&sl=auto&tl=ko&dt=t&q=Similarly%2C "HTTP/1.1 200 OK"
HTTP Request: GET https://translate.googleapis.com/translate_a/single?client=gtx&sl=auto&tl=ko&dt=t&q=The+word+civilization+comes+from+the+Latin+civilis%2C%0Ameaning+civil%2C%0Arelated+to+the+Latin+civis%2C%0Ameaning+citizen%2C%0Aand+civitas%2C+meaning+city+or+city-state%2C%0Aand+that+also+somehow+defines+the+size+of+the+society. "HTTP/1.1 200 OK"
HTTP Request: GET https://translate.googleapis.com/translate_a/single?client=gtx&sl=auto&tl=ko&dt=t&q=But+there+are+a+lot+of+things+about+birds "HTTP/1.1 200 OK"
HTTP Request: GET https://translate.googleapis.com/translate_a/single?client=gtx&sl=auto&tl=ko&dt=t&q=Through+the+night+between+150+and+200+copies+were+made%2C%0Anow+known+as+%22Dunlap+broadsides%22. "HTTP/1.1 200 OK"
HTTP Request: GET https://translate.googleapis.com/translate_a/single?client=gtx&sl=auto&tl=ko&dt=t&q=Generally+speaking%2C%0Atwo+behaviors+can+emerge+as+managers+begin+to+lead+their+former+peers.%0AOne+end+of+the+spectrum "HTTP/1.1 200 OK"
HTTP Request: GET https://translate.googleapis.com/translate_a/single?client=gtx&sl=auto&tl=ko&dt=t&q=Most+of+the+smaller+islands+are+independent+nations%2C "HTTP/1.1 200 OK"
HTTP Request: GET https://translate.googleapis.com/translate_a/single?client=gtx&sl=auto&tl=ko&dt=t&q=Virtual+Scaffolds+are+internalized+in+the+software%0Aand+are+meant+to+question%2C%0Aprompt%2C "HTTP/1.1 200 OK"
HTTP Request: GET https://translate.googleapis.com/translate_a/single?client=gtx&sl=auto&tl=ko&dt=t&q=Generally+speaking%2C%0Atwo+behaviors+can+emerge+as+managers+begin+to+lead+their+former+peers.%0AOne+end+of+the+spectrum%0Ais+trying+to+remain+%E2%80%9Cone+of+the+guys%E2%80%9D "HTTP/1.1 200 OK"
HTTP Request: GET https://translate.googleapis.com/translate_a/single?client=gtx&sl=auto&tl=ko&dt=t&q=The+central+authority+of+the+church "HTTP/1.1 200 OK"
HTTP Request: GET https://translate.googleapis.com/translate_a/single?client=gtx&sl=auto&tl=ko&dt=t&q=But+there+are+a+lot+of+things+about+birds%0Athat+still+look+like+a+dinosaur. "HTTP/1.1 200 OK"
HTTP Request: GET https://translate.googleapis.com/translate_a/single?client=gtx&sl=auto&tl=ko&dt=t&q=Similarly%2C%0Aby+having+a+Schengen+visa%2C "HTTP/1.1 200 OK"
HTTP Request: GET https://translate.googleapis.com/translate_a/single?client=gtx&sl=auto&tl=ko&dt=t&q=As+a+result%2C%0Athe+performers+smoke+cannabis+joints+on+stage%2C%0Aand+the+theatre+itself "HTTP/1.1 200 OK"
HTTP Request: GET https://translate.googleapis.com/translate_a/single?client=gtx&sl=auto&tl=ko&dt=t&q=Similarly%2C%0Aby+having+a+Schengen+visa%2C%0Ayou+do+not+need+to+apply+for+visas+to+each+of+the+Schengen+member+countries "HTTP/1.1 200 OK"
HTTP Request: GET https://translate.googleapis.com/translate_a/single?client=gtx&sl=auto&tl=ko&dt=t&q=Similarly%2C%0Aby+having+a+Schengen+visa%2C%0Ayou+do+not+need+to+apply+for+visas+to+each+of+the+Schengen+member+countries%0Aseparately%2C "HTTP/1.1 200 OK"
HTTP Request: GET https://translate.googleapis.com/translate_a/single?client=gtx&sl=auto&tl=ko&dt=t&q=Similarly%2C%0Aby+having+a+Schengen+visa%2C%0Ayou+do+not+need+to+apply+for+visas+to+each+of+the+Schengen+member+countries%0Aseparately%2C%0Ahence+saving+time%2C+money+and+paperwork. "HTTP/1.1 200 OK"
HTTP Request: GET https://translate.googleapis.com/translate_a/single?client=gtx&sl=auto&tl=ko&dt=t&q=As+a+result%2C%0Atwo+fish+species+have+become+extinct%2C "HTTP/1.1 200 OK"
HTTP Request: GET https://translate.googleapis.com/translate_a/single?client=gtx&sl=auto&tl=ko&dt=t&q=Most+of+the+smaller+islands+are+independent+nations%2C%0Aor+associated+with+France%2C "HTTP/1.1 200 OK"
HTTP Request: GET https://translate.googleapis.com/translate_a/single?client=gtx&sl=auto&tl=ko&dt=t&q=Generally+speaking%2C%0Atwo+behaviors+can+emerge+as+managers+begin+to+lead+their+former+peers.%0AOne+end+of+the+spectrum%0Ais+trying+to+remain+%E2%80%9Cone+of+the+guys%E2%80%9D%0A%28or+gals%29. "HTTP/1.1 200 OK"
HTTP Request: GET https://translate.googleapis.com/translate_a/single?client=gtx&sl=auto&tl=ko&dt=t&q=We+agree+with+the+USOC%27s "HTTP/1.1 200 OK"
HTTP Request: GET https://translate.googleapis.com/translate_a/single?client=gtx&sl=auto&tl=ko&dt=t&q=Virtual+Scaffolds+are+internalized+in+the+software%0Aand+are+meant+to+question%2C%0Aprompt%2C%0Aand+explain+procedures "HTTP/1.1 200 OK"
HTTP Request: GET https://translate.googleapis.com/translate_a/single?client=gtx&sl=auto&tl=ko&dt=t&q=We+agree+with+the+USOC%27s%0Astatement "HTTP/1.1 200 OK"
HTTP Request: GET https://translate.googleapis.com/translate_a/single?client=gtx&sl=auto&tl=ko&dt=t&q=As+a+result%2C%0Athe+performers+smoke+cannabis+joints+on+stage%2C%0Aand+the+theatre+itself%0Ais+encouraging+the+audience+to+join+in. "HTTP/1.1 200 OK"
HTTP Request: GET https://translate.googleapis.com/translate_a/single?client=gtx&sl=auto&tl=ko&dt=t&q=Virtual+Scaffolds+are+internalized+in+the+software%0Aand+are+meant+to+question%2C%0Aprompt%2C%0Aand+explain+procedures%0Athat+may+have+been+to+challenging+for+the+student+to+handle+alone. "HTTP/1.1 200 OK"
HTTP Request: GET https://translate.googleapis.com/translate_a/single?client=gtx&sl=auto&tl=ko&dt=t&q=We+agree+with+the+USOC%27s%0Astatement%0Athat+the+interests+of+our+athletes+and+clubs%2C "HTTP/1.1 200 OK"
HTTP Request: GET https://translate.googleapis.com/translate_a/single?client=gtx&sl=auto&tl=ko&dt=t&q=Also+to+the+north+visit+the+great+Sanctuary "HTTP/1.1 200 OK"
HTTP Request: GET https://translate.googleapis.com/translate_a/single?client=gtx&sl=auto&tl=ko&dt=t&q=We+agree+with+the+USOC%27s%0Astatement%0Athat+the+interests+of+our+athletes+and+clubs%2C%0Aand+their+sport%2C "HTTP/1.1 200 OK"
HTTP Request: GET https://translate.googleapis.com/translate_a/single?client=gtx&sl=auto&tl=ko&dt=t&q=Buses+depart+the+inter-district+bus+station "HTTP/1.1 200 OK"
HTTP Request: GET https://translate.googleapis.com/translate_a/single?client=gtx&sl=auto&tl=ko&dt=t&q=As+a+result%2C%0Atwo+fish+species+have+become+extinct%2C%0Aand+two+others+have+become+endangered%2C+including+the+humpback+chub. "HTTP/1.1 200 OK"
HTTP Request: GET https://translate.googleapis.com/translate_a/single?client=gtx&sl=auto&tl=ko&dt=t&q=Sleep+interruption+is+the+process+of+purposefully+awakening "HTTP/1.1 200 OK"
HTTP Request: GET https://translate.googleapis.com/translate_a/single?client=gtx&sl=auto&tl=ko&dt=t&q=Most+of+the+smaller+islands+are+independent+nations%2C%0Aor+associated+with+France%2C%0Aand+known+as+luxury+beach+resorts. "HTTP/1.1 200 OK"
HTTP Request: GET https://translate.googleapis.com/translate_a/single?client=gtx&sl=auto&tl=ko&dt=t&q=The+central+authority+of+the+church%0Ahad+been+in+Rome "HTTP/1.1 200 OK"
HTTP Request: GET https://translate.googleapis.com/translate_a/single?client=gtx&sl=auto&tl=ko&dt=t&q=Sleep+interruption+is+the+process+of+purposefully+awakening%0Aduring+your+normal+sleep+period "HTTP/1.1 200 OK"
HTTP Request: GET https://translate.googleapis.com/translate_a/single?client=gtx&sl=auto&tl=ko&dt=t&q=The+central+authority+of+the+church%0Ahad+been+in+Rome%0Afor+over+a+thousand+years "HTTP/1.1 200 OK"
HTTP Request: GET https://translate.googleapis.com/translate_a/single?client=gtx&sl=auto&tl=ko&dt=t&q=Sleep+interruption+is+the+process+of+purposefully+awakening%0Aduring+your+normal+sleep+period%0Aand+falling+asleep "HTTP/1.1 200 OK"
HTTP Request: GET https://translate.googleapis.com/translate_a/single?client=gtx&sl=auto&tl=ko&dt=t&q=We+agree+with+the+USOC%27s%0Astatement%0Athat+the+interests+of+our+athletes+and+clubs%2C%0Aand+their+sport%2C%0Amay+be+better+served+by+moving+forward+with+meaningful+change+within+our+organization%2C "HTTP/1.1 200 OK"
HTTP Request: GET https://translate.googleapis.com/translate_a/single?client=gtx&sl=auto&tl=ko&dt=t&q=We+agree+with+the+USOC%27s%0Astatement%0Athat+the+interests+of+our+athletes+and+clubs%2C%0Aand+their+sport%2C%0Amay+be+better+served+by+moving+forward+with+meaningful+change+within+our+organization%2C%0Arather+than+decertification. "HTTP/1.1 200 OK"
HTTP Request: GET https://translate.googleapis.com/translate_a/single?client=gtx&sl=auto&tl=ko&dt=t&q=Buses+depart+the+inter-district+bus+station%0A%28across+the+river%29 "HTTP/1.1 200 OK"
HTTP Request: GET https://translate.googleapis.com/translate_a/single?client=gtx&sl=auto&tl=ko&dt=t&q=Alloys "HTTP/1.1 200 OK"
HTTP Request: GET https://translate.googleapis.com/translate_a/single?client=gtx&sl=auto&tl=ko&dt=t&q=The+802.11n+standard "HTTP/1.1 200 OK"
HTTP Request: GET https://translate.googleapis.com/translate_a/single?client=gtx&sl=auto&tl=ko&dt=t&q=Also+to+the+north+visit+the+great+Sanctuary%0Aof+Our+Lady+of+Fatima "HTTP/1.1 200 OK"
HTTP Request: GET https://translate.googleapis.com/translate_a/single?client=gtx&sl=auto&tl=ko&dt=t&q=Fire+rescue+crews "HTTP/1.1 200 OK"
HTTP Request: GET https://translate.googleapis.com/translate_a/single?client=gtx&sl=auto&tl=ko&dt=t&q=Sleep+interruption+is+the+process+of+purposefully+awakening%0Aduring+your+normal+sleep+period%0Aand+falling+asleep%0Aa+short+time+later+%2810%E2%80%9360+minutes%29. "HTTP/1.1 200 OK"
HTTP Request: GET https://translate.googleapis.com/translate_a/single?client=gtx&sl=auto&tl=ko&dt=t&q=The+802.11n+standard%0Aoperates+on+both+the+2.4Ghz+and+5.0Ghz+frequencies. "HTTP/1.1 200 OK"
HTTP Request: GET https://translate.googleapis.com/translate_a/single?client=gtx&sl=auto&tl=ko&dt=t&q=The+central+authority+of+the+church%0Ahad+been+in+Rome%0Afor+over+a+thousand+years%0Aand+this+concentration+of+power+and+money "HTTP/1.1 200 OK"
HTTP Request: GET https://translate.googleapis.com/translate_a/single?client=gtx&sl=auto&tl=ko&dt=t&q=Alloys%0Aare+basically+a+mixture "HTTP/1.1 200 OK"
HTTP Request: GET https://translate.googleapis.com/translate_a/single?client=gtx&sl=auto&tl=ko&dt=t&q=Buses+depart+the+inter-district+bus+station%0A%28across+the+river%29%0Athroughout+the+day%2C "HTTP/1.1 200 OK"
HTTP Request: GET https://translate.googleapis.com/translate_a/single?client=gtx&sl=auto&tl=ko&dt=t&q=Also+to+the+north+visit+the+great+Sanctuary%0Aof+Our+Lady+of+Fatima%0A%28Shrine%29%2C "HTTP/1.1 200 OK"
HTTP Request: GET https://translate.googleapis.com/translate_a/single?client=gtx&sl=auto&tl=ko&dt=t&q=We+make+our+houses "HTTP/1.1 200 OK"
HTTP Request: GET https://translate.googleapis.com/translate_a/single?client=gtx&sl=auto&tl=ko&dt=t&q=Also+to+the+north+visit+the+great+Sanctuary%0Aof+Our+Lady+of+Fatima%0A%28Shrine%29%2C%0Aa+place+of+worldwide+famous+Marian+apparitions. "HTTP/1.1 200 OK"
HTTP Request: GET https://translate.googleapis.com/translate_a/single?client=gtx&sl=auto&tl=ko&dt=t&q=The+central+authority+of+the+church%0Ahad+been+in+Rome%0Afor+over+a+thousand+years%0Aand+this+concentration+of+power+and+money%0Aled+many+to+question+whether+this+tenet+was+being+met. "HTTP/1.1 200 OK"
HTTP Request: GET https://translate.googleapis.com/translate_a/single?client=gtx&sl=auto&tl=ko&dt=t&q=Fire+rescue+crews%0Aeventually+doused+the+fire+by+11%3A35+pm. "HTTP/1.1 200 OK"
HTTP Request: GET https://translate.googleapis.com/translate_a/single?client=gtx&sl=auto&tl=ko&dt=t&q=While+Goma+is+reasonably+safe%2C "HTTP/1.1 200 OK"
HTTP Request: GET https://translate.googleapis.com/translate_a/single?client=gtx&sl=auto&tl=ko&dt=t&q=Alloys%0Aare+basically+a+mixture%0Aof+two+or+more+metals.+Don%27t+forget+that+there+are+many+elements "HTTP/1.1 200 OK"
HTTP Request: GET https://translate.googleapis.com/translate_a/single?client=gtx&sl=auto&tl=ko&dt=t&q=The+Northern+Marianas+emergency+management+office "HTTP/1.1 200 OK"
HTTP Request: GET https://translate.googleapis.com/translate_a/single?client=gtx&sl=auto&tl=ko&dt=t&q=Buses+depart+the+inter-district+bus+station%0A%28across+the+river%29%0Athroughout+the+day%2C%0Athough+most%2C+especially+those+heading+to+the+east+and+Jakar%2FBumthang+leave+between+06%3A30+and+07%3A30. "HTTP/1.1 200 OK"
HTTP Request: GET https://translate.googleapis.com/translate_a/single?client=gtx&sl=auto&tl=ko&dt=t&q=Giancarlo+Fisichella "HTTP/1.1 200 OK"
HTTP Request: GET https://translate.googleapis.com/translate_a/single?client=gtx&sl=auto&tl=ko&dt=t&q=Ancient+China "HTTP/1.1 200 OK"
HTTP Request: GET https://translate.googleapis.com/translate_a/single?client=gtx&sl=auto&tl=ko&dt=t&q=Alloys%0Aare+basically+a+mixture%0Aof+two+or+more+metals.+Don%27t+forget+that+there+are+many+elements%0Aon+the+periodic+table. "HTTP/1.1 200 OK"
HTTP Request: GET https://translate.googleapis.com/translate_a/single?client=gtx&sl=auto&tl=ko&dt=t&q=As+a+result%2C%0Athe+process "HTTP/1.1 200 OK"
HTTP Request: GET https://translate.googleapis.com/translate_a/single?client=gtx&sl=auto&tl=ko&dt=t&q=As+a+result%2C%0Athe+process%0Aof+an+organization+working+together+to+overcome+an+obstacle "HTTP/1.1 200 OK"
HTTP Request: GET https://translate.googleapis.com/translate_a/single?client=gtx&sl=auto&tl=ko&dt=t&q=We+make+our+houses%0Afrom+plants+and+make+clothes+from+plants.+Most+foods+that+we+eat "HTTP/1.1 200 OK"
HTTP Request: GET https://translate.googleapis.com/translate_a/single?client=gtx&sl=auto&tl=ko&dt=t&q=Ancient+China%0Ahad+a+unique+way "HTTP/1.1 200 OK"
HTTP Request: GET https://translate.googleapis.com/translate_a/single?client=gtx&sl=auto&tl=ko&dt=t&q=At+the+other+end "HTTP/1.1 200 OK"
HTTP Request: GET https://translate.googleapis.com/translate_a/single?client=gtx&sl=auto&tl=ko&dt=t&q=Giancarlo+Fisichella%0Alost+control+of+his+car "HTTP/1.1 200 OK"
HTTP Request: GET https://translate.googleapis.com/translate_a/single?client=gtx&sl=auto&tl=ko&dt=t&q=Ancient+cultures+and+tribes+began+to+keep+them+for+easy+access+to+milk%2C "HTTP/1.1 200 OK"
HTTP Request: GET https://translate.googleapis.com/translate_a/single?client=gtx&sl=auto&tl=ko&dt=t&q=As+a+result%2C%0Athe+process%0Aof+an+organization+working+together+to+overcome+an+obstacle%0Acan+lead+to+a+new+innovative+process+to+serve+the+customer%27s+need. "HTTP/1.1 200 OK"
HTTP Request: GET https://translate.googleapis.com/translate_a/single?client=gtx&sl=auto&tl=ko&dt=t&q=While+Goma+is+reasonably+safe%2C%0Aany+visits+outside+of+Goma "HTTP/1.1 200 OK"
HTTP Request: GET https://translate.googleapis.com/translate_a/single?client=gtx&sl=auto&tl=ko&dt=t&q=The+Northern+Marianas+emergency+management+office%0Asaid+that+there+were+no+damages+reported "HTTP/1.1 200 OK"
HTTP Request: GET https://translate.googleapis.com/translate_a/single?client=gtx&sl=auto&tl=ko&dt=t&q=The+governor%27s+office "HTTP/1.1 200 OK"
HTTP Request: GET https://translate.googleapis.com/translate_a/single?client=gtx&sl=auto&tl=ko&dt=t&q=The+Northern+Marianas+emergency+management+office%0Asaid+that+there+were+no+damages+reported%0Ain+the+nation. "HTTP/1.1 200 OK"
HTTP Request: GET https://translate.googleapis.com/translate_a/single?client=gtx&sl=auto&tl=ko&dt=t&q=Ancient+China%0Ahad+a+unique+way%0Aof+showing+different+time+periods%3B "HTTP/1.1 200 OK"
HTTP Request: GET https://translate.googleapis.com/translate_a/single?client=gtx&sl=auto&tl=ko&dt=t&q=We+make+our+houses%0Afrom+plants+and+make+clothes+from+plants.+Most+foods+that+we+eat%0Aare+plants.+Without+plants%2C "HTTP/1.1 200 OK"
HTTP Request: GET https://translate.googleapis.com/translate_a/single?client=gtx&sl=auto&tl=ko&dt=t&q=Ancient+China%0Ahad+a+unique+way%0Aof+showing+different+time+periods%3B%0Aeach+stage+of+China+or+each+family+that+was+in+power+was+a+distinctive+dynasty. "HTTP/1.1 200 OK"
HTTP Request: GET https://translate.googleapis.com/translate_a/single?client=gtx&sl=auto&tl=ko&dt=t&q=Ancient+cultures+and+tribes+began+to+keep+them+for+easy+access+to+milk%2C%0Ahair%2C "HTTP/1.1 200 OK"
HTTP Request: GET https://translate.googleapis.com/translate_a/single?client=gtx&sl=auto&tl=ko&dt=t&q=At+the+other+end%0Aof+the+spectrum%2C "HTTP/1.1 200 OK"
HTTP Request: GET https://translate.googleapis.com/translate_a/single?client=gtx&sl=auto&tl=ko&dt=t&q=The+governor%27s+office%0Asaid+nineteen+of+the+injured+were+police+officers. "HTTP/1.1 200 OK"
HTTP Request: GET https://translate.googleapis.com/translate_a/single?client=gtx&sl=auto&tl=ko&dt=t&q=Researchers+from+Princeton+University+in+the+United+States "HTTP/1.1 200 OK"
HTTP Request: GET https://translate.googleapis.com/translate_a/single?client=gtx&sl=auto&tl=ko&dt=t&q=While+Goma+is+reasonably+safe%2C%0Aany+visits+outside+of+Goma%0Ashould+be+researched "HTTP/1.1 200 OK"
HTTP Request: GET https://translate.googleapis.com/translate_a/single?client=gtx&sl=auto&tl=ko&dt=t&q=At+the+other+end%0Aof+the+spectrum%2C%0Aone "HTTP/1.1 200 OK"
HTTP Request: GET https://translate.googleapis.com/translate_a/single?client=gtx&sl=auto&tl=ko&dt=t&q=The+same+month+saw+another+airliner+overrun+a+runway+at+Mashhad "HTTP/1.1 200 OK"
HTTP Request: GET https://translate.googleapis.com/translate_a/single?client=gtx&sl=auto&tl=ko&dt=t&q=While+Goma+is+reasonably+safe%2C%0Aany+visits+outside+of+Goma%0Ashould+be+researched%0Ato+understand+the+state+of+the+fighting+that+persists+in+the+North+Kivu+province. "HTTP/1.1 200 OK"
HTTP Request: GET https://translate.googleapis.com/translate_a/single?client=gtx&sl=auto&tl=ko&dt=t&q=Giancarlo+Fisichella%0Alost+control+of+his+car%0Aand+ended+the+race+very+soon+after+the+start. "HTTP/1.1 200 OK"
HTTP Request: GET https://translate.googleapis.com/translate_a/single?client=gtx&sl=auto&tl=ko&dt=t&q=Ancient+cultures+and+tribes+began+to+keep+them+for+easy+access+to+milk%2C%0Ahair%2C%0Ameat%2C+and+skins. "HTTP/1.1 200 OK"
HTTP Request: GET https://translate.googleapis.com/translate_a/single?client=gtx&sl=auto&tl=ko&dt=t&q=The+same+month+saw+another+airliner+overrun+a+runway+at+Mashhad%0Aand+strike+a+wall%2C "HTTP/1.1 200 OK"
HTTP Request: GET https://translate.googleapis.com/translate_a/single?client=gtx&sl=auto&tl=ko&dt=t&q=At+the+other+end%0Aof+the+spectrum%2C%0Aone%0Amorphs+into+an+unrecognizable+individual "HTTP/1.1 200 OK"
HTTP Request: GET https://translate.googleapis.com/translate_a/single?client=gtx&sl=auto&tl=ko&dt=t&q=We+make+our+houses%0Afrom+plants+and+make+clothes+from+plants.+Most+foods+that+we+eat%0Aare+plants.+Without+plants%2C%0Aanimals+could+not+survive. "HTTP/1.1 200 OK"
HTTP Request: GET https://translate.googleapis.com/translate_a/single?client=gtx&sl=auto&tl=ko&dt=t&q=Researchers+from+Princeton+University+in+the+United+States%0Aand+Uppsala+University+in+Sweden "HTTP/1.1 200 OK"
HTTP Request: GET https://translate.googleapis.com/translate_a/single?client=gtx&sl=auto&tl=ko&dt=t&q=The+U.S.+Corps+of+Engineers "HTTP/1.1 200 OK"
HTTP Request: GET https://translate.googleapis.com/translate_a/single?client=gtx&sl=auto&tl=ko&dt=t&q=The+same+month+saw+another+airliner+overrun+a+runway+at+Mashhad%0Aand+strike+a+wall%2C%0Akilling+seventeen. "HTTP/1.1 200 OK"
HTTP Request: GET https://translate.googleapis.com/translate_a/single?client=gtx&sl=auto&tl=ko&dt=t&q=In+1990%2C "HTTP/1.1 200 OK"
HTTP Request: GET https://translate.googleapis.com/translate_a/single?client=gtx&sl=auto&tl=ko&dt=t&q=The+harbor+was+the+site+of+an+infamous+naval+standoff+in+1889 "HTTP/1.1 200 OK"
HTTP Request: GET https://translate.googleapis.com/translate_a/single?client=gtx&sl=auto&tl=ko&dt=t&q=At+the+other+end%0Aof+the+spectrum%2C%0Aone%0Amorphs+into+an+unrecognizable+individual%0Athat+feels+he+or+she+must+change+everything+the+team+has+been+doing+and+make+it+their+own. "HTTP/1.1 200 OK"
HTTP Request: GET https://translate.googleapis.com/translate_a/single?client=gtx&sl=auto&tl=ko&dt=t&q=The+city "HTTP/1.1 200 OK"
HTTP Request: GET https://translate.googleapis.com/translate_a/single?client=gtx&sl=auto&tl=ko&dt=t&q=The+Giza+Plateau%2C "HTTP/1.1 200 OK"
HTTP Request: GET https://translate.googleapis.com/translate_a/single?client=gtx&sl=auto&tl=ko&dt=t&q=The+U.S.+Corps+of+Engineers%0Aestimated+that+6+inches+of+rainfall "HTTP/1.1 200 OK"
HTTP Request: GET https://translate.googleapis.com/translate_a/single?client=gtx&sl=auto&tl=ko&dt=t&q=Researchers+from+Princeton+University+in+the+United+States%0Aand+Uppsala+University+in+Sweden%0Areported+the+new+species+evolved+in+just+two+generations%2C "HTTP/1.1 200 OK"
HTTP Request: GET https://translate.googleapis.com/translate_a/single?client=gtx&sl=auto&tl=ko&dt=t&q=The+Giza+Plateau%2C%0Aor+%22Giza+Necropolis%22+in+the+Egyptian+Valley+of+the+Dead "HTTP/1.1 200 OK"
HTTP Request: GET https://translate.googleapis.com/translate_a/single?client=gtx&sl=auto&tl=ko&dt=t&q=The+harbor+was+the+site+of+an+infamous+naval+standoff+in+1889%0Awhen+seven+ships+from+Germany%2C "HTTP/1.1 200 OK"
HTTP Request: GET https://translate.googleapis.com/translate_a/single?client=gtx&sl=auto&tl=ko&dt=t&q=Cuomo%2C+53%2C "HTTP/1.1 200 OK"
HTTP Request: GET https://translate.googleapis.com/translate_a/single?client=gtx&sl=auto&tl=ko&dt=t&q=In+1990%2C%0Ait+was+added+to+the+list+of+world+heritage+sites "HTTP/1.1 200 OK"
HTTP Request: GET https://translate.googleapis.com/translate_a/single?client=gtx&sl=auto&tl=ko&dt=t&q=In+1990%2C%0Ait+was+added+to+the+list+of+world+heritage+sites%0Ain+danger%2C "HTTP/1.1 200 OK"
HTTP Request: GET https://translate.googleapis.com/translate_a/single?client=gtx&sl=auto&tl=ko&dt=t&q=The+Giza+Plateau%2C%0Aor+%22Giza+Necropolis%22+in+the+Egyptian+Valley+of+the+Dead%0Acontains+several+pyramids+%28of+which+the+great+pyramid+is+the+largest%29%2C "HTTP/1.1 200 OK"
HTTP Request: GET https://translate.googleapis.com/translate_a/single?client=gtx&sl=auto&tl=ko&dt=t&q=Researchers+from+Princeton+University+in+the+United+States%0Aand+Uppsala+University+in+Sweden%0Areported+the+new+species+evolved+in+just+two+generations%2C%0Athough+this+process+had+been+believed+to+take+much+longer%2C "HTTP/1.1 200 OK"
HTTP Request: GET https://translate.googleapis.com/translate_a/single?client=gtx&sl=auto&tl=ko&dt=t&q=Oliver+Sacks%2C "HTTP/1.1 200 OK"
HTTP Request: GET https://translate.googleapis.com/translate_a/single?client=gtx&sl=auto&tl=ko&dt=t&q=Cuomo%2C+53%2C%0Abegan+his+governorship "HTTP/1.1 200 OK"
HTTP Request: GET https://translate.googleapis.com/translate_a/single?client=gtx&sl=auto&tl=ko&dt=t&q=Oliver+Sacks%2C%0Ain+his+paper "HTTP/1.1 200 OK"
HTTP Request: GET https://translate.googleapis.com/translate_a/single?client=gtx&sl=auto&tl=ko&dt=t&q=The+city%0Ais+also+the+base "HTTP/1.1 200 OK"
HTTP Request: GET https://translate.googleapis.com/translate_a/single?client=gtx&sl=auto&tl=ko&dt=t&q=The+Giza+Plateau%2C%0Aor+%22Giza+Necropolis%22+in+the+Egyptian+Valley+of+the+Dead%0Acontains+several+pyramids+%28of+which+the+great+pyramid+is+the+largest%29%2C%0Aseveral+small+tombs%2C "HTTP/1.1 200 OK"
HTTP Request: GET https://translate.googleapis.com/translate_a/single?client=gtx&sl=auto&tl=ko&dt=t&q=The+harbor+was+the+site+of+an+infamous+naval+standoff+in+1889%0Awhen+seven+ships+from+Germany%2C%0Athe+US%2C+and+Britain "HTTP/1.1 200 OK"
HTTP Request: GET https://translate.googleapis.com/translate_a/single?client=gtx&sl=auto&tl=ko&dt=t&q=In+1990%2C%0Ait+was+added+to+the+list+of+world+heritage+sites%0Ain+danger%2C%0Adue+to+the+threat+of+desert+sands. "HTTP/1.1 200 OK"
HTTP Request: GET https://translate.googleapis.com/translate_a/single?client=gtx&sl=auto&tl=ko&dt=t&q=The+U.S.+Corps+of+Engineers%0Aestimated+that+6+inches+of+rainfall%0Acould+breach+the+previously+damaged+levees. "HTTP/1.1 200 OK"
HTTP Request: GET https://translate.googleapis.com/translate_a/single?client=gtx&sl=auto&tl=ko&dt=t&q=Oliver+Sacks%2C%0Ain+his+paper%0AThe+President%27s+Speech%2C "HTTP/1.1 200 OK"
HTTP Request: GET https://translate.googleapis.com/translate_a/single?client=gtx&sl=auto&tl=ko&dt=t&q=Ironing+damp+clothes+can+help+them+dry. "HTTP/1.1 200 OK"
HTTP Request: GET https://translate.googleapis.com/translate_a/single?client=gtx&sl=auto&tl=ko&dt=t&q=The+term+bug+is+used+by+entomologists "HTTP/1.1 200 OK"
HTTP Request: GET https://translate.googleapis.com/translate_a/single?client=gtx&sl=auto&tl=ko&dt=t&q=The+term+bug+is+used+by+entomologists%0Ain+a+formal+sense "HTTP/1.1 200 OK"
HTTP Request: GET https://translate.googleapis.com/translate_a/single?client=gtx&sl=auto&tl=ko&dt=t&q=The+term+bug+is+used+by+entomologists%0Ain+a+formal+sense%0Afor+this+group+of+insects. "HTTP/1.1 200 OK"
HTTP Request: GET https://translate.googleapis.com/translate_a/single?client=gtx&sl=auto&tl=ko&dt=t&q=Cuomo%2C+53%2C%0Abegan+his+governorship%0Aearlier+this+year+and+signed+a+bill+last+month+legalizing+same-sex+marriage. "HTTP/1.1 200 OK"
HTTP Request: GET https://translate.googleapis.com/translate_a/single?client=gtx&sl=auto&tl=ko&dt=t&q=Researchers+from+Princeton+University+in+the+United+States%0Aand+Uppsala+University+in+Sweden%0Areported+the+new+species+evolved+in+just+two+generations%2C%0Athough+this+process+had+been+believed+to+take+much+longer%2C%0Adue+to+breeding+between+an+endemic+Darwin+finch%2C "HTTP/1.1 200 OK"
HTTP Request: GET https://translate.googleapis.com/translate_a/single?client=gtx&sl=auto&tl=ko&dt=t&q=The+city%0Ais+also+the+base%0Ato+climb+the+Nyiragongo+volcano "HTTP/1.1 200 OK"
HTTP Request: GET https://translate.googleapis.com/translate_a/single?client=gtx&sl=auto&tl=ko&dt=t&q=Oliver+Sacks%2C%0Ain+his+paper%0AThe+President%27s+Speech%2C%0Aindicated+how+people+who+are+unable+to+understand+speech+because+of+brain+damage "HTTP/1.1 200 OK"
HTTP Request: GET https://translate.googleapis.com/translate_a/single?client=gtx&sl=auto&tl=ko&dt=t&q=The+harbor+was+the+site+of+an+infamous+naval+standoff+in+1889%0Awhen+seven+ships+from+Germany%2C%0Athe+US%2C+and+Britain%0Arefused+to+leave+the+harbor. "HTTP/1.1 200 OK"
HTTP Request: GET https://translate.googleapis.com/translate_a/single?client=gtx&sl=auto&tl=ko&dt=t&q=The+Giza+Plateau%2C%0Aor+%22Giza+Necropolis%22+in+the+Egyptian+Valley+of+the+Dead%0Acontains+several+pyramids+%28of+which+the+great+pyramid+is+the+largest%29%2C%0Aseveral+small+tombs%2C%0Aseveral+temples%2C "HTTP/1.1 200 OK"
HTTP Request: GET https://translate.googleapis.com/translate_a/single?client=gtx&sl=auto&tl=ko&dt=t&q=The+city%0Ais+also+the+base%0Ato+climb+the+Nyiragongo+volcano%0Aalong+with+some+of+the+cheapest+Mountain+Gorilla+tracking+in+Africa. "HTTP/1.1 200 OK"
HTTP Request: GET https://translate.googleapis.com/translate_a/single?client=gtx&sl=auto&tl=ko&dt=t&q=While+he+was+working+at+the+hospital "HTTP/1.1 200 OK"
HTTP Request: GET https://translate.googleapis.com/translate_a/single?client=gtx&sl=auto&tl=ko&dt=t&q=Ironing+damp+clothes+can+help+them+dry.%0AMany+hotels+have+an+iron+and+ironing+board "HTTP/1.1 200 OK"
HTTP Request: GET https://translate.googleapis.com/translate_a/single?client=gtx&sl=auto&tl=ko&dt=t&q=Oliver+Sacks%2C%0Ain+his+paper%0AThe+President%27s+Speech%2C%0Aindicated+how+people+who+are+unable+to+understand+speech+because+of+brain+damage%0Aare+nevertheless+able+to+assess+sincerity+accurately. "HTTP/1.1 200 OK"
HTTP Request: GET https://translate.googleapis.com/translate_a/single?client=gtx&sl=auto&tl=ko&dt=t&q=Ironing+damp+clothes+can+help+them+dry.%0AMany+hotels+have+an+iron+and+ironing+board%0Aavailable+for+loan%2C "HTTP/1.1 200 OK"
HTTP Request: GET https://translate.googleapis.com/translate_a/single?client=gtx&sl=auto&tl=ko&dt=t&q=The+Giza+Plateau%2C%0Aor+%22Giza+Necropolis%22+in+the+Egyptian+Valley+of+the+Dead%0Acontains+several+pyramids+%28of+which+the+great+pyramid+is+the+largest%29%2C%0Aseveral+small+tombs%2C%0Aseveral+temples%2C%0Aand+the+great+Sphinx. "HTTP/1.1 200 OK"
HTTP Request: GET https://translate.googleapis.com/translate_a/single?client=gtx&sl=auto&tl=ko&dt=t&q=The+official+Falklands+currency "HTTP/1.1 200 OK"
HTTP Request: GET https://translate.googleapis.com/translate_a/single?client=gtx&sl=auto&tl=ko&dt=t&q=Parisians+have+a+reputation+for+being+egocentric%2C "HTTP/1.1 200 OK"
HTTP Request: GET https://translate.googleapis.com/translate_a/single?client=gtx&sl=auto&tl=ko&dt=t&q=While+he+was+working+at+the+hospital%0ALiggins+began+to+investigate+premature+labor "HTTP/1.1 200 OK"
HTTP Request: GET https://translate.googleapis.com/translate_a/single?client=gtx&sl=auto&tl=ko&dt=t&q=Ironing+damp+clothes+can+help+them+dry.%0AMany+hotels+have+an+iron+and+ironing+board%0Aavailable+for+loan%2C%0Aeven+if+one+is+not+present+in+the+room. "HTTP/1.1 200 OK"
HTTP Request: GET https://translate.googleapis.com/translate_a/single?client=gtx&sl=auto&tl=ko&dt=t&q=Hong+Kong+Island "HTTP/1.1 200 OK"
HTTP Request: GET https://translate.googleapis.com/translate_a/single?client=gtx&sl=auto&tl=ko&dt=t&q=Researchers+from+Princeton+University+in+the+United+States%0Aand+Uppsala+University+in+Sweden%0Areported+the+new+species+evolved+in+just+two+generations%2C%0Athough+this+process+had+been+believed+to+take+much+longer%2C%0Adue+to+breeding+between+an+endemic+Darwin+finch%2C%0AGeospiza+fortes%2C "HTTP/1.1 200 OK"
HTTP Request: GET https://translate.googleapis.com/translate_a/single?client=gtx&sl=auto&tl=ko&dt=t&q=The+Schengen+zone%2C "HTTP/1.1 200 OK"
HTTP Request: GET https://translate.googleapis.com/translate_a/single?client=gtx&sl=auto&tl=ko&dt=t&q=Other+subjects+on+the+agenda "HTTP/1.1 200 OK"
HTTP Request: GET https://translate.googleapis.com/translate_a/single?client=gtx&sl=auto&tl=ko&dt=t&q=The+Schengen+zone%2C%0Ahowever%2C+works+somewhat+like+one+country+in+this+respect. "HTTP/1.1 200 OK"
HTTP Request: GET https://translate.googleapis.com/translate_a/single?client=gtx&sl=auto&tl=ko&dt=t&q=Other+subjects+on+the+agenda%0Ain+Bali "HTTP/1.1 200 OK"
HTTP Request: GET https://translate.googleapis.com/translate_a/single?client=gtx&sl=auto&tl=ko&dt=t&q=While+he+was+working+at+the+hospital%0ALiggins+began+to+investigate+premature+labor%0Aduring+his+spare+time. "HTTP/1.1 200 OK"
HTTP Request: GET https://translate.googleapis.com/translate_a/single?client=gtx&sl=auto&tl=ko&dt=t&q=Other+subjects+on+the+agenda%0Ain+Bali%0Ainclude+saving+the+world%27s+remaining+forests%2C "HTTP/1.1 200 OK"
HTTP Request: GET https://translate.googleapis.com/translate_a/single?client=gtx&sl=auto&tl=ko&dt=t&q=Lakkha+Singh+presented+the+chhappan+bhog+bhajan+as+well. "HTTP/1.1 200 OK"
HTTP Request: GET https://translate.googleapis.com/translate_a/single?client=gtx&sl=auto&tl=ko&dt=t&q=In+just+two+weeks "HTTP/1.1 200 OK"
HTTP Request: GET https://translate.googleapis.com/translate_a/single?client=gtx&sl=auto&tl=ko&dt=t&q=Parisians+have+a+reputation+for+being+egocentric%2C%0Arude+and+arrogant. "HTTP/1.1 200 OK"
HTTP Request: GET https://translate.googleapis.com/translate_a/single?client=gtx&sl=auto&tl=ko&dt=t&q=The+official+Falklands+currency%0Ais+the+Falkland+pound "HTTP/1.1 200 OK"
HTTP Request: GET https://translate.googleapis.com/translate_a/single?client=gtx&sl=auto&tl=ko&dt=t&q=Lakkha+Singh+presented+the+chhappan+bhog+bhajan+as+well.%0ASinger%2C+Raju+Khandelwal+was+accompanying+him. "HTTP/1.1 200 OK"
HTTP Request: GET https://translate.googleapis.com/translate_a/single?client=gtx&sl=auto&tl=ko&dt=t&q=Researchers+from+Princeton+University+in+the+United+States%0Aand+Uppsala+University+in+Sweden%0Areported+the+new+species+evolved+in+just+two+generations%2C%0Athough+this+process+had+been+believed+to+take+much+longer%2C%0Adue+to+breeding+between+an+endemic+Darwin+finch%2C%0AGeospiza+fortes%2C%0Aand+the+immigrant+cactus+finch%2C "HTTP/1.1 200 OK"
HTTP Request: GET https://translate.googleapis.com/translate_a/single?client=gtx&sl=auto&tl=ko&dt=t&q=Hong+Kong+Island%0Agives+the+territory+of+Hong+Kong "HTTP/1.1 200 OK"
HTTP Request: GET https://translate.googleapis.com/translate_a/single?client=gtx&sl=auto&tl=ko&dt=t&q=Hong+Kong+Island%0Agives+the+territory+of+Hong+Kong%0Aits+name "HTTP/1.1 200 OK"
HTTP Request: GET https://translate.googleapis.com/translate_a/single?client=gtx&sl=auto&tl=ko&dt=t&q=Other+subjects+on+the+agenda%0Ain+Bali%0Ainclude+saving+the+world%27s+remaining+forests%2C%0Aand+sharing+technologies+to+help+developing+nations+grow+in+less-polluting+ways. "HTTP/1.1 200 OK"
HTTP Request: GET https://translate.googleapis.com/translate_a/single?client=gtx&sl=auto&tl=ko&dt=t&q=In+just+two+weeks%0Athe+Americans+and+Free+French+forces+had+liberated+southern+France "HTTP/1.1 200 OK"
HTTP Request: GET https://translate.googleapis.com/translate_a/single?client=gtx&sl=auto&tl=ko&dt=t&q=Researchers+from+Princeton+University+in+the+United+States%0Aand+Uppsala+University+in+Sweden%0Areported+the+new+species+evolved+in+just+two+generations%2C%0Athough+this+process+had+been+believed+to+take+much+longer%2C%0Adue+to+breeding+between+an+endemic+Darwin+finch%2C%0AGeospiza+fortes%2C%0Aand+the+immigrant+cactus+finch%2C%0AGeospiza+conirostris. "HTTP/1.1 200 OK"
HTTP Request: GET https://translate.googleapis.com/translate_a/single?client=gtx&sl=auto&tl=ko&dt=t&q=According+to+Japan%27s+nuclear+agency%2C "HTTP/1.1 200 OK"
HTTP Request: GET https://translate.googleapis.com/translate_a/single?client=gtx&sl=auto&tl=ko&dt=t&q=The+official+Falklands+currency%0Ais+the+Falkland+pound%0A%28FKP%29 "HTTP/1.1 200 OK"
HTTP Request: GET https://translate.googleapis.com/translate_a/single?client=gtx&sl=auto&tl=ko&dt=t&q=All+nouns%2C "HTTP/1.1 200 OK"
HTTP Request: GET https://translate.googleapis.com/translate_a/single?client=gtx&sl=auto&tl=ko&dt=t&q=In+just+two+weeks%0Athe+Americans+and+Free+French+forces+had+liberated+southern+France%0Aand+were+turning+towards+Germany. "HTTP/1.1 200 OK"
HTTP Request: GET https://translate.googleapis.com/translate_a/single?client=gtx&sl=auto&tl=ko&dt=t&q=You+can+use+boda-boda+%28motorcycle+taxi%29 "HTTP/1.1 200 OK"
HTTP Request: GET https://translate.googleapis.com/translate_a/single?client=gtx&sl=auto&tl=ko&dt=t&q=We+don%27t+know+for+sure%2C "HTTP/1.1 200 OK"
HTTP Request: GET https://translate.googleapis.com/translate_a/single?client=gtx&sl=auto&tl=ko&dt=t&q=Needless+to+say%2C "HTTP/1.1 200 OK"
HTTP Request: GET https://translate.googleapis.com/translate_a/single?client=gtx&sl=auto&tl=ko&dt=t&q=Large+areas+further+north+are+quite+sparsely+populated "HTTP/1.1 200 OK"
HTTP Request: GET https://translate.googleapis.com/translate_a/single?client=gtx&sl=auto&tl=ko&dt=t&q=Needless+to+say%2C%0Aif+you+know+a+Romance+language%2C "HTTP/1.1 200 OK"
HTTP Request: GET https://translate.googleapis.com/translate_a/single?client=gtx&sl=auto&tl=ko&dt=t&q=All+nouns%2C%0Aalongside+the+word+Sie+for+you%2C "HTTP/1.1 200 OK"
HTTP Request: GET https://translate.googleapis.com/translate_a/single?client=gtx&sl=auto&tl=ko&dt=t&q=You+can+use+boda-boda+%28motorcycle+taxi%29%0Ato+get+around+Goma. "HTTP/1.1 200 OK"
HTTP Request: GET https://translate.googleapis.com/translate_a/single?client=gtx&sl=auto&tl=ko&dt=t&q=According+to+Japan%27s+nuclear+agency%2C%0Aradioactive+caesium+and+iodine+has+been+identified+at+the+plant. "HTTP/1.1 200 OK"
HTTP Request: GET https://translate.googleapis.com/translate_a/single?client=gtx&sl=auto&tl=ko&dt=t&q=The+official+Falklands+currency%0Ais+the+Falkland+pound%0A%28FKP%29%0Awhose+value+is+set+equivalent+to+that+of+one+British+pound+%28GBP%29. "HTTP/1.1 200 OK"
HTTP Request: GET https://translate.googleapis.com/translate_a/single?client=gtx&sl=auto&tl=ko&dt=t&q=Hong+Kong+Island%0Agives+the+territory+of+Hong+Kong%0Aits+name%0Aand+is+the+place+that+many+tourists+regard+as+the+main+focus. "HTTP/1.1 200 OK"
HTTP Request: GET https://translate.googleapis.com/translate_a/single?client=gtx&sl=auto&tl=ko&dt=t&q=Large+areas+further+north+are+quite+sparsely+populated%0Aand+some+is+nearly+uninhabited+wilderness. "HTTP/1.1 200 OK"
HTTP Request: GET https://translate.googleapis.com/translate_a/single?client=gtx&sl=auto&tl=ko&dt=t&q=All+nouns%2C%0Aalongside+the+word+Sie+for+you%2C%0Aalways+begin+with+a+capital+letter%2C "HTTP/1.1 200 OK"
HTTP Request: GET https://translate.googleapis.com/translate_a/single?client=gtx&sl=auto&tl=ko&dt=t&q=We+don%27t+know+for+sure%2C%0Abut+it+may+have+had+a+forked+tongue. "HTTP/1.1 200 OK"
HTTP Request: GET https://translate.googleapis.com/translate_a/single?client=gtx&sl=auto&tl=ko&dt=t&q=Needless+to+say%2C%0Aif+you+know+a+Romance+language%2C%0Ait+will+be+easier+for+you+to+learn+Portuguese. "HTTP/1.1 200 OK"
HTTP Request: GET https://translate.googleapis.com/translate_a/single?client=gtx&sl=auto&tl=ko&dt=t&q=The+two+compounds+react+with+one+another+to+form+crystals "HTTP/1.1 200 OK"
HTTP Request: GET https://translate.googleapis.com/translate_a/single?client=gtx&sl=auto&tl=ko&dt=t&q=Goats+seem+to+have+been+first+domesticated+roughly+10%2C000+years "HTTP/1.1 200 OK"
HTTP Request: GET https://translate.googleapis.com/translate_a/single?client=gtx&sl=auto&tl=ko&dt=t&q=Lion+prides+act+much+like+packs+of+wolves+or+dogs%2C "HTTP/1.1 200 OK"
HTTP Request: GET https://translate.googleapis.com/translate_a/single?client=gtx&sl=auto&tl=ko&dt=t&q=These+couples+may+choose+to+make+an+adoption+plan "HTTP/1.1 200 OK"
HTTP Request: GET https://translate.googleapis.com/translate_a/single?client=gtx&sl=auto&tl=ko&dt=t&q=Goats+seem+to+have+been+first+domesticated+roughly+10%2C000+years%0Aago+in+the+Zagros+Mountains "HTTP/1.1 200 OK"
HTTP Request: GET https://translate.googleapis.com/translate_a/single?client=gtx&sl=auto&tl=ko&dt=t&q=They+have+feet+with+scales+and+claws%2C "HTTP/1.1 200 OK"
HTTP Request: GET https://translate.googleapis.com/translate_a/single?client=gtx&sl=auto&tl=ko&dt=t&q=Lion+prides+act+much+like+packs+of+wolves+or+dogs%2C%0Aanimals+surprisingly+similar+to+lions+%28but+not+other+big+cats%29 "HTTP/1.1 200 OK"
HTTP Request: GET https://translate.googleapis.com/translate_a/single?client=gtx&sl=auto&tl=ko&dt=t&q=You+can+use+boda-boda+%28motorcycle+taxi%29%0Ato+get+around+Goma.%0AThe+normal+%28local%29 "HTTP/1.1 200 OK"
HTTP Request: GET https://translate.googleapis.com/translate_a/single?client=gtx&sl=auto&tl=ko&dt=t&q=These+couples+may+choose+to+make+an+adoption+plan%0Afor+their+baby. "HTTP/1.1 200 OK"
HTTP Request: GET https://translate.googleapis.com/translate_a/single?client=gtx&sl=auto&tl=ko&dt=t&q=Goats+seem+to+have+been+first+domesticated+roughly+10%2C000+years%0Aago+in+the+Zagros+Mountains%0Aof+Iran. "HTTP/1.1 200 OK"
HTTP Request: GET https://translate.googleapis.com/translate_a/single?client=gtx&sl=auto&tl=ko&dt=t&q=We+don%27t+know+for+sure%2C%0Abut+it+may+have+had+a+forked+tongue.%0AIts+diet+included+turtles%2C "HTTP/1.1 200 OK"
HTTP Request: GET https://translate.googleapis.com/translate_a/single?client=gtx&sl=auto&tl=ko&dt=t&q=The+two+compounds+react+with+one+another+to+form+crystals%0Athat+may+block+kidney+function%2C "HTTP/1.1 200 OK"
HTTP Request: GET https://translate.googleapis.com/translate_a/single?client=gtx&sl=auto&tl=ko&dt=t&q=All+nouns%2C%0Aalongside+the+word+Sie+for+you%2C%0Aalways+begin+with+a+capital+letter%2C%0Aeven+in+the+middle+of+a+sentence. "HTTP/1.1 200 OK"
HTTP Request: GET https://translate.googleapis.com/translate_a/single?client=gtx&sl=auto&tl=ko&dt=t&q=We+don%27t+know+for+sure%2C%0Abut+it+may+have+had+a+forked+tongue.%0AIts+diet+included+turtles%2C%0Alarge+fish%2C+other+mosasaurs%2C "HTTP/1.1 200 OK"
HTTP Request: GET https://translate.googleapis.com/translate_a/single?client=gtx&sl=auto&tl=ko&dt=t&q=The+two+compounds+react+with+one+another+to+form+crystals%0Athat+may+block+kidney+function%2C%0Aresearchers+at+the+university+said. "HTTP/1.1 200 OK"
HTTP Request: GET https://translate.googleapis.com/translate_a/single?client=gtx&sl=auto&tl=ko&dt=t&q=They+have+feet+with+scales+and+claws%2C%0Athey+lay+eggs%2C "HTTP/1.1 200 OK"
HTTP Request: GET https://translate.googleapis.com/translate_a/single?client=gtx&sl=auto&tl=ko&dt=t&q=Lion+prides+act+much+like+packs+of+wolves+or+dogs%2C%0Aanimals+surprisingly+similar+to+lions+%28but+not+other+big+cats%29%0Ain+behavior%2C "HTTP/1.1 200 OK"
HTTP Request: GET https://translate.googleapis.com/translate_a/single?client=gtx&sl=auto&tl=ko&dt=t&q=A+curry+is+a+dish "HTTP/1.1 200 OK"
HTTP Request: GET https://translate.googleapis.com/translate_a/single?client=gtx&sl=auto&tl=ko&dt=t&q=During+the+1920s%2C "HTTP/1.1 200 OK"
HTTP Request: GET https://translate.googleapis.com/translate_a/single?client=gtx&sl=auto&tl=ko&dt=t&q=Prior+to+the+arrival+of+troops%2C "HTTP/1.1 200 OK"
HTTP Request: GET https://translate.googleapis.com/translate_a/single?client=gtx&sl=auto&tl=ko&dt=t&q=You+can+use+boda-boda+%28motorcycle+taxi%29%0Ato+get+around+Goma.%0AThe+normal+%28local%29%0Aprice+is+~500+Congolese+Francs+for+the+short+ride. "HTTP/1.1 200 OK"
HTTP Request: GET https://translate.googleapis.com/translate_a/single?client=gtx&sl=auto&tl=ko&dt=t&q=Aerosmith+have+cancelled+their+remaining+concerts "HTTP/1.1 200 OK"
HTTP Request: GET https://translate.googleapis.com/translate_a/single?client=gtx&sl=auto&tl=ko&dt=t&q=During+the+1920s%2C%0Athe+prevailing+attitudes+of+most+citizens+and+nations "HTTP/1.1 200 OK"
HTTP Request: GET https://translate.googleapis.com/translate_a/single?client=gtx&sl=auto&tl=ko&dt=t&q=A+curry+is+a+dish%0Abased+on+herbs+and+spices%2C "HTTP/1.1 200 OK"
HTTP Request: GET https://translate.googleapis.com/translate_a/single?client=gtx&sl=auto&tl=ko&dt=t&q=They+have+feet+with+scales+and+claws%2C%0Athey+lay+eggs%2C%0Aand+they+walk+on+their+two+back+legs+like+a "HTTP/1.1 200 OK"
HTTP Request: GET https://translate.googleapis.com/translate_a/single?client=gtx&sl=auto&tl=ko&dt=t&q=We+don%27t+know+for+sure%2C%0Abut+it+may+have+had+a+forked+tongue.%0AIts+diet+included+turtles%2C%0Alarge+fish%2C+other+mosasaurs%2C%0Aand+it+may+even+have+been+a+cannibal. "HTTP/1.1 200 OK"
HTTP Request: GET https://translate.googleapis.com/translate_a/single?client=gtx&sl=auto&tl=ko&dt=t&q=Aerosmith+have+cancelled+their+remaining+concerts%0Aon+their+tour. "HTTP/1.1 200 OK"
HTTP Request: GET https://translate.googleapis.com/translate_a/single?client=gtx&sl=auto&tl=ko&dt=t&q=In+fact%2C "HTTP/1.1 200 OK"
HTTP Request: GET https://translate.googleapis.com/translate_a/single?client=gtx&sl=auto&tl=ko&dt=t&q=Prior+to+the+arrival+of+troops%2C%0AHaiti+had+not+encountered+problems "HTTP/1.1 200 OK"
HTTP Request: GET https://translate.googleapis.com/translate_a/single?client=gtx&sl=auto&tl=ko&dt=t&q=Lion+prides+act+much+like+packs+of+wolves+or+dogs%2C%0Aanimals+surprisingly+similar+to+lions+%28but+not+other+big+cats%29%0Ain+behavior%2C%0Aand+also+very+deadly+to+their "HTTP/1.1 200 OK"
HTTP Request: GET https://translate.googleapis.com/translate_a/single?client=gtx&sl=auto&tl=ko&dt=t&q=Scotturb+Bus+403+travels+regularly+to+Sintra%2C "HTTP/1.1 200 OK"
HTTP Request: GET https://translate.googleapis.com/translate_a/single?client=gtx&sl=auto&tl=ko&dt=t&q=They+have+feet+with+scales+and+claws%2C%0Athey+lay+eggs%2C%0Aand+they+walk+on+their+two+back+legs+like+a%0AT-Rex. "HTTP/1.1 200 OK"
HTTP Request: GET https://translate.googleapis.com/translate_a/single?client=gtx&sl=auto&tl=ko&dt=t&q=Lion+prides+act+much+like+packs+of+wolves+or+dogs%2C%0Aanimals+surprisingly+similar+to+lions+%28but+not+other+big+cats%29%0Ain+behavior%2C%0Aand+also+very+deadly+to+their%0Aprey. "HTTP/1.1 200 OK"
HTTP Request: GET https://translate.googleapis.com/translate_a/single?client=gtx&sl=auto&tl=ko&dt=t&q=Cocham%C3%B3+Valley+-+Chile%27s+premier+climbing+destination%2C "HTTP/1.1 200 OK"
HTTP Request: GET https://translate.googleapis.com/translate_a/single?client=gtx&sl=auto&tl=ko&dt=t&q=Four+skiers+in+the+women%27s+sitting+group "HTTP/1.1 200 OK"
HTTP Request: GET https://translate.googleapis.com/translate_a/single?client=gtx&sl=auto&tl=ko&dt=t&q=During+the+1920s%2C%0Athe+prevailing+attitudes+of+most+citizens+and+nations%0Awas+that+of+pacifism+and+isolation. "HTTP/1.1 200 OK"
HTTP Request: GET https://translate.googleapis.com/translate_a/single?client=gtx&sl=auto&tl=ko&dt=t&q=Prior+to+the+arrival+of+troops%2C%0AHaiti+had+not+encountered+problems%0Arelated+to+the+disease+since+the+1800s. "HTTP/1.1 200 OK"
HTTP Request: GET https://translate.googleapis.com/translate_a/single?client=gtx&sl=auto&tl=ko&dt=t&q=Beyond+Wednesday%27s+event%2C "HTTP/1.1 200 OK"
HTTP Request: GET https://translate.googleapis.com/translate_a/single?client=gtx&sl=auto&tl=ko&dt=t&q=Scotturb+Bus+403+travels+regularly+to+Sintra%2C%0Astopping+at+Cabo+da+Roca. "HTTP/1.1 200 OK"
HTTP Request: GET https://translate.googleapis.com/translate_a/single?client=gtx&sl=auto&tl=ko&dt=t&q=A+curry+is+a+dish%0Abased+on+herbs+and+spices%2C%0Atogether+with+either+meat+or+vegetables. "HTTP/1.1 200 OK"
HTTP Request: GET https://translate.googleapis.com/translate_a/single?client=gtx&sl=auto&tl=ko&dt=t&q=Television+reports "HTTP/1.1 200 OK"
HTTP Request: GET https://translate.googleapis.com/translate_a/single?client=gtx&sl=auto&tl=ko&dt=t&q=Cocham%C3%B3+Valley+-+Chile%27s+premier+climbing+destination%2C%0Aknown+as+the+Yosemite+of+South+America%2C "HTTP/1.1 200 OK"
HTTP Request: GET https://translate.googleapis.com/translate_a/single?client=gtx&sl=auto&tl=ko&dt=t&q=Four+skiers+in+the+women%27s+sitting+group%0Afailed+to+finish+their+runs%2C "HTTP/1.1 200 OK"
HTTP Request: GET https://translate.googleapis.com/translate_a/single?client=gtx&sl=auto&tl=ko&dt=t&q=Cocham%C3%B3+Valley+-+Chile%27s+premier+climbing+destination%2C%0Aknown+as+the+Yosemite+of+South+America%2C%0Awith+a+variety+of+granite+big+walls "HTTP/1.1 200 OK"
HTTP Request: GET https://translate.googleapis.com/translate_a/single?client=gtx&sl=auto&tl=ko&dt=t&q=The+cabbage+juice+changes+color+depending+on+how+acidic+or+basic+%28alkaline%29 "HTTP/1.1 200 OK"
HTTP Request: GET https://translate.googleapis.com/translate_a/single?client=gtx&sl=auto&tl=ko&dt=t&q=Beyond+Wednesday%27s+event%2C%0ACarpanedo+competed+in+two+individual+races+at+the+Championships. "HTTP/1.1 200 OK"
HTTP Request: GET https://translate.googleapis.com/translate_a/single?client=gtx&sl=auto&tl=ko&dt=t&q=In+fact%2C%0Ait+is+not+easy+to+find+at+all+even+if+one+knew+it+existed. "HTTP/1.1 200 OK"
HTTP Request: GET https://translate.googleapis.com/translate_a/single?client=gtx&sl=auto&tl=ko&dt=t&q=Resting+on+the+top+of+one+of+the+mountains "HTTP/1.1 200 OK"
HTTP Request: GET https://translate.googleapis.com/translate_a/single?client=gtx&sl=auto&tl=ko&dt=t&q=He+added+that+%22they+should+not%2C "HTTP/1.1 200 OK"
HTTP Request: GET https://translate.googleapis.com/translate_a/single?client=gtx&sl=auto&tl=ko&dt=t&q=Four+skiers+in+the+women%27s+sitting+group%0Afailed+to+finish+their+runs%2C%0Aand+45+of+the+117+total+skiers "HTTP/1.1 200 OK"
HTTP Request: GET https://translate.googleapis.com/translate_a/single?client=gtx&sl=auto&tl=ko&dt=t&q=Television+reports%0Ashow+white+smoke+coming+from+the+plant. "HTTP/1.1 200 OK"
HTTP Request: GET https://translate.googleapis.com/translate_a/single?client=gtx&sl=auto&tl=ko&dt=t&q=Resting+on+the+top+of+one+of+the+mountains%0Anorth+of+Mecca%2C "HTTP/1.1 200 OK"
HTTP Request: GET https://translate.googleapis.com/translate_a/single?client=gtx&sl=auto&tl=ko&dt=t&q=The+job "HTTP/1.1 200 OK"
HTTP Request: GET https://translate.googleapis.com/translate_a/single?client=gtx&sl=auto&tl=ko&dt=t&q=He+added+that+%22they+should+not%2C%0Ahowever%2C "HTTP/1.1 200 OK"
HTTP Request: GET https://translate.googleapis.com/translate_a/single?client=gtx&sl=auto&tl=ko&dt=t&q=Cocham%C3%B3+Valley+-+Chile%27s+premier+climbing+destination%2C%0Aknown+as+the+Yosemite+of+South+America%2C%0Awith+a+variety+of+granite+big+walls%0Aand+crags. "HTTP/1.1 200 OK"
HTTP Request: GET https://translate.googleapis.com/translate_a/single?client=gtx&sl=auto&tl=ko&dt=t&q=Barcelona%27s+official+languages "HTTP/1.1 200 OK"
HTTP Request: GET https://translate.googleapis.com/translate_a/single?client=gtx&sl=auto&tl=ko&dt=t&q=Resting+on+the+top+of+one+of+the+mountains%0Anorth+of+Mecca%2C%0Athe+cave "HTTP/1.1 200 OK"
HTTP Request: GET https://translate.googleapis.com/translate_a/single?client=gtx&sl=auto&tl=ko&dt=t&q=Along+the+same+line%2C "HTTP/1.1 200 OK"
HTTP Request: GET https://translate.googleapis.com/translate_a/single?client=gtx&sl=auto&tl=ko&dt=t&q=The+cabbage+juice+changes+color+depending+on+how+acidic+or+basic+%28alkaline%29%0Athe+chemical+is. "HTTP/1.1 200 OK"
HTTP Request: GET https://translate.googleapis.com/translate_a/single?client=gtx&sl=auto&tl=ko&dt=t&q=Barcelona%27s+official+languages%0Aare+Catalan+and+Spanish. "HTTP/1.1 200 OK"
HTTP Request: GET https://translate.googleapis.com/translate_a/single?client=gtx&sl=auto&tl=ko&dt=t&q=Women%3A "HTTP/1.1 200 OK"
HTTP Request: GET https://translate.googleapis.com/translate_a/single?client=gtx&sl=auto&tl=ko&dt=t&q=Along+the+same+line%2C%0Amen+are+required+to+wear+trousers+covering+the+knees. "HTTP/1.1 200 OK"
HTTP Request: GET https://translate.googleapis.com/translate_a/single?client=gtx&sl=auto&tl=ko&dt=t&q=Barcelona%27s+official+languages%0Aare+Catalan+and+Spanish.%0AAbout+a+half+prefer+to+speak+Catalan%2C "HTTP/1.1 200 OK"
HTTP Request: GET https://translate.googleapis.com/translate_a/single?client=gtx&sl=auto&tl=ko&dt=t&q=In+fact%2C%0Ait+is+not+easy+to+find+at+all+even+if+one+knew+it+existed.%0AOnce+inside+the+cave%2C "HTTP/1.1 200 OK"
HTTP Request: GET https://translate.googleapis.com/translate_a/single?client=gtx&sl=auto&tl=ko&dt=t&q=Four+skiers+in+the+women%27s+sitting+group%0Afailed+to+finish+their+runs%2C%0Aand+45+of+the+117+total+skiers%0Ain+the+Giant+Slalom "HTTP/1.1 200 OK"
HTTP Request: GET https://translate.googleapis.com/translate_a/single?client=gtx&sl=auto&tl=ko&dt=t&q=The+job%0Aof+navies "HTTP/1.1 200 OK"
HTTP Request: GET https://translate.googleapis.com/translate_a/single?client=gtx&sl=auto&tl=ko&dt=t&q=Resting+on+the+top+of+one+of+the+mountains%0Anorth+of+Mecca%2C%0Athe+cave%0Ais+completely+isolated+from+the+rest+of+the+world. "HTTP/1.1 200 OK"
HTTP Request: GET https://translate.googleapis.com/translate_a/single?client=gtx&sl=auto&tl=ko&dt=t&q=He+added+that+%22they+should+not%2C%0Ahowever%2C%0Abe+asked+to+take+on+obligations+that+go+beyond+their+development+stage%2C "HTTP/1.1 200 OK"
HTTP Request: GET https://translate.googleapis.com/translate_a/single?client=gtx&sl=auto&tl=ko&dt=t&q=In+fact%2C%0Ait+is+not+easy+to+find+at+all+even+if+one+knew+it+existed.%0AOnce+inside+the+cave%2C%0Ait+is+a+total+isolation. "HTTP/1.1 200 OK"
HTTP Request: GET https://translate.googleapis.com/translate_a/single?client=gtx&sl=auto&tl=ko&dt=t&q=Finally%2C "HTTP/1.1 200 OK"
HTTP Request: GET https://translate.googleapis.com/translate_a/single?client=gtx&sl=auto&tl=ko&dt=t&q=He+added+that+%22they+should+not%2C%0Ahowever%2C%0Abe+asked+to+take+on+obligations+that+go+beyond+their+development+stage%2C%0Aresponsibility+and+capabilities.%22 "HTTP/1.1 200 OK"
HTTP Request: GET https://translate.googleapis.com/translate_a/single?client=gtx&sl=auto&tl=ko&dt=t&q=Four+skiers+in+the+women%27s+sitting+group%0Afailed+to+finish+their+runs%2C%0Aand+45+of+the+117+total+skiers%0Ain+the+Giant+Slalom%0Afailed+to+rank+in+the+race. "HTTP/1.1 200 OK"
HTTP Request: GET https://translate.googleapis.com/translate_a/single?client=gtx&sl=auto&tl=ko&dt=t&q=Barcelona%27s+official+languages%0Aare+Catalan+and+Spanish.%0AAbout+a+half+prefer+to+speak+Catalan%2C%0Aa+vast+majority+understands+it%2C+and+virtually+everyone+knows+Spanish. "HTTP/1.1 200 OK"
HTTP Request: GET https://translate.googleapis.com/translate_a/single?client=gtx&sl=auto&tl=ko&dt=t&q=Professor+Pamela+Ferguson "HTTP/1.1 200 OK"
HTTP Request: GET https://translate.googleapis.com/translate_a/single?client=gtx&sl=auto&tl=ko&dt=t&q=In+the+north "HTTP/1.1 200 OK"
HTTP Request: GET https://translate.googleapis.com/translate_a/single?client=gtx&sl=auto&tl=ko&dt=t&q=The+composition+of+these+crystals "HTTP/1.1 200 OK"
HTTP Request: GET https://translate.googleapis.com/translate_a/single?client=gtx&sl=auto&tl=ko&dt=t&q=The+job%0Aof+navies%0Ahas+traditionally+been+to+ensure+that+your+country+maintains+the+ability+to+move+your+people+and+goods%2C "HTTP/1.1 200 OK"
HTTP Request: GET https://translate.googleapis.com/translate_a/single?client=gtx&sl=auto&tl=ko&dt=t&q=Women%3A%0AIt+is+recommended+that+any+women+travellers+say+that+they+are+married%2C "HTTP/1.1 200 OK"
HTTP Request: GET https://translate.googleapis.com/translate_a/single?client=gtx&sl=auto&tl=ko&dt=t&q=If+you+have+watched+the+movie "HTTP/1.1 200 OK"
HTTP Request: GET https://translate.googleapis.com/translate_a/single?client=gtx&sl=auto&tl=ko&dt=t&q=Vatican+City%27s+population "HTTP/1.1 200 OK"
HTTP Request: GET https://translate.googleapis.com/translate_a/single?client=gtx&sl=auto&tl=ko&dt=t&q=Finally%2C%0Athere+are+many+small+cats+%28including+loose+pet+cats%29 "HTTP/1.1 200 OK"
HTTP Request: GET https://translate.googleapis.com/translate_a/single?client=gtx&sl=auto&tl=ko&dt=t&q=Women%3A%0AIt+is+recommended+that+any+women+travellers+say+that+they+are+married%2C%0Aregardless+of+actual+marital+status. "HTTP/1.1 200 OK"
HTTP Request: GET https://translate.googleapis.com/translate_a/single?client=gtx&sl=auto&tl=ko&dt=t&q=Professor+Pamela+Ferguson%0Aof+the+University+of+Dundee "HTTP/1.1 200 OK"
HTTP Request: GET https://translate.googleapis.com/translate_a/single?client=gtx&sl=auto&tl=ko&dt=t&q=In+the+north%0Athe+region+is+bounded+by+the+Sahel%2C "HTTP/1.1 200 OK"
HTTP Request: GET https://translate.googleapis.com/translate_a/single?client=gtx&sl=auto&tl=ko&dt=t&q=The+composition+of+these+crystals%0Amatches+those+found+in+the+urine+of+affected+pets+when+compared+by+infrared+spectroscopy "HTTP/1.1 200 OK"
HTTP Request: GET https://translate.googleapis.com/translate_a/single?client=gtx&sl=auto&tl=ko&dt=t&q=If+you+have+watched+the+movie%0ANational+Treasure%2C "HTTP/1.1 200 OK"
HTTP Request: GET https://translate.googleapis.com/translate_a/single?client=gtx&sl=auto&tl=ko&dt=t&q=The+job%0Aof+navies%0Ahas+traditionally+been+to+ensure+that+your+country+maintains+the+ability+to+move+your+people+and+goods%2C%0Awhile+at+the+same+time%2C "HTTP/1.1 200 OK"
HTTP Request: GET https://translate.googleapis.com/translate_a/single?client=gtx&sl=auto&tl=ko&dt=t&q=The+composition+of+these+crystals%0Amatches+those+found+in+the+urine+of+affected+pets+when+compared+by+infrared+spectroscopy%0A%28FTIR%29. "HTTP/1.1 200 OK"
HTTP Request: GET https://translate.googleapis.com/translate_a/single?client=gtx&sl=auto&tl=ko&dt=t&q=Professor+Pamela+Ferguson%0Aof+the+University+of+Dundee%0Anotes+%22journalists "HTTP/1.1 200 OK"
HTTP Request: GET https://translate.googleapis.com/translate_a/single?client=gtx&sl=auto&tl=ko&dt=t&q=Vatican+City%27s+population%0Ais+around+800. "HTTP/1.1 200 OK"
HTTP Request: GET https://translate.googleapis.com/translate_a/single?client=gtx&sl=auto&tl=ko&dt=t&q=Finally%2C%0Athere+are+many+small+cats+%28including+loose+pet+cats%29%0Athat+eat+the+far+more+numerous+small+prey+like+insects%2C "HTTP/1.1 200 OK"
HTTP Request: GET https://translate.googleapis.com/translate_a/single?client=gtx&sl=auto&tl=ko&dt=t&q=Professor+Pamela+Ferguson%0Aof+the+University+of+Dundee%0Anotes+%22journalists%0Ado+seem+to+be+walking+a+dangerous+line+if+publishing+photos+etc+of+suspects.%22 "HTTP/1.1 200 OK"
HTTP Request: GET https://translate.googleapis.com/translate_a/single?client=gtx&sl=auto&tl=ko&dt=t&q=The+aspect+ratio+of+this+format "HTTP/1.1 200 OK"
HTTP Request: GET https://translate.googleapis.com/translate_a/single?client=gtx&sl=auto&tl=ko&dt=t&q=Vatican+City%27s+population%0Ais+around+800.%0AIt+is+the+smallest+independent+country "HTTP/1.1 200 OK"
HTTP Request: GET https://translate.googleapis.com/translate_a/single?client=gtx&sl=auto&tl=ko&dt=t&q=If+you+have+watched+the+movie%0ANational+Treasure%2C%0Ayou+may+think+a+treasure+map "HTTP/1.1 200 OK"
HTTP Request: GET https://translate.googleapis.com/translate_a/single?client=gtx&sl=auto&tl=ko&dt=t&q=The+job%0Aof+navies%0Ahas+traditionally+been+to+ensure+that+your+country+maintains+the+ability+to+move+your+people+and+goods%2C%0Awhile+at+the+same+time%2C%0Ainterfering+with+your+enemy%27s+ability "HTTP/1.1 200 OK"
HTTP Request: GET https://translate.googleapis.com/translate_a/single?client=gtx&sl=auto&tl=ko&dt=t&q=Scaffolding+is+not+a+method+of+learning "HTTP/1.1 200 OK"
HTTP Request: GET https://translate.googleapis.com/translate_a/single?client=gtx&sl=auto&tl=ko&dt=t&q=Finally%2C%0Athere+are+many+small+cats+%28including+loose+pet+cats%29%0Athat+eat+the+far+more+numerous+small+prey+like+insects%2C%0Arodents%2C+lizards%2C+and+birds. "HTTP/1.1 200 OK"
HTTP Request: GET https://translate.googleapis.com/translate_a/single?client=gtx&sl=auto&tl=ko&dt=t&q=In+the+north%0Athe+region+is+bounded+by+the+Sahel%2C%0Aand+in+the+south+and+west+by+the+Atlantic+Ocean. "HTTP/1.1 200 OK"
HTTP Request: GET https://translate.googleapis.com/translate_a/single?client=gtx&sl=auto&tl=ko&dt=t&q=Apia+is+the+capital+of+Samoa. "HTTP/1.1 200 OK"
HTTP Request: GET https://translate.googleapis.com/translate_a/single?client=gtx&sl=auto&tl=ko&dt=t&q=It+is+one+of+the+main+attractions+of+South+Africa "HTTP/1.1 200 OK"
HTTP Request: GET https://translate.googleapis.com/translate_a/single?client=gtx&sl=auto&tl=ko&dt=t&q=The+aspect+ratio+of+this+format%0A%28dividing+by+twelve+to+obtain+the+simplest+whole-number+ratio%29 "HTTP/1.1 200 OK"
HTTP Request: GET https://translate.googleapis.com/translate_a/single?client=gtx&sl=auto&tl=ko&dt=t&q=Vatican+City%27s+population%0Ais+around+800.%0AIt+is+the+smallest+independent+country%0Ain+the+world+and+the+country+with+the+lowest+population. "HTTP/1.1 200 OK"
HTTP Request: GET https://translate.googleapis.com/translate_a/single?client=gtx&sl=auto&tl=ko&dt=t&q=The+pyramid+sound+and+light+show "HTTP/1.1 200 OK"
HTTP Request: GET https://translate.googleapis.com/translate_a/single?client=gtx&sl=auto&tl=ko&dt=t&q=Scaffolding+is+not+a+method+of+learning%0Abut+rather+an+aid+that+provides+support "HTTP/1.1 200 OK"
HTTP Request: GET https://translate.googleapis.com/translate_a/single?client=gtx&sl=auto&tl=ko&dt=t&q=It+is+related+to+but+usually+not+involving+alpine+style+ski+touring "HTTP/1.1 200 OK"
HTTP Request: GET https://translate.googleapis.com/translate_a/single?client=gtx&sl=auto&tl=ko&dt=t&q=The+pyramid+sound+and+light+show%0Ais+one+of+the+most+interesting+things "HTTP/1.1 200 OK"
HTTP Request: GET https://translate.googleapis.com/translate_a/single?client=gtx&sl=auto&tl=ko&dt=t&q=If+you+have+watched+the+movie%0ANational+Treasure%2C%0Ayou+may+think+a+treasure+map%0Awas+written+on+the+back+of+the+Declaration+of+Independence. "HTTP/1.1 200 OK"
HTTP Request: GET https://translate.googleapis.com/translate_a/single?client=gtx&sl=auto&tl=ko&dt=t&q=The+pyramid+sound+and+light+show%0Ais+one+of+the+most+interesting+things%0Ain+the+area+for+kids. "HTTP/1.1 200 OK"
HTTP Request: GET https://translate.googleapis.com/translate_a/single?client=gtx&sl=auto&tl=ko&dt=t&q=It+is+one+of+the+main+attractions+of+South+Africa%0Aand+it+is+considered "HTTP/1.1 200 OK"
HTTP Request: GET https://translate.googleapis.com/translate_a/single?client=gtx&sl=auto&tl=ko&dt=t&q=It+is+one+of+the+main+attractions+of+South+Africa%0Aand+it+is+considered%0Athe "HTTP/1.1 200 OK"
HTTP Request: GET https://translate.googleapis.com/translate_a/single?client=gtx&sl=auto&tl=ko&dt=t&q=It+is+related+to+but+usually+not+involving+alpine+style+ski+touring%0Aor+mountaineering%2C "HTTP/1.1 200 OK"
HTTP Request: GET https://translate.googleapis.com/translate_a/single?client=gtx&sl=auto&tl=ko&dt=t&q=Apia+is+the+capital+of+Samoa.%0AThe+town+is+on+the+island+of+Upolu "HTTP/1.1 200 OK"
HTTP Request: GET https://translate.googleapis.com/translate_a/single?client=gtx&sl=auto&tl=ko&dt=t&q=The+job%0Aof+navies%0Ahas+traditionally+been+to+ensure+that+your+country+maintains+the+ability+to+move+your+people+and+goods%2C%0Awhile+at+the+same+time%2C%0Ainterfering+with+your+enemy%27s+ability%0Ato+move+his+people+and+goods. "HTTP/1.1 200 OK"
HTTP Request: GET https://translate.googleapis.com/translate_a/single?client=gtx&sl=auto&tl=ko&dt=t&q=The+aspect+ratio+of+this+format%0A%28dividing+by+twelve+to+obtain+the+simplest+whole-number+ratio%29%0Ais+therefore "HTTP/1.1 200 OK"
HTTP Request: GET https://translate.googleapis.com/translate_a/single?client=gtx&sl=auto&tl=ko&dt=t&q=Scaffolding+is+not+a+method+of+learning%0Abut+rather+an+aid+that+provides+support%0Ato+individuals "HTTP/1.1 200 OK"
HTTP Request: GET https://translate.googleapis.com/translate_a/single?client=gtx&sl=auto&tl=ko&dt=t&q=Apia+is+the+capital+of+Samoa.%0AThe+town+is+on+the+island+of+Upolu%0Aand+has+a+population "HTTP/1.1 200 OK"
HTTP Request: GET https://translate.googleapis.com/translate_a/single?client=gtx&sl=auto&tl=ko&dt=t&q=The+aspect+ratio+of+this+format%0A%28dividing+by+twelve+to+obtain+the+simplest+whole-number+ratio%29%0Ais+therefore%0Asaid+to+be+3%3A2. "HTTP/1.1 200 OK"
HTTP Request: GET https://translate.googleapis.com/translate_a/single?client=gtx&sl=auto&tl=ko&dt=t&q=Regular+announcements+in+the+Metro "HTTP/1.1 200 OK"
HTTP Request: GET https://translate.googleapis.com/translate_a/single?client=gtx&sl=auto&tl=ko&dt=t&q=His+work+is+of+such+recognized+quality "HTTP/1.1 200 OK"
HTTP Request: GET https://translate.googleapis.com/translate_a/single?client=gtx&sl=auto&tl=ko&dt=t&q=It+is+related+to+but+usually+not+involving+alpine+style+ski+touring%0Aor+mountaineering%2C%0Athe+latter+ones+done+in+steep+terrain "HTTP/1.1 200 OK"
HTTP Request: GET https://translate.googleapis.com/translate_a/single?client=gtx&sl=auto&tl=ko&dt=t&q=Plants+look+their+best "HTTP/1.1 200 OK"
HTTP Request: GET https://translate.googleapis.com/translate_a/single?client=gtx&sl=auto&tl=ko&dt=t&q=Six+hostages%2C+including+the+children+and+elderly%2C "HTTP/1.1 200 OK"
HTTP Request: GET https://translate.googleapis.com/translate_a/single?client=gtx&sl=auto&tl=ko&dt=t&q=It+is+one+of+the+main+attractions+of+South+Africa%0Aand+it+is+considered%0Athe%0Aflagship+of+South+African+National+Parks+%28SANParks%29. "HTTP/1.1 200 OK"
HTTP Request: GET https://translate.googleapis.com/translate_a/single?client=gtx&sl=auto&tl=ko&dt=t&q=People+have+known+about+basic+chemical+elements "HTTP/1.1 200 OK"
HTTP Request: GET https://translate.googleapis.com/translate_a/single?client=gtx&sl=auto&tl=ko&dt=t&q=Regular+announcements+in+the+Metro%0Aare+made+only+in+Catalan%2C "HTTP/1.1 200 OK"
HTTP Request: GET https://translate.googleapis.com/translate_a/single?client=gtx&sl=auto&tl=ko&dt=t&q=It+is+related+to+but+usually+not+involving+alpine+style+ski+touring%0Aor+mountaineering%2C%0Athe+latter+ones+done+in+steep+terrain%0Aand+requiring+much+stiffer+skis "HTTP/1.1 200 OK"
HTTP Request: GET https://translate.googleapis.com/translate_a/single?client=gtx&sl=auto&tl=ko&dt=t&q=Plants+look+their+best%0Awhen+in+a+natural+environment%2C "HTTP/1.1 200 OK"
HTTP Request: GET https://translate.googleapis.com/translate_a/single?client=gtx&sl=auto&tl=ko&dt=t&q=His+work+is+of+such+recognized+quality%0Aand+detail "HTTP/1.1 200 OK"
HTTP Request: GET https://translate.googleapis.com/translate_a/single?client=gtx&sl=auto&tl=ko&dt=t&q=People+have+known+about+basic+chemical+elements%0Asuch+as+gold%2C "HTTP/1.1 200 OK"
HTTP Request: GET https://translate.googleapis.com/translate_a/single?client=gtx&sl=auto&tl=ko&dt=t&q=Apia+is+the+capital+of+Samoa.%0AThe+town+is+on+the+island+of+Upolu%0Aand+has+a+population%0Aof+just+under+40%2C000. "HTTP/1.1 200 OK"
HTTP Request: GET https://translate.googleapis.com/translate_a/single?client=gtx&sl=auto&tl=ko&dt=t&q=People+have+known+about+basic+chemical+elements%0Asuch+as+gold%2C%0Asilver%2C "HTTP/1.1 200 OK"
HTTP Request: GET https://translate.googleapis.com/translate_a/single?client=gtx&sl=auto&tl=ko&dt=t&q=Regular+announcements+in+the+Metro%0Aare+made+only+in+Catalan%2C%0Abut+unplanned+disruptions+are+announced+by+an+automated+system "HTTP/1.1 200 OK"
HTTP Request: GET https://translate.googleapis.com/translate_a/single?client=gtx&sl=auto&tl=ko&dt=t&q=Six+hostages%2C+including+the+children+and+elderly%2C%0Awere+released+early%2C+as+were+the+Filipino+photographers. "HTTP/1.1 200 OK"
HTTP Request: GET https://translate.googleapis.com/translate_a/single?client=gtx&sl=auto&tl=ko&dt=t&q=Scaffolding+is+not+a+method+of+learning%0Abut+rather+an+aid+that+provides+support%0Ato+individuals%0Awhom+are+undergoing+a+new+learning+experience "HTTP/1.1 200 OK"
HTTP Request: GET https://translate.googleapis.com/translate_a/single?client=gtx&sl=auto&tl=ko&dt=t&q=His+work+is+of+such+recognized+quality%0Aand+detail%0Athat+he+is+one+of+the+very+few+%22household+names%22 "HTTP/1.1 200 OK"
HTTP Request: GET https://translate.googleapis.com/translate_a/single?client=gtx&sl=auto&tl=ko&dt=t&q=Several+large+television+screens "HTTP/1.1 200 OK"
HTTP Request: GET https://translate.googleapis.com/translate_a/single?client=gtx&sl=auto&tl=ko&dt=t&q=People+have+known+about+basic+chemical+elements%0Asuch+as+gold%2C%0Asilver%2C%0Aand+copper+from+antiquity%2C "HTTP/1.1 200 OK"
HTTP Request: GET https://translate.googleapis.com/translate_a/single?client=gtx&sl=auto&tl=ko&dt=t&q=Plants+look+their+best%0Awhen+in+a+natural+environment%2C%0Aso+resist+the+temptation+to+remove+even+%22just+one%22+specimen. "HTTP/1.1 200 OK"
HTTP Request: GET https://translate.googleapis.com/translate_a/single?client=gtx&sl=auto&tl=ko&dt=t&q=USA+Gymnastics+and+the+USOC+have+the+same+goal+%E2%80%94 "HTTP/1.1 200 OK"
HTTP Request: GET https://translate.googleapis.com/translate_a/single?client=gtx&sl=auto&tl=ko&dt=t&q=It+is+related+to+but+usually+not+involving+alpine+style+ski+touring%0Aor+mountaineering%2C%0Athe+latter+ones+done+in+steep+terrain%0Aand+requiring+much+stiffer+skis%0Aand+boots. "HTTP/1.1 200 OK"
HTTP Request: GET https://translate.googleapis.com/translate_a/single?client=gtx&sl=auto&tl=ko&dt=t&q=USA+Gymnastics+and+the+USOC+have+the+same+goal+%E2%80%94%0Amaking+the+sport+of+gymnastics%2C "HTTP/1.1 200 OK"
HTTP Request: GET https://translate.googleapis.com/translate_a/single?client=gtx&sl=auto&tl=ko&dt=t&q=Greenland+was+settled+sparsely. "HTTP/1.1 200 OK"
HTTP Request: GET https://translate.googleapis.com/translate_a/single?client=gtx&sl=auto&tl=ko&dt=t&q=His+work+is+of+such+recognized+quality%0Aand+detail%0Athat+he+is+one+of+the+very+few+%22household+names%22%0Aamong+philatelists. "HTTP/1.1 200 OK"
HTTP Request: GET https://translate.googleapis.com/translate_a/single?client=gtx&sl=auto&tl=ko&dt=t&q=Several+large+television+screens%0Awere+installed "HTTP/1.1 200 OK"
HTTP Request: GET https://translate.googleapis.com/translate_a/single?client=gtx&sl=auto&tl=ko&dt=t&q=His+work+is+of+such+recognized+quality%0Aand+detail%0Athat+he+is+one+of+the+very+few+%22household+names%22%0Aamong+philatelists.%0ASome+specialize+in+collecting+his+work+alone. "HTTP/1.1 200 OK"
HTTP Request: GET https://translate.googleapis.com/translate_a/single?client=gtx&sl=auto&tl=ko&dt=t&q=People+have+known+about+basic+chemical+elements%0Asuch+as+gold%2C%0Asilver%2C%0Aand+copper+from+antiquity%2C%0Aas+these+can+all+be+discovered+in+nature "HTTP/1.1 200 OK"
HTTP Request: GET https://translate.googleapis.com/translate_a/single?client=gtx&sl=auto&tl=ko&dt=t&q=Regular+announcements+in+the+Metro%0Aare+made+only+in+Catalan%2C%0Abut+unplanned+disruptions+are+announced+by+an+automated+system%0Ain+a+wide+variety+of+languages "HTTP/1.1 200 OK"
HTTP Request: GET https://translate.googleapis.com/translate_a/single?client=gtx&sl=auto&tl=ko&dt=t&q=Due+to+the+underwater+topology "HTTP/1.1 200 OK"
HTTP Request: GET https://translate.googleapis.com/translate_a/single?client=gtx&sl=auto&tl=ko&dt=t&q=Scaffolding+is+not+a+method+of+learning%0Abut+rather+an+aid+that+provides+support%0Ato+individuals%0Awhom+are+undergoing+a+new+learning+experience%0Asuch+as+using+a+new+computer+program "HTTP/1.1 200 OK"
HTTP Request: GET https://translate.googleapis.com/translate_a/single?client=gtx&sl=auto&tl=ko&dt=t&q=Bishkek+was+described+as+sinking+into+a+state "HTTP/1.1 200 OK"
HTTP Request: GET https://translate.googleapis.com/translate_a/single?client=gtx&sl=auto&tl=ko&dt=t&q=Greenland+was+settled+sparsely.%0AIn+the+Norse+sagas+they+say+that+Erik+the+Red "HTTP/1.1 200 OK"
HTTP Request: GET https://translate.googleapis.com/translate_a/single?client=gtx&sl=auto&tl=ko&dt=t&q=Several+large+television+screens%0Awere+installed%0Ain+various+places+in+Rome+to+let+the+people+watch+the+ceremony. "HTTP/1.1 200 OK"
HTTP Request: GET https://translate.googleapis.com/translate_a/single?client=gtx&sl=auto&tl=ko&dt=t&q=Regular+announcements+in+the+Metro%0Aare+made+only+in+Catalan%2C%0Abut+unplanned+disruptions+are+announced+by+an+automated+system%0Ain+a+wide+variety+of+languages%0Aincluding+Spanish%2C+English%2C+French%2C+Arabic+and+Japanese. "HTTP/1.1 200 OK"
HTTP Request: GET https://translate.googleapis.com/translate_a/single?client=gtx&sl=auto&tl=ko&dt=t&q=People+have+known+about+basic+chemical+elements%0Asuch+as+gold%2C%0Asilver%2C%0Aand+copper+from+antiquity%2C%0Aas+these+can+all+be+discovered+in+nature%0Ain+native+form+and+are+relatively+simple+to+mine+with+primitive+tools. "HTTP/1.1 200 OK"
HTTP Request: GET https://translate.googleapis.com/translate_a/single?client=gtx&sl=auto&tl=ko&dt=t&q=Bishkek+was+described+as+sinking+into+a+state%0Aof+%22anarchy%22 "HTTP/1.1 200 OK"
HTTP Request: GET https://translate.googleapis.com/translate_a/single?client=gtx&sl=auto&tl=ko&dt=t&q=Scaffolding+is+not+a+method+of+learning%0Abut+rather+an+aid+that+provides+support%0Ato+individuals%0Awhom+are+undergoing+a+new+learning+experience%0Asuch+as+using+a+new+computer+program%0Aor+beginning+a+new+project. "HTTP/1.1 200 OK"
HTTP Request: GET https://translate.googleapis.com/translate_a/single?client=gtx&sl=auto&tl=ko&dt=t&q=Due+to+the+underwater+topology%0Athe+return+flow+is+concentrated "HTTP/1.1 200 OK"
HTTP Request: GET https://translate.googleapis.com/translate_a/single?client=gtx&sl=auto&tl=ko&dt=t&q=Bishkek+was+described+as+sinking+into+a+state%0Aof+%22anarchy%22%0Aby+one+observer%2C "HTTP/1.1 200 OK"
HTTP Request: GET https://translate.googleapis.com/translate_a/single?client=gtx&sl=auto&tl=ko&dt=t&q=USA+Gymnastics+and+the+USOC+have+the+same+goal+%E2%80%94%0Amaking+the+sport+of+gymnastics%2C%0Aand+others%2C "HTTP/1.1 200 OK"
HTTP Request: GET https://translate.googleapis.com/translate_a/single?client=gtx&sl=auto&tl=ko&dt=t&q=Greenland+was+settled+sparsely.%0AIn+the+Norse+sagas+they+say+that+Erik+the+Red%0Awas+exiled+from+Iceland+for+murder%2C "HTTP/1.1 200 OK"
HTTP Request: GET https://translate.googleapis.com/translate_a/single?client=gtx&sl=auto&tl=ko&dt=t&q=Bishkek+was+described+as+sinking+into+a+state%0Aof+%22anarchy%22%0Aby+one+observer%2C%0Aas+gangs+of+people+roamed+the+streets+and+plundered+stores+of+consumer+goods. "HTTP/1.1 200 OK"
HTTP Request: GET https://translate.googleapis.com/translate_a/single?client=gtx&sl=auto&tl=ko&dt=t&q=Due+to+the+underwater+topology%0Athe+return+flow+is+concentrated%0Aat+a+few+deeper+sections%2C "HTTP/1.1 200 OK"
HTTP Request: GET https://translate.googleapis.com/translate_a/single?client=gtx&sl=auto&tl=ko&dt=t&q=First+among+its+78+recommendations "HTTP/1.1 200 OK"
HTTP Request: GET https://translate.googleapis.com/translate_a/single?client=gtx&sl=auto&tl=ko&dt=t&q=Greenland+was+settled+sparsely.%0AIn+the+Norse+sagas+they+say+that+Erik+the+Red%0Awas+exiled+from+Iceland+for+murder%2C%0Aand+when+travelling+further+west%2C "HTTP/1.1 200 OK"
HTTP Request: GET https://translate.googleapis.com/translate_a/single?client=gtx&sl=auto&tl=ko&dt=t&q=USA+Gymnastics+and+the+USOC+have+the+same+goal+%E2%80%94%0Amaking+the+sport+of+gymnastics%2C%0Aand+others%2C%0Aas+safe+as+possible "HTTP/1.1 200 OK"
HTTP Request: GET https://translate.googleapis.com/translate_a/single?client=gtx&sl=auto&tl=ko&dt=t&q=First+among+its+78+recommendations%0Ais+that+a+new+diplomatic+initiative "HTTP/1.1 200 OK"
HTTP Request: GET https://translate.googleapis.com/translate_a/single?client=gtx&sl=auto&tl=ko&dt=t&q=Due+to+the+underwater+topology%0Athe+return+flow+is+concentrated%0Aat+a+few+deeper+sections%2C%0Aand+a+fast+current+to+deep+water+may+form+there. "HTTP/1.1 200 OK"
HTTP Request: GET https://translate.googleapis.com/translate_a/single?client=gtx&sl=auto&tl=ko&dt=t&q=First+among+its+78+recommendations%0Ais+that+a+new+diplomatic+initiative%0Ashould+be+taken+before+the+end+of+this+year "HTTP/1.1 200 OK"
HTTP Request: GET https://translate.googleapis.com/translate_a/single?client=gtx&sl=auto&tl=ko&dt=t&q=Greenland+was+settled+sparsely.%0AIn+the+Norse+sagas+they+say+that+Erik+the+Red%0Awas+exiled+from+Iceland+for+murder%2C%0Aand+when+travelling+further+west%2C%0Afound+Greenland+and+named+it+Greenland. "HTTP/1.1 200 OK"
HTTP Request: GET https://translate.googleapis.com/translate_a/single?client=gtx&sl=auto&tl=ko&dt=t&q=USA+Gymnastics+and+the+USOC+have+the+same+goal+%E2%80%94%0Amaking+the+sport+of+gymnastics%2C%0Aand+others%2C%0Aas+safe+as+possible%0Afor+athletes+to+follow+their+dreams+in+a+safe%2C "HTTP/1.1 200 OK"
HTTP Request: GET https://translate.googleapis.com/translate_a/single?client=gtx&sl=auto&tl=ko&dt=t&q=First+among+its+78+recommendations%0Ais+that+a+new+diplomatic+initiative%0Ashould+be+taken+before+the+end+of+this+year%0Ato+secure+Iraq%E2%80%99s+borders "HTTP/1.1 200 OK"
HTTP Request: GET https://translate.googleapis.com/translate_a/single?client=gtx&sl=auto&tl=ko&dt=t&q=USA+Gymnastics+and+the+USOC+have+the+same+goal+%E2%80%94%0Amaking+the+sport+of+gymnastics%2C%0Aand+others%2C%0Aas+safe+as+possible%0Afor+athletes+to+follow+their+dreams+in+a+safe%2C%0Apositive+and+empowered+environment. "HTTP/1.1 200 OK"
HTTP Request: GET https://translate.googleapis.com/translate_a/single?client=gtx&sl=auto&tl=ko&dt=t&q=First+among+its+78+recommendations%0Ais+that+a+new+diplomatic+initiative%0Ashould+be+taken+before+the+end+of+this+year%0Ato+secure+Iraq%E2%80%99s+borders%0Aagainst+hostile+interventions "HTTP/1.1 200 OK"
HTTP Request: GET https://translate.googleapis.com/translate_a/single?client=gtx&sl=auto&tl=ko&dt=t&q=First+among+its+78+recommendations%0Ais+that+a+new+diplomatic+initiative%0Ashould+be+taken+before+the+end+of+this+year%0Ato+secure+Iraq%E2%80%99s+borders%0Aagainst+hostile+interventions%0Aand+to+re-establish+diplomatic+relations+with+its+neighbors. "HTTP/1.1 200 OK"
/home/mobility/STiTy/.venv-autoseg/lib/python3.10/site-packages/pytorch_lightning/utilities/_pytree.py:21: `isinstance(treespec, LeafSpec)` is deprecated, use `isinstance(treespec, TreeSpec) and treespec.is_leaf()` instead.
Korean    T=6   laal 4.689  eff 0.7638  adq 0.8445  contra 0.0948  cons 0.7871  k 3.69
HTTP Request: GET https://translate.googleapis.com/translate_a/single?client=gtx&sl=auto&tl=ko&dt=t&q=Throughout+1960s%2C%0ABrzezinski+worked+for+John+F.+Kennedy+as+his+advisor+and+then+the+Lyndon+B.+Johnson+administration. "HTTP/1.1 200 OK"
HTTP Request: GET https://translate.googleapis.com/translate_a/single?client=gtx&sl=auto&tl=ko&dt=t&q=Scientists+hope+to+understand+how+planets+form%2C+especially+how+the+Earth+formed%2C "HTTP/1.1 200 OK"
HTTP Request: GET https://translate.googleapis.com/translate_a/single?client=gtx&sl=auto&tl=ko&dt=t&q=A+search+of+the+Internet+for%27+Hostile+environment+course%27 "HTTP/1.1 200 OK"
HTTP Request: GET https://translate.googleapis.com/translate_a/single?client=gtx&sl=auto&tl=ko&dt=t&q=The+word+civilization+comes+from+the+Latin+civilis%2C+meaning+civil%2C+related+to+the+Latin+civis%2C "HTTP/1.1 200 OK"
HTTP Request: GET https://translate.googleapis.com/translate_a/single?client=gtx&sl=auto&tl=ko&dt=t&q=As+a+result%2C%0Athe+performers+smoke+cannabis+joints+on+stage%2C%0Aand+the+theatre+itself+is+encouraging+the+audience+to+join+in. "HTTP/1.1 200 OK"
HTTP Request: GET https://translate.googleapis.com/translate_a/single?client=gtx&sl=auto&tl=ko&dt=t&q=Generally+speaking%2C%0Atwo+behaviors+can+emerge+as+managers+begin+to+lead+their+former+peers.%0AOne+end+of+the+spectrum%0Ais+trying+to+remain+%E2%80%9Cone+of+the+guys%E2%80%9D+%28or+gals%29. "HTTP/1.1 200 OK"
HTTP Request: GET https://translate.googleapis.com/translate_a/single?client=gtx&sl=auto&tl=ko&dt=t&q=Similarly%2C%0Aby+having+a+Schengen+visa%2C%0Ayou+do+not+need+to+apply+for+visas+to+each+of+the+Schengen+member+countries%0Aseparately%2C+hence+saving+time%2C+money+and+paperwork. "HTTP/1.1 200 OK"
HTTP Request: GET https://translate.googleapis.com/translate_a/single?client=gtx&sl=auto&tl=ko&dt=t&q=Virtual+Scaffolds+are+internalized+in+the+software%0Aand+are+meant+to+question%2C%0Aprompt%2C%0Aand+explain+procedures+that+may+have+been+to+challenging+for+the+student+to+handle+alone. "HTTP/1.1 200 OK"
HTTP Request: GET https://translate.googleapis.com/translate_a/single?client=gtx&sl=auto&tl=ko&dt=t&q=Most+of+the+smaller+islands+are+independent+nations%2C%0Aor+associated+with+France%2C+and+known+as+luxury+beach+resorts. "HTTP/1.1 200 OK"
HTTP Request: GET https://translate.googleapis.com/translate_a/single?client=gtx&sl=auto&tl=ko&dt=t&q=A+search+of+the+Internet+for%27+Hostile+environment+course%27%0Awill+probably+provide+the+address+of+a+local+company. "HTTP/1.1 200 OK"
HTTP Request: GET https://translate.googleapis.com/translate_a/single?client=gtx&sl=auto&tl=ko&dt=t&q=Scientists+hope+to+understand+how+planets+form%2C+especially+how+the+Earth+formed%2C%0Asince+comets+collided+with+the+Earth+long+ago. "HTTP/1.1 200 OK"
HTTP Request: GET https://translate.googleapis.com/translate_a/single?client=gtx&sl=auto&tl=ko&dt=t&q=The+word+civilization+comes+from+the+Latin+civilis%2C+meaning+civil%2C+related+to+the+Latin+civis%2C%0Ameaning+citizen%2C "HTTP/1.1 200 OK"
HTTP Request: GET https://translate.googleapis.com/translate_a/single?client=gtx&sl=auto&tl=ko&dt=t&q=Sleep+interruption+is+the+process+of+purposefully+awakening+during+your+normal+sleep+period "HTTP/1.1 200 OK"
HTTP Request: GET https://translate.googleapis.com/translate_a/single?client=gtx&sl=auto&tl=ko&dt=t&q=The+word+civilization+comes+from+the+Latin+civilis%2C+meaning+civil%2C+related+to+the+Latin+civis%2C%0Ameaning+citizen%2C%0Aand+civitas%2C+meaning+city+or+city-state%2C "HTTP/1.1 200 OK"
HTTP Request: GET https://translate.googleapis.com/translate_a/single?client=gtx&sl=auto&tl=ko&dt=t&q=Sleep+interruption+is+the+process+of+purposefully+awakening+during+your+normal+sleep+period%0Aand+falling+asleep "HTTP/1.1 200 OK"
HTTP Request: GET https://translate.googleapis.com/translate_a/single?client=gtx&sl=auto&tl=ko&dt=t&q=The+word+civilization+comes+from+the+Latin+civilis%2C+meaning+civil%2C+related+to+the+Latin+civis%2C%0Ameaning+citizen%2C%0Aand+civitas%2C+meaning+city+or+city-state%2C%0Aand+that+also+somehow+defines+the+size+of+the+society. "HTTP/1.1 200 OK"
HTTP Request: GET https://translate.googleapis.com/translate_a/single?client=gtx&sl=auto&tl=ko&dt=t&q=Sleep+interruption+is+the+process+of+purposefully+awakening+during+your+normal+sleep+period%0Aand+falling+asleep%0Aa+short+time+later+%2810%E2%80%9360+minutes%29. "HTTP/1.1 200 OK"
HTTP Request: GET https://translate.googleapis.com/translate_a/single?client=gtx&sl=auto&tl=ko&dt=t&q=As+a+result%2C+two+fish+species+have+become+extinct%2C "HTTP/1.1 200 OK"
HTTP Request: GET https://translate.googleapis.com/translate_a/single?client=gtx&sl=auto&tl=ko&dt=t&q=We+make+our+houses%0Afrom+plants+and+make+clothes+from+plants.+Most+foods+that+we+eat+are+plants.+Without+plants%2C "HTTP/1.1 200 OK"
HTTP Request: GET https://translate.googleapis.com/translate_a/single?client=gtx&sl=auto&tl=ko&dt=t&q=As+a+result%2C+two+fish+species+have+become+extinct%2C%0Aand+two+others+have+become+endangered%2C+including+the+humpback+chub. "HTTP/1.1 200 OK"
HTTP Request: GET https://translate.googleapis.com/translate_a/single?client=gtx&sl=auto&tl=ko&dt=t&q=We+make+our+houses%0Afrom+plants+and+make+clothes+from+plants.+Most+foods+that+we+eat+are+plants.+Without+plants%2C%0Aanimals+could+not+survive. "HTTP/1.1 200 OK"
HTTP Request: GET https://translate.googleapis.com/translate_a/single?client=gtx&sl=auto&tl=ko&dt=t&q=Alloys+are+basically+a+mixture "HTTP/1.1 200 OK"
HTTP Request: GET https://translate.googleapis.com/translate_a/single?client=gtx&sl=auto&tl=ko&dt=t&q=Also+to+the+north+visit+the+great+Sanctuary+of+Our+Lady+of+Fatima "HTTP/1.1 200 OK"
HTTP Request: GET https://translate.googleapis.com/translate_a/single?client=gtx&sl=auto&tl=ko&dt=t&q=We+agree+with+the+USOC%27s+statement+that+the+interests+of+our+athletes+and+clubs%2C "HTTP/1.1 200 OK"
HTTP Request: GET https://translate.googleapis.com/translate_a/single?client=gtx&sl=auto&tl=ko&dt=t&q=The+central+authority+of+the+church+had+been+in+Rome "HTTP/1.1 200 OK"
HTTP Request: GET https://translate.googleapis.com/translate_a/single?client=gtx&sl=auto&tl=ko&dt=t&q=Buses+depart+the+inter-district+bus+station%0A%28across+the+river%29%0Athroughout+the+day%2C+though+most%2C+especially+those+heading+to+the+east+and+Jakar%2FBumthang+leave+between+06%3A30+and+07%3A30. "HTTP/1.1 200 OK"
HTTP Request: GET https://translate.googleapis.com/translate_a/single?client=gtx&sl=auto&tl=ko&dt=t&q=Alloys+are+basically+a+mixture%0Aof+two+or+more+metals.+Don%27t+forget+that+there+are+many+elements "HTTP/1.1 200 OK"
HTTP Request: GET https://translate.googleapis.com/translate_a/single?client=gtx&sl=auto&tl=ko&dt=t&q=Also+to+the+north+visit+the+great+Sanctuary+of+Our+Lady+of+Fatima%0A%28Shrine%29%2C "HTTP/1.1 200 OK"
HTTP Request: GET https://translate.googleapis.com/translate_a/single?client=gtx&sl=auto&tl=ko&dt=t&q=The+central+authority+of+the+church+had+been+in+Rome%0Afor+over+a+thousand+years "HTTP/1.1 200 OK"
HTTP Request: GET https://translate.googleapis.com/translate_a/single?client=gtx&sl=auto&tl=ko&dt=t&q=We+agree+with+the+USOC%27s+statement+that+the+interests+of+our+athletes+and+clubs%2C%0Aand+their+sport%2C "HTTP/1.1 200 OK"
HTTP Request: GET https://translate.googleapis.com/translate_a/single?client=gtx&sl=auto&tl=ko&dt=t&q=Alloys+are+basically+a+mixture%0Aof+two+or+more+metals.+Don%27t+forget+that+there+are+many+elements%0Aon+the+periodic+table. "HTTP/1.1 200 OK"
HTTP Request: GET https://translate.googleapis.com/translate_a/single?client=gtx&sl=auto&tl=ko&dt=t&q=Also+to+the+north+visit+the+great+Sanctuary+of+Our+Lady+of+Fatima%0A%28Shrine%29%2C%0Aa+place+of+worldwide+famous+Marian+apparitions. "HTTP/1.1 200 OK"
HTTP Request: GET https://translate.googleapis.com/translate_a/single?client=gtx&sl=auto&tl=ko&dt=t&q=The+central+authority+of+the+church+had+been+in+Rome%0Afor+over+a+thousand+years%0Aand+this+concentration+of+power+and+money "HTTP/1.1 200 OK"
HTTP Request: GET https://translate.googleapis.com/translate_a/single?client=gtx&sl=auto&tl=ko&dt=t&q=We+agree+with+the+USOC%27s+statement+that+the+interests+of+our+athletes+and+clubs%2C%0Aand+their+sport%2C%0Amay+be+better+served+by+moving+forward+with+meaningful+change+within+our+organization%2C "HTTP/1.1 200 OK"
HTTP Request: GET https://translate.googleapis.com/translate_a/single?client=gtx&sl=auto&tl=ko&dt=t&q=We+agree+with+the+USOC%27s+statement+that+the+interests+of+our+athletes+and+clubs%2C%0Aand+their+sport%2C%0Amay+be+better+served+by+moving+forward+with+meaningful+change+within+our+organization%2C%0Arather+than+decertification. "HTTP/1.1 200 OK"
HTTP Request: GET https://translate.googleapis.com/translate_a/single?client=gtx&sl=auto&tl=ko&dt=t&q=The+central+authority+of+the+church+had+been+in+Rome%0Afor+over+a+thousand+years%0Aand+this+concentration+of+power+and+money%0Aled+many+to+question+whether+this+tenet+was+being+met. "HTTP/1.1 200 OK"
HTTP Request: GET https://translate.googleapis.com/translate_a/single?client=gtx&sl=auto&tl=ko&dt=t&q=At+the+other+end+of+the+spectrum%2C "HTTP/1.1 200 OK"
HTTP Request: GET https://translate.googleapis.com/translate_a/single?client=gtx&sl=auto&tl=ko&dt=t&q=Ancient+China+had+a+unique+way "HTTP/1.1 200 OK"
HTTP Request: GET https://translate.googleapis.com/translate_a/single?client=gtx&sl=auto&tl=ko&dt=t&q=At+the+other+end+of+the+spectrum%2C%0Aone "HTTP/1.1 200 OK"
HTTP Request: GET https://translate.googleapis.com/translate_a/single?client=gtx&sl=auto&tl=ko&dt=t&q=Giancarlo+Fisichella+lost+control+of+his+car "HTTP/1.1 200 OK"
HTTP Request: GET https://translate.googleapis.com/translate_a/single?client=gtx&sl=auto&tl=ko&dt=t&q=Ancient+China+had+a+unique+way%0Aof+showing+different+time+periods%3B "HTTP/1.1 200 OK"
HTTP Request: GET https://translate.googleapis.com/translate_a/single?client=gtx&sl=auto&tl=ko&dt=t&q=At+the+other+end+of+the+spectrum%2C%0Aone%0Amorphs+into+an+unrecognizable+individual "HTTP/1.1 200 OK"
HTTP Request: GET https://translate.googleapis.com/translate_a/single?client=gtx&sl=auto&tl=ko&dt=t&q=Ancient+cultures+and+tribes+began+to+keep+them+for+easy+access+to+milk%2C%0Ahair%2C+meat%2C+and+skins. "HTTP/1.1 200 OK"
HTTP Request: GET https://translate.googleapis.com/translate_a/single?client=gtx&sl=auto&tl=ko&dt=t&q=Ancient+China+had+a+unique+way%0Aof+showing+different+time+periods%3B%0Aeach+stage+of+China+or+each+family+that+was+in+power+was+a+distinctive+dynasty. "HTTP/1.1 200 OK"
HTTP Request: GET https://translate.googleapis.com/translate_a/single?client=gtx&sl=auto&tl=ko&dt=t&q=At+the+other+end+of+the+spectrum%2C%0Aone%0Amorphs+into+an+unrecognizable+individual%0Athat+feels+he+or+she+must+change+everything+the+team+has+been+doing+and+make+it+their+own. "HTTP/1.1 200 OK"
HTTP Request: GET https://translate.googleapis.com/translate_a/single?client=gtx&sl=auto&tl=ko&dt=t&q=Giancarlo+Fisichella+lost+control+of+his+car%0Aand+ended+the+race+very+soon+after+the+start. "HTTP/1.1 200 OK"
HTTP Request: GET https://translate.googleapis.com/translate_a/single?client=gtx&sl=auto&tl=ko&dt=t&q=While+Goma+is+reasonably+safe%2C%0Aany+visits+outside+of+Goma%0Ashould+be+researched+to+understand+the+state+of+the+fighting+that+persists+in+the+North+Kivu+province. "HTTP/1.1 200 OK"
HTTP Request: GET https://translate.googleapis.com/translate_a/single?client=gtx&sl=auto&tl=ko&dt=t&q=The+U.S.+Corps+of+Engineers%0Aestimated+that+6+inches+of+rainfall+could+breach+the+previously+damaged+levees. "HTTP/1.1 200 OK"
HTTP Request: GET https://translate.googleapis.com/translate_a/single?client=gtx&sl=auto&tl=ko&dt=t&q=The+Giza+Plateau%2C%0Aor+%22Giza+Necropolis%22+in+the+Egyptian+Valley+of+the+Dead%0Acontains+several+pyramids+%28of+which+the+great+pyramid+is+the+largest%29%2C%0Aseveral+small+tombs%2C+several+temples%2C+and+the+great+Sphinx. "HTTP/1.1 200 OK"
HTTP Request: GET https://translate.googleapis.com/translate_a/single?client=gtx&sl=auto&tl=ko&dt=t&q=The+Northern+Marianas+emergency+management+office%0Asaid+that+there+were+no+damages+reported+in+the+nation. "HTTP/1.1 200 OK"
HTTP Request: GET https://translate.googleapis.com/translate_a/single?client=gtx&sl=auto&tl=ko&dt=t&q=As+a+result%2C%0Athe+process%0Aof+an+organization+working+together+to+overcome+an+obstacle+can+lead+to+a+new+innovative+process+to+serve+the+customer%27s+need. "HTTP/1.1 200 OK"
HTTP Request: GET https://translate.googleapis.com/translate_a/single?client=gtx&sl=auto&tl=ko&dt=t&q=Cuomo%2C+53%2C%0Abegan+his+governorship+earlier+this+year+and+signed+a+bill+last+month+legalizing+same-sex+marriage. "HTTP/1.1 200 OK"
HTTP Request: GET https://translate.googleapis.com/translate_a/single?client=gtx&sl=auto&tl=ko&dt=t&q=The+city%0Ais+also+the+base+to+climb+the+Nyiragongo+volcano "HTTP/1.1 200 OK"
HTTP Request: GET https://translate.googleapis.com/translate_a/single?client=gtx&sl=auto&tl=ko&dt=t&q=Oliver+Sacks%2C%0Ain+his+paper+The+President%27s+Speech%2C "HTTP/1.1 200 OK"
HTTP Request: GET https://translate.googleapis.com/translate_a/single?client=gtx&sl=auto&tl=ko&dt=t&q=The+city%0Ais+also+the+base+to+climb+the+Nyiragongo+volcano%0Aalong+with+some+of+the+cheapest+Mountain+Gorilla+tracking+in+Africa. "HTTP/1.1 200 OK"
HTTP Request: GET https://translate.googleapis.com/translate_a/single?client=gtx&sl=auto&tl=ko&dt=t&q=The+term+bug+is+used+by+entomologists+in+a+formal+sense "HTTP/1.1 200 OK"
HTTP Request: GET https://translate.googleapis.com/translate_a/single?client=gtx&sl=auto&tl=ko&dt=t&q=Oliver+Sacks%2C%0Ain+his+paper+The+President%27s+Speech%2C%0Aindicated+how+people+who+are+unable+to+understand+speech+because+of+brain+damage "HTTP/1.1 200 OK"
HTTP Request: GET https://translate.googleapis.com/translate_a/single?client=gtx&sl=auto&tl=ko&dt=t&q=The+harbor+was+the+site+of+an+infamous+naval+standoff+in+1889%0Awhen+seven+ships+from+Germany%2C+the+US%2C+and+Britain "HTTP/1.1 200 OK"
HTTP Request: GET https://translate.googleapis.com/translate_a/single?client=gtx&sl=auto&tl=ko&dt=t&q=In+1990%2C%0Ait+was+added+to+the+list+of+world+heritage+sites+in+danger%2C "HTTP/1.1 200 OK"
HTTP Request: GET https://translate.googleapis.com/translate_a/single?client=gtx&sl=auto&tl=ko&dt=t&q=Ironing+damp+clothes+can+help+them+dry.%0AMany+hotels+have+an+iron+and+ironing+board+available+for+loan%2C "HTTP/1.1 200 OK"
HTTP Request: GET https://translate.googleapis.com/translate_a/single?client=gtx&sl=auto&tl=ko&dt=t&q=Researchers+from+Princeton+University+in+the+United+States+and+Uppsala+University+in+Sweden+reported+the+new+species+evolved+in+just+two+generations%2C "HTTP/1.1 200 OK"
HTTP Request: GET https://translate.googleapis.com/translate_a/single?client=gtx&sl=auto&tl=ko&dt=t&q=The+harbor+was+the+site+of+an+infamous+naval+standoff+in+1889%0Awhen+seven+ships+from+Germany%2C+the+US%2C+and+Britain%0Arefused+to+leave+the+harbor. "HTTP/1.1 200 OK"
HTTP Request: GET https://translate.googleapis.com/translate_a/single?client=gtx&sl=auto&tl=ko&dt=t&q=In+1990%2C%0Ait+was+added+to+the+list+of+world+heritage+sites+in+danger%2C%0Adue+to+the+threat+of+desert+sands. "HTTP/1.1 200 OK"
HTTP Request: GET https://translate.googleapis.com/translate_a/single?client=gtx&sl=auto&tl=ko&dt=t&q=Oliver+Sacks%2C%0Ain+his+paper+The+President%27s+Speech%2C%0Aindicated+how+people+who+are+unable+to+understand+speech+because+of+brain+damage%0Aare+nevertheless+able+to+assess+sincerity+accurately. "HTTP/1.1 200 OK"
HTTP Request: GET https://translate.googleapis.com/translate_a/single?client=gtx&sl=auto&tl=ko&dt=t&q=Researchers+from+Princeton+University+in+the+United+States+and+Uppsala+University+in+Sweden+reported+the+new+species+evolved+in+just+two+generations%2C%0Athough+this+process+had+been+believed+to+take+much+longer%2C "HTTP/1.1 200 OK"
HTTP Request: GET https://translate.googleapis.com/translate_a/single?client=gtx&sl=auto&tl=ko&dt=t&q=The+term+bug+is+used+by+entomologists+in+a+formal+sense%0Afor+this+group+of+insects. "HTTP/1.1 200 OK"
HTTP Request: GET https://translate.googleapis.com/translate_a/single?client=gtx&sl=auto&tl=ko&dt=t&q=Ironing+damp+clothes+can+help+them+dry.%0AMany+hotels+have+an+iron+and+ironing+board+available+for+loan%2C%0Aeven+if+one+is+not+present+in+the+room. "HTTP/1.1 200 OK"
HTTP Request: GET https://translate.googleapis.com/translate_a/single?client=gtx&sl=auto&tl=ko&dt=t&q=Researchers+from+Princeton+University+in+the+United+States+and+Uppsala+University+in+Sweden+reported+the+new+species+evolved+in+just+two+generations%2C%0Athough+this+process+had+been+believed+to+take+much+longer%2C%0Adue+to+breeding+between+an+endemic+Darwin+finch%2C "HTTP/1.1 200 OK"
HTTP Request: GET https://translate.googleapis.com/translate_a/single?client=gtx&sl=auto&tl=ko&dt=t&q=Researchers+from+Princeton+University+in+the+United+States+and+Uppsala+University+in+Sweden+reported+the+new+species+evolved+in+just+two+generations%2C%0Athough+this+process+had+been+believed+to+take+much+longer%2C%0Adue+to+breeding+between+an+endemic+Darwin+finch%2C%0AGeospiza+fortes%2C "HTTP/1.1 200 OK"
HTTP Request: GET https://translate.googleapis.com/translate_a/single?client=gtx&sl=auto&tl=ko&dt=t&q=The+same+month+saw+another+airliner+overrun+a+runway+at+Mashhad+and+strike+a+wall%2C "HTTP/1.1 200 OK"
HTTP Request: GET https://translate.googleapis.com/translate_a/single?client=gtx&sl=auto&tl=ko&dt=t&q=The+same+month+saw+another+airliner+overrun+a+runway+at+Mashhad+and+strike+a+wall%2C%0Akilling+seventeen. "HTTP/1.1 200 OK"
HTTP Request: GET https://translate.googleapis.com/translate_a/single?client=gtx&sl=auto&tl=ko&dt=t&q=Researchers+from+Princeton+University+in+the+United+States+and+Uppsala+University+in+Sweden+reported+the+new+species+evolved+in+just+two+generations%2C%0Athough+this+process+had+been+believed+to+take+much+longer%2C%0Adue+to+breeding+between+an+endemic+Darwin+finch%2C%0AGeospiza+fortes%2C%0Aand+the+immigrant+cactus+finch%2C "HTTP/1.1 200 OK"
HTTP Request: GET https://translate.googleapis.com/translate_a/single?client=gtx&sl=auto&tl=ko&dt=t&q=While+he+was+working+at+the+hospital%0ALiggins+began+to+investigate+premature+labor+during+his+spare+time. "HTTP/1.1 200 OK"
HTTP Request: GET https://translate.googleapis.com/translate_a/single?client=gtx&sl=auto&tl=ko&dt=t&q=The+official+Falklands+currency+is+the+Falkland+pound "HTTP/1.1 200 OK"
HTTP Request: GET https://translate.googleapis.com/translate_a/single?client=gtx&sl=auto&tl=ko&dt=t&q=You+can+use+boda-boda+%28motorcycle+taxi%29%0Ato+get+around+Goma.%0AThe+normal+%28local%29+price+is+~500+Congolese+Francs+for+the+short+ride. "HTTP/1.1 200 OK"
HTTP Request: GET https://translate.googleapis.com/translate_a/single?client=gtx&sl=auto&tl=ko&dt=t&q=The+official+Falklands+currency+is+the+Falkland+pound%0A%28FKP%29 "HTTP/1.1 200 OK"
HTTP Request: GET https://translate.googleapis.com/translate_a/single?client=gtx&sl=auto&tl=ko&dt=t&q=Researchers+from+Princeton+University+in+the+United+States+and+Uppsala+University+in+Sweden+reported+the+new+species+evolved+in+just+two+generations%2C%0Athough+this+process+had+been+believed+to+take+much+longer%2C%0Adue+to+breeding+between+an+endemic+Darwin+finch%2C%0AGeospiza+fortes%2C%0Aand+the+immigrant+cactus+finch%2C%0AGeospiza+conirostris. "HTTP/1.1 200 OK"
HTTP Request: GET https://translate.googleapis.com/translate_a/single?client=gtx&sl=auto&tl=ko&dt=t&q=The+official+Falklands+currency+is+the+Falkland+pound%0A%28FKP%29%0Awhose+value+is+set+equivalent+to+that+of+one+British+pound+%28GBP%29. "HTTP/1.1 200 OK"
HTTP Request: GET https://translate.googleapis.com/translate_a/single?client=gtx&sl=auto&tl=ko&dt=t&q=Other+subjects+on+the+agenda+in+Bali "HTTP/1.1 200 OK"
HTTP Request: GET https://translate.googleapis.com/translate_a/single?client=gtx&sl=auto&tl=ko&dt=t&q=All+nouns%2C+alongside+the+word+Sie+for+you%2C "HTTP/1.1 200 OK"
HTTP Request: GET https://translate.googleapis.com/translate_a/single?client=gtx&sl=auto&tl=ko&dt=t&q=We+don%27t+know+for+sure%2C%0Abut+it+may+have+had+a+forked+tongue.%0AIts+diet+included+turtles%2C+large+fish%2C+other+mosasaurs%2C "HTTP/1.1 200 OK"
HTTP Request: GET https://translate.googleapis.com/translate_a/single?client=gtx&sl=auto&tl=ko&dt=t&q=Other+subjects+on+the+agenda+in+Bali%0Ainclude+saving+the+world%27s+remaining+forests%2C "HTTP/1.1 200 OK"
HTTP Request: GET https://translate.googleapis.com/translate_a/single?client=gtx&sl=auto&tl=ko&dt=t&q=All+nouns%2C+alongside+the+word+Sie+for+you%2C%0Aalways+begin+with+a+capital+letter%2C "HTTP/1.1 200 OK"
HTTP Request: GET https://translate.googleapis.com/translate_a/single?client=gtx&sl=auto&tl=ko&dt=t&q=The+two+compounds+react+with+one+another+to+form+crystals+that+may+block+kidney+function%2C "HTTP/1.1 200 OK"
HTTP Request: GET https://translate.googleapis.com/translate_a/single?client=gtx&sl=auto&tl=ko&dt=t&q=Hong+Kong+Island+gives+the+territory+of+Hong+Kong "HTTP/1.1 200 OK"
HTTP Request: GET https://translate.googleapis.com/translate_a/single?client=gtx&sl=auto&tl=ko&dt=t&q=In+just+two+weeks+the+Americans+and+Free+French+forces+had+liberated+southern+France "HTTP/1.1 200 OK"
HTTP Request: GET https://translate.googleapis.com/translate_a/single?client=gtx&sl=auto&tl=ko&dt=t&q=We+don%27t+know+for+sure%2C%0Abut+it+may+have+had+a+forked+tongue.%0AIts+diet+included+turtles%2C+large+fish%2C+other+mosasaurs%2C%0Aand+it+may+even+have+been+a+cannibal. "HTTP/1.1 200 OK"
HTTP Request: GET https://translate.googleapis.com/translate_a/single?client=gtx&sl=auto&tl=ko&dt=t&q=Other+subjects+on+the+agenda+in+Bali%0Ainclude+saving+the+world%27s+remaining+forests%2C%0Aand+sharing+technologies+to+help+developing+nations+grow+in+less-polluting+ways. "HTTP/1.1 200 OK"
HTTP Request: GET https://translate.googleapis.com/translate_a/single?client=gtx&sl=auto&tl=ko&dt=t&q=The+two+compounds+react+with+one+another+to+form+crystals+that+may+block+kidney+function%2C%0Aresearchers+at+the+university+said. "HTTP/1.1 200 OK"
HTTP Request: GET https://translate.googleapis.com/translate_a/single?client=gtx&sl=auto&tl=ko&dt=t&q=In+just+two+weeks+the+Americans+and+Free+French+forces+had+liberated+southern+France%0Aand+were+turning+towards+Germany. "HTTP/1.1 200 OK"
HTTP Request: GET https://translate.googleapis.com/translate_a/single?client=gtx&sl=auto&tl=ko&dt=t&q=Hong+Kong+Island+gives+the+territory+of+Hong+Kong%0Aits+name "HTTP/1.1 200 OK"
HTTP Request: GET https://translate.googleapis.com/translate_a/single?client=gtx&sl=auto&tl=ko&dt=t&q=All+nouns%2C+alongside+the+word+Sie+for+you%2C%0Aalways+begin+with+a+capital+letter%2C%0Aeven+in+the+middle+of+a+sentence. "HTTP/1.1 200 OK"
HTTP Request: GET https://translate.googleapis.com/translate_a/single?client=gtx&sl=auto&tl=ko&dt=t&q=Hong+Kong+Island+gives+the+territory+of+Hong+Kong%0Aits+name%0Aand+is+the+place+that+many+tourists+regard+as+the+main+focus. "HTTP/1.1 200 OK"
HTTP Request: GET https://translate.googleapis.com/translate_a/single?client=gtx&sl=auto&tl=ko&dt=t&q=They+have+feet+with+scales+and+claws%2C%0Athey+lay+eggs%2C%0Aand+they+walk+on+their+two+back+legs+like+a+T-Rex. "HTTP/1.1 200 OK"
HTTP Request: GET https://translate.googleapis.com/translate_a/single?client=gtx&sl=auto&tl=ko&dt=t&q=In+fact%2C%0Ait+is+not+easy+to+find+at+all+even+if+one+knew+it+existed.%0AOnce+inside+the+cave%2C+it+is+a+total+isolation. "HTTP/1.1 200 OK"
HTTP Request: GET https://translate.googleapis.com/translate_a/single?client=gtx&sl=auto&tl=ko&dt=t&q=A+curry+is+a+dish+based+on+herbs+and+spices%2C "HTTP/1.1 200 OK"
HTTP Request: GET https://translate.googleapis.com/translate_a/single?client=gtx&sl=auto&tl=ko&dt=t&q=Needless+to+say%2C+if+you+know+a+Romance+language%2C "HTTP/1.1 200 OK"
HTTP Request: GET https://translate.googleapis.com/translate_a/single?client=gtx&sl=auto&tl=ko&dt=t&q=Lion+prides+act+much+like+packs+of+wolves+or+dogs%2C%0Aanimals+surprisingly+similar+to+lions+%28but+not+other+big+cats%29%0Ain+behavior%2C%0Aand+also+very+deadly+to+their+prey. "HTTP/1.1 200 OK"
HTTP Request: GET https://translate.googleapis.com/translate_a/single?client=gtx&sl=auto&tl=ko&dt=t&q=Needless+to+say%2C+if+you+know+a+Romance+language%2C%0Ait+will+be+easier+for+you+to+learn+Portuguese. "HTTP/1.1 200 OK"
HTTP Request: GET https://translate.googleapis.com/translate_a/single?client=gtx&sl=auto&tl=ko&dt=t&q=A+curry+is+a+dish+based+on+herbs+and+spices%2C%0Atogether+with+either+meat+or+vegetables. "HTTP/1.1 200 OK"
HTTP Request: GET https://translate.googleapis.com/translate_a/single?client=gtx&sl=auto&tl=ko&dt=t&q=During+the+1920s%2C%0Athe+prevailing+attitudes+of+most+citizens+and+nations+was+that+of+pacifism+and+isolation. "HTTP/1.1 200 OK"
HTTP Request: GET https://translate.googleapis.com/translate_a/single?client=gtx&sl=auto&tl=ko&dt=t&q=Prior+to+the+arrival+of+troops%2C%0AHaiti+had+not+encountered+problems+related+to+the+disease+since+the+1800s. "HTTP/1.1 200 OK"
HTTP Request: GET https://translate.googleapis.com/translate_a/single?client=gtx&sl=auto&tl=ko&dt=t&q=Goats+seem+to+have+been+first+domesticated+roughly+10%2C000+years%0Aago+in+the+Zagros+Mountains+of+Iran. "HTTP/1.1 200 OK"
HTTP Request: GET https://translate.googleapis.com/translate_a/single?client=gtx&sl=auto&tl=ko&dt=t&q=Cocham%C3%B3+Valley+-+Chile%27s+premier+climbing+destination%2C%0Aknown+as+the+Yosemite+of+South+America%2C%0Awith+a+variety+of+granite+big+walls+and+crags. "HTTP/1.1 200 OK"
HTTP Request: GET https://translate.googleapis.com/translate_a/single?client=gtx&sl=auto&tl=ko&dt=t&q=Barcelona%27s+official+languages+are+Catalan+and+Spanish. "HTTP/1.1 200 OK"
HTTP Request: GET https://translate.googleapis.com/translate_a/single?client=gtx&sl=auto&tl=ko&dt=t&q=Finally%2C%0Athere+are+many+small+cats+%28including+loose+pet+cats%29%0Athat+eat+the+far+more+numerous+small+prey+like+insects%2C+rodents%2C+lizards%2C+and+birds. "HTTP/1.1 200 OK"
HTTP Request: GET https://translate.googleapis.com/translate_a/single?client=gtx&sl=auto&tl=ko&dt=t&q=Resting+on+the+top+of+one+of+the+mountains%0Anorth+of+Mecca%2C%0Athe+cave+is+completely+isolated+from+the+rest+of+the+world. "HTTP/1.1 200 OK"
HTTP Request: GET https://translate.googleapis.com/translate_a/single?client=gtx&sl=auto&tl=ko&dt=t&q=The+job%0Aof+navies%0Ahas+traditionally+been+to+ensure+that+your+country+maintains+the+ability+to+move+your+people+and+goods%2C%0Awhile+at+the+same+time%2C%0Ainterfering+with+your+enemy%27s+ability+to+move+his+people+and+goods. "HTTP/1.1 200 OK"
HTTP Request: GET https://translate.googleapis.com/translate_a/single?client=gtx&sl=auto&tl=ko&dt=t&q=Barcelona%27s+official+languages+are+Catalan+and+Spanish.%0AAbout+a+half+prefer+to+speak+Catalan%2C "HTTP/1.1 200 OK"
HTTP Request: GET https://translate.googleapis.com/translate_a/single?client=gtx&sl=auto&tl=ko&dt=t&q=Barcelona%27s+official+languages+are+Catalan+and+Spanish.%0AAbout+a+half+prefer+to+speak+Catalan%2C%0Aa+vast+majority+understands+it%2C+and+virtually+everyone+knows+Spanish. "HTTP/1.1 200 OK"
HTTP Request: GET https://translate.googleapis.com/translate_a/single?client=gtx&sl=auto&tl=ko&dt=t&q=Women%3A%0AIt+is+recommended+that+any+women+travellers+say+that+they+are+married%2C+regardless+of+actual+marital+status. "HTTP/1.1 200 OK"
HTTP Request: GET https://translate.googleapis.com/translate_a/single?client=gtx&sl=auto&tl=ko&dt=t&q=Four+skiers+in+the+women%27s+sitting+group%0Afailed+to+finish+their+runs%2C%0Aand+45+of+the+117+total+skiers+in+the+Giant+Slalom "HTTP/1.1 200 OK"
HTTP Request: GET https://translate.googleapis.com/translate_a/single?client=gtx&sl=auto&tl=ko&dt=t&q=Professor+Pamela+Ferguson+of+the+University+of+Dundee "HTTP/1.1 200 OK"
HTTP Request: GET https://translate.googleapis.com/translate_a/single?client=gtx&sl=auto&tl=ko&dt=t&q=Vatican+City%27s+population%0Ais+around+800.%0AIt+is+the+smallest+independent+country+in+the+world+and+the+country+with+the+lowest+population. "HTTP/1.1 200 OK"
HTTP Request: GET https://translate.googleapis.com/translate_a/single?client=gtx&sl=auto&tl=ko&dt=t&q=He+added+that+%22they+should+not%2C+however%2C "HTTP/1.1 200 OK"
HTTP Request: GET https://translate.googleapis.com/translate_a/single?client=gtx&sl=auto&tl=ko&dt=t&q=If+you+have+watched+the+movie+National+Treasure%2C "HTTP/1.1 200 OK"
HTTP Request: GET https://translate.googleapis.com/translate_a/single?client=gtx&sl=auto&tl=ko&dt=t&q=In+the+north+the+region+is+bounded+by+the+Sahel%2C "HTTP/1.1 200 OK"
HTTP Request: GET https://translate.googleapis.com/translate_a/single?client=gtx&sl=auto&tl=ko&dt=t&q=Professor+Pamela+Ferguson+of+the+University+of+Dundee%0Anotes+%22journalists "HTTP/1.1 200 OK"
HTTP Request: GET https://translate.googleapis.com/translate_a/single?client=gtx&sl=auto&tl=ko&dt=t&q=Four+skiers+in+the+women%27s+sitting+group%0Afailed+to+finish+their+runs%2C%0Aand+45+of+the+117+total+skiers+in+the+Giant+Slalom%0Afailed+to+rank+in+the+race. "HTTP/1.1 200 OK"
HTTP Request: GET https://translate.googleapis.com/translate_a/single?client=gtx&sl=auto&tl=ko&dt=t&q=He+added+that+%22they+should+not%2C+however%2C%0Abe+asked+to+take+on+obligations+that+go+beyond+their+development+stage%2C "HTTP/1.1 200 OK"
HTTP Request: GET https://translate.googleapis.com/translate_a/single?client=gtx&sl=auto&tl=ko&dt=t&q=In+the+north+the+region+is+bounded+by+the+Sahel%2C%0Aand+in+the+south+and+west+by+the+Atlantic+Ocean. "HTTP/1.1 200 OK"
HTTP Request: GET https://translate.googleapis.com/translate_a/single?client=gtx&sl=auto&tl=ko&dt=t&q=If+you+have+watched+the+movie+National+Treasure%2C%0Ayou+may+think+a+treasure+map "HTTP/1.1 200 OK"
HTTP Request: GET https://translate.googleapis.com/translate_a/single?client=gtx&sl=auto&tl=ko&dt=t&q=Professor+Pamela+Ferguson+of+the+University+of+Dundee%0Anotes+%22journalists%0Ado+seem+to+be+walking+a+dangerous+line+if+publishing+photos+etc+of+suspects.%22 "HTTP/1.1 200 OK"
HTTP Request: GET https://translate.googleapis.com/translate_a/single?client=gtx&sl=auto&tl=ko&dt=t&q=If+you+have+watched+the+movie+National+Treasure%2C%0Ayou+may+think+a+treasure+map%0Awas+written+on+the+back+of+the+Declaration+of+Independence. "HTTP/1.1 200 OK"
HTTP Request: GET https://translate.googleapis.com/translate_a/single?client=gtx&sl=auto&tl=ko&dt=t&q=He+added+that+%22they+should+not%2C+however%2C%0Abe+asked+to+take+on+obligations+that+go+beyond+their+development+stage%2C%0Aresponsibility+and+capabilities.%22 "HTTP/1.1 200 OK"
HTTP Request: GET https://translate.googleapis.com/translate_a/single?client=gtx&sl=auto&tl=ko&dt=t&q=The+aspect+ratio+of+this+format+%28dividing+by+twelve+to+obtain+the+simplest+whole-number+ratio%29 "HTTP/1.1 200 OK"
HTTP Request: GET https://translate.googleapis.com/translate_a/single?client=gtx&sl=auto&tl=ko&dt=t&q=The+aspect+ratio+of+this+format+%28dividing+by+twelve+to+obtain+the+simplest+whole-number+ratio%29%0Ais+therefore "HTTP/1.1 200 OK"
HTTP Request: GET https://translate.googleapis.com/translate_a/single?client=gtx&sl=auto&tl=ko&dt=t&q=The+aspect+ratio+of+this+format+%28dividing+by+twelve+to+obtain+the+simplest+whole-number+ratio%29%0Ais+therefore%0Asaid+to+be+3%3A2. "HTTP/1.1 200 OK"
HTTP Request: GET https://translate.googleapis.com/translate_a/single?client=gtx&sl=auto&tl=ko&dt=t&q=It+is+one+of+the+main+attractions+of+South+Africa%0Aand+it+is+considered%0Athe+flagship+of+South+African+National+Parks+%28SANParks%29. "HTTP/1.1 200 OK"
HTTP Request: GET https://translate.googleapis.com/translate_a/single?client=gtx&sl=auto&tl=ko&dt=t&q=Plants+look+their+best+when+in+a+natural+environment%2C "HTTP/1.1 200 OK"
HTTP Request: GET https://translate.googleapis.com/translate_a/single?client=gtx&sl=auto&tl=ko&dt=t&q=The+pyramid+sound+and+light+show%0Ais+one+of+the+most+interesting+things+in+the+area+for+kids. "HTTP/1.1 200 OK"
HTTP Request: GET https://translate.googleapis.com/translate_a/single?client=gtx&sl=auto&tl=ko&dt=t&q=The+composition+of+these+crystals%0Amatches+those+found+in+the+urine+of+affected+pets+when+compared+by+infrared+spectroscopy+%28FTIR%29. "HTTP/1.1 200 OK"
HTTP Request: GET https://translate.googleapis.com/translate_a/single?client=gtx&sl=auto&tl=ko&dt=t&q=Scaffolding+is+not+a+method+of+learning%0Abut+rather+an+aid+that+provides+support+to+individuals "HTTP/1.1 200 OK"
HTTP Request: GET https://translate.googleapis.com/translate_a/single?client=gtx&sl=auto&tl=ko&dt=t&q=It+is+related+to+but+usually+not+involving+alpine+style+ski+touring%0Aor+mountaineering%2C%0Athe+latter+ones+done+in+steep+terrain%0Aand+requiring+much+stiffer+skis+and+boots. "HTTP/1.1 200 OK"
HTTP Request: GET https://translate.googleapis.com/translate_a/single?client=gtx&sl=auto&tl=ko&dt=t&q=Plants+look+their+best+when+in+a+natural+environment%2C%0Aso+resist+the+temptation+to+remove+even+%22just+one%22+specimen. "HTTP/1.1 200 OK"
HTTP Request: GET https://translate.googleapis.com/translate_a/single?client=gtx&sl=auto&tl=ko&dt=t&q=Scaffolding+is+not+a+method+of+learning%0Abut+rather+an+aid+that+provides+support+to+individuals%0Awhom+are+undergoing+a+new+learning+experience "HTTP/1.1 200 OK"
HTTP Request: GET https://translate.googleapis.com/translate_a/single?client=gtx&sl=auto&tl=ko&dt=t&q=Regular+announcements+in+the+Metro%0Aare+made+only+in+Catalan%2C%0Abut+unplanned+disruptions+are+announced+by+an+automated+system%0Ain+a+wide+variety+of+languages+including+Spanish%2C+English%2C+French%2C+Arabic+and+Japanese. "HTTP/1.1 200 OK"
HTTP Request: GET https://translate.googleapis.com/translate_a/single?client=gtx&sl=auto&tl=ko&dt=t&q=His+work+is+of+such+recognized+quality%0Aand+detail+that+he+is+one+of+the+very+few+%22household+names%22 "HTTP/1.1 200 OK"
HTTP Request: GET https://translate.googleapis.com/translate_a/single?client=gtx&sl=auto&tl=ko&dt=t&q=His+work+is+of+such+recognized+quality%0Aand+detail+that+he+is+one+of+the+very+few+%22household+names%22%0Aamong+philatelists. "HTTP/1.1 200 OK"
HTTP Request: GET https://translate.googleapis.com/translate_a/single?client=gtx&sl=auto&tl=ko&dt=t&q=Greenland+was+settled+sparsely.%0AIn+the+Norse+sagas+they+say+that+Erik+the+Red+was+exiled+from+Iceland+for+murder%2C "HTTP/1.1 200 OK"
HTTP Request: GET https://translate.googleapis.com/translate_a/single?client=gtx&sl=auto&tl=ko&dt=t&q=Apia+is+the+capital+of+Samoa.%0AThe+town+is+on+the+island+of+Upolu%0Aand+has+a+population+of+just+under+40%2C000. "HTTP/1.1 200 OK"
HTTP Request: GET https://translate.googleapis.com/translate_a/single?client=gtx&sl=auto&tl=ko&dt=t&q=People+have+known+about+basic+chemical+elements+such+as+gold%2C "HTTP/1.1 200 OK"
HTTP Request: GET https://translate.googleapis.com/translate_a/single?client=gtx&sl=auto&tl=ko&dt=t&q=Several+large+television+screens%0Awere+installed+in+various+places+in+Rome+to+let+the+people+watch+the+ceremony. "HTTP/1.1 200 OK"
HTTP Request: GET https://translate.googleapis.com/translate_a/single?client=gtx&sl=auto&tl=ko&dt=t&q=Due+to+the+underwater+topology%0Athe+return+flow+is+concentrated+at+a+few+deeper+sections%2C "HTTP/1.1 200 OK"
HTTP Request: GET https://translate.googleapis.com/translate_a/single?client=gtx&sl=auto&tl=ko&dt=t&q=His+work+is+of+such+recognized+quality%0Aand+detail+that+he+is+one+of+the+very+few+%22household+names%22%0Aamong+philatelists.%0ASome+specialize+in+collecting+his+work+alone. "HTTP/1.1 200 OK"
HTTP Request: GET https://translate.googleapis.com/translate_a/single?client=gtx&sl=auto&tl=ko&dt=t&q=Greenland+was+settled+sparsely.%0AIn+the+Norse+sagas+they+say+that+Erik+the+Red+was+exiled+from+Iceland+for+murder%2C%0Aand+when+travelling+further+west%2C "HTTP/1.1 200 OK"
HTTP Request: GET https://translate.googleapis.com/translate_a/single?client=gtx&sl=auto&tl=ko&dt=t&q=People+have+known+about+basic+chemical+elements+such+as+gold%2C%0Asilver%2C "HTTP/1.1 200 OK"
HTTP Request: GET https://translate.googleapis.com/translate_a/single?client=gtx&sl=auto&tl=ko&dt=t&q=Due+to+the+underwater+topology%0Athe+return+flow+is+concentrated+at+a+few+deeper+sections%2C%0Aand+a+fast+current+to+deep+water+may+form+there. "HTTP/1.1 200 OK"
HTTP Request: GET https://translate.googleapis.com/translate_a/single?client=gtx&sl=auto&tl=ko&dt=t&q=Greenland+was+settled+sparsely.%0AIn+the+Norse+sagas+they+say+that+Erik+the+Red+was+exiled+from+Iceland+for+murder%2C%0Aand+when+travelling+further+west%2C%0Afound+Greenland+and+named+it+Greenland. "HTTP/1.1 200 OK"
HTTP Request: GET https://translate.googleapis.com/translate_a/single?client=gtx&sl=auto&tl=ko&dt=t&q=People+have+known+about+basic+chemical+elements+such+as+gold%2C%0Asilver%2C%0Aand+copper+from+antiquity%2C "HTTP/1.1 200 OK"
HTTP Request: GET https://translate.googleapis.com/translate_a/single?client=gtx&sl=auto&tl=ko&dt=t&q=Scaffolding+is+not+a+method+of+learning%0Abut+rather+an+aid+that+provides+support+to+individuals%0Awhom+are+undergoing+a+new+learning+experience%0Asuch+as+using+a+new+computer+program+or+beginning+a+new+project. "HTTP/1.1 200 OK"
HTTP Request: GET https://translate.googleapis.com/translate_a/single?client=gtx&sl=auto&tl=ko&dt=t&q=Bishkek+was+described+as+sinking+into+a+state+of+%22anarchy%22 "HTTP/1.1 200 OK"
HTTP Request: GET https://translate.googleapis.com/translate_a/single?client=gtx&sl=auto&tl=ko&dt=t&q=Bishkek+was+described+as+sinking+into+a+state+of+%22anarchy%22%0Aby+one+observer%2C "HTTP/1.1 200 OK"
HTTP Request: GET https://translate.googleapis.com/translate_a/single?client=gtx&sl=auto&tl=ko&dt=t&q=People+have+known+about+basic+chemical+elements+such+as+gold%2C%0Asilver%2C%0Aand+copper+from+antiquity%2C%0Aas+these+can+all+be+discovered+in+nature+in+native+form+and+are+relatively+simple+to+mine+with+primitive+tools. "HTTP/1.1 200 OK"
HTTP Request: GET https://translate.googleapis.com/translate_a/single?client=gtx&sl=auto&tl=ko&dt=t&q=USA+Gymnastics+and+the+USOC+have+the+same+goal+%E2%80%94%0Amaking+the+sport+of+gymnastics%2C%0Aand+others%2C%0Aas+safe+as+possible+for+athletes+to+follow+their+dreams+in+a+safe%2C+positive+and+empowered+environment. "HTTP/1.1 200 OK"
HTTP Request: GET https://translate.googleapis.com/translate_a/single?client=gtx&sl=auto&tl=ko&dt=t&q=First+among+its+78+recommendations+is+that+a+new+diplomatic+initiative "HTTP/1.1 200 OK"
HTTP Request: GET https://translate.googleapis.com/translate_a/single?client=gtx&sl=auto&tl=ko&dt=t&q=Bishkek+was+described+as+sinking+into+a+state+of+%22anarchy%22%0Aby+one+observer%2C%0Aas+gangs+of+people+roamed+the+streets+and+plundered+stores+of+consumer+goods. "HTTP/1.1 200 OK"
HTTP Request: GET https://translate.googleapis.com/translate_a/single?client=gtx&sl=auto&tl=ko&dt=t&q=First+among+its+78+recommendations+is+that+a+new+diplomatic+initiative%0Ashould+be+taken+before+the+end+of+this+year "HTTP/1.1 200 OK"
HTTP Request: GET https://translate.googleapis.com/translate_a/single?client=gtx&sl=auto&tl=ko&dt=t&q=First+among+its+78+recommendations+is+that+a+new+diplomatic+initiative%0Ashould+be+taken+before+the+end+of+this+year%0Ato+secure+Iraq%E2%80%99s+borders "HTTP/1.1 200 OK"
HTTP Request: GET https://translate.googleapis.com/translate_a/single?client=gtx&sl=auto&tl=ko&dt=t&q=First+among+its+78+recommendations+is+that+a+new+diplomatic+initiative%0Ashould+be+taken+before+the+end+of+this+year%0Ato+secure+Iraq%E2%80%99s+borders%0Aagainst+hostile+interventions+and+to+re-establish+diplomatic+relations+with+its+neighbors. "HTTP/1.1 200 OK"
/home/mobility/STiTy/.venv-autoseg/lib/python3.10/site-packages/pytorch_lightning/utilities/_pytree.py:21: `isinstance(treespec, LeafSpec)` is deprecated, use `isinstance(treespec, TreeSpec) and treespec.is_leaf()` instead.
Korean    T=8   laal 5.711  eff 0.7763  adq 0.8562  contra 0.0928  cons 0.7642  k 2.8
HTTP Request: GET https://translate.googleapis.com/translate_a/single?client=gtx&sl=auto&tl=ko&dt=t&q=Generally+speaking%2C+two+behaviors+can+emerge+as+managers+begin+to+lead+their+former+peers. "HTTP/1.1 200 OK"
HTTP Request: GET https://translate.googleapis.com/translate_a/single?client=gtx&sl=auto&tl=ko&dt=t&q=Generally+speaking%2C+two+behaviors+can+emerge+as+managers+begin+to+lead+their+former+peers.%0AOne+end+of+the+spectrum+is+trying+to+remain+%E2%80%9Cone+of+the+guys%E2%80%9D+%28or+gals%29. "HTTP/1.1 200 OK"
HTTP Request: GET https://translate.googleapis.com/translate_a/single?client=gtx&sl=auto&tl=ko&dt=t&q=Virtual+Scaffolds+are+internalized+in+the+software+and+are+meant+to+question%2C "HTTP/1.1 200 OK"
HTTP Request: GET https://translate.googleapis.com/translate_a/single?client=gtx&sl=auto&tl=ko&dt=t&q=As+a+result%2C+the+performers+smoke+cannabis+joints+on+stage%2C "HTTP/1.1 200 OK"
HTTP Request: GET https://translate.googleapis.com/translate_a/single?client=gtx&sl=auto&tl=ko&dt=t&q=The+central+authority+of+the+church+had+been+in+Rome+for+over+a+thousand+years "HTTP/1.1 200 OK"
HTTP Request: GET https://translate.googleapis.com/translate_a/single?client=gtx&sl=auto&tl=ko&dt=t&q=The+word+civilization+comes+from+the+Latin+civilis%2C+meaning+civil%2C+related+to+the+Latin+civis%2C+meaning+citizen%2C "HTTP/1.1 200 OK"
HTTP Request: GET https://translate.googleapis.com/translate_a/single?client=gtx&sl=auto&tl=ko&dt=t&q=As+a+result%2C+the+performers+smoke+cannabis+joints+on+stage%2C%0Aand+the+theatre+itself+is+encouraging+the+audience+to+join+in. "HTTP/1.1 200 OK"
HTTP Request: GET https://translate.googleapis.com/translate_a/single?client=gtx&sl=auto&tl=ko&dt=t&q=The+central+authority+of+the+church+had+been+in+Rome+for+over+a+thousand+years%0Aand+this+concentration+of+power+and+money "HTTP/1.1 200 OK"
HTTP Request: GET https://translate.googleapis.com/translate_a/single?client=gtx&sl=auto&tl=ko&dt=t&q=The+word+civilization+comes+from+the+Latin+civilis%2C+meaning+civil%2C+related+to+the+Latin+civis%2C+meaning+citizen%2C%0Aand+civitas%2C+meaning+city+or+city-state%2C "HTTP/1.1 200 OK"
HTTP Request: GET https://translate.googleapis.com/translate_a/single?client=gtx&sl=auto&tl=ko&dt=t&q=The+central+authority+of+the+church+had+been+in+Rome+for+over+a+thousand+years%0Aand+this+concentration+of+power+and+money%0Aled+many+to+question+whether+this+tenet+was+being+met. "HTTP/1.1 200 OK"
HTTP Request: GET https://translate.googleapis.com/translate_a/single?client=gtx&sl=auto&tl=ko&dt=t&q=The+word+civilization+comes+from+the+Latin+civilis%2C+meaning+civil%2C+related+to+the+Latin+civis%2C+meaning+citizen%2C%0Aand+civitas%2C+meaning+city+or+city-state%2C%0Aand+that+also+somehow+defines+the+size+of+the+society. "HTTP/1.1 200 OK"
HTTP Request: GET https://translate.googleapis.com/translate_a/single?client=gtx&sl=auto&tl=ko&dt=t&q=Similarly%2C%0Aby+having+a+Schengen+visa%2C+you+do+not+need+to+apply+for+visas+to+each+of+the+Schengen+member+countries+separately%2C+hence+saving+time%2C+money+and+paperwork. "HTTP/1.1 200 OK"
HTTP Request: GET https://translate.googleapis.com/translate_a/single?client=gtx&sl=auto&tl=ko&dt=t&q=Alloys+are+basically+a+mixture+of+two+or+more+metals.+Don%27t+forget+that+there+are+many+elements "HTTP/1.1 200 OK"
HTTP Request: GET https://translate.googleapis.com/translate_a/single?client=gtx&sl=auto&tl=ko&dt=t&q=We+make+our+houses+from+plants+and+make+clothes+from+plants.+Most+foods+that+we+eat+are+plants.+Without+plants%2C "HTTP/1.1 200 OK"
HTTP Request: GET https://translate.googleapis.com/translate_a/single?client=gtx&sl=auto&tl=ko&dt=t&q=Sleep+interruption+is+the+process+of+purposefully+awakening+during+your+normal+sleep+period%0Aand+falling+asleep+a+short+time+later+%2810%E2%80%9360+minutes%29. "HTTP/1.1 200 OK"
HTTP Request: GET https://translate.googleapis.com/translate_a/single?client=gtx&sl=auto&tl=ko&dt=t&q=We+agree+with+the+USOC%27s+statement+that+the+interests+of+our+athletes+and+clubs%2C%0Aand+their+sport%2C+may+be+better+served+by+moving+forward+with+meaningful+change+within+our+organization%2C "HTTP/1.1 200 OK"
HTTP Request: GET https://translate.googleapis.com/translate_a/single?client=gtx&sl=auto&tl=ko&dt=t&q=Alloys+are+basically+a+mixture+of+two+or+more+metals.+Don%27t+forget+that+there+are+many+elements%0Aon+the+periodic+table. "HTTP/1.1 200 OK"
HTTP Request: GET https://translate.googleapis.com/translate_a/single?client=gtx&sl=auto&tl=ko&dt=t&q=Buses+depart+the+inter-district+bus+station+%28across+the+river%29 "HTTP/1.1 200 OK"
HTTP Request: GET https://translate.googleapis.com/translate_a/single?client=gtx&sl=auto&tl=ko&dt=t&q=We+make+our+houses+from+plants+and+make+clothes+from+plants.+Most+foods+that+we+eat+are+plants.+Without+plants%2C%0Aanimals+could+not+survive. "HTTP/1.1 200 OK"
HTTP Request: GET https://translate.googleapis.com/translate_a/single?client=gtx&sl=auto&tl=ko&dt=t&q=Ancient+China+had+a+unique+way+of+showing+different+time+periods%3B "HTTP/1.1 200 OK"
HTTP Request: GET https://translate.googleapis.com/translate_a/single?client=gtx&sl=auto&tl=ko&dt=t&q=We+agree+with+the+USOC%27s+statement+that+the+interests+of+our+athletes+and+clubs%2C%0Aand+their+sport%2C+may+be+better+served+by+moving+forward+with+meaningful+change+within+our+organization%2C%0Arather+than+decertification. "HTTP/1.1 200 OK"
HTTP Request: GET https://translate.googleapis.com/translate_a/single?client=gtx&sl=auto&tl=ko&dt=t&q=Buses+depart+the+inter-district+bus+station+%28across+the+river%29%0Athroughout+the+day%2C+though+most%2C+especially+those+heading+to+the+east+and+Jakar%2FBumthang+leave+between+06%3A30+and+07%3A30. "HTTP/1.1 200 OK"
HTTP Request: GET https://translate.googleapis.com/translate_a/single?client=gtx&sl=auto&tl=ko&dt=t&q=Ancient+China+had+a+unique+way+of+showing+different+time+periods%3B%0Aeach+stage+of+China+or+each+family+that+was+in+power+was+a+distinctive+dynasty. "HTTP/1.1 200 OK"
HTTP Request: GET https://translate.googleapis.com/translate_a/single?client=gtx&sl=auto&tl=ko&dt=t&q=At+the+other+end+of+the+spectrum%2C%0Aone+morphs+into+an+unrecognizable+individual "HTTP/1.1 200 OK"
HTTP Request: GET https://translate.googleapis.com/translate_a/single?client=gtx&sl=auto&tl=ko&dt=t&q=Virtual+Scaffolds+are+internalized+in+the+software+and+are+meant+to+question%2C%0Aprompt%2C+and+explain+procedures+that+may+have+been+to+challenging+for+the+student+to+handle+alone. "HTTP/1.1 200 OK"
HTTP Request: GET https://translate.googleapis.com/translate_a/single?client=gtx&sl=auto&tl=ko&dt=t&q=At+the+other+end+of+the+spectrum%2C%0Aone+morphs+into+an+unrecognizable+individual%0Athat+feels+he+or+she+must+change+everything+the+team+has+been+doing+and+make+it+their+own. "HTTP/1.1 200 OK"
HTTP Request: GET https://translate.googleapis.com/translate_a/single?client=gtx&sl=auto&tl=ko&dt=t&q=As+a+result%2C%0Athe+process+of+an+organization+working+together+to+overcome+an+obstacle+can+lead+to+a+new+innovative+process+to+serve+the+customer%27s+need. "HTTP/1.1 200 OK"
HTTP Request: GET https://translate.googleapis.com/translate_a/single?client=gtx&sl=auto&tl=ko&dt=t&q=Also+to+the+north+visit+the+great+Sanctuary+of+Our+Lady+of+Fatima+%28Shrine%29%2C "HTTP/1.1 200 OK"
HTTP Request: GET https://translate.googleapis.com/translate_a/single?client=gtx&sl=auto&tl=ko&dt=t&q=While+Goma+is+reasonably+safe%2C%0Aany+visits+outside+of+Goma+should+be+researched+to+understand+the+state+of+the+fighting+that+persists+in+the+North+Kivu+province. "HTTP/1.1 200 OK"
HTTP Request: GET https://translate.googleapis.com/translate_a/single?client=gtx&sl=auto&tl=ko&dt=t&q=Also+to+the+north+visit+the+great+Sanctuary+of+Our+Lady+of+Fatima+%28Shrine%29%2C%0Aa+place+of+worldwide+famous+Marian+apparitions. "HTTP/1.1 200 OK"
HTTP Request: GET https://translate.googleapis.com/translate_a/single?client=gtx&sl=auto&tl=ko&dt=t&q=Ironing+damp+clothes+can+help+them+dry.%0AMany+hotels+have+an+iron+and+ironing+board+available+for+loan%2C+even+if+one+is+not+present+in+the+room. "HTTP/1.1 200 OK"
HTTP Request: GET https://translate.googleapis.com/translate_a/single?client=gtx&sl=auto&tl=ko&dt=t&q=Researchers+from+Princeton+University+in+the+United+States+and+Uppsala+University+in+Sweden+reported+the+new+species+evolved+in+just+two+generations%2C%0Athough+this+process+had+been+believed+to+take+much+longer%2C%0Adue+to+breeding+between+an+endemic+Darwin+finch%2C%0AGeospiza+fortes%2C+and+the+immigrant+cactus+finch%2C+Geospiza+conirostris. "HTTP/1.1 200 OK"
HTTP Request: GET https://translate.googleapis.com/translate_a/single?client=gtx&sl=auto&tl=ko&dt=t&q=Other+subjects+on+the+agenda+in+Bali+include+saving+the+world%27s+remaining+forests%2C "HTTP/1.1 200 OK"
HTTP Request: GET https://translate.googleapis.com/translate_a/single?client=gtx&sl=auto&tl=ko&dt=t&q=Other+subjects+on+the+agenda+in+Bali+include+saving+the+world%27s+remaining+forests%2C%0Aand+sharing+technologies+to+help+developing+nations+grow+in+less-polluting+ways. "HTTP/1.1 200 OK"
HTTP Request: GET https://translate.googleapis.com/translate_a/single?client=gtx&sl=auto&tl=ko&dt=t&q=The+city+is+also+the+base+to+climb+the+Nyiragongo+volcano "HTTP/1.1 200 OK"
HTTP Request: GET https://translate.googleapis.com/translate_a/single?client=gtx&sl=auto&tl=ko&dt=t&q=Oliver+Sacks%2C+in+his+paper+The+President%27s+Speech%2C "HTTP/1.1 200 OK"
HTTP Request: GET https://translate.googleapis.com/translate_a/single?client=gtx&sl=auto&tl=ko&dt=t&q=The+harbor+was+the+site+of+an+infamous+naval+standoff+in+1889%0Awhen+seven+ships+from+Germany%2C+the+US%2C+and+Britain+refused+to+leave+the+harbor. "HTTP/1.1 200 OK"
HTTP Request: GET https://translate.googleapis.com/translate_a/single?client=gtx&sl=auto&tl=ko&dt=t&q=The+Giza+Plateau%2C+or+%22Giza+Necropolis%22+in+the+Egyptian+Valley+of+the+Dead "HTTP/1.1 200 OK"
HTTP Request: GET https://translate.googleapis.com/translate_a/single?client=gtx&sl=auto&tl=ko&dt=t&q=In+1990%2C%0Ait+was+added+to+the+list+of+world+heritage+sites+in+danger%2C+due+to+the+threat+of+desert+sands. "HTTP/1.1 200 OK"
HTTP Request: GET https://translate.googleapis.com/translate_a/single?client=gtx&sl=auto&tl=ko&dt=t&q=The+city+is+also+the+base+to+climb+the+Nyiragongo+volcano%0Aalong+with+some+of+the+cheapest+Mountain+Gorilla+tracking+in+Africa. "HTTP/1.1 200 OK"
HTTP Request: GET https://translate.googleapis.com/translate_a/single?client=gtx&sl=auto&tl=ko&dt=t&q=We+don%27t+know+for+sure%2C+but+it+may+have+had+a+forked+tongue. "HTTP/1.1 200 OK"
HTTP Request: GET https://translate.googleapis.com/translate_a/single?client=gtx&sl=auto&tl=ko&dt=t&q=You+can+use+boda-boda+%28motorcycle+taxi%29+to+get+around+Goma. "HTTP/1.1 200 OK"
HTTP Request: GET https://translate.googleapis.com/translate_a/single?client=gtx&sl=auto&tl=ko&dt=t&q=The+Giza+Plateau%2C+or+%22Giza+Necropolis%22+in+the+Egyptian+Valley+of+the+Dead%0Acontains+several+pyramids+%28of+which+the+great+pyramid+is+the+largest%29%2C "HTTP/1.1 200 OK"
HTTP Request: GET https://translate.googleapis.com/translate_a/single?client=gtx&sl=auto&tl=ko&dt=t&q=You+can+use+boda-boda+%28motorcycle+taxi%29+to+get+around+Goma.%0AThe+normal+%28local%29+price+is+~500+Congolese+Francs+for+the+short+ride. "HTTP/1.1 200 OK"
HTTP Request: GET https://translate.googleapis.com/translate_a/single?client=gtx&sl=auto&tl=ko&dt=t&q=The+official+Falklands+currency+is+the+Falkland+pound+%28FKP%29 "HTTP/1.1 200 OK"
HTTP Request: GET https://translate.googleapis.com/translate_a/single?client=gtx&sl=auto&tl=ko&dt=t&q=Hong+Kong+Island+gives+the+territory+of+Hong+Kong+its+name "HTTP/1.1 200 OK"
HTTP Request: GET https://translate.googleapis.com/translate_a/single?client=gtx&sl=auto&tl=ko&dt=t&q=The+Giza+Plateau%2C+or+%22Giza+Necropolis%22+in+the+Egyptian+Valley+of+the+Dead%0Acontains+several+pyramids+%28of+which+the+great+pyramid+is+the+largest%29%2C%0Aseveral+small+tombs%2C+several+temples%2C+and+the+great+Sphinx. "HTTP/1.1 200 OK"
HTTP Request: GET https://translate.googleapis.com/translate_a/single?client=gtx&sl=auto&tl=ko&dt=t&q=The+official+Falklands+currency+is+the+Falkland+pound+%28FKP%29%0Awhose+value+is+set+equivalent+to+that+of+one+British+pound+%28GBP%29. "HTTP/1.1 200 OK"
HTTP Request: GET https://translate.googleapis.com/translate_a/single?client=gtx&sl=auto&tl=ko&dt=t&q=We+don%27t+know+for+sure%2C+but+it+may+have+had+a+forked+tongue.%0AIts+diet+included+turtles%2C+large+fish%2C+other+mosasaurs%2C+and+it+may+even+have+been+a+cannibal. "HTTP/1.1 200 OK"
HTTP Request: GET https://translate.googleapis.com/translate_a/single?client=gtx&sl=auto&tl=ko&dt=t&q=Hong+Kong+Island+gives+the+territory+of+Hong+Kong+its+name%0Aand+is+the+place+that+many+tourists+regard+as+the+main+focus. "HTTP/1.1 200 OK"
HTTP Request: GET https://translate.googleapis.com/translate_a/single?client=gtx&sl=auto&tl=ko&dt=t&q=In+fact%2C+it+is+not+easy+to+find+at+all+even+if+one+knew+it+existed. "HTTP/1.1 200 OK"
HTTP Request: GET https://translate.googleapis.com/translate_a/single?client=gtx&sl=auto&tl=ko&dt=t&q=In+fact%2C+it+is+not+easy+to+find+at+all+even+if+one+knew+it+existed.%0AOnce+inside+the+cave%2C+it+is+a+total+isolation. "HTTP/1.1 200 OK"
HTTP Request: GET https://translate.googleapis.com/translate_a/single?client=gtx&sl=auto&tl=ko&dt=t&q=All+nouns%2C+alongside+the+word+Sie+for+you%2C%0Aalways+begin+with+a+capital+letter%2C+even+in+the+middle+of+a+sentence. "HTTP/1.1 200 OK"
HTTP Request: GET https://translate.googleapis.com/translate_a/single?client=gtx&sl=auto&tl=ko&dt=t&q=Cocham%C3%B3+Valley+-+Chile%27s+premier+climbing+destination%2C%0Aknown+as+the+Yosemite+of+South+America%2C+with+a+variety+of+granite+big+walls+and+crags. "HTTP/1.1 200 OK"
HTTP Request: GET https://translate.googleapis.com/translate_a/single?client=gtx&sl=auto&tl=ko&dt=t&q=Resting+on+the+top+of+one+of+the+mountains+north+of+Mecca%2C "HTTP/1.1 200 OK"
HTTP Request: GET https://translate.googleapis.com/translate_a/single?client=gtx&sl=auto&tl=ko&dt=t&q=They+have+feet+with+scales+and+claws%2C%0Athey+lay+eggs%2C+and+they+walk+on+their+two+back+legs+like+a+T-Rex. "HTTP/1.1 200 OK"
HTTP Request: GET https://translate.googleapis.com/translate_a/single?client=gtx&sl=auto&tl=ko&dt=t&q=Lion+prides+act+much+like+packs+of+wolves+or+dogs%2C+animals+surprisingly+similar+to+lions+%28but+not+other+big+cats%29 "HTTP/1.1 200 OK"
HTTP Request: GET https://translate.googleapis.com/translate_a/single?client=gtx&sl=auto&tl=ko&dt=t&q=Oliver+Sacks%2C+in+his+paper+The+President%27s+Speech%2C%0Aindicated+how+people+who+are+unable+to+understand+speech+because+of+brain+damage+are+nevertheless+able+to+assess+sincerity+accurately. "HTTP/1.1 200 OK"
HTTP Request: GET https://translate.googleapis.com/translate_a/single?client=gtx&sl=auto&tl=ko&dt=t&q=Resting+on+the+top+of+one+of+the+mountains+north+of+Mecca%2C%0Athe+cave+is+completely+isolated+from+the+rest+of+the+world. "HTTP/1.1 200 OK"
HTTP Request: GET https://translate.googleapis.com/translate_a/single?client=gtx&sl=auto&tl=ko&dt=t&q=Barcelona%27s+official+languages+are+Catalan+and+Spanish.%0AAbout+a+half+prefer+to+speak+Catalan%2C+a+vast+majority+understands+it%2C+and+virtually+everyone+knows+Spanish. "HTTP/1.1 200 OK"
HTTP Request: GET https://translate.googleapis.com/translate_a/single?client=gtx&sl=auto&tl=ko&dt=t&q=Four+skiers+in+the+women%27s+sitting+group+failed+to+finish+their+runs%2C "HTTP/1.1 200 OK"
HTTP Request: GET https://translate.googleapis.com/translate_a/single?client=gtx&sl=auto&tl=ko&dt=t&q=Professor+Pamela+Ferguson+of+the+University+of+Dundee%0Anotes+%22journalists+do+seem+to+be+walking+a+dangerous+line+if+publishing+photos+etc+of+suspects.%22 "HTTP/1.1 200 OK"
HTTP Request: GET https://translate.googleapis.com/translate_a/single?client=gtx&sl=auto&tl=ko&dt=t&q=Finally%2C+there+are+many+small+cats+%28including+loose+pet+cats%29 "HTTP/1.1 200 OK"
HTTP Request: GET https://translate.googleapis.com/translate_a/single?client=gtx&sl=auto&tl=ko&dt=t&q=He+added+that+%22they+should+not%2C+however%2C+be+asked+to+take+on+obligations+that+go+beyond+their+development+stage%2C "HTTP/1.1 200 OK"
HTTP Request: GET https://translate.googleapis.com/translate_a/single?client=gtx&sl=auto&tl=ko&dt=t&q=Finally%2C+there+are+many+small+cats+%28including+loose+pet+cats%29%0Athat+eat+the+far+more+numerous+small+prey+like+insects%2C+rodents%2C+lizards%2C+and+birds. "HTTP/1.1 200 OK"
HTTP Request: GET https://translate.googleapis.com/translate_a/single?client=gtx&sl=auto&tl=ko&dt=t&q=He+added+that+%22they+should+not%2C+however%2C+be+asked+to+take+on+obligations+that+go+beyond+their+development+stage%2C%0Aresponsibility+and+capabilities.%22 "HTTP/1.1 200 OK"
HTTP Request: GET https://translate.googleapis.com/translate_a/single?client=gtx&sl=auto&tl=ko&dt=t&q=The+aspect+ratio+of+this+format+%28dividing+by+twelve+to+obtain+the+simplest+whole-number+ratio%29%0Ais+therefore+said+to+be+3%3A2. "HTTP/1.1 200 OK"
HTTP Request: GET https://translate.googleapis.com/translate_a/single?client=gtx&sl=auto&tl=ko&dt=t&q=Vatican+City%27s+population+is+around+800. "HTTP/1.1 200 OK"
HTTP Request: GET https://translate.googleapis.com/translate_a/single?client=gtx&sl=auto&tl=ko&dt=t&q=Lion+prides+act+much+like+packs+of+wolves+or+dogs%2C+animals+surprisingly+similar+to+lions+%28but+not+other+big+cats%29%0Ain+behavior%2C+and+also+very+deadly+to+their+prey. "HTTP/1.1 200 OK"
HTTP Request: GET https://translate.googleapis.com/translate_a/single?client=gtx&sl=auto&tl=ko&dt=t&q=Four+skiers+in+the+women%27s+sitting+group+failed+to+finish+their+runs%2C%0Aand+45+of+the+117+total+skiers+in+the+Giant+Slalom+failed+to+rank+in+the+race. "HTTP/1.1 200 OK"
HTTP Request: GET https://translate.googleapis.com/translate_a/single?client=gtx&sl=auto&tl=ko&dt=t&q=Vatican+City%27s+population+is+around+800.%0AIt+is+the+smallest+independent+country+in+the+world+and+the+country+with+the+lowest+population. "HTTP/1.1 200 OK"
HTTP Request: GET https://translate.googleapis.com/translate_a/single?client=gtx&sl=auto&tl=ko&dt=t&q=Apia+is+the+capital+of+Samoa.%0AThe+town+is+on+the+island+of+Upolu+and+has+a+population+of+just+under+40%2C000. "HTTP/1.1 200 OK"
HTTP Request: GET https://translate.googleapis.com/translate_a/single?client=gtx&sl=auto&tl=ko&dt=t&q=The+job+of+navies+has+traditionally+been+to+ensure+that+your+country+maintains+the+ability+to+move+your+people+and+goods%2C "HTTP/1.1 200 OK"
HTTP Request: GET https://translate.googleapis.com/translate_a/single?client=gtx&sl=auto&tl=ko&dt=t&q=If+you+have+watched+the+movie+National+Treasure%2C%0Ayou+may+think+a+treasure+map+was+written+on+the+back+of+the+Declaration+of+Independence. "HTTP/1.1 200 OK"
HTTP Request: GET https://translate.googleapis.com/translate_a/single?client=gtx&sl=auto&tl=ko&dt=t&q=His+work+is+of+such+recognized+quality+and+detail+that+he+is+one+of+the+very+few+%22household+names%22+among+philatelists. "HTTP/1.1 200 OK"
HTTP Request: GET https://translate.googleapis.com/translate_a/single?client=gtx&sl=auto&tl=ko&dt=t&q=The+job+of+navies+has+traditionally+been+to+ensure+that+your+country+maintains+the+ability+to+move+your+people+and+goods%2C%0Awhile+at+the+same+time%2C "HTTP/1.1 200 OK"
HTTP Request: GET https://translate.googleapis.com/translate_a/single?client=gtx&sl=auto&tl=ko&dt=t&q=His+work+is+of+such+recognized+quality+and+detail+that+he+is+one+of+the+very+few+%22household+names%22+among+philatelists.%0ASome+specialize+in+collecting+his+work+alone. "HTTP/1.1 200 OK"
HTTP Request: GET https://translate.googleapis.com/translate_a/single?client=gtx&sl=auto&tl=ko&dt=t&q=The+job+of+navies+has+traditionally+been+to+ensure+that+your+country+maintains+the+ability+to+move+your+people+and+goods%2C%0Awhile+at+the+same+time%2C%0Ainterfering+with+your+enemy%27s+ability+to+move+his+people+and+goods. "HTTP/1.1 200 OK"
HTTP Request: GET https://translate.googleapis.com/translate_a/single?client=gtx&sl=auto&tl=ko&dt=t&q=It+is+one+of+the+main+attractions+of+South+Africa%0Aand+it+is+considered+the+flagship+of+South+African+National+Parks+%28SANParks%29. "HTTP/1.1 200 OK"
HTTP Request: GET https://translate.googleapis.com/translate_a/single?client=gtx&sl=auto&tl=ko&dt=t&q=Scaffolding+is+not+a+method+of+learning+but+rather+an+aid+that+provides+support+to+individuals "HTTP/1.1 200 OK"
HTTP Request: GET https://translate.googleapis.com/translate_a/single?client=gtx&sl=auto&tl=ko&dt=t&q=Scaffolding+is+not+a+method+of+learning+but+rather+an+aid+that+provides+support+to+individuals%0Awhom+are+undergoing+a+new+learning+experience "HTTP/1.1 200 OK"
HTTP Request: GET https://translate.googleapis.com/translate_a/single?client=gtx&sl=auto&tl=ko&dt=t&q=Scaffolding+is+not+a+method+of+learning+but+rather+an+aid+that+provides+support+to+individuals%0Awhom+are+undergoing+a+new+learning+experience%0Asuch+as+using+a+new+computer+program+or+beginning+a+new+project. "HTTP/1.1 200 OK"
HTTP Request: GET https://translate.googleapis.com/translate_a/single?client=gtx&sl=auto&tl=ko&dt=t&q=Regular+announcements+in+the+Metro+are+made+only+in+Catalan%2C "HTTP/1.1 200 OK"
HTTP Request: GET https://translate.googleapis.com/translate_a/single?client=gtx&sl=auto&tl=ko&dt=t&q=It+is+related+to+but+usually+not+involving+alpine+style+ski+touring+or+mountaineering%2C "HTTP/1.1 200 OK"
HTTP Request: GET https://translate.googleapis.com/translate_a/single?client=gtx&sl=auto&tl=ko&dt=t&q=Regular+announcements+in+the+Metro+are+made+only+in+Catalan%2C%0Abut+unplanned+disruptions+are+announced+by+an+automated+system "HTTP/1.1 200 OK"
HTTP Request: GET https://translate.googleapis.com/translate_a/single?client=gtx&sl=auto&tl=ko&dt=t&q=People+have+known+about+basic+chemical+elements+such+as+gold%2C%0Asilver%2C+and+copper+from+antiquity%2C "HTTP/1.1 200 OK"
HTTP Request: GET https://translate.googleapis.com/translate_a/single?client=gtx&sl=auto&tl=ko&dt=t&q=Regular+announcements+in+the+Metro+are+made+only+in+Catalan%2C%0Abut+unplanned+disruptions+are+announced+by+an+automated+system%0Ain+a+wide+variety+of+languages+including+Spanish%2C+English%2C+French%2C+Arabic+and+Japanese. "HTTP/1.1 200 OK"
HTTP Request: GET https://translate.googleapis.com/translate_a/single?client=gtx&sl=auto&tl=ko&dt=t&q=Due+to+the+underwater+topology+the+return+flow+is+concentrated+at+a+few+deeper+sections%2C "HTTP/1.1 200 OK"
HTTP Request: GET https://translate.googleapis.com/translate_a/single?client=gtx&sl=auto&tl=ko&dt=t&q=Greenland+was+settled+sparsely.%0AIn+the+Norse+sagas+they+say+that+Erik+the+Red+was+exiled+from+Iceland+for+murder%2C%0Aand+when+travelling+further+west%2C+found+Greenland+and+named+it+Greenland. "HTTP/1.1 200 OK"
HTTP Request: GET https://translate.googleapis.com/translate_a/single?client=gtx&sl=auto&tl=ko&dt=t&q=People+have+known+about+basic+chemical+elements+such+as+gold%2C%0Asilver%2C+and+copper+from+antiquity%2C%0Aas+these+can+all+be+discovered+in+nature+in+native+form+and+are+relatively+simple+to+mine+with+primitive+tools. "HTTP/1.1 200 OK"
HTTP Request: GET https://translate.googleapis.com/translate_a/single?client=gtx&sl=auto&tl=ko&dt=t&q=Bishkek+was+described+as+sinking+into+a+state+of+%22anarchy%22+by+one+observer%2C "HTTP/1.1 200 OK"
HTTP Request: GET https://translate.googleapis.com/translate_a/single?client=gtx&sl=auto&tl=ko&dt=t&q=USA+Gymnastics+and+the+USOC+have+the+same+goal+%E2%80%94%0Amaking+the+sport+of+gymnastics%2C%0Aand+others%2C+as+safe+as+possible+for+athletes+to+follow+their+dreams+in+a+safe%2C+positive+and+empowered+environment. "HTTP/1.1 200 OK"
HTTP Request: GET https://translate.googleapis.com/translate_a/single?client=gtx&sl=auto&tl=ko&dt=t&q=Bishkek+was+described+as+sinking+into+a+state+of+%22anarchy%22+by+one+observer%2C%0Aas+gangs+of+people+roamed+the+streets+and+plundered+stores+of+consumer+goods. "HTTP/1.1 200 OK"
HTTP Request: GET https://translate.googleapis.com/translate_a/single?client=gtx&sl=auto&tl=ko&dt=t&q=Due+to+the+underwater+topology+the+return+flow+is+concentrated+at+a+few+deeper+sections%2C%0Aand+a+fast+current+to+deep+water+may+form+there. "HTTP/1.1 200 OK"
HTTP Request: GET https://translate.googleapis.com/translate_a/single?client=gtx&sl=auto&tl=ko&dt=t&q=First+among+its+78+recommendations+is+that+a+new+diplomatic+initiative%0Ashould+be+taken+before+the+end+of+this+year%0Ato+secure+Iraq%E2%80%99s+borders+against+hostile+interventions+and+to+re-establish+diplomatic+relations+with+its+neighbors. "HTTP/1.1 200 OK"
HTTP Request: GET https://translate.googleapis.com/translate_a/single?client=gtx&sl=auto&tl=ko&dt=t&q=It+is+related+to+but+usually+not+involving+alpine+style+ski+touring+or+mountaineering%2C%0Athe+latter+ones+done+in+steep+terrain+and+requiring+much+stiffer+skis+and+boots. "HTTP/1.1 200 OK"
/home/mobility/STiTy/.venv-autoseg/lib/python3.10/site-packages/pytorch_lightning/utilities/_pytree.py:21: `isinstance(treespec, LeafSpec)` is deprecated, use `isinstance(treespec, TreeSpec) and treespec.is_leaf()` instead.
Korean    T=12  laal 6.832  eff 0.7962  adq 0.8622  contra 0.0763  cons 0.7676  k 2.14
HTTP Request: GET https://translate.googleapis.com/translate_a/single?client=gtx&sl=auto&tl=zh-CN&dt=t&q=Through+the+night+between+150+and+200+copies+were+made%2C+now+known+as+%22Dunlap+broadsides%22. "HTTP/1.1 200 OK"
HTTP Request: GET https://translate.googleapis.com/translate_a/single?client=gtx&sl=auto&tl=zh-CN&dt=t&q=As+a+result%2C+the+performers+smoke+cannabis+joints+on+stage%2C+and+the+theatre+itself+is+encouraging+the+audience+to+join+in. "HTTP/1.1 200 OK"
HTTP Request: GET https://translate.googleapis.com/translate_a/single?client=gtx&sl=auto&tl=zh-CN&dt=t&q=He+referred+to+the+rumors+as+%22political+chatter+and+silliness%22. "HTTP/1.1 200 OK"
HTTP Request: GET https://translate.googleapis.com/translate_a/single?client=gtx&sl=auto&tl=zh-CN&dt=t&q=The+word+civilization+comes+from+the+Latin+civilis%2C+meaning+civil%2C+related+to+the+Latin+civis%2C+meaning+citizen%2C+and+civitas%2C+meaning+city+or+city-state%2C+and+that+also+somehow+defines+the+size+of+the+society. "HTTP/1.1 200 OK"
HTTP Request: GET https://translate.googleapis.com/translate_a/single?client=gtx&sl=auto&tl=zh-CN&dt=t&q=Scientists+hope+to+understand+how+planets+form%2C+especially+how+the+Earth+formed%2C+since+comets+collided+with+the+Earth+long+ago. "HTTP/1.1 200 OK"
HTTP Request: GET https://translate.googleapis.com/translate_a/single?client=gtx&sl=auto&tl=zh-CN&dt=t&q=Generally+speaking%2C+two+behaviors+can+emerge+as+managers+begin+to+lead+their+former+peers.+One+end+of+the+spectrum+is+trying+to+remain+%E2%80%9Cone+of+the+guys%E2%80%9D+%28or+gals%29. "HTTP/1.1 200 OK"
HTTP Request: GET https://translate.googleapis.com/translate_a/single?client=gtx&sl=auto&tl=zh-CN&dt=t&q=Throughout+1960s%2C+Brzezinski+worked+for+John+F.+Kennedy+as+his+advisor+and+then+the+Lyndon+B.+Johnson+administration. "HTTP/1.1 200 OK"
HTTP Request: GET https://translate.googleapis.com/translate_a/single?client=gtx&sl=auto&tl=zh-CN&dt=t&q=A+search+of+the+Internet+for+%27Hostile+environment+course%27+will+probably+provide+the+address+of+a+local+company. "HTTP/1.1 200 OK"
HTTP Request: GET https://translate.googleapis.com/translate_a/single?client=gtx&sl=auto&tl=zh-CN&dt=t&q=But+there+are+a+lot+of+things+about+birds+that+still+look+like+a+dinosaur. "HTTP/1.1 200 OK"
HTTP Request: GET https://translate.googleapis.com/translate_a/single?client=gtx&sl=auto&tl=zh-CN&dt=t&q=Most+of+the+smaller+islands+are+independent+nations%2C+or+associated+with+France%2C+and+known+as+luxury+beach+resorts. "HTTP/1.1 200 OK"
HTTP Request: GET https://translate.googleapis.com/translate_a/single?client=gtx&sl=auto&tl=zh-CN&dt=t&q=The+central+authority+of+the+church+had+been+in+Rome+for+over+a+thousand+years+and+this+concentration+of+power+and+money+led+many+to+question+whether+this+tenet+was+being+met. "HTTP/1.1 200 OK"
HTTP Request: GET https://translate.googleapis.com/translate_a/single?client=gtx&sl=auto&tl=zh-CN&dt=t&q=Similarly%2C+by+having+a+Schengen+visa%2C+you+do+not+need+to+apply+for+visas+to+each+of+the+Schengen+member+countries+separately%2C+hence+saving+time%2C+money+and+paperwork. "HTTP/1.1 200 OK"
HTTP Request: GET https://translate.googleapis.com/translate_a/single?client=gtx&sl=auto&tl=zh-CN&dt=t&q=Virtual+Scaffolds+are+internalized+in+the+software+and+are+meant+to+question%2C+prompt%2C+and+explain+procedures+that+may+have+been+to+challenging+for+the+student+to+handle+alone. "HTTP/1.1 200 OK"
HTTP Request: GET https://translate.googleapis.com/translate_a/single?client=gtx&sl=auto&tl=zh-CN&dt=t&q=As+a+result%2C+two+fish+species+have+become+extinct%2C+and+two+others+have+become+endangered%2C+including+the+humpback+chub. "HTTP/1.1 200 OK"
HTTP Request: GET https://translate.googleapis.com/translate_a/single?client=gtx&sl=auto&tl=zh-CN&dt=t&q=Buses+depart+the+inter-district+bus+station+%28across+the+river%29+throughout+the+day%2C+though+most%2C+especially+those+heading+to+the+east+and+Jakar%2FBumthang+leave+between+06%3A30+and+07%3A30. "HTTP/1.1 200 OK"
HTTP Request: GET https://translate.googleapis.com/translate_a/single?client=gtx&sl=auto&tl=zh-CN&dt=t&q=Also+to+the+north+visit+the+great+Sanctuary+of+Our+Lady+of+Fatima+%28Shrine%29%2C+a+place+of+worldwide+famous+Marian+apparitions. "HTTP/1.1 200 OK"
HTTP Request: GET https://translate.googleapis.com/translate_a/single?client=gtx&sl=auto&tl=zh-CN&dt=t&q=Sleep+interruption+is+the+process+of+purposefully+awakening+during+your+normal+sleep+period+and+falling+asleep+a+short+time+later+%2810%E2%80%9360+minutes%29. "HTTP/1.1 200 OK"
HTTP Request: GET https://translate.googleapis.com/translate_a/single?client=gtx&sl=auto&tl=zh-CN&dt=t&q=Alloys+are+basically+a+mixture+of+two+or+more+metals.+Don%27t+forget+that+there+are+many+elements+on+the+periodic+table. "HTTP/1.1 200 OK"
HTTP Request: GET https://translate.googleapis.com/translate_a/single?client=gtx&sl=auto&tl=zh-CN&dt=t&q=Fire+rescue+crews+eventually+doused+the+fire+by+11%3A35+pm. "HTTP/1.1 200 OK"
HTTP Request: GET https://translate.googleapis.com/translate_a/single?client=gtx&sl=auto&tl=zh-CN&dt=t&q=We+agree+with+the+USOC%27s+statement+that+the+interests+of+our+athletes+and+clubs%2C+and+their+sport%2C+may+be+better+served+by+moving+forward+with+meaningful+change+within+our+organization%2C+rather+than+decertification. "HTTP/1.1 200 OK"
HTTP Request: GET https://translate.googleapis.com/translate_a/single?client=gtx&sl=auto&tl=zh-CN&dt=t&q=The+802.11n+standard+operates+on+both+the+2.4Ghz+and+5.0Ghz+frequencies. "HTTP/1.1 200 OK"
HTTP Request: GET https://translate.googleapis.com/translate_a/single?client=gtx&sl=auto&tl=zh-CN&dt=t&q=We+make+our+houses+from+plants+and+make+clothes+from+plants.+Most+foods+that+we+eat+are+plants.+Without+plants%2C+animals+could+not+survive. "HTTP/1.1 200 OK"
HTTP Request: GET https://translate.googleapis.com/translate_a/single?client=gtx&sl=auto&tl=zh-CN&dt=t&q=While+Goma+is+reasonably+safe%2C+any+visits+outside+of+Goma+should+be+researched+to+understand+the+state+of+the+fighting+that+persists+in+the+North+Kivu+province. "HTTP/1.1 200 OK"
HTTP Request: GET https://translate.googleapis.com/translate_a/single?client=gtx&sl=auto&tl=zh-CN&dt=t&q=Ancient+China+had+a+unique+way+of+showing+different+time+periods%3B+each+stage+of+China+or+each+family+that+was+in+power+was+a+distinctive+dynasty. "HTTP/1.1 200 OK"
HTTP Request: GET https://translate.googleapis.com/translate_a/single?client=gtx&sl=auto&tl=zh-CN&dt=t&q=The+governor%27s+office+said+nineteen+of+the+injured+were+police+officers. "HTTP/1.1 200 OK"
HTTP Request: GET https://translate.googleapis.com/translate_a/single?client=gtx&sl=auto&tl=zh-CN&dt=t&q=Ancient+cultures+and+tribes+began+to+keep+them+for+easy+access+to+milk%2C+hair%2C+meat%2C+and+skins. "HTTP/1.1 200 OK"
HTTP Request: GET https://translate.googleapis.com/translate_a/single?client=gtx&sl=auto&tl=zh-CN&dt=t&q=Giancarlo+Fisichella+lost+control+of+his+car+and+ended+the+race+very+soon+after+the+start. "HTTP/1.1 200 OK"
HTTP Request: GET https://translate.googleapis.com/translate_a/single?client=gtx&sl=auto&tl=zh-CN&dt=t&q=The+Northern+Marianas+emergency+management+office+said+that+there+were+no+damages+reported+in+the+nation. "HTTP/1.1 200 OK"
HTTP Request: GET https://translate.googleapis.com/translate_a/single?client=gtx&sl=auto&tl=zh-CN&dt=t&q=Researchers+from+Princeton+University+in+the+United+States+and+Uppsala+University+in+Sweden+reported+the+new+species+evolved+in+just+two+generations%2C+though+this+process+had+been+believed+to+take+much+longer%2C+due+to+breeding+between+an+endemic+Darwin+finch%2C+Geospiza+fortes%2C+and+the+immigrant+cactus+finch%2C+Geospiza+conirostris. "HTTP/1.1 200 OK"
HTTP Request: GET https://translate.googleapis.com/translate_a/single?client=gtx&sl=auto&tl=zh-CN&dt=t&q=At+the+other+end+of+the+spectrum%2C+one+morphs+into+an+unrecognizable+individual+that+feels+he+or+she+must+change+everything+the+team+has+been+doing+and+make+it+their+own. "HTTP/1.1 200 OK"
HTTP Request: GET https://translate.googleapis.com/translate_a/single?client=gtx&sl=auto&tl=zh-CN&dt=t&q=As+a+result%2C+the+process+of+an+organization+working+together+to+overcome+an+obstacle+can+lead+to+a+new+innovative+process+to+serve+the+customer%27s+need. "HTTP/1.1 200 OK"
HTTP Request: GET https://translate.googleapis.com/translate_a/single?client=gtx&sl=auto&tl=zh-CN&dt=t&q=The+U.S.+Corps+of+Engineers+estimated+that+6+inches+of+rainfall+could+breach+the+previously+damaged+levees. "HTTP/1.1 200 OK"
HTTP Request: GET https://translate.googleapis.com/translate_a/single?client=gtx&sl=auto&tl=zh-CN&dt=t&q=The+same+month+saw+another+airliner+overrun+a+runway+at+Mashhad+and+strike+a+wall%2C+killing+seventeen. "HTTP/1.1 200 OK"
HTTP Request: GET https://translate.googleapis.com/translate_a/single?client=gtx&sl=auto&tl=zh-CN&dt=t&q=The+harbor+was+the+site+of+an+infamous+naval+standoff+in+1889+when+seven+ships+from+Germany%2C+the+US%2C+and+Britain+refused+to+leave+the+harbor. "HTTP/1.1 200 OK"
HTTP Request: GET https://translate.googleapis.com/translate_a/single?client=gtx&sl=auto&tl=zh-CN&dt=t&q=Cuomo%2C+53%2C+began+his+governorship+earlier+this+year+and+signed+a+bill+last+month+legalizing+same-sex+marriage. "HTTP/1.1 200 OK"
HTTP Request: GET https://translate.googleapis.com/translate_a/single?client=gtx&sl=auto&tl=zh-CN&dt=t&q=The+Giza+Plateau%2C+or+%22Giza+Necropolis%22+in+the+Egyptian+Valley+of+the+Dead+contains+several+pyramids+%28of+which+the+great+pyramid+is+the+largest%29%2C+several+small+tombs%2C+several+temples%2C+and+the+great+Sphinx. "HTTP/1.1 200 OK"
HTTP Request: GET https://translate.googleapis.com/translate_a/single?client=gtx&sl=auto&tl=zh-CN&dt=t&q=Oliver+Sacks%2C+in+his+paper+The+President%27s+Speech%2C+indicated+how+people+who+are+unable+to+understand+speech+because+of+brain+damage+are+nevertheless+able+to+assess+sincerity+accurately. "HTTP/1.1 200 OK"
HTTP Request: GET https://translate.googleapis.com/translate_a/single?client=gtx&sl=auto&tl=zh-CN&dt=t&q=While+he+was+working+at+the+hospital+Liggins+began+to+investigate+premature+labor+during+his+spare+time. "HTTP/1.1 200 OK"
HTTP Request: GET https://translate.googleapis.com/translate_a/single?client=gtx&sl=auto&tl=zh-CN&dt=t&q=The+term+bug+is+used+by+entomologists+in+a+formal+sense+for+this+group+of+insects. "HTTP/1.1 200 OK"
HTTP Request: GET https://translate.googleapis.com/translate_a/single?client=gtx&sl=auto&tl=zh-CN&dt=t&q=The+city+is+also+the+base+to+climb+the+Nyiragongo+volcano+along+with+some+of+the+cheapest+Mountain+Gorilla+tracking+in+Africa. "HTTP/1.1 200 OK"
HTTP Request: GET https://translate.googleapis.com/translate_a/single?client=gtx&sl=auto&tl=zh-CN&dt=t&q=In+1990%2C+it+was+added+to+the+list+of+world+heritage+sites+in+danger%2C+due+to+the+threat+of+desert+sands. "HTTP/1.1 200 OK"
HTTP Request: GET https://translate.googleapis.com/translate_a/single?client=gtx&sl=auto&tl=zh-CN&dt=t&q=Ironing+damp+clothes+can+help+them+dry.+Many+hotels+have+an+iron+and+ironing+board+available+for+loan%2C+even+if+one+is+not+present+in+the+room. "HTTP/1.1 200 OK"
HTTP Request: GET https://translate.googleapis.com/translate_a/single?client=gtx&sl=auto&tl=zh-CN&dt=t&q=Hong+Kong+Island+gives+the+territory+of+Hong+Kong+its+name+and+is+the+place+that+many+tourists+regard+as+the+main+focus. "HTTP/1.1 200 OK"
HTTP Request: GET https://translate.googleapis.com/translate_a/single?client=gtx&sl=auto&tl=zh-CN&dt=t&q=Parisians+have+a+reputation+for+being+egocentric%2C+rude+and+arrogant. "HTTP/1.1 200 OK"
HTTP Request: GET https://translate.googleapis.com/translate_a/single?client=gtx&sl=auto&tl=zh-CN&dt=t&q=In+just+two+weeks+the+Americans+and+Free+French+forces+had+liberated+southern+France+and+were+turning+towards+Germany. "HTTP/1.1 200 OK"
HTTP Request: GET https://translate.googleapis.com/translate_a/single?client=gtx&sl=auto&tl=zh-CN&dt=t&q=The+official+Falklands+currency+is+the+Falkland+pound+%28FKP%29+whose+value+is+set+equivalent+to+that+of+one+British+pound+%28GBP%29. "HTTP/1.1 200 OK"
HTTP Request: GET https://translate.googleapis.com/translate_a/single?client=gtx&sl=auto&tl=zh-CN&dt=t&q=You+can+use+boda-boda+%28motorcycle+taxi%29+to+get+around+Goma.+The+normal+%28local%29+price+is+~500+Congolese+Francs+for+the+short+ride. "HTTP/1.1 200 OK"
HTTP Request: GET https://translate.googleapis.com/translate_a/single?client=gtx&sl=auto&tl=zh-CN&dt=t&q=All+nouns%2C+alongside+the+word+Sie+for+you%2C+always+begin+with+a+capital+letter%2C+even+in+the+middle+of+a+sentence. "HTTP/1.1 200 OK"
HTTP Request: GET https://translate.googleapis.com/translate_a/single?client=gtx&sl=auto&tl=zh-CN&dt=t&q=The+Schengen+zone%2C+however%2C+works+somewhat+like+one+country+in+this+respect. "HTTP/1.1 200 OK"
HTTP Request: GET https://translate.googleapis.com/translate_a/single?client=gtx&sl=auto&tl=zh-CN&dt=t&q=Lakkha+Singh+presented+the+chhappan+bhog+bhajan+as+well.+Singer%2C+Raju+Khandelwal+was+accompanying+him. "HTTP/1.1 200 OK"
HTTP Request: GET https://translate.googleapis.com/translate_a/single?client=gtx&sl=auto&tl=zh-CN&dt=t&q=According+to+Japan%27s+nuclear+agency%2C+radioactive+caesium+and+iodine+has+been+identified+at+the+plant. "HTTP/1.1 200 OK"
HTTP Request: GET https://translate.googleapis.com/translate_a/single?client=gtx&sl=auto&tl=zh-CN&dt=t&q=Large+areas+further+north+are+quite+sparsely+populated+and+some+is+nearly+uninhabited+wilderness. "HTTP/1.1 200 OK"
HTTP Request: GET https://translate.googleapis.com/translate_a/single?client=gtx&sl=auto&tl=zh-CN&dt=t&q=We+don%27t+know+for+sure%2C+but+it+may+have+had+a+forked+tongue.+Its+diet+included+turtles%2C+large+fish%2C+other+mosasaurs%2C+and+it+may+even+have+been+a+cannibal. "HTTP/1.1 200 OK"
HTTP Request: GET https://translate.googleapis.com/translate_a/single?client=gtx&sl=auto&tl=zh-CN&dt=t&q=These+couples+may+choose+to+make+an+adoption+plan+for+their+baby. "HTTP/1.1 200 OK"
HTTP Request: GET https://translate.googleapis.com/translate_a/single?client=gtx&sl=auto&tl=zh-CN&dt=t&q=Needless+to+say%2C+if+you+know+a+Romance+language%2C+it+will+be+easier+for+you+to+learn+Portuguese. "HTTP/1.1 200 OK"
HTTP Request: GET https://translate.googleapis.com/translate_a/single?client=gtx&sl=auto&tl=zh-CN&dt=t&q=They+have+feet+with+scales+and+claws%2C+they+lay+eggs%2C+and+they+walk+on+their+two+back+legs+like+a+T-Rex. "HTTP/1.1 200 OK"
HTTP Request: GET https://translate.googleapis.com/translate_a/single?client=gtx&sl=auto&tl=zh-CN&dt=t&q=Other+subjects+on+the+agenda+in+Bali+include+saving+the+world%27s+remaining+forests%2C+and+sharing+technologies+to+help+developing+nations+grow+in+less-polluting+ways. "HTTP/1.1 200 OK"
HTTP Request: GET https://translate.googleapis.com/translate_a/single?client=gtx&sl=auto&tl=zh-CN&dt=t&q=Goats+seem+to+have+been+first+domesticated+roughly+10%2C000+years+ago+in+the+Zagros+Mountains+of+Iran. "HTTP/1.1 200 OK"
HTTP Request: GET https://translate.googleapis.com/translate_a/single?client=gtx&sl=auto&tl=zh-CN&dt=t&q=A+curry+is+a+dish+based+on+herbs+and+spices%2C+together+with+either+meat+or+vegetables. "HTTP/1.1 200 OK"
HTTP Request: GET https://translate.googleapis.com/translate_a/single?client=gtx&sl=auto&tl=zh-CN&dt=t&q=The+two+compounds+react+with+one+another+to+form+crystals+that+may+block+kidney+function%2C+researchers+at+the+university+said. "HTTP/1.1 200 OK"
HTTP Request: GET https://translate.googleapis.com/translate_a/single?client=gtx&sl=auto&tl=zh-CN&dt=t&q=Aerosmith+have+cancelled+their+remaining+concerts+on+their+tour. "HTTP/1.1 200 OK"
HTTP Request: GET https://translate.googleapis.com/translate_a/single?client=gtx&sl=auto&tl=zh-CN&dt=t&q=During+the+1920s%2C+the+prevailing+attitudes+of+most+citizens+and+nations+was+that+of+pacifism+and+isolation. "HTTP/1.1 200 OK"
HTTP Request: GET https://translate.googleapis.com/translate_a/single?client=gtx&sl=auto&tl=zh-CN&dt=t&q=Prior+to+the+arrival+of+troops%2C+Haiti+had+not+encountered+problems+related+to+the+disease+since+the+1800s. "HTTP/1.1 200 OK"
HTTP Request: GET https://translate.googleapis.com/translate_a/single?client=gtx&sl=auto&tl=zh-CN&dt=t&q=Scotturb+Bus+403+travels+regularly+to+Sintra%2C+stopping+at+Cabo+da+Roca. "HTTP/1.1 200 OK"
HTTP Request: GET https://translate.googleapis.com/translate_a/single?client=gtx&sl=auto&tl=zh-CN&dt=t&q=Beyond+Wednesday%27s+event%2C+Carpanedo+competed+in+two+individual+races+at+the+Championships. "HTTP/1.1 200 OK"
HTTP Request: GET https://translate.googleapis.com/translate_a/single?client=gtx&sl=auto&tl=zh-CN&dt=t&q=In+fact%2C+it+is+not+easy+to+find+at+all+even+if+one+knew+it+existed.+Once+inside+the+cave%2C+it+is+a+total+isolation. "HTTP/1.1 200 OK"
HTTP Request: GET https://translate.googleapis.com/translate_a/single?client=gtx&sl=auto&tl=zh-CN&dt=t&q=Lion+prides+act+much+like+packs+of+wolves+or+dogs%2C+animals+surprisingly+similar+to+lions+%28but+not+other+big+cats%29+in+behavior%2C+and+also+very+deadly+to+their+prey. "HTTP/1.1 200 OK"
HTTP Request: GET https://translate.googleapis.com/translate_a/single?client=gtx&sl=auto&tl=zh-CN&dt=t&q=Four+skiers+in+the+women%27s+sitting+group+failed+to+finish+their+runs%2C+and+45+of+the+117+total+skiers+in+the+Giant+Slalom+failed+to+rank+in+the+race. "HTTP/1.1 200 OK"
HTTP Request: GET https://translate.googleapis.com/translate_a/single?client=gtx&sl=auto&tl=zh-CN&dt=t&q=Television+reports+show+white+smoke+coming+from+the+plant. "HTTP/1.1 200 OK"
HTTP Request: GET https://translate.googleapis.com/translate_a/single?client=gtx&sl=auto&tl=zh-CN&dt=t&q=Cocham%C3%B3+Valley+-+Chile%27s+premier+climbing+destination%2C+known+as+the+Yosemite+of+South+America%2C+with+a+variety+of+granite+big+walls+and+crags. "HTTP/1.1 200 OK"
HTTP Request: GET https://translate.googleapis.com/translate_a/single?client=gtx&sl=auto&tl=zh-CN&dt=t&q=Resting+on+the+top+of+one+of+the+mountains+north+of+Mecca%2C+the+cave+is+completely+isolated+from+the+rest+of+the+world. "HTTP/1.1 200 OK"
HTTP Request: GET https://translate.googleapis.com/translate_a/single?client=gtx&sl=auto&tl=zh-CN&dt=t&q=He+added+that+%22they+should+not%2C+however%2C+be+asked+to+take+on+obligations+that+go+beyond+their+development+stage%2C+responsibility+and+capabilities.%22 "HTTP/1.1 200 OK"
HTTP Request: GET https://translate.googleapis.com/translate_a/single?client=gtx&sl=auto&tl=zh-CN&dt=t&q=The+cabbage+juice+changes+color+depending+on+how+acidic+or+basic+%28alkaline%29+the+chemical+is. "HTTP/1.1 200 OK"
HTTP Request: GET https://translate.googleapis.com/translate_a/single?client=gtx&sl=auto&tl=zh-CN&dt=t&q=Vatican+City%27s+population+is+around+800.+It+is+the+smallest+independent+country+in+the+world+and+the+country+with+the+lowest+population. "HTTP/1.1 200 OK"
HTTP Request: GET https://translate.googleapis.com/translate_a/single?client=gtx&sl=auto&tl=zh-CN&dt=t&q=Along+the+same+line%2C+men+are+required+to+wear+trousers+covering+the+knees. "HTTP/1.1 200 OK"
HTTP Request: GET https://translate.googleapis.com/translate_a/single?client=gtx&sl=auto&tl=zh-CN&dt=t&q=Women%3A+It+is+recommended+that+any+women+travellers+say+that+they+are+married%2C+regardless+of+actual+marital+status. "HTTP/1.1 200 OK"
HTTP Request: GET https://translate.googleapis.com/translate_a/single?client=gtx&sl=auto&tl=zh-CN&dt=t&q=Barcelona%27s+official+languages+are+Catalan+and+Spanish.+About+a+half+prefer+to+speak+Catalan%2C+a+vast+majority+understands+it%2C+and+virtually+everyone+knows+Spanish. "HTTP/1.1 200 OK"
HTTP Request: GET https://translate.googleapis.com/translate_a/single?client=gtx&sl=auto&tl=zh-CN&dt=t&q=The+composition+of+these+crystals+matches+those+found+in+the+urine+of+affected+pets+when+compared+by+infrared+spectroscopy+%28FTIR%29. "HTTP/1.1 200 OK"
HTTP Request: GET https://translate.googleapis.com/translate_a/single?client=gtx&sl=auto&tl=zh-CN&dt=t&q=If+you+have+watched+the+movie+National+Treasure%2C+you+may+think+a+treasure+map+was+written+on+the+back+of+the+Declaration+of+Independence. "HTTP/1.1 200 OK"
HTTP Request: GET https://translate.googleapis.com/translate_a/single?client=gtx&sl=auto&tl=zh-CN&dt=t&q=In+the+north+the+region+is+bounded+by+the+Sahel%2C+and+in+the+south+and+west+by+the+Atlantic+Ocean. "HTTP/1.1 200 OK"
HTTP Request: GET https://translate.googleapis.com/translate_a/single?client=gtx&sl=auto&tl=zh-CN&dt=t&q=Professor+Pamela+Ferguson+of+the+University+of+Dundee+notes+%22journalists+do+seem+to+be+walking+a+dangerous+line+if+publishing+photos+etc+of+suspects.%22 "HTTP/1.1 200 OK"
HTTP Request: GET https://translate.googleapis.com/translate_a/single?client=gtx&sl=auto&tl=zh-CN&dt=t&q=The+job+of+navies+has+traditionally+been+to+ensure+that+your+country+maintains+the+ability+to+move+your+people+and+goods%2C+while+at+the+same+time%2C+interfering+with+your+enemy%27s+ability+to+move+his+people+and+goods. "HTTP/1.1 200 OK"
HTTP Request: GET https://translate.googleapis.com/translate_a/single?client=gtx&sl=auto&tl=zh-CN&dt=t&q=It+is+one+of+the+main+attractions+of+South+Africa+and+it+is+considered+the+flagship+of+South+African+National+Parks+%28SANParks%29. "HTTP/1.1 200 OK"
HTTP Request: GET https://translate.googleapis.com/translate_a/single?client=gtx&sl=auto&tl=zh-CN&dt=t&q=The+aspect+ratio+of+this+format+%28dividing+by+twelve+to+obtain+the+simplest+whole-number+ratio%29+is+therefore+said+to+be+3%3A2. "HTTP/1.1 200 OK"
HTTP Request: GET https://translate.googleapis.com/translate_a/single?client=gtx&sl=auto&tl=zh-CN&dt=t&q=Finally%2C+there+are+many+small+cats+%28including+loose+pet+cats%29+that+eat+the+far+more+numerous+small+prey+like+insects%2C+rodents%2C+lizards%2C+and+birds. "HTTP/1.1 200 OK"
HTTP Request: GET https://translate.googleapis.com/translate_a/single?client=gtx&sl=auto&tl=zh-CN&dt=t&q=Scaffolding+is+not+a+method+of+learning+but+rather+an+aid+that+provides+support+to+individuals+whom+are+undergoing+a+new+learning+experience+such+as+using+a+new+computer+program+or+beginning+a+new+project. "HTTP/1.1 200 OK"
HTTP Request: GET https://translate.googleapis.com/translate_a/single?client=gtx&sl=auto&tl=zh-CN&dt=t&q=Six+hostages%2C+including+the+children+and+elderly%2C+were+released+early%2C+as+were+the+Filipino+photographers. "HTTP/1.1 200 OK"
HTTP Request: GET https://translate.googleapis.com/translate_a/single?client=gtx&sl=auto&tl=zh-CN&dt=t&q=His+work+is+of+such+recognized+quality+and+detail+that+he+is+one+of+the+very+few+%22household+names%22+among+philatelists.+Some+specialize+in+collecting+his+work+alone. "HTTP/1.1 200 OK"
HTTP Request: GET https://translate.googleapis.com/translate_a/single?client=gtx&sl=auto&tl=zh-CN&dt=t&q=The+pyramid+sound+and+light+show+is+one+of+the+most+interesting+things+in+the+area+for+kids. "HTTP/1.1 200 OK"
HTTP Request: GET https://translate.googleapis.com/translate_a/single?client=gtx&sl=auto&tl=zh-CN&dt=t&q=Regular+announcements+in+the+Metro+are+made+only+in+Catalan%2C+but+unplanned+disruptions+are+announced+by+an+automated+system+in+a+wide+variety+of+languages+including+Spanish%2C+English%2C+French%2C+Arabic+and+Japanese. "HTTP/1.1 200 OK"
HTTP Request: GET https://translate.googleapis.com/translate_a/single?client=gtx&sl=auto&tl=zh-CN&dt=t&q=Several+large+television+screens+were+installed+in+various+places+in+Rome+to+let+the+people+watch+the+ceremony. "HTTP/1.1 200 OK"
HTTP Request: GET https://translate.googleapis.com/translate_a/single?client=gtx&sl=auto&tl=zh-CN&dt=t&q=Plants+look+their+best+when+in+a+natural+environment%2C+so+resist+the+temptation+to+remove+even+%22just+one%22+specimen. "HTTP/1.1 200 OK"
HTTP Request: GET https://translate.googleapis.com/translate_a/single?client=gtx&sl=auto&tl=zh-CN&dt=t&q=It+is+related+to+but+usually+not+involving+alpine+style+ski+touring+or+mountaineering%2C+the+latter+ones+done+in+steep+terrain+and+requiring+much+stiffer+skis+and+boots. "HTTP/1.1 200 OK"
HTTP Request: GET https://translate.googleapis.com/translate_a/single?client=gtx&sl=auto&tl=zh-CN&dt=t&q=People+have+known+about+basic+chemical+elements+such+as+gold%2C+silver%2C+and+copper+from+antiquity%2C+as+these+can+all+be+discovered+in+nature+in+native+form+and+are+relatively+simple+to+mine+with+primitive+tools. "HTTP/1.1 200 OK"
HTTP Request: GET https://translate.googleapis.com/translate_a/single?client=gtx&sl=auto&tl=zh-CN&dt=t&q=Apia+is+the+capital+of+Samoa.+The+town+is+on+the+island+of+Upolu+and+has+a+population+of+just+under+40%2C000. "HTTP/1.1 200 OK"
HTTP Request: GET https://translate.googleapis.com/translate_a/single?client=gtx&sl=auto&tl=zh-CN&dt=t&q=Due+to+the+underwater+topology+the+return+flow+is+concentrated+at+a+few+deeper+sections%2C+and+a+fast+current+to+deep+water+may+form+there. "HTTP/1.1 200 OK"
HTTP Request: GET https://translate.googleapis.com/translate_a/single?client=gtx&sl=auto&tl=zh-CN&dt=t&q=First+among+its+78+recommendations+is+that+a+new+diplomatic+initiative+should+be+taken+before+the+end+of+this+year+to+secure+Iraq%E2%80%99s+borders+against+hostile+interventions+and+to+re-establish+diplomatic+relations+with+its+neighbors. "HTTP/1.1 200 OK"
HTTP Request: GET https://translate.googleapis.com/translate_a/single?client=gtx&sl=auto&tl=zh-CN&dt=t&q=Bishkek+was+described+as+sinking+into+a+state+of+%22anarchy%22+by+one+observer%2C+as+gangs+of+people+roamed+the+streets+and+plundered+stores+of+consumer+goods. "HTTP/1.1 200 OK"
HTTP Request: GET https://translate.googleapis.com/translate_a/single?client=gtx&sl=auto&tl=zh-CN&dt=t&q=Greenland+was+settled+sparsely.+In+the+Norse+sagas+they+say+that+Erik+the+Red+was+exiled+from+Iceland+for+murder%2C+and+when+travelling+further+west%2C+found+Greenland+and+named+it+Greenland. "HTTP/1.1 200 OK"
HTTP Request: GET https://translate.googleapis.com/translate_a/single?client=gtx&sl=auto&tl=zh-CN&dt=t&q=USA+Gymnastics+and+the+USOC+have+the+same+goal+%E2%80%94+making+the+sport+of+gymnastics%2C+and+others%2C+as+safe+as+possible+for+athletes+to+follow+their+dreams+in+a+safe%2C+positive+and+empowered+environment. "HTTP/1.1 200 OK"
HTTP Request: GET https://translate.googleapis.com/translate_a/single?client=gtx&sl=auto&tl=zh-CN&dt=t&q=As+a+result%2C "HTTP/1.1 200 OK"
HTTP Request: GET https://translate.googleapis.com/translate_a/single?client=gtx&sl=auto&tl=zh-CN&dt=t&q=Generally+speaking%2C "HTTP/1.1 200 OK"
HTTP Request: GET https://translate.googleapis.com/translate_a/single?client=gtx&sl=auto&tl=zh-CN&dt=t&q=A+search+of+the+Internet "HTTP/1.1 200 OK"
HTTP Request: GET https://translate.googleapis.com/translate_a/single?client=gtx&sl=auto&tl=zh-CN&dt=t&q=Throughout+1960s%2C "HTTP/1.1 200 OK"
HTTP Request: GET https://translate.googleapis.com/translate_a/single?client=gtx&sl=auto&tl=zh-CN&dt=t&q=Scientists+hope+to+understand+how+planets+form%2C "HTTP/1.1 200 OK"
HTTP Request: GET https://translate.googleapis.com/translate_a/single?client=gtx&sl=auto&tl=zh-CN&dt=t&q=He+referred+to+the+rumors "HTTP/1.1 200 OK"
HTTP Request: GET https://translate.googleapis.com/translate_a/single?client=gtx&sl=auto&tl=zh-CN&dt=t&q=Through+the+night+between+150+and+200+copies+were+made%2C "HTTP/1.1 200 OK"
HTTP Request: GET https://translate.googleapis.com/translate_a/single?client=gtx&sl=auto&tl=zh-CN&dt=t&q=The+word+civilization+comes+from+the+Latin+civilis%2C "HTTP/1.1 200 OK"
HTTP Request: GET https://translate.googleapis.com/translate_a/single?client=gtx&sl=auto&tl=zh-CN&dt=t&q=A+search+of+the+Internet%0Afor%27+Hostile+environment+course%27 "HTTP/1.1 200 OK"
HTTP Request: GET https://translate.googleapis.com/translate_a/single?client=gtx&sl=auto&tl=zh-CN&dt=t&q=As+a+result%2C%0Athe+performers+smoke+cannabis+joints+on+stage%2C "HTTP/1.1 200 OK"
HTTP Request: GET https://translate.googleapis.com/translate_a/single?client=gtx&sl=auto&tl=zh-CN&dt=t&q=Generally+speaking%2C%0Atwo+behaviors+can+emerge+as+managers+begin+to+lead+their+former+peers. "HTTP/1.1 200 OK"
HTTP Request: GET https://translate.googleapis.com/translate_a/single?client=gtx&sl=auto&tl=zh-CN&dt=t&q=Throughout+1960s%2C%0ABrzezinski+worked+for+John+F.+Kennedy "HTTP/1.1 200 OK"
HTTP Request: GET https://translate.googleapis.com/translate_a/single?client=gtx&sl=auto&tl=zh-CN&dt=t&q=The+word+civilization+comes+from+the+Latin+civilis%2C%0Ameaning+civil%2C "HTTP/1.1 200 OK"
HTTP Request: GET https://translate.googleapis.com/translate_a/single?client=gtx&sl=auto&tl=zh-CN&dt=t&q=Scientists+hope+to+understand+how+planets+form%2C%0Aespecially+how+the+Earth+formed%2C "HTTP/1.1 200 OK"
HTTP Request: GET https://translate.googleapis.com/translate_a/single?client=gtx&sl=auto&tl=zh-CN&dt=t&q=He+referred+to+the+rumors%0Aas+%22political+chatter+and+silliness%22. "HTTP/1.1 200 OK"
HTTP Request: GET https://translate.googleapis.com/translate_a/single?client=gtx&sl=auto&tl=zh-CN&dt=t&q=Through+the+night+between+150+and+200+copies+were+made%2C%0Anow+known+as+%22Dunlap+broadsides%22. "HTTP/1.1 200 OK"
HTTP Request: GET https://translate.googleapis.com/translate_a/single?client=gtx&sl=auto&tl=zh-CN&dt=t&q=But+there+are+a+lot+of+things+about+birds "HTTP/1.1 200 OK"
HTTP Request: GET https://translate.googleapis.com/translate_a/single?client=gtx&sl=auto&tl=zh-CN&dt=t&q=Scientists+hope+to+understand+how+planets+form%2C%0Aespecially+how+the+Earth+formed%2C%0Asince+comets+collided+with+the+Earth+long+ago. "HTTP/1.1 200 OK"
HTTP Request: GET https://translate.googleapis.com/translate_a/single?client=gtx&sl=auto&tl=zh-CN&dt=t&q=Generally+speaking%2C%0Atwo+behaviors+can+emerge+as+managers+begin+to+lead+their+former+peers.%0AOne+end+of+the+spectrum "HTTP/1.1 200 OK"
HTTP Request: GET https://translate.googleapis.com/translate_a/single?client=gtx&sl=auto&tl=zh-CN&dt=t&q=Throughout+1960s%2C%0ABrzezinski+worked+for+John+F.+Kennedy%0Aas+his+advisor+and+then+the+Lyndon+B.+Johnson+administration. "HTTP/1.1 200 OK"
HTTP Request: GET https://translate.googleapis.com/translate_a/single?client=gtx&sl=auto&tl=zh-CN&dt=t&q=Similarly%2C "HTTP/1.1 200 OK"
HTTP Request: GET https://translate.googleapis.com/translate_a/single?client=gtx&sl=auto&tl=zh-CN&dt=t&q=The+word+civilization+comes+from+the+Latin+civilis%2C%0Ameaning+civil%2C%0Arelated+to+the+Latin+civis%2C "HTTP/1.1 200 OK"
HTTP Request: GET https://translate.googleapis.com/translate_a/single?client=gtx&sl=auto&tl=zh-CN&dt=t&q=As+a+result%2C%0Athe+performers+smoke+cannabis+joints+on+stage%2C%0Aand+the+theatre+itself "HTTP/1.1 200 OK"
HTTP Request: GET https://translate.googleapis.com/translate_a/single?client=gtx&sl=auto&tl=zh-CN&dt=t&q=A+search+of+the+Internet%0Afor%27+Hostile+environment+course%27%0Awill+probably+provide+the+address+of+a+local+company. "HTTP/1.1 200 OK"
HTTP Request: GET https://translate.googleapis.com/translate_a/single?client=gtx&sl=auto&tl=zh-CN&dt=t&q=But+there+are+a+lot+of+things+about+birds%0Athat+still+look+like+a+dinosaur. "HTTP/1.1 200 OK"
HTTP Request: GET https://translate.googleapis.com/translate_a/single?client=gtx&sl=auto&tl=zh-CN&dt=t&q=Generally+speaking%2C%0Atwo+behaviors+can+emerge+as+managers+begin+to+lead+their+former+peers.%0AOne+end+of+the+spectrum%0Ais+trying+to+remain+%E2%80%9Cone+of+the+guys%E2%80%9D "HTTP/1.1 200 OK"
HTTP Request: GET https://translate.googleapis.com/translate_a/single?client=gtx&sl=auto&tl=zh-CN&dt=t&q=Similarly%2C%0Aby+having+a+Schengen+visa%2C "HTTP/1.1 200 OK"
HTTP Request: GET https://translate.googleapis.com/translate_a/single?client=gtx&sl=auto&tl=zh-CN&dt=t&q=As+a+result%2C%0Athe+performers+smoke+cannabis+joints+on+stage%2C%0Aand+the+theatre+itself%0Ais+encouraging+the+audience+to+join+in. "HTTP/1.1 200 OK"
HTTP Request: GET https://translate.googleapis.com/translate_a/single?client=gtx&sl=auto&tl=zh-CN&dt=t&q=The+central+authority+of+the+church "HTTP/1.1 200 OK"
HTTP Request: GET https://translate.googleapis.com/translate_a/single?client=gtx&sl=auto&tl=zh-CN&dt=t&q=Most+of+the+smaller+islands+are+independent+nations%2C "HTTP/1.1 200 OK"
HTTP Request: GET https://translate.googleapis.com/translate_a/single?client=gtx&sl=auto&tl=zh-CN&dt=t&q=The+word+civilization+comes+from+the+Latin+civilis%2C%0Ameaning+civil%2C%0Arelated+to+the+Latin+civis%2C%0Ameaning+citizen%2C "HTTP/1.1 200 OK"
HTTP Request: GET https://translate.googleapis.com/translate_a/single?client=gtx&sl=auto&tl=zh-CN&dt=t&q=Virtual+Scaffolds+are+internalized+in+the+software "HTTP/1.1 200 OK"
HTTP Request: GET https://translate.googleapis.com/translate_a/single?client=gtx&sl=auto&tl=zh-CN&dt=t&q=We+agree+with+the+USOC%27s "HTTP/1.1 200 OK"
HTTP Request: GET https://translate.googleapis.com/translate_a/single?client=gtx&sl=auto&tl=zh-CN&dt=t&q=The+central+authority+of+the+church%0Ahad+been+in+Rome "HTTP/1.1 200 OK"
HTTP Request: GET https://translate.googleapis.com/translate_a/single?client=gtx&sl=auto&tl=zh-CN&dt=t&q=Generally+speaking%2C%0Atwo+behaviors+can+emerge+as+managers+begin+to+lead+their+former+peers.%0AOne+end+of+the+spectrum%0Ais+trying+to+remain+%E2%80%9Cone+of+the+guys%E2%80%9D%0A%28or+gals%29. "HTTP/1.1 200 OK"
HTTP Request: GET https://translate.googleapis.com/translate_a/single?client=gtx&sl=auto&tl=zh-CN&dt=t&q=Similarly%2C%0Aby+having+a+Schengen+visa%2C%0Ayou+do+not+need+to+apply+for+visas+to+each+of+the+Schengen+member+countries "HTTP/1.1 200 OK"
HTTP Request: GET https://translate.googleapis.com/translate_a/single?client=gtx&sl=auto&tl=zh-CN&dt=t&q=As+a+result%2C%0Atwo+fish+species+have+become+extinct%2C "HTTP/1.1 200 OK"
HTTP Request: GET https://translate.googleapis.com/translate_a/single?client=gtx&sl=auto&tl=zh-CN&dt=t&q=We+agree+with+the+USOC%27s%0Astatement "HTTP/1.1 200 OK"
HTTP Request: GET https://translate.googleapis.com/translate_a/single?client=gtx&sl=auto&tl=zh-CN&dt=t&q=Most+of+the+smaller+islands+are+independent+nations%2C%0Aor+associated+with+France%2C "HTTP/1.1 200 OK"
HTTP Request: GET https://translate.googleapis.com/translate_a/single?client=gtx&sl=auto&tl=zh-CN&dt=t&q=The+word+civilization+comes+from+the+Latin+civilis%2C%0Ameaning+civil%2C%0Arelated+to+the+Latin+civis%2C%0Ameaning+citizen%2C%0Aand+civitas%2C+meaning+city+or+city-state%2C "HTTP/1.1 200 OK"
HTTP Request: GET https://translate.googleapis.com/translate_a/single?client=gtx&sl=auto&tl=zh-CN&dt=t&q=Virtual+Scaffolds+are+internalized+in+the+software%0Aand+are+meant+to+question%2C "HTTP/1.1 200 OK"
HTTP Request: GET https://translate.googleapis.com/translate_a/single?client=gtx&sl=auto&tl=zh-CN&dt=t&q=As+a+result%2C%0Atwo+fish+species+have+become+extinct%2C%0Aand+two+others+have+become+endangered%2C+including+the+humpback+chub. "HTTP/1.1 200 OK"
HTTP Request: GET https://translate.googleapis.com/translate_a/single?client=gtx&sl=auto&tl=zh-CN&dt=t&q=Sleep+interruption+is+the+process+of+purposefully+awakening "HTTP/1.1 200 OK"
HTTP Request: GET https://translate.googleapis.com/translate_a/single?client=gtx&sl=auto&tl=zh-CN&dt=t&q=Similarly%2C%0Aby+having+a+Schengen+visa%2C%0Ayou+do+not+need+to+apply+for+visas+to+each+of+the+Schengen+member+countries%0Aseparately%2C "HTTP/1.1 200 OK"
HTTP Request: GET https://translate.googleapis.com/translate_a/single?client=gtx&sl=auto&tl=zh-CN&dt=t&q=The+central+authority+of+the+church%0Ahad+been+in+Rome%0Afor+over+a+thousand+years "HTTP/1.1 200 OK"
HTTP Request: GET https://translate.googleapis.com/translate_a/single?client=gtx&sl=auto&tl=zh-CN&dt=t&q=We+agree+with+the+USOC%27s%0Astatement%0Athat+the+interests+of+our+athletes+and+clubs%2C "HTTP/1.1 200 OK"
HTTP Request: GET https://translate.googleapis.com/translate_a/single?client=gtx&sl=auto&tl=zh-CN&dt=t&q=Buses+depart+the+inter-district+bus+station "HTTP/1.1 200 OK"
HTTP Request: GET https://translate.googleapis.com/translate_a/single?client=gtx&sl=auto&tl=zh-CN&dt=t&q=The+central+authority+of+the+church%0Ahad+been+in+Rome%0Afor+over+a+thousand+years%0Aand+this+concentration+of+power+and+money "HTTP/1.1 200 OK"
HTTP Request: GET https://translate.googleapis.com/translate_a/single?client=gtx&sl=auto&tl=zh-CN&dt=t&q=The+word+civilization+comes+from+the+Latin+civilis%2C%0Ameaning+civil%2C%0Arelated+to+the+Latin+civis%2C%0Ameaning+citizen%2C%0Aand+civitas%2C+meaning+city+or+city-state%2C%0Aand+that+also+somehow+defines+the+size+of+the+society. "HTTP/1.1 200 OK"
HTTP Request: GET https://translate.googleapis.com/translate_a/single?client=gtx&sl=auto&tl=zh-CN&dt=t&q=Sleep+interruption+is+the+process+of+purposefully+awakening%0Aduring+your+normal+sleep+period "HTTP/1.1 200 OK"
HTTP Request: GET https://translate.googleapis.com/translate_a/single?client=gtx&sl=auto&tl=zh-CN&dt=t&q=Similarly%2C%0Aby+having+a+Schengen+visa%2C%0Ayou+do+not+need+to+apply+for+visas+to+each+of+the+Schengen+member+countries%0Aseparately%2C%0Ahence+saving+time%2C+money+and+paperwork. "HTTP/1.1 200 OK"
HTTP Request: GET https://translate.googleapis.com/translate_a/single?client=gtx&sl=auto&tl=zh-CN&dt=t&q=Most+of+the+smaller+islands+are+independent+nations%2C%0Aor+associated+with+France%2C%0Aand+known+as+luxury+beach+resorts. "HTTP/1.1 200 OK"
HTTP Request: GET https://translate.googleapis.com/translate_a/single?client=gtx&sl=auto&tl=zh-CN&dt=t&q=Virtual+Scaffolds+are+internalized+in+the+software%0Aand+are+meant+to+question%2C%0Aprompt%2C "HTTP/1.1 200 OK"
HTTP Request: GET https://translate.googleapis.com/translate_a/single?client=gtx&sl=auto&tl=zh-CN&dt=t&q=We+agree+with+the+USOC%27s%0Astatement%0Athat+the+interests+of+our+athletes+and+clubs%2C%0Aand+their+sport%2C "HTTP/1.1 200 OK"
HTTP Request: GET https://translate.googleapis.com/translate_a/single?client=gtx&sl=auto&tl=zh-CN&dt=t&q=Buses+depart+the+inter-district+bus+station%0A%28across+the+river%29 "HTTP/1.1 200 OK"
HTTP Request: GET https://translate.googleapis.com/translate_a/single?client=gtx&sl=auto&tl=zh-CN&dt=t&q=The+central+authority+of+the+church%0Ahad+been+in+Rome%0Afor+over+a+thousand+years%0Aand+this+concentration+of+power+and+money%0Aled+many+to+question+whether+this+tenet+was+being+met. "HTTP/1.1 200 OK"
HTTP Request: GET https://translate.googleapis.com/translate_a/single?client=gtx&sl=auto&tl=zh-CN&dt=t&q=Also+to+the+north+visit+the+great+Sanctuary "HTTP/1.1 200 OK"
HTTP Request: GET https://translate.googleapis.com/translate_a/single?client=gtx&sl=auto&tl=zh-CN&dt=t&q=Fire+rescue+crews "HTTP/1.1 200 OK"
HTTP Request: GET https://translate.googleapis.com/translate_a/single?client=gtx&sl=auto&tl=zh-CN&dt=t&q=Sleep+interruption+is+the+process+of+purposefully+awakening%0Aduring+your+normal+sleep+period%0Aand+falling+asleep "HTTP/1.1 200 OK"
HTTP Request: GET https://translate.googleapis.com/translate_a/single?client=gtx&sl=auto&tl=zh-CN&dt=t&q=The+802.11n+standard "HTTP/1.1 200 OK"
HTTP Request: GET https://translate.googleapis.com/translate_a/single?client=gtx&sl=auto&tl=zh-CN&dt=t&q=Alloys "HTTP/1.1 200 OK"
HTTP Request: GET https://translate.googleapis.com/translate_a/single?client=gtx&sl=auto&tl=zh-CN&dt=t&q=We+agree+with+the+USOC%27s%0Astatement%0Athat+the+interests+of+our+athletes+and+clubs%2C%0Aand+their+sport%2C%0Amay+be+better+served+by+moving+forward+with+meaningful+change+within+our+organization%2C "HTTP/1.1 200 OK"
HTTP Request: GET https://translate.googleapis.com/translate_a/single?client=gtx&sl=auto&tl=zh-CN&dt=t&q=Buses+depart+the+inter-district+bus+station%0A%28across+the+river%29%0Athroughout+the+day%2C "HTTP/1.1 200 OK"
HTTP Request: GET https://translate.googleapis.com/translate_a/single?client=gtx&sl=auto&tl=zh-CN&dt=t&q=Virtual+Scaffolds+are+internalized+in+the+software%0Aand+are+meant+to+question%2C%0Aprompt%2C%0Aand+explain+procedures "HTTP/1.1 200 OK"
HTTP Request: GET https://translate.googleapis.com/translate_a/single?client=gtx&sl=auto&tl=zh-CN&dt=t&q=Fire+rescue+crews%0Aeventually+doused+the+fire+by+11%3A35+pm. "HTTP/1.1 200 OK"
HTTP Request: GET https://translate.googleapis.com/translate_a/single?client=gtx&sl=auto&tl=zh-CN&dt=t&q=The+802.11n+standard%0Aoperates+on+both+the+2.4Ghz+and+5.0Ghz+frequencies. "HTTP/1.1 200 OK"
HTTP Request: GET https://translate.googleapis.com/translate_a/single?client=gtx&sl=auto&tl=zh-CN&dt=t&q=Sleep+interruption+is+the+process+of+purposefully+awakening%0Aduring+your+normal+sleep+period%0Aand+falling+asleep%0Aa+short+time+later+%2810%E2%80%9360+minutes%29. "HTTP/1.1 200 OK"
HTTP Request: GET https://translate.googleapis.com/translate_a/single?client=gtx&sl=auto&tl=zh-CN&dt=t&q=Virtual+Scaffolds+are+internalized+in+the+software%0Aand+are+meant+to+question%2C%0Aprompt%2C%0Aand+explain+procedures%0Athat+may+have+been+to+challenging+for+the+student+to+handle+alone. "HTTP/1.1 200 OK"
HTTP Request: GET https://translate.googleapis.com/translate_a/single?client=gtx&sl=auto&tl=zh-CN&dt=t&q=Ancient+China "HTTP/1.1 200 OK"
HTTP Request: GET https://translate.googleapis.com/translate_a/single?client=gtx&sl=auto&tl=zh-CN&dt=t&q=Also+to+the+north+visit+the+great+Sanctuary%0Aof+Our+Lady+of+Fatima "HTTP/1.1 200 OK"
HTTP Request: GET https://translate.googleapis.com/translate_a/single?client=gtx&sl=auto&tl=zh-CN&dt=t&q=Buses+depart+the+inter-district+bus+station%0A%28across+the+river%29%0Athroughout+the+day%2C%0Athough+most%2C+especially+those+heading+to+the+east+and+Jakar%2FBumthang+leave+between+06%3A30+and+07%3A30. "HTTP/1.1 200 OK"
HTTP Request: GET https://translate.googleapis.com/translate_a/single?client=gtx&sl=auto&tl=zh-CN&dt=t&q=Alloys%0Aare+basically+a+mixture "HTTP/1.1 200 OK"
HTTP Request: GET https://translate.googleapis.com/translate_a/single?client=gtx&sl=auto&tl=zh-CN&dt=t&q=Giancarlo+Fisichella "HTTP/1.1 200 OK"
HTTP Request: GET https://translate.googleapis.com/translate_a/single?client=gtx&sl=auto&tl=zh-CN&dt=t&q=We+agree+with+the+USOC%27s%0Astatement%0Athat+the+interests+of+our+athletes+and+clubs%2C%0Aand+their+sport%2C%0Amay+be+better+served+by+moving+forward+with+meaningful+change+within+our+organization%2C%0Arather+than+decertification. "HTTP/1.1 200 OK"
HTTP Request: GET https://translate.googleapis.com/translate_a/single?client=gtx&sl=auto&tl=zh-CN&dt=t&q=Also+to+the+north+visit+the+great+Sanctuary%0Aof+Our+Lady+of+Fatima%0A%28Shrine%29%2C "HTTP/1.1 200 OK"
HTTP Request: GET https://translate.googleapis.com/translate_a/single?client=gtx&sl=auto&tl=zh-CN&dt=t&q=While+Goma+is+reasonably+safe%2C "HTTP/1.1 200 OK"
HTTP Request: GET https://translate.googleapis.com/translate_a/single?client=gtx&sl=auto&tl=zh-CN&dt=t&q=Ancient+China%0Ahad+a+unique+way "HTTP/1.1 200 OK"
HTTP Request: GET https://translate.googleapis.com/translate_a/single?client=gtx&sl=auto&tl=zh-CN&dt=t&q=Alloys%0Aare+basically+a+mixture%0Aof+two+or+more+metals.+Don%27t+forget+that+there+are+many+elements "HTTP/1.1 200 OK"
HTTP Request: GET https://translate.googleapis.com/translate_a/single?client=gtx&sl=auto&tl=zh-CN&dt=t&q=The+Northern+Marianas+emergency+management+office "HTTP/1.1 200 OK"
HTTP Request: GET https://translate.googleapis.com/translate_a/single?client=gtx&sl=auto&tl=zh-CN&dt=t&q=We+make+our+houses "HTTP/1.1 200 OK"
HTTP Request: GET https://translate.googleapis.com/translate_a/single?client=gtx&sl=auto&tl=zh-CN&dt=t&q=Also+to+the+north+visit+the+great+Sanctuary%0Aof+Our+Lady+of+Fatima%0A%28Shrine%29%2C%0Aa+place+of+worldwide+famous+Marian+apparitions. "HTTP/1.1 200 OK"
HTTP Request: GET https://translate.googleapis.com/translate_a/single?client=gtx&sl=auto&tl=zh-CN&dt=t&q=Ancient+China%0Ahad+a+unique+way%0Aof+showing+different+time+periods%3B "HTTP/1.1 200 OK"
HTTP Request: GET https://translate.googleapis.com/translate_a/single?client=gtx&sl=auto&tl=zh-CN&dt=t&q=At+the+other+end "HTTP/1.1 200 OK"
HTTP Request: GET https://translate.googleapis.com/translate_a/single?client=gtx&sl=auto&tl=zh-CN&dt=t&q=Giancarlo+Fisichella%0Alost+control+of+his+car "HTTP/1.1 200 OK"
HTTP Request: GET https://translate.googleapis.com/translate_a/single?client=gtx&sl=auto&tl=zh-CN&dt=t&q=Ancient+China%0Ahad+a+unique+way%0Aof+showing+different+time+periods%3B%0Aeach+stage+of+China+or+each+family+that+was+in+power+was+a+distinctive+dynasty. "HTTP/1.1 200 OK"
HTTP Request: GET https://translate.googleapis.com/translate_a/single?client=gtx&sl=auto&tl=zh-CN&dt=t&q=Alloys%0Aare+basically+a+mixture%0Aof+two+or+more+metals.+Don%27t+forget+that+there+are+many+elements%0Aon+the+periodic+table. "HTTP/1.1 200 OK"
HTTP Request: GET https://translate.googleapis.com/translate_a/single?client=gtx&sl=auto&tl=zh-CN&dt=t&q=As+a+result%2C%0Athe+process "HTTP/1.1 200 OK"
HTTP Request: GET https://translate.googleapis.com/translate_a/single?client=gtx&sl=auto&tl=zh-CN&dt=t&q=At+the+other+end%0Aof+the+spectrum%2C "HTTP/1.1 200 OK"
HTTP Request: GET https://translate.googleapis.com/translate_a/single?client=gtx&sl=auto&tl=zh-CN&dt=t&q=While+Goma+is+reasonably+safe%2C%0Aany+visits+outside+of+Goma "HTTP/1.1 200 OK"
HTTP Request: GET https://translate.googleapis.com/translate_a/single?client=gtx&sl=auto&tl=zh-CN&dt=t&q=The+Northern+Marianas+emergency+management+office%0Asaid+that+there+were+no+damages+reported "HTTP/1.1 200 OK"
HTTP Request: GET https://translate.googleapis.com/translate_a/single?client=gtx&sl=auto&tl=zh-CN&dt=t&q=At+the+other+end%0Aof+the+spectrum%2C%0Aone "HTTP/1.1 200 OK"
HTTP Request: GET https://translate.googleapis.com/translate_a/single?client=gtx&sl=auto&tl=zh-CN&dt=t&q=Giancarlo+Fisichella%0Alost+control+of+his+car%0Aand+ended+the+race+very+soon+after+the+start. "HTTP/1.1 200 OK"
HTTP Request: GET https://translate.googleapis.com/translate_a/single?client=gtx&sl=auto&tl=zh-CN&dt=t&q=The+Northern+Marianas+emergency+management+office%0Asaid+that+there+were+no+damages+reported%0Ain+the+nation. "HTTP/1.1 200 OK"
HTTP Request: GET https://translate.googleapis.com/translate_a/single?client=gtx&sl=auto&tl=zh-CN&dt=t&q=We+make+our+houses%0Afrom+plants+and+make+clothes+from+plants.+Most+foods+that+we+eat "HTTP/1.1 200 OK"
HTTP Request: GET https://translate.googleapis.com/translate_a/single?client=gtx&sl=auto&tl=zh-CN&dt=t&q=Ancient+cultures+and+tribes+began+to+keep+them+for+easy+access+to+milk%2C "HTTP/1.1 200 OK"
HTTP Request: GET https://translate.googleapis.com/translate_a/single?client=gtx&sl=auto&tl=zh-CN&dt=t&q=As+a+result%2C%0Athe+process%0Aof+an+organization+working+together+to+overcome+an+obstacle "HTTP/1.1 200 OK"
HTTP Request: GET https://translate.googleapis.com/translate_a/single?client=gtx&sl=auto&tl=zh-CN&dt=t&q=The+governor%27s+office "HTTP/1.1 200 OK"
HTTP Request: GET https://translate.googleapis.com/translate_a/single?client=gtx&sl=auto&tl=zh-CN&dt=t&q=At+the+other+end%0Aof+the+spectrum%2C%0Aone%0Amorphs+into+an+unrecognizable+individual "HTTP/1.1 200 OK"
HTTP Request: GET https://translate.googleapis.com/translate_a/single?client=gtx&sl=auto&tl=zh-CN&dt=t&q=While+Goma+is+reasonably+safe%2C%0Aany+visits+outside+of+Goma%0Ashould+be+researched "HTTP/1.1 200 OK"
HTTP Request: GET https://translate.googleapis.com/translate_a/single?client=gtx&sl=auto&tl=zh-CN&dt=t&q=Researchers+from+Princeton+University+in+the+United+States "HTTP/1.1 200 OK"
HTTP Request: GET https://translate.googleapis.com/translate_a/single?client=gtx&sl=auto&tl=zh-CN&dt=t&q=We+make+our+houses%0Afrom+plants+and+make+clothes+from+plants.+Most+foods+that+we+eat%0Aare+plants.+Without+plants%2C "HTTP/1.1 200 OK"
HTTP Request: GET https://translate.googleapis.com/translate_a/single?client=gtx&sl=auto&tl=zh-CN&dt=t&q=The+U.S.+Corps+of+Engineers "HTTP/1.1 200 OK"
HTTP Request: GET https://translate.googleapis.com/translate_a/single?client=gtx&sl=auto&tl=zh-CN&dt=t&q=As+a+result%2C%0Athe+process%0Aof+an+organization+working+together+to+overcome+an+obstacle%0Acan+lead+to+a+new+innovative+process+to+serve+the+customer%27s+need. "HTTP/1.1 200 OK"
HTTP Request: GET https://translate.googleapis.com/translate_a/single?client=gtx&sl=auto&tl=zh-CN&dt=t&q=Ancient+cultures+and+tribes+began+to+keep+them+for+easy+access+to+milk%2C%0Ahair%2C "HTTP/1.1 200 OK"
HTTP Request: GET https://translate.googleapis.com/translate_a/single?client=gtx&sl=auto&tl=zh-CN&dt=t&q=Researchers+from+Princeton+University+in+the+United+States%0Aand+Uppsala+University+in+Sweden "HTTP/1.1 200 OK"
HTTP Request: GET https://translate.googleapis.com/translate_a/single?client=gtx&sl=auto&tl=zh-CN&dt=t&q=While+Goma+is+reasonably+safe%2C%0Aany+visits+outside+of+Goma%0Ashould+be+researched%0Ato+understand+the+state+of+the+fighting+that+persists+in+the+North+Kivu+province. "HTTP/1.1 200 OK"
HTTP Request: GET https://translate.googleapis.com/translate_a/single?client=gtx&sl=auto&tl=zh-CN&dt=t&q=We+make+our+houses%0Afrom+plants+and+make+clothes+from+plants.+Most+foods+that+we+eat%0Aare+plants.+Without+plants%2C%0Aanimals+could+not+survive. "HTTP/1.1 200 OK"
HTTP Request: GET https://translate.googleapis.com/translate_a/single?client=gtx&sl=auto&tl=zh-CN&dt=t&q=The+governor%27s+office%0Asaid+nineteen+of+the+injured+were+police+officers. "HTTP/1.1 200 OK"
HTTP Request: GET https://translate.googleapis.com/translate_a/single?client=gtx&sl=auto&tl=zh-CN&dt=t&q=The+U.S.+Corps+of+Engineers%0Aestimated+that+6+inches+of+rainfall "HTTP/1.1 200 OK"
HTTP Request: GET https://translate.googleapis.com/translate_a/single?client=gtx&sl=auto&tl=zh-CN&dt=t&q=The+same+month+saw+another+airliner+overrun+a+runway+at+Mashhad "HTTP/1.1 200 OK"
HTTP Request: GET https://translate.googleapis.com/translate_a/single?client=gtx&sl=auto&tl=zh-CN&dt=t&q=At+the+other+end%0Aof+the+spectrum%2C%0Aone%0Amorphs+into+an+unrecognizable+individual%0Athat+feels+he+or+she+must+change+everything+the+team+has+been+doing+and+make+it+their+own. "HTTP/1.1 200 OK"
HTTP Request: GET https://translate.googleapis.com/translate_a/single?client=gtx&sl=auto&tl=zh-CN&dt=t&q=In+1990%2C "HTTP/1.1 200 OK"
HTTP Request: GET https://translate.googleapis.com/translate_a/single?client=gtx&sl=auto&tl=zh-CN&dt=t&q=The+Giza+Plateau%2C "HTTP/1.1 200 OK"
HTTP Request: GET https://translate.googleapis.com/translate_a/single?client=gtx&sl=auto&tl=zh-CN&dt=t&q=Ancient+cultures+and+tribes+began+to+keep+them+for+easy+access+to+milk%2C%0Ahair%2C%0Ameat%2C+and+skins. "HTTP/1.1 200 OK"
HTTP Request: GET https://translate.googleapis.com/translate_a/single?client=gtx&sl=auto&tl=zh-CN&dt=t&q=Researchers+from+Princeton+University+in+the+United+States%0Aand+Uppsala+University+in+Sweden%0Areported+the+new+species+evolved+in+just+two+generations%2C "HTTP/1.1 200 OK"
HTTP Request: GET https://translate.googleapis.com/translate_a/single?client=gtx&sl=auto&tl=zh-CN&dt=t&q=Cuomo%2C+53%2C "HTTP/1.1 200 OK"
HTTP Request: GET https://translate.googleapis.com/translate_a/single?client=gtx&sl=auto&tl=zh-CN&dt=t&q=The+harbor+was+the+site+of+an+infamous+naval+standoff+in+1889 "HTTP/1.1 200 OK"
HTTP Request: GET https://translate.googleapis.com/translate_a/single?client=gtx&sl=auto&tl=zh-CN&dt=t&q=In+1990%2C%0Ait+was+added+to+the+list+of+world+heritage+sites "HTTP/1.1 200 OK"
HTTP Request: GET https://translate.googleapis.com/translate_a/single?client=gtx&sl=auto&tl=zh-CN&dt=t&q=The+U.S.+Corps+of+Engineers%0Aestimated+that+6+inches+of+rainfall%0Acould+breach+the+previously+damaged+levees. "HTTP/1.1 200 OK"
HTTP Request: GET https://translate.googleapis.com/translate_a/single?client=gtx&sl=auto&tl=zh-CN&dt=t&q=The+same+month+saw+another+airliner+overrun+a+runway+at+Mashhad%0Aand+strike+a+wall%2C "HTTP/1.1 200 OK"
HTTP Request: GET https://translate.googleapis.com/translate_a/single?client=gtx&sl=auto&tl=zh-CN&dt=t&q=Oliver+Sacks%2C "HTTP/1.1 200 OK"
HTTP Request: GET https://translate.googleapis.com/translate_a/single?client=gtx&sl=auto&tl=zh-CN&dt=t&q=The+city "HTTP/1.1 200 OK"
HTTP Request: GET https://translate.googleapis.com/translate_a/single?client=gtx&sl=auto&tl=zh-CN&dt=t&q=Researchers+from+Princeton+University+in+the+United+States%0Aand+Uppsala+University+in+Sweden%0Areported+the+new+species+evolved+in+just+two+generations%2C%0Athough+this+process+had+been+believed+to+take+much+longer%2C "HTTP/1.1 200 OK"
HTTP Request: GET https://translate.googleapis.com/translate_a/single?client=gtx&sl=auto&tl=zh-CN&dt=t&q=The+Giza+Plateau%2C%0Aor+%22Giza+Necropolis%22+in+the+Egyptian+Valley+of+the+Dead "HTTP/1.1 200 OK"
HTTP Request: GET https://translate.googleapis.com/translate_a/single?client=gtx&sl=auto&tl=zh-CN&dt=t&q=The+harbor+was+the+site+of+an+infamous+naval+standoff+in+1889%0Awhen+seven+ships+from+Germany%2C "HTTP/1.1 200 OK"
HTTP Request: GET https://translate.googleapis.com/translate_a/single?client=gtx&sl=auto&tl=zh-CN&dt=t&q=In+1990%2C%0Ait+was+added+to+the+list+of+world+heritage+sites%0Ain+danger%2C "HTTP/1.1 200 OK"
HTTP Request: GET https://translate.googleapis.com/translate_a/single?client=gtx&sl=auto&tl=zh-CN&dt=t&q=Cuomo%2C+53%2C%0Abegan+his+governorship "HTTP/1.1 200 OK"
HTTP Request: GET https://translate.googleapis.com/translate_a/single?client=gtx&sl=auto&tl=zh-CN&dt=t&q=The+city%0Ais+also+the+base "HTTP/1.1 200 OK"
HTTP Request: GET https://translate.googleapis.com/translate_a/single?client=gtx&sl=auto&tl=zh-CN&dt=t&q=Oliver+Sacks%2C%0Ain+his+paper "HTTP/1.1 200 OK"
HTTP Request: GET https://translate.googleapis.com/translate_a/single?client=gtx&sl=auto&tl=zh-CN&dt=t&q=The+same+month+saw+another+airliner+overrun+a+runway+at+Mashhad%0Aand+strike+a+wall%2C%0Akilling+seventeen. "HTTP/1.1 200 OK"
HTTP Request: GET https://translate.googleapis.com/translate_a/single?client=gtx&sl=auto&tl=zh-CN&dt=t&q=The+Giza+Plateau%2C%0Aor+%22Giza+Necropolis%22+in+the+Egyptian+Valley+of+the+Dead%0Acontains+several+pyramids+%28of+which+the+great+pyramid+is+the+largest%29%2C "HTTP/1.1 200 OK"
HTTP Request: GET https://translate.googleapis.com/translate_a/single?client=gtx&sl=auto&tl=zh-CN&dt=t&q=Researchers+from+Princeton+University+in+the+United+States%0Aand+Uppsala+University+in+Sweden%0Areported+the+new+species+evolved+in+just+two+generations%2C%0Athough+this+process+had+been+believed+to+take+much+longer%2C%0Adue+to+breeding+between+an+endemic+Darwin+finch%2C "HTTP/1.1 200 OK"
HTTP Request: GET https://translate.googleapis.com/translate_a/single?client=gtx&sl=auto&tl=zh-CN&dt=t&q=The+harbor+was+the+site+of+an+infamous+naval+standoff+in+1889%0Awhen+seven+ships+from+Germany%2C%0Athe+US%2C+and+Britain "HTTP/1.1 200 OK"
HTTP Request: GET https://translate.googleapis.com/translate_a/single?client=gtx&sl=auto&tl=zh-CN&dt=t&q=Oliver+Sacks%2C%0Ain+his+paper%0AThe+President%27s+Speech%2C "HTTP/1.1 200 OK"
HTTP Request: GET https://translate.googleapis.com/translate_a/single?client=gtx&sl=auto&tl=zh-CN&dt=t&q=The+city%0Ais+also+the+base%0Ato+climb+the+Nyiragongo+volcano "HTTP/1.1 200 OK"
HTTP Request: GET https://translate.googleapis.com/translate_a/single?client=gtx&sl=auto&tl=zh-CN&dt=t&q=In+1990%2C%0Ait+was+added+to+the+list+of+world+heritage+sites%0Ain+danger%2C%0Adue+to+the+threat+of+desert+sands. "HTTP/1.1 200 OK"
HTTP Request: GET https://translate.googleapis.com/translate_a/single?client=gtx&sl=auto&tl=zh-CN&dt=t&q=The+term+bug+is+used+by+entomologists "HTTP/1.1 200 OK"
HTTP Request: GET https://translate.googleapis.com/translate_a/single?client=gtx&sl=auto&tl=zh-CN&dt=t&q=Ironing+damp+clothes+can+help+them+dry. "HTTP/1.1 200 OK"
HTTP Request: GET https://translate.googleapis.com/translate_a/single?client=gtx&sl=auto&tl=zh-CN&dt=t&q=Cuomo%2C+53%2C%0Abegan+his+governorship%0Aearlier+this+year+and+signed+a+bill+last+month+legalizing+same-sex+marriage. "HTTP/1.1 200 OK"
HTTP Request: GET https://translate.googleapis.com/translate_a/single?client=gtx&sl=auto&tl=zh-CN&dt=t&q=Researchers+from+Princeton+University+in+the+United+States%0Aand+Uppsala+University+in+Sweden%0Areported+the+new+species+evolved+in+just+two+generations%2C%0Athough+this+process+had+been+believed+to+take+much+longer%2C%0Adue+to+breeding+between+an+endemic+Darwin+finch%2C%0AGeospiza+fortes%2C "HTTP/1.1 200 OK"
HTTP Request: GET https://translate.googleapis.com/translate_a/single?client=gtx&sl=auto&tl=zh-CN&dt=t&q=The+Giza+Plateau%2C%0Aor+%22Giza+Necropolis%22+in+the+Egyptian+Valley+of+the+Dead%0Acontains+several+pyramids+%28of+which+the+great+pyramid+is+the+largest%29%2C%0Aseveral+small+tombs%2C "HTTP/1.1 200 OK"
HTTP Request: GET https://translate.googleapis.com/translate_a/single?client=gtx&sl=auto&tl=zh-CN&dt=t&q=The+term+bug+is+used+by+entomologists%0Ain+a+formal+sense "HTTP/1.1 200 OK"
HTTP Request: GET https://translate.googleapis.com/translate_a/single?client=gtx&sl=auto&tl=zh-CN&dt=t&q=The+harbor+was+the+site+of+an+infamous+naval+standoff+in+1889%0Awhen+seven+ships+from+Germany%2C%0Athe+US%2C+and+Britain%0Arefused+to+leave+the+harbor. "HTTP/1.1 200 OK"
HTTP Request: GET https://translate.googleapis.com/translate_a/single?client=gtx&sl=auto&tl=zh-CN&dt=t&q=Ironing+damp+clothes+can+help+them+dry.%0AMany+hotels+have+an+iron+and+ironing+board "HTTP/1.1 200 OK"
HTTP Request: GET https://translate.googleapis.com/translate_a/single?client=gtx&sl=auto&tl=zh-CN&dt=t&q=The+city%0Ais+also+the+base%0Ato+climb+the+Nyiragongo+volcano%0Aalong+with+some+of+the+cheapest+Mountain+Gorilla+tracking+in+Africa. "HTTP/1.1 200 OK"
HTTP Request: GET https://translate.googleapis.com/translate_a/single?client=gtx&sl=auto&tl=zh-CN&dt=t&q=Oliver+Sacks%2C%0Ain+his+paper%0AThe+President%27s+Speech%2C%0Aindicated+how+people+who+are+unable+to+understand+speech+because+of+brain+damage "HTTP/1.1 200 OK"
HTTP Request: GET https://translate.googleapis.com/translate_a/single?client=gtx&sl=auto&tl=zh-CN&dt=t&q=Hong+Kong+Island "HTTP/1.1 200 OK"
HTTP Request: GET https://translate.googleapis.com/translate_a/single?client=gtx&sl=auto&tl=zh-CN&dt=t&q=Researchers+from+Princeton+University+in+the+United+States%0Aand+Uppsala+University+in+Sweden%0Areported+the+new+species+evolved+in+just+two+generations%2C%0Athough+this+process+had+been+believed+to+take+much+longer%2C%0Adue+to+breeding+between+an+endemic+Darwin+finch%2C%0AGeospiza+fortes%2C%0Aand+the+immigrant+cactus+finch%2C "HTTP/1.1 200 OK"
HTTP Request: GET https://translate.googleapis.com/translate_a/single?client=gtx&sl=auto&tl=zh-CN&dt=t&q=While+he+was+working+at+the+hospital "HTTP/1.1 200 OK"
HTTP Request: GET https://translate.googleapis.com/translate_a/single?client=gtx&sl=auto&tl=zh-CN&dt=t&q=The+term+bug+is+used+by+entomologists%0Ain+a+formal+sense%0Afor+this+group+of+insects. "HTTP/1.1 200 OK"
HTTP Request: GET https://translate.googleapis.com/translate_a/single?client=gtx&sl=auto&tl=zh-CN&dt=t&q=Ironing+damp+clothes+can+help+them+dry.%0AMany+hotels+have+an+iron+and+ironing+board%0Aavailable+for+loan%2C "HTTP/1.1 200 OK"
HTTP Request: GET https://translate.googleapis.com/translate_a/single?client=gtx&sl=auto&tl=zh-CN&dt=t&q=Oliver+Sacks%2C%0Ain+his+paper%0AThe+President%27s+Speech%2C%0Aindicated+how+people+who+are+unable+to+understand+speech+because+of+brain+damage%0Aare+nevertheless+able+to+assess+sincerity+accurately. "HTTP/1.1 200 OK"
HTTP Request: GET https://translate.googleapis.com/translate_a/single?client=gtx&sl=auto&tl=zh-CN&dt=t&q=The+Giza+Plateau%2C%0Aor+%22Giza+Necropolis%22+in+the+Egyptian+Valley+of+the+Dead%0Acontains+several+pyramids+%28of+which+the+great+pyramid+is+the+largest%29%2C%0Aseveral+small+tombs%2C%0Aseveral+temples%2C "HTTP/1.1 200 OK"
HTTP Request: GET https://translate.googleapis.com/translate_a/single?client=gtx&sl=auto&tl=zh-CN&dt=t&q=Hong+Kong+Island%0Agives+the+territory+of+Hong+Kong "HTTP/1.1 200 OK"
HTTP Request: GET https://translate.googleapis.com/translate_a/single?client=gtx&sl=auto&tl=zh-CN&dt=t&q=The+official+Falklands+currency "HTTP/1.1 200 OK"
HTTP Request: GET https://translate.googleapis.com/translate_a/single?client=gtx&sl=auto&tl=zh-CN&dt=t&q=Parisians+have+a+reputation+for+being+egocentric%2C "HTTP/1.1 200 OK"
HTTP Request: GET https://translate.googleapis.com/translate_a/single?client=gtx&sl=auto&tl=zh-CN&dt=t&q=Researchers+from+Princeton+University+in+the+United+States%0Aand+Uppsala+University+in+Sweden%0Areported+the+new+species+evolved+in+just+two+generations%2C%0Athough+this+process+had+been+believed+to+take+much+longer%2C%0Adue+to+breeding+between+an+endemic+Darwin+finch%2C%0AGeospiza+fortes%2C%0Aand+the+immigrant+cactus+finch%2C%0AGeospiza+conirostris. "HTTP/1.1 200 OK"
HTTP Request: GET https://translate.googleapis.com/translate_a/single?client=gtx&sl=auto&tl=zh-CN&dt=t&q=While+he+was+working+at+the+hospital%0ALiggins+began+to+investigate+premature+labor "HTTP/1.1 200 OK"
HTTP Request: GET https://translate.googleapis.com/translate_a/single?client=gtx&sl=auto&tl=zh-CN&dt=t&q=The+Giza+Plateau%2C%0Aor+%22Giza+Necropolis%22+in+the+Egyptian+Valley+of+the+Dead%0Acontains+several+pyramids+%28of+which+the+great+pyramid+is+the+largest%29%2C%0Aseveral+small+tombs%2C%0Aseveral+temples%2C%0Aand+the+great+Sphinx. "HTTP/1.1 200 OK"
HTTP Request: GET https://translate.googleapis.com/translate_a/single?client=gtx&sl=auto&tl=zh-CN&dt=t&q=Other+subjects+on+the+agenda "HTTP/1.1 200 OK"
HTTP Request: GET https://translate.googleapis.com/translate_a/single?client=gtx&sl=auto&tl=zh-CN&dt=t&q=Other+subjects+on+the+agenda%0Ain+Bali "HTTP/1.1 200 OK"
HTTP Request: GET https://translate.googleapis.com/translate_a/single?client=gtx&sl=auto&tl=zh-CN&dt=t&q=Hong+Kong+Island%0Agives+the+territory+of+Hong+Kong%0Aits+name "HTTP/1.1 200 OK"
HTTP Request: GET https://translate.googleapis.com/translate_a/single?client=gtx&sl=auto&tl=zh-CN&dt=t&q=Parisians+have+a+reputation+for+being+egocentric%2C%0Arude+and+arrogant. "HTTP/1.1 200 OK"
HTTP Request: GET https://translate.googleapis.com/translate_a/single?client=gtx&sl=auto&tl=zh-CN&dt=t&q=While+he+was+working+at+the+hospital%0ALiggins+began+to+investigate+premature+labor%0Aduring+his+spare+time. "HTTP/1.1 200 OK"
HTTP Request: GET https://translate.googleapis.com/translate_a/single?client=gtx&sl=auto&tl=zh-CN&dt=t&q=The+Schengen+zone%2C "HTTP/1.1 200 OK"
HTTP Request: GET https://translate.googleapis.com/translate_a/single?client=gtx&sl=auto&tl=zh-CN&dt=t&q=The+official+Falklands+currency%0Ais+the+Falkland+pound "HTTP/1.1 200 OK"
HTTP Request: GET https://translate.googleapis.com/translate_a/single?client=gtx&sl=auto&tl=zh-CN&dt=t&q=In+just+two+weeks "HTTP/1.1 200 OK"
HTTP Request: GET https://translate.googleapis.com/translate_a/single?client=gtx&sl=auto&tl=zh-CN&dt=t&q=Ironing+damp+clothes+can+help+them+dry.%0AMany+hotels+have+an+iron+and+ironing+board%0Aavailable+for+loan%2C%0Aeven+if+one+is+not+present+in+the+room. "HTTP/1.1 200 OK"
HTTP Request: GET https://translate.googleapis.com/translate_a/single?client=gtx&sl=auto&tl=zh-CN&dt=t&q=Lakkha+Singh+presented+the+chhappan+bhog+bhajan+as+well. "HTTP/1.1 200 OK"
HTTP Request: GET https://translate.googleapis.com/translate_a/single?client=gtx&sl=auto&tl=zh-CN&dt=t&q=Lakkha+Singh+presented+the+chhappan+bhog+bhajan+as+well.%0ASinger%2C+Raju+Khandelwal+was+accompanying+him. "HTTP/1.1 200 OK"
HTTP Request: GET https://translate.googleapis.com/translate_a/single?client=gtx&sl=auto&tl=zh-CN&dt=t&q=Other+subjects+on+the+agenda%0Ain+Bali%0Ainclude+saving+the+world%27s+remaining+forests%2C "HTTP/1.1 200 OK"
HTTP Request: GET https://translate.googleapis.com/translate_a/single?client=gtx&sl=auto&tl=zh-CN&dt=t&q=Hong+Kong+Island%0Agives+the+territory+of+Hong+Kong%0Aits+name%0Aand+is+the+place+that+many+tourists+regard+as+the+main+focus. "HTTP/1.1 200 OK"
HTTP Request: GET https://translate.googleapis.com/translate_a/single?client=gtx&sl=auto&tl=zh-CN&dt=t&q=You+can+use+boda-boda+%28motorcycle+taxi%29 "HTTP/1.1 200 OK"
HTTP Request: GET https://translate.googleapis.com/translate_a/single?client=gtx&sl=auto&tl=zh-CN&dt=t&q=All+nouns%2C "HTTP/1.1 200 OK"
HTTP Request: GET https://translate.googleapis.com/translate_a/single?client=gtx&sl=auto&tl=zh-CN&dt=t&q=In+just+two+weeks%0Athe+Americans+and+Free+French+forces+had+liberated+southern+France "HTTP/1.1 200 OK"
HTTP Request: GET https://translate.googleapis.com/translate_a/single?client=gtx&sl=auto&tl=zh-CN&dt=t&q=We+don%27t+know+for+sure%2C "HTTP/1.1 200 OK"
HTTP Request: GET https://translate.googleapis.com/translate_a/single?client=gtx&sl=auto&tl=zh-CN&dt=t&q=The+Schengen+zone%2C%0Ahowever%2C+works+somewhat+like+one+country+in+this+respect. "HTTP/1.1 200 OK"
HTTP Request: GET https://translate.googleapis.com/translate_a/single?client=gtx&sl=auto&tl=zh-CN&dt=t&q=You+can+use+boda-boda+%28motorcycle+taxi%29%0Ato+get+around+Goma. "HTTP/1.1 200 OK"
HTTP Request: GET https://translate.googleapis.com/translate_a/single?client=gtx&sl=auto&tl=zh-CN&dt=t&q=Other+subjects+on+the+agenda%0Ain+Bali%0Ainclude+saving+the+world%27s+remaining+forests%2C%0Aand+sharing+technologies+to+help+developing+nations+grow+in+less-polluting+ways. "HTTP/1.1 200 OK"
HTTP Request: GET https://translate.googleapis.com/translate_a/single?client=gtx&sl=auto&tl=zh-CN&dt=t&q=We+don%27t+know+for+sure%2C%0Abut+it+may+have+had+a+forked+tongue. "HTTP/1.1 200 OK"
HTTP Request: GET https://translate.googleapis.com/translate_a/single?client=gtx&sl=auto&tl=zh-CN&dt=t&q=In+just+two+weeks%0Athe+Americans+and+Free+French+forces+had+liberated+southern+France%0Aand+were+turning+towards+Germany. "HTTP/1.1 200 OK"
HTTP Request: GET https://translate.googleapis.com/translate_a/single?client=gtx&sl=auto&tl=zh-CN&dt=t&q=According+to+Japan%27s+nuclear+agency%2C "HTTP/1.1 200 OK"
HTTP Request: GET https://translate.googleapis.com/translate_a/single?client=gtx&sl=auto&tl=zh-CN&dt=t&q=Needless+to+say%2C "HTTP/1.1 200 OK"
HTTP Request: GET https://translate.googleapis.com/translate_a/single?client=gtx&sl=auto&tl=zh-CN&dt=t&q=The+official+Falklands+currency%0Ais+the+Falkland+pound%0A%28FKP%29 "HTTP/1.1 200 OK"
HTTP Request: GET https://translate.googleapis.com/translate_a/single?client=gtx&sl=auto&tl=zh-CN&dt=t&q=All+nouns%2C%0Aalongside+the+word+Sie+for+you%2C "HTTP/1.1 200 OK"
HTTP Request: GET https://translate.googleapis.com/translate_a/single?client=gtx&sl=auto&tl=zh-CN&dt=t&q=Large+areas+further+north+are+quite+sparsely+populated "HTTP/1.1 200 OK"
HTTP Request: GET https://translate.googleapis.com/translate_a/single?client=gtx&sl=auto&tl=zh-CN&dt=t&q=We+don%27t+know+for+sure%2C%0Abut+it+may+have+had+a+forked+tongue.%0AIts+diet+included+turtles%2C "HTTP/1.1 200 OK"
HTTP Request: GET https://translate.googleapis.com/translate_a/single?client=gtx&sl=auto&tl=zh-CN&dt=t&q=They+have+feet+with+scales+and+claws%2C "HTTP/1.1 200 OK"
HTTP Request: GET https://translate.googleapis.com/translate_a/single?client=gtx&sl=auto&tl=zh-CN&dt=t&q=The+official+Falklands+currency%0Ais+the+Falkland+pound%0A%28FKP%29%0Awhose+value+is+set+equivalent+to+that+of+one+British+pound+%28GBP%29. "HTTP/1.1 200 OK"
HTTP Request: GET https://translate.googleapis.com/translate_a/single?client=gtx&sl=auto&tl=zh-CN&dt=t&q=According+to+Japan%27s+nuclear+agency%2C%0Aradioactive+caesium+and+iodine+has+been+identified+at+the+plant. "HTTP/1.1 200 OK"
HTTP Request: GET https://translate.googleapis.com/translate_a/single?client=gtx&sl=auto&tl=zh-CN&dt=t&q=They+have+feet+with+scales+and+claws%2C%0Athey+lay+eggs%2C "HTTP/1.1 200 OK"
HTTP Request: GET https://translate.googleapis.com/translate_a/single?client=gtx&sl=auto&tl=zh-CN&dt=t&q=We+don%27t+know+for+sure%2C%0Abut+it+may+have+had+a+forked+tongue.%0AIts+diet+included+turtles%2C%0Alarge+fish%2C+other+mosasaurs%2C "HTTP/1.1 200 OK"
HTTP Request: GET https://translate.googleapis.com/translate_a/single?client=gtx&sl=auto&tl=zh-CN&dt=t&q=These+couples+may+choose+to+make+an+adoption+plan "HTTP/1.1 200 OK"
HTTP Request: GET https://translate.googleapis.com/translate_a/single?client=gtx&sl=auto&tl=zh-CN&dt=t&q=The+two+compounds+react+with+one+another+to+form+crystals "HTTP/1.1 200 OK"
HTTP Request: GET https://translate.googleapis.com/translate_a/single?client=gtx&sl=auto&tl=zh-CN&dt=t&q=They+have+feet+with+scales+and+claws%2C%0Athey+lay+eggs%2C%0Aand+they+walk+on+their+two+back+legs+like+a "HTTP/1.1 200 OK"
HTTP Request: GET https://translate.googleapis.com/translate_a/single?client=gtx&sl=auto&tl=zh-CN&dt=t&q=We+don%27t+know+for+sure%2C%0Abut+it+may+have+had+a+forked+tongue.%0AIts+diet+included+turtles%2C%0Alarge+fish%2C+other+mosasaurs%2C%0Aand+it+may+even+have+been+a+cannibal. "HTTP/1.1 200 OK"
HTTP Request: GET https://translate.googleapis.com/translate_a/single?client=gtx&sl=auto&tl=zh-CN&dt=t&q=You+can+use+boda-boda+%28motorcycle+taxi%29%0Ato+get+around+Goma.%0AThe+normal+%28local%29 "HTTP/1.1 200 OK"
HTTP Request: GET https://translate.googleapis.com/translate_a/single?client=gtx&sl=auto&tl=zh-CN&dt=t&q=You+can+use+boda-boda+%28motorcycle+taxi%29%0Ato+get+around+Goma.%0AThe+normal+%28local%29%0Aprice+is+~500+Congolese+Francs+for+the+short+ride. "HTTP/1.1 200 OK"
HTTP Request: GET https://translate.googleapis.com/translate_a/single?client=gtx&sl=auto&tl=zh-CN&dt=t&q=Lion+prides+act+much+like+packs+of+wolves+or+dogs%2C "HTTP/1.1 200 OK"
HTTP Request: GET https://translate.googleapis.com/translate_a/single?client=gtx&sl=auto&tl=zh-CN&dt=t&q=Large+areas+further+north+are+quite+sparsely+populated%0Aand+some+is+nearly+uninhabited+wilderness. "HTTP/1.1 200 OK"
HTTP Request: GET https://translate.googleapis.com/translate_a/single?client=gtx&sl=auto&tl=zh-CN&dt=t&q=All+nouns%2C%0Aalongside+the+word+Sie+for+you%2C%0Aalways+begin+with+a+capital+letter%2C "HTTP/1.1 200 OK"
HTTP Request: GET https://translate.googleapis.com/translate_a/single?client=gtx&sl=auto&tl=zh-CN&dt=t&q=Needless+to+say%2C%0Aif+you+know+a+Romance+language%2C "HTTP/1.1 200 OK"
HTTP Request: GET https://translate.googleapis.com/translate_a/single?client=gtx&sl=auto&tl=zh-CN&dt=t&q=The+two+compounds+react+with+one+another+to+form+crystals%0Athat+may+block+kidney+function%2C "HTTP/1.1 200 OK"
HTTP Request: GET https://translate.googleapis.com/translate_a/single?client=gtx&sl=auto&tl=zh-CN&dt=t&q=They+have+feet+with+scales+and+claws%2C%0Athey+lay+eggs%2C%0Aand+they+walk+on+their+two+back+legs+like+a%0AT-Rex. "HTTP/1.1 200 OK"
HTTP Request: GET https://translate.googleapis.com/translate_a/single?client=gtx&sl=auto&tl=zh-CN&dt=t&q=Lion+prides+act+much+like+packs+of+wolves+or+dogs%2C%0Aanimals+surprisingly+similar+to+lions+%28but+not+other+big+cats%29 "HTTP/1.1 200 OK"
HTTP Request: GET https://translate.googleapis.com/translate_a/single?client=gtx&sl=auto&tl=zh-CN&dt=t&q=Goats+seem+to+have+been+first+domesticated+roughly+10%2C000+years "HTTP/1.1 200 OK"
HTTP Request: GET https://translate.googleapis.com/translate_a/single?client=gtx&sl=auto&tl=zh-CN&dt=t&q=Aerosmith+have+cancelled+their+remaining+concerts "HTTP/1.1 200 OK"
HTTP Request: GET https://translate.googleapis.com/translate_a/single?client=gtx&sl=auto&tl=zh-CN&dt=t&q=These+couples+may+choose+to+make+an+adoption+plan%0Afor+their+baby. "HTTP/1.1 200 OK"
HTTP Request: GET https://translate.googleapis.com/translate_a/single?client=gtx&sl=auto&tl=zh-CN&dt=t&q=Goats+seem+to+have+been+first+domesticated+roughly+10%2C000+years%0Aago+in+the+Zagros+Mountains "HTTP/1.1 200 OK"
HTTP Request: GET https://translate.googleapis.com/translate_a/single?client=gtx&sl=auto&tl=zh-CN&dt=t&q=The+two+compounds+react+with+one+another+to+form+crystals%0Athat+may+block+kidney+function%2C%0Aresearchers+at+the+university+said. "HTTP/1.1 200 OK"
HTTP Request: GET https://translate.googleapis.com/translate_a/single?client=gtx&sl=auto&tl=zh-CN&dt=t&q=All+nouns%2C%0Aalongside+the+word+Sie+for+you%2C%0Aalways+begin+with+a+capital+letter%2C%0Aeven+in+the+middle+of+a+sentence. "HTTP/1.1 200 OK"
HTTP Request: GET https://translate.googleapis.com/translate_a/single?client=gtx&sl=auto&tl=zh-CN&dt=t&q=Needless+to+say%2C%0Aif+you+know+a+Romance+language%2C%0Ait+will+be+easier+for+you+to+learn+Portuguese. "HTTP/1.1 200 OK"
HTTP Request: GET https://translate.googleapis.com/translate_a/single?client=gtx&sl=auto&tl=zh-CN&dt=t&q=Goats+seem+to+have+been+first+domesticated+roughly+10%2C000+years%0Aago+in+the+Zagros+Mountains%0Aof+Iran. "HTTP/1.1 200 OK"
HTTP Request: GET https://translate.googleapis.com/translate_a/single?client=gtx&sl=auto&tl=zh-CN&dt=t&q=Lion+prides+act+much+like+packs+of+wolves+or+dogs%2C%0Aanimals+surprisingly+similar+to+lions+%28but+not+other+big+cats%29%0Ain+behavior%2C "HTTP/1.1 200 OK"
HTTP Request: GET https://translate.googleapis.com/translate_a/single?client=gtx&sl=auto&tl=zh-CN&dt=t&q=Aerosmith+have+cancelled+their+remaining+concerts%0Aon+their+tour. "HTTP/1.1 200 OK"
HTTP Request: GET https://translate.googleapis.com/translate_a/single?client=gtx&sl=auto&tl=zh-CN&dt=t&q=In+fact%2C "HTTP/1.1 200 OK"
HTTP Request: GET https://translate.googleapis.com/translate_a/single?client=gtx&sl=auto&tl=zh-CN&dt=t&q=Prior+to+the+arrival+of+troops%2C "HTTP/1.1 200 OK"
HTTP Request: GET https://translate.googleapis.com/translate_a/single?client=gtx&sl=auto&tl=zh-CN&dt=t&q=Scotturb+Bus+403+travels+regularly+to+Sintra%2C "HTTP/1.1 200 OK"
HTTP Request: GET https://translate.googleapis.com/translate_a/single?client=gtx&sl=auto&tl=zh-CN&dt=t&q=Lion+prides+act+much+like+packs+of+wolves+or+dogs%2C%0Aanimals+surprisingly+similar+to+lions+%28but+not+other+big+cats%29%0Ain+behavior%2C%0Aand+also+very+deadly+to+their "HTTP/1.1 200 OK"
HTTP Request: GET https://translate.googleapis.com/translate_a/single?client=gtx&sl=auto&tl=zh-CN&dt=t&q=Lion+prides+act+much+like+packs+of+wolves+or+dogs%2C%0Aanimals+surprisingly+similar+to+lions+%28but+not+other+big+cats%29%0Ain+behavior%2C%0Aand+also+very+deadly+to+their%0Aprey. "HTTP/1.1 200 OK"
HTTP Request: GET https://translate.googleapis.com/translate_a/single?client=gtx&sl=auto&tl=zh-CN&dt=t&q=Four+skiers+in+the+women%27s+sitting+group "HTTP/1.1 200 OK"
HTTP Request: GET https://translate.googleapis.com/translate_a/single?client=gtx&sl=auto&tl=zh-CN&dt=t&q=Beyond+Wednesday%27s+event%2C "HTTP/1.1 200 OK"
HTTP Request: GET https://translate.googleapis.com/translate_a/single?client=gtx&sl=auto&tl=zh-CN&dt=t&q=Prior+to+the+arrival+of+troops%2C%0AHaiti+had+not+encountered+problems "HTTP/1.1 200 OK"
HTTP Request: GET https://translate.googleapis.com/translate_a/single?client=gtx&sl=auto&tl=zh-CN&dt=t&q=During+the+1920s%2C "HTTP/1.1 200 OK"
HTTP Request: GET https://translate.googleapis.com/translate_a/single?client=gtx&sl=auto&tl=zh-CN&dt=t&q=Cocham%C3%B3+Valley+-+Chile%27s+premier+climbing+destination%2C "HTTP/1.1 200 OK"
HTTP Request: GET https://translate.googleapis.com/translate_a/single?client=gtx&sl=auto&tl=zh-CN&dt=t&q=In+fact%2C%0Ait+is+not+easy+to+find+at+all+even+if+one+knew+it+existed. "HTTP/1.1 200 OK"
HTTP Request: GET https://translate.googleapis.com/translate_a/single?client=gtx&sl=auto&tl=zh-CN&dt=t&q=Four+skiers+in+the+women%27s+sitting+group%0Afailed+to+finish+their+runs%2C "HTTP/1.1 200 OK"
HTTP Request: GET https://translate.googleapis.com/translate_a/single?client=gtx&sl=auto&tl=zh-CN&dt=t&q=Beyond+Wednesday%27s+event%2C%0ACarpanedo+competed+in+two+individual+races+at+the+Championships. "HTTP/1.1 200 OK"
HTTP Request: GET https://translate.googleapis.com/translate_a/single?client=gtx&sl=auto&tl=zh-CN&dt=t&q=Scotturb+Bus+403+travels+regularly+to+Sintra%2C%0Astopping+at+Cabo+da+Roca. "HTTP/1.1 200 OK"
HTTP Request: GET https://translate.googleapis.com/translate_a/single?client=gtx&sl=auto&tl=zh-CN&dt=t&q=During+the+1920s%2C%0Athe+prevailing+attitudes+of+most+citizens+and+nations "HTTP/1.1 200 OK"
HTTP Request: GET https://translate.googleapis.com/translate_a/single?client=gtx&sl=auto&tl=zh-CN&dt=t&q=Prior+to+the+arrival+of+troops%2C%0AHaiti+had+not+encountered+problems%0Arelated+to+the+disease+since+the+1800s. "HTTP/1.1 200 OK"
HTTP Request: GET https://translate.googleapis.com/translate_a/single?client=gtx&sl=auto&tl=zh-CN&dt=t&q=Cocham%C3%B3+Valley+-+Chile%27s+premier+climbing+destination%2C%0Aknown+as+the+Yosemite+of+South+America%2C "HTTP/1.1 200 OK"
HTTP Request: GET https://translate.googleapis.com/translate_a/single?client=gtx&sl=auto&tl=zh-CN&dt=t&q=Four+skiers+in+the+women%27s+sitting+group%0Afailed+to+finish+their+runs%2C%0Aand+45+of+the+117+total+skiers "HTTP/1.1 200 OK"
HTTP Request: GET https://translate.googleapis.com/translate_a/single?client=gtx&sl=auto&tl=zh-CN&dt=t&q=During+the+1920s%2C%0Athe+prevailing+attitudes+of+most+citizens+and+nations%0Awas+that+of+pacifism+and+isolation. "HTTP/1.1 200 OK"
HTTP Request: GET https://translate.googleapis.com/translate_a/single?client=gtx&sl=auto&tl=zh-CN&dt=t&q=Resting+on+the+top+of+one+of+the+mountains "HTTP/1.1 200 OK"
HTTP Request: GET https://translate.googleapis.com/translate_a/single?client=gtx&sl=auto&tl=zh-CN&dt=t&q=He+added+that+%22they+should+not%2C "HTTP/1.1 200 OK"
HTTP Request: GET https://translate.googleapis.com/translate_a/single?client=gtx&sl=auto&tl=zh-CN&dt=t&q=He+added+that+%22they+should+not%2C%0Ahowever%2C "HTTP/1.1 200 OK"
HTTP Request: GET https://translate.googleapis.com/translate_a/single?client=gtx&sl=auto&tl=zh-CN&dt=t&q=A+curry+is+a+dish "HTTP/1.1 200 OK"
HTTP Request: GET https://translate.googleapis.com/translate_a/single?client=gtx&sl=auto&tl=zh-CN&dt=t&q=In+fact%2C%0Ait+is+not+easy+to+find+at+all+even+if+one+knew+it+existed.%0AOnce+inside+the+cave%2C "HTTP/1.1 200 OK"
HTTP Request: GET https://translate.googleapis.com/translate_a/single?client=gtx&sl=auto&tl=zh-CN&dt=t&q=Cocham%C3%B3+Valley+-+Chile%27s+premier+climbing+destination%2C%0Aknown+as+the+Yosemite+of+South+America%2C%0Awith+a+variety+of+granite+big+walls "HTTP/1.1 200 OK"
HTTP Request: GET https://translate.googleapis.com/translate_a/single?client=gtx&sl=auto&tl=zh-CN&dt=t&q=Television+reports "HTTP/1.1 200 OK"
HTTP Request: GET https://translate.googleapis.com/translate_a/single?client=gtx&sl=auto&tl=zh-CN&dt=t&q=He+added+that+%22they+should+not%2C%0Ahowever%2C%0Abe+asked+to+take+on+obligations+that+go+beyond+their+development+stage%2C "HTTP/1.1 200 OK"
HTTP Request: GET https://translate.googleapis.com/translate_a/single?client=gtx&sl=auto&tl=zh-CN&dt=t&q=The+cabbage+juice+changes+color+depending+on+how+acidic+or+basic+%28alkaline%29 "HTTP/1.1 200 OK"
HTTP Request: GET https://translate.googleapis.com/translate_a/single?client=gtx&sl=auto&tl=zh-CN&dt=t&q=Resting+on+the+top+of+one+of+the+mountains%0Anorth+of+Mecca%2C "HTTP/1.1 200 OK"
HTTP Request: GET https://translate.googleapis.com/translate_a/single?client=gtx&sl=auto&tl=zh-CN&dt=t&q=Resting+on+the+top+of+one+of+the+mountains%0Anorth+of+Mecca%2C%0Athe+cave "HTTP/1.1 200 OK"
HTTP Request: GET https://translate.googleapis.com/translate_a/single?client=gtx&sl=auto&tl=zh-CN&dt=t&q=Four+skiers+in+the+women%27s+sitting+group%0Afailed+to+finish+their+runs%2C%0Aand+45+of+the+117+total+skiers%0Ain+the+Giant+Slalom "HTTP/1.1 200 OK"
HTTP Request: GET https://translate.googleapis.com/translate_a/single?client=gtx&sl=auto&tl=zh-CN&dt=t&q=A+curry+is+a+dish%0Abased+on+herbs+and+spices%2C "HTTP/1.1 200 OK"
HTTP Request: GET https://translate.googleapis.com/translate_a/single?client=gtx&sl=auto&tl=zh-CN&dt=t&q=The+cabbage+juice+changes+color+depending+on+how+acidic+or+basic+%28alkaline%29%0Athe+chemical+is. "HTTP/1.1 200 OK"
HTTP Request: GET https://translate.googleapis.com/translate_a/single?client=gtx&sl=auto&tl=zh-CN&dt=t&q=Cocham%C3%B3+Valley+-+Chile%27s+premier+climbing+destination%2C%0Aknown+as+the+Yosemite+of+South+America%2C%0Awith+a+variety+of+granite+big+walls%0Aand+crags. "HTTP/1.1 200 OK"
HTTP Request: GET https://translate.googleapis.com/translate_a/single?client=gtx&sl=auto&tl=zh-CN&dt=t&q=In+fact%2C%0Ait+is+not+easy+to+find+at+all+even+if+one+knew+it+existed.%0AOnce+inside+the+cave%2C%0Ait+is+a+total+isolation. "HTTP/1.1 200 OK"
HTTP Request: GET https://translate.googleapis.com/translate_a/single?client=gtx&sl=auto&tl=zh-CN&dt=t&q=Television+reports%0Ashow+white+smoke+coming+from+the+plant. "HTTP/1.1 200 OK"
HTTP Request: GET https://translate.googleapis.com/translate_a/single?client=gtx&sl=auto&tl=zh-CN&dt=t&q=Resting+on+the+top+of+one+of+the+mountains%0Anorth+of+Mecca%2C%0Athe+cave%0Ais+completely+isolated+from+the+rest+of+the+world. "HTTP/1.1 200 OK"
HTTP Request: GET https://translate.googleapis.com/translate_a/single?client=gtx&sl=auto&tl=zh-CN&dt=t&q=The+job "HTTP/1.1 200 OK"
HTTP Request: GET https://translate.googleapis.com/translate_a/single?client=gtx&sl=auto&tl=zh-CN&dt=t&q=Women%3A "HTTP/1.1 200 OK"
HTTP Request: GET https://translate.googleapis.com/translate_a/single?client=gtx&sl=auto&tl=zh-CN&dt=t&q=He+added+that+%22they+should+not%2C%0Ahowever%2C%0Abe+asked+to+take+on+obligations+that+go+beyond+their+development+stage%2C%0Aresponsibility+and+capabilities.%22 "HTTP/1.1 200 OK"
HTTP Request: GET https://translate.googleapis.com/translate_a/single?client=gtx&sl=auto&tl=zh-CN&dt=t&q=Four+skiers+in+the+women%27s+sitting+group%0Afailed+to+finish+their+runs%2C%0Aand+45+of+the+117+total+skiers%0Ain+the+Giant+Slalom%0Afailed+to+rank+in+the+race. "HTTP/1.1 200 OK"
HTTP Request: GET https://translate.googleapis.com/translate_a/single?client=gtx&sl=auto&tl=zh-CN&dt=t&q=Finally%2C "HTTP/1.1 200 OK"
HTTP Request: GET https://translate.googleapis.com/translate_a/single?client=gtx&sl=auto&tl=zh-CN&dt=t&q=A+curry+is+a+dish%0Abased+on+herbs+and+spices%2C%0Atogether+with+either+meat+or+vegetables. "HTTP/1.1 200 OK"
HTTP Request: GET https://translate.googleapis.com/translate_a/single?client=gtx&sl=auto&tl=zh-CN&dt=t&q=Along+the+same+line%2C "HTTP/1.1 200 OK"
HTTP Request: GET https://translate.googleapis.com/translate_a/single?client=gtx&sl=auto&tl=zh-CN&dt=t&q=Women%3A%0AIt+is+recommended+that+any+women+travellers+say+that+they+are+married%2C "HTTP/1.1 200 OK"
HTTP Request: GET https://translate.googleapis.com/translate_a/single?client=gtx&sl=auto&tl=zh-CN&dt=t&q=Finally%2C%0Athere+are+many+small+cats+%28including+loose+pet+cats%29 "HTTP/1.1 200 OK"
HTTP Request: GET https://translate.googleapis.com/translate_a/single?client=gtx&sl=auto&tl=zh-CN&dt=t&q=Vatican+City%27s+population "HTTP/1.1 200 OK"
HTTP Request: GET https://translate.googleapis.com/translate_a/single?client=gtx&sl=auto&tl=zh-CN&dt=t&q=Professor+Pamela+Ferguson "HTTP/1.1 200 OK"
HTTP Request: GET https://translate.googleapis.com/translate_a/single?client=gtx&sl=auto&tl=zh-CN&dt=t&q=The+job%0Aof+navies "HTTP/1.1 200 OK"
HTTP Request: GET https://translate.googleapis.com/translate_a/single?client=gtx&sl=auto&tl=zh-CN&dt=t&q=Along+the+same+line%2C%0Amen+are+required+to+wear+trousers+covering+the+knees. "HTTP/1.1 200 OK"
HTTP Request: GET https://translate.googleapis.com/translate_a/single?client=gtx&sl=auto&tl=zh-CN&dt=t&q=Barcelona%27s+official+languages "HTTP/1.1 200 OK"
HTTP Request: GET https://translate.googleapis.com/translate_a/single?client=gtx&sl=auto&tl=zh-CN&dt=t&q=Women%3A%0AIt+is+recommended+that+any+women+travellers+say+that+they+are+married%2C%0Aregardless+of+actual+marital+status. "HTTP/1.1 200 OK"
HTTP Request: GET https://translate.googleapis.com/translate_a/single?client=gtx&sl=auto&tl=zh-CN&dt=t&q=In+the+north "HTTP/1.1 200 OK"
HTTP Request: GET https://translate.googleapis.com/translate_a/single?client=gtx&sl=auto&tl=zh-CN&dt=t&q=If+you+have+watched+the+movie "HTTP/1.1 200 OK"
HTTP Request: GET https://translate.googleapis.com/translate_a/single?client=gtx&sl=auto&tl=zh-CN&dt=t&q=Vatican+City%27s+population%0Ais+around+800. "HTTP/1.1 200 OK"
HTTP Request: GET https://translate.googleapis.com/translate_a/single?client=gtx&sl=auto&tl=zh-CN&dt=t&q=Professor+Pamela+Ferguson%0Aof+the+University+of+Dundee "HTTP/1.1 200 OK"
HTTP Request: GET https://translate.googleapis.com/translate_a/single?client=gtx&sl=auto&tl=zh-CN&dt=t&q=The+composition+of+these+crystals "HTTP/1.1 200 OK"
HTTP Request: GET https://translate.googleapis.com/translate_a/single?client=gtx&sl=auto&tl=zh-CN&dt=t&q=Finally%2C%0Athere+are+many+small+cats+%28including+loose+pet+cats%29%0Athat+eat+the+far+more+numerous+small+prey+like+insects%2C "HTTP/1.1 200 OK"
HTTP Request: GET https://translate.googleapis.com/translate_a/single?client=gtx&sl=auto&tl=zh-CN&dt=t&q=The+job%0Aof+navies%0Ahas+traditionally+been+to+ensure+that+your+country+maintains+the+ability+to+move+your+people+and+goods%2C "HTTP/1.1 200 OK"
HTTP Request: GET https://translate.googleapis.com/translate_a/single?client=gtx&sl=auto&tl=zh-CN&dt=t&q=If+you+have+watched+the+movie%0ANational+Treasure%2C "HTTP/1.1 200 OK"
HTTP Request: GET https://translate.googleapis.com/translate_a/single?client=gtx&sl=auto&tl=zh-CN&dt=t&q=Barcelona%27s+official+languages%0Aare+Catalan+and+Spanish. "HTTP/1.1 200 OK"
HTTP Request: GET https://translate.googleapis.com/translate_a/single?client=gtx&sl=auto&tl=zh-CN&dt=t&q=Vatican+City%27s+population%0Ais+around+800.%0AIt+is+the+smallest+independent+country "HTTP/1.1 200 OK"
HTTP Request: GET https://translate.googleapis.com/translate_a/single?client=gtx&sl=auto&tl=zh-CN&dt=t&q=In+the+north%0Athe+region+is+bounded+by+the+Sahel%2C "HTTP/1.1 200 OK"
HTTP Request: GET https://translate.googleapis.com/translate_a/single?client=gtx&sl=auto&tl=zh-CN&dt=t&q=The+job%0Aof+navies%0Ahas+traditionally+been+to+ensure+that+your+country+maintains+the+ability+to+move+your+people+and+goods%2C%0Awhile+at+the+same+time%2C "HTTP/1.1 200 OK"
HTTP Request: GET https://translate.googleapis.com/translate_a/single?client=gtx&sl=auto&tl=zh-CN&dt=t&q=The+composition+of+these+crystals%0Amatches+those+found+in+the+urine+of+affected+pets+when+compared+by+infrared+spectroscopy "HTTP/1.1 200 OK"
HTTP Request: GET https://translate.googleapis.com/translate_a/single?client=gtx&sl=auto&tl=zh-CN&dt=t&q=Finally%2C%0Athere+are+many+small+cats+%28including+loose+pet+cats%29%0Athat+eat+the+far+more+numerous+small+prey+like+insects%2C%0Arodents%2C+lizards%2C+and+birds. "HTTP/1.1 200 OK"
HTTP Request: GET https://translate.googleapis.com/translate_a/single?client=gtx&sl=auto&tl=zh-CN&dt=t&q=Professor+Pamela+Ferguson%0Aof+the+University+of+Dundee%0Anotes+%22journalists "HTTP/1.1 200 OK"
HTTP Request: GET https://translate.googleapis.com/translate_a/single?client=gtx&sl=auto&tl=zh-CN&dt=t&q=If+you+have+watched+the+movie%0ANational+Treasure%2C%0Ayou+may+think+a+treasure+map "HTTP/1.1 200 OK"
HTTP Request: GET https://translate.googleapis.com/translate_a/single?client=gtx&sl=auto&tl=zh-CN&dt=t&q=Barcelona%27s+official+languages%0Aare+Catalan+and+Spanish.%0AAbout+a+half+prefer+to+speak+Catalan%2C "HTTP/1.1 200 OK"
HTTP Request: GET https://translate.googleapis.com/translate_a/single?client=gtx&sl=auto&tl=zh-CN&dt=t&q=In+the+north%0Athe+region+is+bounded+by+the+Sahel%2C%0Aand+in+the+south+and+west+by+the+Atlantic+Ocean. "HTTP/1.1 200 OK"
HTTP Request: GET https://translate.googleapis.com/translate_a/single?client=gtx&sl=auto&tl=zh-CN&dt=t&q=Scaffolding+is+not+a+method+of+learning "HTTP/1.1 200 OK"
HTTP Request: GET https://translate.googleapis.com/translate_a/single?client=gtx&sl=auto&tl=zh-CN&dt=t&q=Vatican+City%27s+population%0Ais+around+800.%0AIt+is+the+smallest+independent+country%0Ain+the+world+and+the+country+with+the+lowest+population. "HTTP/1.1 200 OK"
HTTP Request: GET https://translate.googleapis.com/translate_a/single?client=gtx&sl=auto&tl=zh-CN&dt=t&q=The+aspect+ratio+of+this+format "HTTP/1.1 200 OK"
HTTP Request: GET https://translate.googleapis.com/translate_a/single?client=gtx&sl=auto&tl=zh-CN&dt=t&q=The+job%0Aof+navies%0Ahas+traditionally+been+to+ensure+that+your+country+maintains+the+ability+to+move+your+people+and+goods%2C%0Awhile+at+the+same+time%2C%0Ainterfering+with+your+enemy%27s+ability "HTTP/1.1 200 OK"
HTTP Request: GET https://translate.googleapis.com/translate_a/single?client=gtx&sl=auto&tl=zh-CN&dt=t&q=The+composition+of+these+crystals%0Amatches+those+found+in+the+urine+of+affected+pets+when+compared+by+infrared+spectroscopy%0A%28FTIR%29. "HTTP/1.1 200 OK"
HTTP Request: GET https://translate.googleapis.com/translate_a/single?client=gtx&sl=auto&tl=zh-CN&dt=t&q=Barcelona%27s+official+languages%0Aare+Catalan+and+Spanish.%0AAbout+a+half+prefer+to+speak+Catalan%2C%0Aa+vast+majority+understands+it%2C+and+virtually+everyone+knows+Spanish. "HTTP/1.1 200 OK"
HTTP Request: GET https://translate.googleapis.com/translate_a/single?client=gtx&sl=auto&tl=zh-CN&dt=t&q=If+you+have+watched+the+movie%0ANational+Treasure%2C%0Ayou+may+think+a+treasure+map%0Awas+written+on+the+back+of+the+Declaration+of+Independence. "HTTP/1.1 200 OK"
HTTP Request: GET https://translate.googleapis.com/translate_a/single?client=gtx&sl=auto&tl=zh-CN&dt=t&q=Professor+Pamela+Ferguson%0Aof+the+University+of+Dundee%0Anotes+%22journalists%0Ado+seem+to+be+walking+a+dangerous+line+if+publishing+photos+etc+of+suspects.%22 "HTTP/1.1 200 OK"
HTTP Request: GET https://translate.googleapis.com/translate_a/single?client=gtx&sl=auto&tl=zh-CN&dt=t&q=Apia+is+the+capital+of+Samoa. "HTTP/1.1 200 OK"
HTTP Request: GET https://translate.googleapis.com/translate_a/single?client=gtx&sl=auto&tl=zh-CN&dt=t&q=The+job%0Aof+navies%0Ahas+traditionally+been+to+ensure+that+your+country+maintains+the+ability+to+move+your+people+and+goods%2C%0Awhile+at+the+same+time%2C%0Ainterfering+with+your+enemy%27s+ability%0Ato+move+his+people+and+goods. "HTTP/1.1 200 OK"
HTTP Request: GET https://translate.googleapis.com/translate_a/single?client=gtx&sl=auto&tl=zh-CN&dt=t&q=The+pyramid+sound+and+light+show "HTTP/1.1 200 OK"
HTTP Request: GET https://translate.googleapis.com/translate_a/single?client=gtx&sl=auto&tl=zh-CN&dt=t&q=Regular+announcements+in+the+Metro "HTTP/1.1 200 OK"
HTTP Request: GET https://translate.googleapis.com/translate_a/single?client=gtx&sl=auto&tl=zh-CN&dt=t&q=Scaffolding+is+not+a+method+of+learning%0Abut+rather+an+aid+that+provides+support "HTTP/1.1 200 OK"
HTTP Request: GET https://translate.googleapis.com/translate_a/single?client=gtx&sl=auto&tl=zh-CN&dt=t&q=It+is+one+of+the+main+attractions+of+South+Africa "HTTP/1.1 200 OK"
HTTP Request: GET https://translate.googleapis.com/translate_a/single?client=gtx&sl=auto&tl=zh-CN&dt=t&q=It+is+related+to+but+usually+not+involving+alpine+style+ski+touring "HTTP/1.1 200 OK"
HTTP Request: GET https://translate.googleapis.com/translate_a/single?client=gtx&sl=auto&tl=zh-CN&dt=t&q=The+aspect+ratio+of+this+format%0A%28dividing+by+twelve+to+obtain+the+simplest+whole-number+ratio%29 "HTTP/1.1 200 OK"
HTTP Request: GET https://translate.googleapis.com/translate_a/single?client=gtx&sl=auto&tl=zh-CN&dt=t&q=The+aspect+ratio+of+this+format%0A%28dividing+by+twelve+to+obtain+the+simplest+whole-number+ratio%29%0Ais+therefore "HTTP/1.1 200 OK"
HTTP Request: GET https://translate.googleapis.com/translate_a/single?client=gtx&sl=auto&tl=zh-CN&dt=t&q=Apia+is+the+capital+of+Samoa.%0AThe+town+is+on+the+island+of+Upolu "HTTP/1.1 200 OK"
HTTP Request: GET https://translate.googleapis.com/translate_a/single?client=gtx&sl=auto&tl=zh-CN&dt=t&q=Scaffolding+is+not+a+method+of+learning%0Abut+rather+an+aid+that+provides+support%0Ato+individuals "HTTP/1.1 200 OK"
HTTP Request: GET https://translate.googleapis.com/translate_a/single?client=gtx&sl=auto&tl=zh-CN&dt=t&q=It+is+one+of+the+main+attractions+of+South+Africa%0Aand+it+is+considered "HTTP/1.1 200 OK"
HTTP Request: GET https://translate.googleapis.com/translate_a/single?client=gtx&sl=auto&tl=zh-CN&dt=t&q=It+is+related+to+but+usually+not+involving+alpine+style+ski+touring%0Aor+mountaineering%2C "HTTP/1.1 200 OK"
HTTP Request: GET https://translate.googleapis.com/translate_a/single?client=gtx&sl=auto&tl=zh-CN&dt=t&q=The+aspect+ratio+of+this+format%0A%28dividing+by+twelve+to+obtain+the+simplest+whole-number+ratio%29%0Ais+therefore%0Asaid+to+be+3%3A2. "HTTP/1.1 200 OK"
HTTP Request: GET https://translate.googleapis.com/translate_a/single?client=gtx&sl=auto&tl=zh-CN&dt=t&q=Regular+announcements+in+the+Metro%0Aare+made+only+in+Catalan%2C "HTTP/1.1 200 OK"
HTTP Request: GET https://translate.googleapis.com/translate_a/single?client=gtx&sl=auto&tl=zh-CN&dt=t&q=His+work+is+of+such+recognized+quality "HTTP/1.1 200 OK"
HTTP Request: GET https://translate.googleapis.com/translate_a/single?client=gtx&sl=auto&tl=zh-CN&dt=t&q=It+is+one+of+the+main+attractions+of+South+Africa%0Aand+it+is+considered%0Athe "HTTP/1.1 200 OK"
HTTP Request: GET https://translate.googleapis.com/translate_a/single?client=gtx&sl=auto&tl=zh-CN&dt=t&q=Scaffolding+is+not+a+method+of+learning%0Abut+rather+an+aid+that+provides+support%0Ato+individuals%0Awhom+are+undergoing+a+new+learning+experience "HTTP/1.1 200 OK"
HTTP Request: GET https://translate.googleapis.com/translate_a/single?client=gtx&sl=auto&tl=zh-CN&dt=t&q=The+pyramid+sound+and+light+show%0Ais+one+of+the+most+interesting+things "HTTP/1.1 200 OK"
HTTP Request: GET https://translate.googleapis.com/translate_a/single?client=gtx&sl=auto&tl=zh-CN&dt=t&q=Apia+is+the+capital+of+Samoa.%0AThe+town+is+on+the+island+of+Upolu%0Aand+has+a+population "HTTP/1.1 200 OK"
HTTP Request: GET https://translate.googleapis.com/translate_a/single?client=gtx&sl=auto&tl=zh-CN&dt=t&q=His+work+is+of+such+recognized+quality%0Aand+detail "HTTP/1.1 200 OK"
HTTP Request: GET https://translate.googleapis.com/translate_a/single?client=gtx&sl=auto&tl=zh-CN&dt=t&q=Six+hostages%2C+including+the+children+and+elderly%2C "HTTP/1.1 200 OK"
HTTP Request: GET https://translate.googleapis.com/translate_a/single?client=gtx&sl=auto&tl=zh-CN&dt=t&q=Scaffolding+is+not+a+method+of+learning%0Abut+rather+an+aid+that+provides+support%0Ato+individuals%0Awhom+are+undergoing+a+new+learning+experience%0Asuch+as+using+a+new+computer+program "HTTP/1.1 200 OK"
HTTP Request: GET https://translate.googleapis.com/translate_a/single?client=gtx&sl=auto&tl=zh-CN&dt=t&q=Regular+announcements+in+the+Metro%0Aare+made+only+in+Catalan%2C%0Abut+unplanned+disruptions+are+announced+by+an+automated+system "HTTP/1.1 200 OK"
HTTP Request: GET https://translate.googleapis.com/translate_a/single?client=gtx&sl=auto&tl=zh-CN&dt=t&q=It+is+one+of+the+main+attractions+of+South+Africa%0Aand+it+is+considered%0Athe%0Aflagship+of+South+African+National+Parks+%28SANParks%29. "HTTP/1.1 200 OK"
HTTP Request: GET https://translate.googleapis.com/translate_a/single?client=gtx&sl=auto&tl=zh-CN&dt=t&q=The+pyramid+sound+and+light+show%0Ais+one+of+the+most+interesting+things%0Ain+the+area+for+kids. "HTTP/1.1 200 OK"
HTTP Request: GET https://translate.googleapis.com/translate_a/single?client=gtx&sl=auto&tl=zh-CN&dt=t&q=It+is+related+to+but+usually+not+involving+alpine+style+ski+touring%0Aor+mountaineering%2C%0Athe+latter+ones+done+in+steep+terrain "HTTP/1.1 200 OK"
HTTP Request: GET https://translate.googleapis.com/translate_a/single?client=gtx&sl=auto&tl=zh-CN&dt=t&q=Scaffolding+is+not+a+method+of+learning%0Abut+rather+an+aid+that+provides+support%0Ato+individuals%0Awhom+are+undergoing+a+new+learning+experience%0Asuch+as+using+a+new+computer+program%0Aor+beginning+a+new+project. "HTTP/1.1 200 OK"
HTTP Request: GET https://translate.googleapis.com/translate_a/single?client=gtx&sl=auto&tl=zh-CN&dt=t&q=His+work+is+of+such+recognized+quality%0Aand+detail%0Athat+he+is+one+of+the+very+few+%22household+names%22 "HTTP/1.1 200 OK"
HTTP Request: GET https://translate.googleapis.com/translate_a/single?client=gtx&sl=auto&tl=zh-CN&dt=t&q=Six+hostages%2C+including+the+children+and+elderly%2C%0Awere+released+early%2C+as+were+the+Filipino+photographers. "HTTP/1.1 200 OK"
HTTP Request: GET https://translate.googleapis.com/translate_a/single?client=gtx&sl=auto&tl=zh-CN&dt=t&q=Apia+is+the+capital+of+Samoa.%0AThe+town+is+on+the+island+of+Upolu%0Aand+has+a+population%0Aof+just+under+40%2C000. "HTTP/1.1 200 OK"
HTTP Request: GET https://translate.googleapis.com/translate_a/single?client=gtx&sl=auto&tl=zh-CN&dt=t&q=His+work+is+of+such+recognized+quality%0Aand+detail%0Athat+he+is+one+of+the+very+few+%22household+names%22%0Aamong+philatelists. "HTTP/1.1 200 OK"
HTTP Request: GET https://translate.googleapis.com/translate_a/single?client=gtx&sl=auto&tl=zh-CN&dt=t&q=Plants+look+their+best "HTTP/1.1 200 OK"
HTTP Request: GET https://translate.googleapis.com/translate_a/single?client=gtx&sl=auto&tl=zh-CN&dt=t&q=His+work+is+of+such+recognized+quality%0Aand+detail%0Athat+he+is+one+of+the+very+few+%22household+names%22%0Aamong+philatelists.%0ASome+specialize+in+collecting+his+work+alone. "HTTP/1.1 200 OK"
HTTP Request: GET https://translate.googleapis.com/translate_a/single?client=gtx&sl=auto&tl=zh-CN&dt=t&q=People+have+known+about+basic+chemical+elements "HTTP/1.1 200 OK"
HTTP Request: GET https://translate.googleapis.com/translate_a/single?client=gtx&sl=auto&tl=zh-CN&dt=t&q=Several+large+television+screens "HTTP/1.1 200 OK"
HTTP Request: GET https://translate.googleapis.com/translate_a/single?client=gtx&sl=auto&tl=zh-CN&dt=t&q=Greenland+was+settled+sparsely. "HTTP/1.1 200 OK"
HTTP Request: GET https://translate.googleapis.com/translate_a/single?client=gtx&sl=auto&tl=zh-CN&dt=t&q=Regular+announcements+in+the+Metro%0Aare+made+only+in+Catalan%2C%0Abut+unplanned+disruptions+are+announced+by+an+automated+system%0Ain+a+wide+variety+of+languages "HTTP/1.1 200 OK"
HTTP Request: GET https://translate.googleapis.com/translate_a/single?client=gtx&sl=auto&tl=zh-CN&dt=t&q=Due+to+the+underwater+topology "HTTP/1.1 200 OK"
HTTP Request: GET https://translate.googleapis.com/translate_a/single?client=gtx&sl=auto&tl=zh-CN&dt=t&q=It+is+related+to+but+usually+not+involving+alpine+style+ski+touring%0Aor+mountaineering%2C%0Athe+latter+ones+done+in+steep+terrain%0Aand+requiring+much+stiffer+skis "HTTP/1.1 200 OK"
HTTP Request: GET https://translate.googleapis.com/translate_a/single?client=gtx&sl=auto&tl=zh-CN&dt=t&q=Plants+look+their+best%0Awhen+in+a+natural+environment%2C "HTTP/1.1 200 OK"
HTTP Request: GET https://translate.googleapis.com/translate_a/single?client=gtx&sl=auto&tl=zh-CN&dt=t&q=USA+Gymnastics+and+the+USOC+have+the+same+goal+%E2%80%94 "HTTP/1.1 200 OK"
HTTP Request: GET https://translate.googleapis.com/translate_a/single?client=gtx&sl=auto&tl=zh-CN&dt=t&q=Several+large+television+screens%0Awere+installed "HTTP/1.1 200 OK"
HTTP Request: GET https://translate.googleapis.com/translate_a/single?client=gtx&sl=auto&tl=zh-CN&dt=t&q=People+have+known+about+basic+chemical+elements%0Asuch+as+gold%2C "HTTP/1.1 200 OK"
HTTP Request: GET https://translate.googleapis.com/translate_a/single?client=gtx&sl=auto&tl=zh-CN&dt=t&q=Regular+announcements+in+the+Metro%0Aare+made+only+in+Catalan%2C%0Abut+unplanned+disruptions+are+announced+by+an+automated+system%0Ain+a+wide+variety+of+languages%0Aincluding+Spanish%2C+English%2C+French%2C+Arabic+and+Japanese. "HTTP/1.1 200 OK"
HTTP Request: GET https://translate.googleapis.com/translate_a/single?client=gtx&sl=auto&tl=zh-CN&dt=t&q=Greenland+was+settled+sparsely.%0AIn+the+Norse+sagas+they+say+that+Erik+the+Red "HTTP/1.1 200 OK"
HTTP Request: GET https://translate.googleapis.com/translate_a/single?client=gtx&sl=auto&tl=zh-CN&dt=t&q=USA+Gymnastics+and+the+USOC+have+the+same+goal+%E2%80%94%0Amaking+the+sport+of+gymnastics%2C "HTTP/1.1 200 OK"
HTTP Request: GET https://translate.googleapis.com/translate_a/single?client=gtx&sl=auto&tl=zh-CN&dt=t&q=It+is+related+to+but+usually+not+involving+alpine+style+ski+touring%0Aor+mountaineering%2C%0Athe+latter+ones+done+in+steep+terrain%0Aand+requiring+much+stiffer+skis%0Aand+boots. "HTTP/1.1 200 OK"
HTTP Request: GET https://translate.googleapis.com/translate_a/single?client=gtx&sl=auto&tl=zh-CN&dt=t&q=Several+large+television+screens%0Awere+installed%0Ain+various+places+in+Rome+to+let+the+people+watch+the+ceremony. "HTTP/1.1 200 OK"
HTTP Request: GET https://translate.googleapis.com/translate_a/single?client=gtx&sl=auto&tl=zh-CN&dt=t&q=Due+to+the+underwater+topology%0Athe+return+flow+is+concentrated "HTTP/1.1 200 OK"
HTTP Request: GET https://translate.googleapis.com/translate_a/single?client=gtx&sl=auto&tl=zh-CN&dt=t&q=Plants+look+their+best%0Awhen+in+a+natural+environment%2C%0Aso+resist+the+temptation+to+remove+even+%22just+one%22+specimen. "HTTP/1.1 200 OK"
HTTP Request: GET https://translate.googleapis.com/translate_a/single?client=gtx&sl=auto&tl=zh-CN&dt=t&q=Bishkek+was+described+as+sinking+into+a+state "HTTP/1.1 200 OK"
HTTP Request: GET https://translate.googleapis.com/translate_a/single?client=gtx&sl=auto&tl=zh-CN&dt=t&q=Greenland+was+settled+sparsely.%0AIn+the+Norse+sagas+they+say+that+Erik+the+Red%0Awas+exiled+from+Iceland+for+murder%2C "HTTP/1.1 200 OK"
HTTP Request: GET https://translate.googleapis.com/translate_a/single?client=gtx&sl=auto&tl=zh-CN&dt=t&q=First+among+its+78+recommendations "HTTP/1.1 200 OK"
HTTP Request: GET https://translate.googleapis.com/translate_a/single?client=gtx&sl=auto&tl=zh-CN&dt=t&q=People+have+known+about+basic+chemical+elements%0Asuch+as+gold%2C%0Asilver%2C "HTTP/1.1 200 OK"
HTTP Request: GET https://translate.googleapis.com/translate_a/single?client=gtx&sl=auto&tl=zh-CN&dt=t&q=USA+Gymnastics+and+the+USOC+have+the+same+goal+%E2%80%94%0Amaking+the+sport+of+gymnastics%2C%0Aand+others%2C "HTTP/1.1 200 OK"
HTTP Request: GET https://translate.googleapis.com/translate_a/single?client=gtx&sl=auto&tl=zh-CN&dt=t&q=First+among+its+78+recommendations%0Ais+that+a+new+diplomatic+initiative "HTTP/1.1 200 OK"
HTTP Request: GET https://translate.googleapis.com/translate_a/single?client=gtx&sl=auto&tl=zh-CN&dt=t&q=People+have+known+about+basic+chemical+elements%0Asuch+as+gold%2C%0Asilver%2C%0Aand+copper+from+antiquity%2C "HTTP/1.1 200 OK"
HTTP Request: GET https://translate.googleapis.com/translate_a/single?client=gtx&sl=auto&tl=zh-CN&dt=t&q=Due+to+the+underwater+topology%0Athe+return+flow+is+concentrated%0Aat+a+few+deeper+sections%2C "HTTP/1.1 200 OK"
HTTP Request: GET https://translate.googleapis.com/translate_a/single?client=gtx&sl=auto&tl=zh-CN&dt=t&q=Bishkek+was+described+as+sinking+into+a+state%0Aof+%22anarchy%22 "HTTP/1.1 200 OK"
HTTP Request: GET https://translate.googleapis.com/translate_a/single?client=gtx&sl=auto&tl=zh-CN&dt=t&q=USA+Gymnastics+and+the+USOC+have+the+same+goal+%E2%80%94%0Amaking+the+sport+of+gymnastics%2C%0Aand+others%2C%0Aas+safe+as+possible "HTTP/1.1 200 OK"
HTTP Request: GET https://translate.googleapis.com/translate_a/single?client=gtx&sl=auto&tl=zh-CN&dt=t&q=Greenland+was+settled+sparsely.%0AIn+the+Norse+sagas+they+say+that+Erik+the+Red%0Awas+exiled+from+Iceland+for+murder%2C%0Aand+when+travelling+further+west%2C "HTTP/1.1 200 OK"
HTTP Request: GET https://translate.googleapis.com/translate_a/single?client=gtx&sl=auto&tl=zh-CN&dt=t&q=Due+to+the+underwater+topology%0Athe+return+flow+is+concentrated%0Aat+a+few+deeper+sections%2C%0Aand+a+fast+current+to+deep+water+may+form+there. "HTTP/1.1 200 OK"
HTTP Request: GET https://translate.googleapis.com/translate_a/single?client=gtx&sl=auto&tl=zh-CN&dt=t&q=People+have+known+about+basic+chemical+elements%0Asuch+as+gold%2C%0Asilver%2C%0Aand+copper+from+antiquity%2C%0Aas+these+can+all+be+discovered+in+nature "HTTP/1.1 200 OK"
HTTP Request: GET https://translate.googleapis.com/translate_a/single?client=gtx&sl=auto&tl=zh-CN&dt=t&q=First+among+its+78+recommendations%0Ais+that+a+new+diplomatic+initiative%0Ashould+be+taken+before+the+end+of+this+year "HTTP/1.1 200 OK"
HTTP Request: GET https://translate.googleapis.com/translate_a/single?client=gtx&sl=auto&tl=zh-CN&dt=t&q=Bishkek+was+described+as+sinking+into+a+state%0Aof+%22anarchy%22%0Aby+one+observer%2C "HTTP/1.1 200 OK"
HTTP Request: GET https://translate.googleapis.com/translate_a/single?client=gtx&sl=auto&tl=zh-CN&dt=t&q=USA+Gymnastics+and+the+USOC+have+the+same+goal+%E2%80%94%0Amaking+the+sport+of+gymnastics%2C%0Aand+others%2C%0Aas+safe+as+possible%0Afor+athletes+to+follow+their+dreams+in+a+safe%2C "HTTP/1.1 200 OK"
HTTP Request: GET https://translate.googleapis.com/translate_a/single?client=gtx&sl=auto&tl=zh-CN&dt=t&q=Greenland+was+settled+sparsely.%0AIn+the+Norse+sagas+they+say+that+Erik+the+Red%0Awas+exiled+from+Iceland+for+murder%2C%0Aand+when+travelling+further+west%2C%0Afound+Greenland+and+named+it+Greenland. "HTTP/1.1 200 OK"
HTTP Request: GET https://translate.googleapis.com/translate_a/single?client=gtx&sl=auto&tl=zh-CN&dt=t&q=First+among+its+78+recommendations%0Ais+that+a+new+diplomatic+initiative%0Ashould+be+taken+before+the+end+of+this+year%0Ato+secure+Iraq%E2%80%99s+borders "HTTP/1.1 200 OK"
HTTP Request: GET https://translate.googleapis.com/translate_a/single?client=gtx&sl=auto&tl=zh-CN&dt=t&q=USA+Gymnastics+and+the+USOC+have+the+same+goal+%E2%80%94%0Amaking+the+sport+of+gymnastics%2C%0Aand+others%2C%0Aas+safe+as+possible%0Afor+athletes+to+follow+their+dreams+in+a+safe%2C%0Apositive+and+empowered+environment. "HTTP/1.1 200 OK"
HTTP Request: GET https://translate.googleapis.com/translate_a/single?client=gtx&sl=auto&tl=zh-CN&dt=t&q=Bishkek+was+described+as+sinking+into+a+state%0Aof+%22anarchy%22%0Aby+one+observer%2C%0Aas+gangs+of+people+roamed+the+streets+and+plundered+stores+of+consumer+goods. "HTTP/1.1 200 OK"
HTTP Request: GET https://translate.googleapis.com/translate_a/single?client=gtx&sl=auto&tl=zh-CN&dt=t&q=People+have+known+about+basic+chemical+elements%0Asuch+as+gold%2C%0Asilver%2C%0Aand+copper+from+antiquity%2C%0Aas+these+can+all+be+discovered+in+nature%0Ain+native+form+and+are+relatively+simple+to+mine+with+primitive+tools. "HTTP/1.1 200 OK"
HTTP Request: GET https://translate.googleapis.com/translate_a/single?client=gtx&sl=auto&tl=zh-CN&dt=t&q=First+among+its+78+recommendations%0Ais+that+a+new+diplomatic+initiative%0Ashould+be+taken+before+the+end+of+this+year%0Ato+secure+Iraq%E2%80%99s+borders%0Aagainst+hostile+interventions "HTTP/1.1 200 OK"
HTTP Request: GET https://translate.googleapis.com/translate_a/single?client=gtx&sl=auto&tl=zh-CN&dt=t&q=First+among+its+78+recommendations%0Ais+that+a+new+diplomatic+initiative%0Ashould+be+taken+before+the+end+of+this+year%0Ato+secure+Iraq%E2%80%99s+borders%0Aagainst+hostile+interventions%0Aand+to+re-establish+diplomatic+relations+with+its+neighbors. "HTTP/1.1 200 OK"
/home/mobility/STiTy/.venv-autoseg/lib/python3.10/site-packages/pytorch_lightning/utilities/_pytree.py:21: `isinstance(treespec, LeafSpec)` is deprecated, use `isinstance(treespec, TreeSpec) and treespec.is_leaf()` instead.
Chinese   T=6   laal 4.204  eff 0.7278  adq 0.7940  contra 0.0830  cons 0.7911  k 3.69
HTTP Request: GET https://translate.googleapis.com/translate_a/single?client=gtx&sl=auto&tl=zh-CN&dt=t&q=A+search+of+the+Internet+for%27+Hostile+environment+course%27 "HTTP/1.1 200 OK"
HTTP Request: GET https://translate.googleapis.com/translate_a/single?client=gtx&sl=auto&tl=zh-CN&dt=t&q=Throughout+1960s%2C%0ABrzezinski+worked+for+John+F.+Kennedy+as+his+advisor+and+then+the+Lyndon+B.+Johnson+administration. "HTTP/1.1 200 OK"
HTTP Request: GET https://translate.googleapis.com/translate_a/single?client=gtx&sl=auto&tl=zh-CN&dt=t&q=Scientists+hope+to+understand+how+planets+form%2C+especially+how+the+Earth+formed%2C "HTTP/1.1 200 OK"
HTTP Request: GET https://translate.googleapis.com/translate_a/single?client=gtx&sl=auto&tl=zh-CN&dt=t&q=The+word+civilization+comes+from+the+Latin+civilis%2C+meaning+civil%2C+related+to+the+Latin+civis%2C "HTTP/1.1 200 OK"
HTTP Request: GET https://translate.googleapis.com/translate_a/single?client=gtx&sl=auto&tl=zh-CN&dt=t&q=Generally+speaking%2C%0Atwo+behaviors+can+emerge+as+managers+begin+to+lead+their+former+peers.%0AOne+end+of+the+spectrum%0Ais+trying+to+remain+%E2%80%9Cone+of+the+guys%E2%80%9D+%28or+gals%29. "HTTP/1.1 200 OK"
HTTP Request: GET https://translate.googleapis.com/translate_a/single?client=gtx&sl=auto&tl=zh-CN&dt=t&q=As+a+result%2C%0Athe+performers+smoke+cannabis+joints+on+stage%2C%0Aand+the+theatre+itself+is+encouraging+the+audience+to+join+in. "HTTP/1.1 200 OK"
HTTP Request: GET https://translate.googleapis.com/translate_a/single?client=gtx&sl=auto&tl=zh-CN&dt=t&q=A+search+of+the+Internet+for%27+Hostile+environment+course%27%0Awill+probably+provide+the+address+of+a+local+company. "HTTP/1.1 200 OK"
HTTP Request: GET https://translate.googleapis.com/translate_a/single?client=gtx&sl=auto&tl=zh-CN&dt=t&q=The+word+civilization+comes+from+the+Latin+civilis%2C+meaning+civil%2C+related+to+the+Latin+civis%2C%0Ameaning+citizen%2C "HTTP/1.1 200 OK"
HTTP Request: GET https://translate.googleapis.com/translate_a/single?client=gtx&sl=auto&tl=zh-CN&dt=t&q=Scientists+hope+to+understand+how+planets+form%2C+especially+how+the+Earth+formed%2C%0Asince+comets+collided+with+the+Earth+long+ago. "HTTP/1.1 200 OK"
HTTP Request: GET https://translate.googleapis.com/translate_a/single?client=gtx&sl=auto&tl=zh-CN&dt=t&q=Virtual+Scaffolds+are+internalized+in+the+software%0Aand+are+meant+to+question%2C%0Aprompt%2C%0Aand+explain+procedures+that+may+have+been+to+challenging+for+the+student+to+handle+alone. "HTTP/1.1 200 OK"
HTTP Request: GET https://translate.googleapis.com/translate_a/single?client=gtx&sl=auto&tl=zh-CN&dt=t&q=Similarly%2C%0Aby+having+a+Schengen+visa%2C%0Ayou+do+not+need+to+apply+for+visas+to+each+of+the+Schengen+member+countries%0Aseparately%2C+hence+saving+time%2C+money+and+paperwork. "HTTP/1.1 200 OK"
HTTP Request: GET https://translate.googleapis.com/translate_a/single?client=gtx&sl=auto&tl=zh-CN&dt=t&q=The+word+civilization+comes+from+the+Latin+civilis%2C+meaning+civil%2C+related+to+the+Latin+civis%2C%0Ameaning+citizen%2C%0Aand+civitas%2C+meaning+city+or+city-state%2C "HTTP/1.1 200 OK"
HTTP Request: GET https://translate.googleapis.com/translate_a/single?client=gtx&sl=auto&tl=zh-CN&dt=t&q=The+word+civilization+comes+from+the+Latin+civilis%2C+meaning+civil%2C+related+to+the+Latin+civis%2C%0Ameaning+citizen%2C%0Aand+civitas%2C+meaning+city+or+city-state%2C%0Aand+that+also+somehow+defines+the+size+of+the+society. "HTTP/1.1 200 OK"
HTTP Request: GET https://translate.googleapis.com/translate_a/single?client=gtx&sl=auto&tl=zh-CN&dt=t&q=The+central+authority+of+the+church+had+been+in+Rome "HTTP/1.1 200 OK"
HTTP Request: GET https://translate.googleapis.com/translate_a/single?client=gtx&sl=auto&tl=zh-CN&dt=t&q=Most+of+the+smaller+islands+are+independent+nations%2C%0Aor+associated+with+France%2C+and+known+as+luxury+beach+resorts. "HTTP/1.1 200 OK"
HTTP Request: GET https://translate.googleapis.com/translate_a/single?client=gtx&sl=auto&tl=zh-CN&dt=t&q=The+central+authority+of+the+church+had+been+in+Rome%0Afor+over+a+thousand+years "HTTP/1.1 200 OK"
HTTP Request: GET https://translate.googleapis.com/translate_a/single?client=gtx&sl=auto&tl=zh-CN&dt=t&q=Also+to+the+north+visit+the+great+Sanctuary+of+Our+Lady+of+Fatima "HTTP/1.1 200 OK"
HTTP Request: GET https://translate.googleapis.com/translate_a/single?client=gtx&sl=auto&tl=zh-CN&dt=t&q=As+a+result%2C+two+fish+species+have+become+extinct%2C "HTTP/1.1 200 OK"
HTTP Request: GET https://translate.googleapis.com/translate_a/single?client=gtx&sl=auto&tl=zh-CN&dt=t&q=We+make+our+houses%0Afrom+plants+and+make+clothes+from+plants.+Most+foods+that+we+eat+are+plants.+Without+plants%2C "HTTP/1.1 200 OK"
HTTP Request: GET https://translate.googleapis.com/translate_a/single?client=gtx&sl=auto&tl=zh-CN&dt=t&q=The+central+authority+of+the+church+had+been+in+Rome%0Afor+over+a+thousand+years%0Aand+this+concentration+of+power+and+money "HTTP/1.1 200 OK"
HTTP Request: GET https://translate.googleapis.com/translate_a/single?client=gtx&sl=auto&tl=zh-CN&dt=t&q=As+a+result%2C+two+fish+species+have+become+extinct%2C%0Aand+two+others+have+become+endangered%2C+including+the+humpback+chub. "HTTP/1.1 200 OK"
HTTP Request: GET https://translate.googleapis.com/translate_a/single?client=gtx&sl=auto&tl=zh-CN&dt=t&q=We+agree+with+the+USOC%27s+statement+that+the+interests+of+our+athletes+and+clubs%2C "HTTP/1.1 200 OK"
HTTP Request: GET https://translate.googleapis.com/translate_a/single?client=gtx&sl=auto&tl=zh-CN&dt=t&q=Buses+depart+the+inter-district+bus+station%0A%28across+the+river%29%0Athroughout+the+day%2C+though+most%2C+especially+those+heading+to+the+east+and+Jakar%2FBumthang+leave+between+06%3A30+and+07%3A30. "HTTP/1.1 200 OK"
HTTP Request: GET https://translate.googleapis.com/translate_a/single?client=gtx&sl=auto&tl=zh-CN&dt=t&q=Sleep+interruption+is+the+process+of+purposefully+awakening+during+your+normal+sleep+period "HTTP/1.1 200 OK"
HTTP Request: GET https://translate.googleapis.com/translate_a/single?client=gtx&sl=auto&tl=zh-CN&dt=t&q=The+central+authority+of+the+church+had+been+in+Rome%0Afor+over+a+thousand+years%0Aand+this+concentration+of+power+and+money%0Aled+many+to+question+whether+this+tenet+was+being+met. "HTTP/1.1 200 OK"
HTTP Request: GET https://translate.googleapis.com/translate_a/single?client=gtx&sl=auto&tl=zh-CN&dt=t&q=We+make+our+houses%0Afrom+plants+and+make+clothes+from+plants.+Most+foods+that+we+eat+are+plants.+Without+plants%2C%0Aanimals+could+not+survive. "HTTP/1.1 200 OK"
HTTP Request: GET https://translate.googleapis.com/translate_a/single?client=gtx&sl=auto&tl=zh-CN&dt=t&q=Also+to+the+north+visit+the+great+Sanctuary+of+Our+Lady+of+Fatima%0A%28Shrine%29%2C "HTTP/1.1 200 OK"
HTTP Request: GET https://translate.googleapis.com/translate_a/single?client=gtx&sl=auto&tl=zh-CN&dt=t&q=Alloys+are+basically+a+mixture "HTTP/1.1 200 OK"
HTTP Request: GET https://translate.googleapis.com/translate_a/single?client=gtx&sl=auto&tl=zh-CN&dt=t&q=We+agree+with+the+USOC%27s+statement+that+the+interests+of+our+athletes+and+clubs%2C%0Aand+their+sport%2C "HTTP/1.1 200 OK"
HTTP Request: GET https://translate.googleapis.com/translate_a/single?client=gtx&sl=auto&tl=zh-CN&dt=t&q=Sleep+interruption+is+the+process+of+purposefully+awakening+during+your+normal+sleep+period%0Aand+falling+asleep "HTTP/1.1 200 OK"
HTTP Request: GET https://translate.googleapis.com/translate_a/single?client=gtx&sl=auto&tl=zh-CN&dt=t&q=Also+to+the+north+visit+the+great+Sanctuary+of+Our+Lady+of+Fatima%0A%28Shrine%29%2C%0Aa+place+of+worldwide+famous+Marian+apparitions. "HTTP/1.1 200 OK"
HTTP Request: GET https://translate.googleapis.com/translate_a/single?client=gtx&sl=auto&tl=zh-CN&dt=t&q=Alloys+are+basically+a+mixture%0Aof+two+or+more+metals.+Don%27t+forget+that+there+are+many+elements "HTTP/1.1 200 OK"
HTTP Request: GET https://translate.googleapis.com/translate_a/single?client=gtx&sl=auto&tl=zh-CN&dt=t&q=Sleep+interruption+is+the+process+of+purposefully+awakening+during+your+normal+sleep+period%0Aand+falling+asleep%0Aa+short+time+later+%2810%E2%80%9360+minutes%29. "HTTP/1.1 200 OK"
HTTP Request: GET https://translate.googleapis.com/translate_a/single?client=gtx&sl=auto&tl=zh-CN&dt=t&q=We+agree+with+the+USOC%27s+statement+that+the+interests+of+our+athletes+and+clubs%2C%0Aand+their+sport%2C%0Amay+be+better+served+by+moving+forward+with+meaningful+change+within+our+organization%2C "HTTP/1.1 200 OK"
HTTP Request: GET https://translate.googleapis.com/translate_a/single?client=gtx&sl=auto&tl=zh-CN&dt=t&q=Alloys+are+basically+a+mixture%0Aof+two+or+more+metals.+Don%27t+forget+that+there+are+many+elements%0Aon+the+periodic+table. "HTTP/1.1 200 OK"
HTTP Request: GET https://translate.googleapis.com/translate_a/single?client=gtx&sl=auto&tl=zh-CN&dt=t&q=We+agree+with+the+USOC%27s+statement+that+the+interests+of+our+athletes+and+clubs%2C%0Aand+their+sport%2C%0Amay+be+better+served+by+moving+forward+with+meaningful+change+within+our+organization%2C%0Arather+than+decertification. "HTTP/1.1 200 OK"
HTTP Request: GET https://translate.googleapis.com/translate_a/single?client=gtx&sl=auto&tl=zh-CN&dt=t&q=At+the+other+end+of+the+spectrum%2C "HTTP/1.1 200 OK"
HTTP Request: GET https://translate.googleapis.com/translate_a/single?client=gtx&sl=auto&tl=zh-CN&dt=t&q=At+the+other+end+of+the+spectrum%2C%0Aone "HTTP/1.1 200 OK"
HTTP Request: GET https://translate.googleapis.com/translate_a/single?client=gtx&sl=auto&tl=zh-CN&dt=t&q=While+Goma+is+reasonably+safe%2C%0Aany+visits+outside+of+Goma%0Ashould+be+researched+to+understand+the+state+of+the+fighting+that+persists+in+the+North+Kivu+province. "HTTP/1.1 200 OK"
HTTP Request: GET https://translate.googleapis.com/translate_a/single?client=gtx&sl=auto&tl=zh-CN&dt=t&q=Giancarlo+Fisichella+lost+control+of+his+car "HTTP/1.1 200 OK"
HTTP Request: GET https://translate.googleapis.com/translate_a/single?client=gtx&sl=auto&tl=zh-CN&dt=t&q=Ancient+China+had+a+unique+way "HTTP/1.1 200 OK"
HTTP Request: GET https://translate.googleapis.com/translate_a/single?client=gtx&sl=auto&tl=zh-CN&dt=t&q=At+the+other+end+of+the+spectrum%2C%0Aone%0Amorphs+into+an+unrecognizable+individual "HTTP/1.1 200 OK"
HTTP Request: GET https://translate.googleapis.com/translate_a/single?client=gtx&sl=auto&tl=zh-CN&dt=t&q=Ancient+China+had+a+unique+way%0Aof+showing+different+time+periods%3B "HTTP/1.1 200 OK"
HTTP Request: GET https://translate.googleapis.com/translate_a/single?client=gtx&sl=auto&tl=zh-CN&dt=t&q=Giancarlo+Fisichella+lost+control+of+his+car%0Aand+ended+the+race+very+soon+after+the+start. "HTTP/1.1 200 OK"
HTTP Request: GET https://translate.googleapis.com/translate_a/single?client=gtx&sl=auto&tl=zh-CN&dt=t&q=At+the+other+end+of+the+spectrum%2C%0Aone%0Amorphs+into+an+unrecognizable+individual%0Athat+feels+he+or+she+must+change+everything+the+team+has+been+doing+and+make+it+their+own. "HTTP/1.1 200 OK"
HTTP Request: GET https://translate.googleapis.com/translate_a/single?client=gtx&sl=auto&tl=zh-CN&dt=t&q=The+Northern+Marianas+emergency+management+office%0Asaid+that+there+were+no+damages+reported+in+the+nation. "HTTP/1.1 200 OK"
HTTP Request: GET https://translate.googleapis.com/translate_a/single?client=gtx&sl=auto&tl=zh-CN&dt=t&q=As+a+result%2C%0Athe+process%0Aof+an+organization+working+together+to+overcome+an+obstacle+can+lead+to+a+new+innovative+process+to+serve+the+customer%27s+need. "HTTP/1.1 200 OK"
HTTP Request: GET https://translate.googleapis.com/translate_a/single?client=gtx&sl=auto&tl=zh-CN&dt=t&q=Ancient+cultures+and+tribes+began+to+keep+them+for+easy+access+to+milk%2C%0Ahair%2C+meat%2C+and+skins. "HTTP/1.1 200 OK"
HTTP Request: GET https://translate.googleapis.com/translate_a/single?client=gtx&sl=auto&tl=zh-CN&dt=t&q=Ancient+China+had+a+unique+way%0Aof+showing+different+time+periods%3B%0Aeach+stage+of+China+or+each+family+that+was+in+power+was+a+distinctive+dynasty. "HTTP/1.1 200 OK"
HTTP Request: GET https://translate.googleapis.com/translate_a/single?client=gtx&sl=auto&tl=zh-CN&dt=t&q=Researchers+from+Princeton+University+in+the+United+States+and+Uppsala+University+in+Sweden+reported+the+new+species+evolved+in+just+two+generations%2C "HTTP/1.1 200 OK"
HTTP Request: GET https://translate.googleapis.com/translate_a/single?client=gtx&sl=auto&tl=zh-CN&dt=t&q=Researchers+from+Princeton+University+in+the+United+States+and+Uppsala+University+in+Sweden+reported+the+new+species+evolved+in+just+two+generations%2C%0Athough+this+process+had+been+believed+to+take+much+longer%2C "HTTP/1.1 200 OK"
HTTP Request: GET https://translate.googleapis.com/translate_a/single?client=gtx&sl=auto&tl=zh-CN&dt=t&q=The+Giza+Plateau%2C%0Aor+%22Giza+Necropolis%22+in+the+Egyptian+Valley+of+the+Dead%0Acontains+several+pyramids+%28of+which+the+great+pyramid+is+the+largest%29%2C%0Aseveral+small+tombs%2C+several+temples%2C+and+the+great+Sphinx. "HTTP/1.1 200 OK"
HTTP Request: GET https://translate.googleapis.com/translate_a/single?client=gtx&sl=auto&tl=zh-CN&dt=t&q=The+U.S.+Corps+of+Engineers%0Aestimated+that+6+inches+of+rainfall+could+breach+the+previously+damaged+levees. "HTTP/1.1 200 OK"
HTTP Request: GET https://translate.googleapis.com/translate_a/single?client=gtx&sl=auto&tl=zh-CN&dt=t&q=Researchers+from+Princeton+University+in+the+United+States+and+Uppsala+University+in+Sweden+reported+the+new+species+evolved+in+just+two+generations%2C%0Athough+this+process+had+been+believed+to+take+much+longer%2C%0Adue+to+breeding+between+an+endemic+Darwin+finch%2C "HTTP/1.1 200 OK"
HTTP Request: GET https://translate.googleapis.com/translate_a/single?client=gtx&sl=auto&tl=zh-CN&dt=t&q=Researchers+from+Princeton+University+in+the+United+States+and+Uppsala+University+in+Sweden+reported+the+new+species+evolved+in+just+two+generations%2C%0Athough+this+process+had+been+believed+to+take+much+longer%2C%0Adue+to+breeding+between+an+endemic+Darwin+finch%2C%0AGeospiza+fortes%2C "HTTP/1.1 200 OK"
HTTP Request: GET https://translate.googleapis.com/translate_a/single?client=gtx&sl=auto&tl=zh-CN&dt=t&q=Cuomo%2C+53%2C%0Abegan+his+governorship+earlier+this+year+and+signed+a+bill+last+month+legalizing+same-sex+marriage. "HTTP/1.1 200 OK"
HTTP Request: GET https://translate.googleapis.com/translate_a/single?client=gtx&sl=auto&tl=zh-CN&dt=t&q=The+same+month+saw+another+airliner+overrun+a+runway+at+Mashhad+and+strike+a+wall%2C "HTTP/1.1 200 OK"
HTTP Request: GET https://translate.googleapis.com/translate_a/single?client=gtx&sl=auto&tl=zh-CN&dt=t&q=Researchers+from+Princeton+University+in+the+United+States+and+Uppsala+University+in+Sweden+reported+the+new+species+evolved+in+just+two+generations%2C%0Athough+this+process+had+been+believed+to+take+much+longer%2C%0Adue+to+breeding+between+an+endemic+Darwin+finch%2C%0AGeospiza+fortes%2C%0Aand+the+immigrant+cactus+finch%2C "HTTP/1.1 200 OK"
HTTP Request: GET https://translate.googleapis.com/translate_a/single?client=gtx&sl=auto&tl=zh-CN&dt=t&q=Oliver+Sacks%2C%0Ain+his+paper+The+President%27s+Speech%2C "HTTP/1.1 200 OK"
HTTP Request: GET https://translate.googleapis.com/translate_a/single?client=gtx&sl=auto&tl=zh-CN&dt=t&q=In+1990%2C%0Ait+was+added+to+the+list+of+world+heritage+sites+in+danger%2C "HTTP/1.1 200 OK"
HTTP Request: GET https://translate.googleapis.com/translate_a/single?client=gtx&sl=auto&tl=zh-CN&dt=t&q=The+harbor+was+the+site+of+an+infamous+naval+standoff+in+1889%0Awhen+seven+ships+from+Germany%2C+the+US%2C+and+Britain "HTTP/1.1 200 OK"
HTTP Request: GET https://translate.googleapis.com/translate_a/single?client=gtx&sl=auto&tl=zh-CN&dt=t&q=The+same+month+saw+another+airliner+overrun+a+runway+at+Mashhad+and+strike+a+wall%2C%0Akilling+seventeen. "HTTP/1.1 200 OK"
HTTP Request: GET https://translate.googleapis.com/translate_a/single?client=gtx&sl=auto&tl=zh-CN&dt=t&q=Oliver+Sacks%2C%0Ain+his+paper+The+President%27s+Speech%2C%0Aindicated+how+people+who+are+unable+to+understand+speech+because+of+brain+damage "HTTP/1.1 200 OK"
HTTP Request: GET https://translate.googleapis.com/translate_a/single?client=gtx&sl=auto&tl=zh-CN&dt=t&q=In+1990%2C%0Ait+was+added+to+the+list+of+world+heritage+sites+in+danger%2C%0Adue+to+the+threat+of+desert+sands. "HTTP/1.1 200 OK"
HTTP Request: GET https://translate.googleapis.com/translate_a/single?client=gtx&sl=auto&tl=zh-CN&dt=t&q=Researchers+from+Princeton+University+in+the+United+States+and+Uppsala+University+in+Sweden+reported+the+new+species+evolved+in+just+two+generations%2C%0Athough+this+process+had+been+believed+to+take+much+longer%2C%0Adue+to+breeding+between+an+endemic+Darwin+finch%2C%0AGeospiza+fortes%2C%0Aand+the+immigrant+cactus+finch%2C%0AGeospiza+conirostris. "HTTP/1.1 200 OK"
HTTP Request: GET https://translate.googleapis.com/translate_a/single?client=gtx&sl=auto&tl=zh-CN&dt=t&q=The+harbor+was+the+site+of+an+infamous+naval+standoff+in+1889%0Awhen+seven+ships+from+Germany%2C+the+US%2C+and+Britain%0Arefused+to+leave+the+harbor. "HTTP/1.1 200 OK"
HTTP Request: GET https://translate.googleapis.com/translate_a/single?client=gtx&sl=auto&tl=zh-CN&dt=t&q=The+term+bug+is+used+by+entomologists+in+a+formal+sense "HTTP/1.1 200 OK"
HTTP Request: GET https://translate.googleapis.com/translate_a/single?client=gtx&sl=auto&tl=zh-CN&dt=t&q=Oliver+Sacks%2C%0Ain+his+paper+The+President%27s+Speech%2C%0Aindicated+how+people+who+are+unable+to+understand+speech+because+of+brain+damage%0Aare+nevertheless+able+to+assess+sincerity+accurately. "HTTP/1.1 200 OK"
HTTP Request: GET https://translate.googleapis.com/translate_a/single?client=gtx&sl=auto&tl=zh-CN&dt=t&q=The+term+bug+is+used+by+entomologists+in+a+formal+sense%0Afor+this+group+of+insects. "HTTP/1.1 200 OK"
HTTP Request: GET https://translate.googleapis.com/translate_a/single?client=gtx&sl=auto&tl=zh-CN&dt=t&q=The+city%0Ais+also+the+base+to+climb+the+Nyiragongo+volcano "HTTP/1.1 200 OK"
HTTP Request: GET https://translate.googleapis.com/translate_a/single?client=gtx&sl=auto&tl=zh-CN&dt=t&q=Hong+Kong+Island+gives+the+territory+of+Hong+Kong "HTTP/1.1 200 OK"
HTTP Request: GET https://translate.googleapis.com/translate_a/single?client=gtx&sl=auto&tl=zh-CN&dt=t&q=Other+subjects+on+the+agenda+in+Bali "HTTP/1.1 200 OK"
HTTP Request: GET https://translate.googleapis.com/translate_a/single?client=gtx&sl=auto&tl=zh-CN&dt=t&q=Ironing+damp+clothes+can+help+them+dry.%0AMany+hotels+have+an+iron+and+ironing+board+available+for+loan%2C "HTTP/1.1 200 OK"
HTTP Request: GET https://translate.googleapis.com/translate_a/single?client=gtx&sl=auto&tl=zh-CN&dt=t&q=While+he+was+working+at+the+hospital%0ALiggins+began+to+investigate+premature+labor+during+his+spare+time. "HTTP/1.1 200 OK"
HTTP Request: GET https://translate.googleapis.com/translate_a/single?client=gtx&sl=auto&tl=zh-CN&dt=t&q=The+official+Falklands+currency+is+the+Falkland+pound "HTTP/1.1 200 OK"
HTTP Request: GET https://translate.googleapis.com/translate_a/single?client=gtx&sl=auto&tl=zh-CN&dt=t&q=The+city%0Ais+also+the+base+to+climb+the+Nyiragongo+volcano%0Aalong+with+some+of+the+cheapest+Mountain+Gorilla+tracking+in+Africa. "HTTP/1.1 200 OK"
HTTP Request: GET https://translate.googleapis.com/translate_a/single?client=gtx&sl=auto&tl=zh-CN&dt=t&q=Hong+Kong+Island+gives+the+territory+of+Hong+Kong%0Aits+name "HTTP/1.1 200 OK"
HTTP Request: GET https://translate.googleapis.com/translate_a/single?client=gtx&sl=auto&tl=zh-CN&dt=t&q=The+official+Falklands+currency+is+the+Falkland+pound%0A%28FKP%29 "HTTP/1.1 200 OK"
HTTP Request: GET https://translate.googleapis.com/translate_a/single?client=gtx&sl=auto&tl=zh-CN&dt=t&q=You+can+use+boda-boda+%28motorcycle+taxi%29%0Ato+get+around+Goma.%0AThe+normal+%28local%29+price+is+~500+Congolese+Francs+for+the+short+ride. "HTTP/1.1 200 OK"
HTTP Request: GET https://translate.googleapis.com/translate_a/single?client=gtx&sl=auto&tl=zh-CN&dt=t&q=Other+subjects+on+the+agenda+in+Bali%0Ainclude+saving+the+world%27s+remaining+forests%2C "HTTP/1.1 200 OK"
HTTP Request: GET https://translate.googleapis.com/translate_a/single?client=gtx&sl=auto&tl=zh-CN&dt=t&q=Ironing+damp+clothes+can+help+them+dry.%0AMany+hotels+have+an+iron+and+ironing+board+available+for+loan%2C%0Aeven+if+one+is+not+present+in+the+room. "HTTP/1.1 200 OK"
HTTP Request: GET https://translate.googleapis.com/translate_a/single?client=gtx&sl=auto&tl=zh-CN&dt=t&q=Hong+Kong+Island+gives+the+territory+of+Hong+Kong%0Aits+name%0Aand+is+the+place+that+many+tourists+regard+as+the+main+focus. "HTTP/1.1 200 OK"
HTTP Request: GET https://translate.googleapis.com/translate_a/single?client=gtx&sl=auto&tl=zh-CN&dt=t&q=The+official+Falklands+currency+is+the+Falkland+pound%0A%28FKP%29%0Awhose+value+is+set+equivalent+to+that+of+one+British+pound+%28GBP%29. "HTTP/1.1 200 OK"
HTTP Request: GET https://translate.googleapis.com/translate_a/single?client=gtx&sl=auto&tl=zh-CN&dt=t&q=Other+subjects+on+the+agenda+in+Bali%0Ainclude+saving+the+world%27s+remaining+forests%2C%0Aand+sharing+technologies+to+help+developing+nations+grow+in+less-polluting+ways. "HTTP/1.1 200 OK"
HTTP Request: GET https://translate.googleapis.com/translate_a/single?client=gtx&sl=auto&tl=zh-CN&dt=t&q=All+nouns%2C+alongside+the+word+Sie+for+you%2C "HTTP/1.1 200 OK"
HTTP Request: GET https://translate.googleapis.com/translate_a/single?client=gtx&sl=auto&tl=zh-CN&dt=t&q=All+nouns%2C+alongside+the+word+Sie+for+you%2C%0Aalways+begin+with+a+capital+letter%2C "HTTP/1.1 200 OK"
HTTP Request: GET https://translate.googleapis.com/translate_a/single?client=gtx&sl=auto&tl=zh-CN&dt=t&q=In+just+two+weeks+the+Americans+and+Free+French+forces+had+liberated+southern+France "HTTP/1.1 200 OK"
HTTP Request: GET https://translate.googleapis.com/translate_a/single?client=gtx&sl=auto&tl=zh-CN&dt=t&q=All+nouns%2C+alongside+the+word+Sie+for+you%2C%0Aalways+begin+with+a+capital+letter%2C%0Aeven+in+the+middle+of+a+sentence. "HTTP/1.1 200 OK"
HTTP Request: GET https://translate.googleapis.com/translate_a/single?client=gtx&sl=auto&tl=zh-CN&dt=t&q=In+just+two+weeks+the+Americans+and+Free+French+forces+had+liberated+southern+France%0Aand+were+turning+towards+Germany. "HTTP/1.1 200 OK"
HTTP Request: GET https://translate.googleapis.com/translate_a/single?client=gtx&sl=auto&tl=zh-CN&dt=t&q=They+have+feet+with+scales+and+claws%2C%0Athey+lay+eggs%2C%0Aand+they+walk+on+their+two+back+legs+like+a+T-Rex. "HTTP/1.1 200 OK"
HTTP Request: GET https://translate.googleapis.com/translate_a/single?client=gtx&sl=auto&tl=zh-CN&dt=t&q=We+don%27t+know+for+sure%2C%0Abut+it+may+have+had+a+forked+tongue.%0AIts+diet+included+turtles%2C+large+fish%2C+other+mosasaurs%2C "HTTP/1.1 200 OK"
HTTP Request: GET https://translate.googleapis.com/translate_a/single?client=gtx&sl=auto&tl=zh-CN&dt=t&q=We+don%27t+know+for+sure%2C%0Abut+it+may+have+had+a+forked+tongue.%0AIts+diet+included+turtles%2C+large+fish%2C+other+mosasaurs%2C%0Aand+it+may+even+have+been+a+cannibal. "HTTP/1.1 200 OK"
HTTP Request: GET https://translate.googleapis.com/translate_a/single?client=gtx&sl=auto&tl=zh-CN&dt=t&q=Lion+prides+act+much+like+packs+of+wolves+or+dogs%2C%0Aanimals+surprisingly+similar+to+lions+%28but+not+other+big+cats%29%0Ain+behavior%2C%0Aand+also+very+deadly+to+their+prey. "HTTP/1.1 200 OK"
HTTP Request: GET https://translate.googleapis.com/translate_a/single?client=gtx&sl=auto&tl=zh-CN&dt=t&q=Needless+to+say%2C+if+you+know+a+Romance+language%2C "HTTP/1.1 200 OK"
HTTP Request: GET https://translate.googleapis.com/translate_a/single?client=gtx&sl=auto&tl=zh-CN&dt=t&q=Goats+seem+to+have+been+first+domesticated+roughly+10%2C000+years%0Aago+in+the+Zagros+Mountains+of+Iran. "HTTP/1.1 200 OK"
HTTP Request: GET https://translate.googleapis.com/translate_a/single?client=gtx&sl=auto&tl=zh-CN&dt=t&q=The+two+compounds+react+with+one+another+to+form+crystals+that+may+block+kidney+function%2C "HTTP/1.1 200 OK"
HTTP Request: GET https://translate.googleapis.com/translate_a/single?client=gtx&sl=auto&tl=zh-CN&dt=t&q=A+curry+is+a+dish+based+on+herbs+and+spices%2C "HTTP/1.1 200 OK"
HTTP Request: GET https://translate.googleapis.com/translate_a/single?client=gtx&sl=auto&tl=zh-CN&dt=t&q=In+fact%2C%0Ait+is+not+easy+to+find+at+all+even+if+one+knew+it+existed.%0AOnce+inside+the+cave%2C+it+is+a+total+isolation. "HTTP/1.1 200 OK"
HTTP Request: GET https://translate.googleapis.com/translate_a/single?client=gtx&sl=auto&tl=zh-CN&dt=t&q=Needless+to+say%2C+if+you+know+a+Romance+language%2C%0Ait+will+be+easier+for+you+to+learn+Portuguese. "HTTP/1.1 200 OK"
HTTP Request: GET https://translate.googleapis.com/translate_a/single?client=gtx&sl=auto&tl=zh-CN&dt=t&q=The+two+compounds+react+with+one+another+to+form+crystals+that+may+block+kidney+function%2C%0Aresearchers+at+the+university+said. "HTTP/1.1 200 OK"
HTTP Request: GET https://translate.googleapis.com/translate_a/single?client=gtx&sl=auto&tl=zh-CN&dt=t&q=A+curry+is+a+dish+based+on+herbs+and+spices%2C%0Atogether+with+either+meat+or+vegetables. "HTTP/1.1 200 OK"
HTTP Request: GET https://translate.googleapis.com/translate_a/single?client=gtx&sl=auto&tl=zh-CN&dt=t&q=Barcelona%27s+official+languages+are+Catalan+and+Spanish. "HTTP/1.1 200 OK"
HTTP Request: GET https://translate.googleapis.com/translate_a/single?client=gtx&sl=auto&tl=zh-CN&dt=t&q=Prior+to+the+arrival+of+troops%2C%0AHaiti+had+not+encountered+problems+related+to+the+disease+since+the+1800s. "HTTP/1.1 200 OK"
HTTP Request: GET https://translate.googleapis.com/translate_a/single?client=gtx&sl=auto&tl=zh-CN&dt=t&q=During+the+1920s%2C%0Athe+prevailing+attitudes+of+most+citizens+and+nations+was+that+of+pacifism+and+isolation. "HTTP/1.1 200 OK"
HTTP Request: GET https://translate.googleapis.com/translate_a/single?client=gtx&sl=auto&tl=zh-CN&dt=t&q=Cocham%C3%B3+Valley+-+Chile%27s+premier+climbing+destination%2C%0Aknown+as+the+Yosemite+of+South+America%2C%0Awith+a+variety+of+granite+big+walls+and+crags. "HTTP/1.1 200 OK"
HTTP Request: GET https://translate.googleapis.com/translate_a/single?client=gtx&sl=auto&tl=zh-CN&dt=t&q=Barcelona%27s+official+languages+are+Catalan+and+Spanish.%0AAbout+a+half+prefer+to+speak+Catalan%2C "HTTP/1.1 200 OK"
HTTP Request: GET https://translate.googleapis.com/translate_a/single?client=gtx&sl=auto&tl=zh-CN&dt=t&q=Four+skiers+in+the+women%27s+sitting+group%0Afailed+to+finish+their+runs%2C%0Aand+45+of+the+117+total+skiers+in+the+Giant+Slalom "HTTP/1.1 200 OK"
HTTP Request: GET https://translate.googleapis.com/translate_a/single?client=gtx&sl=auto&tl=zh-CN&dt=t&q=Resting+on+the+top+of+one+of+the+mountains%0Anorth+of+Mecca%2C%0Athe+cave+is+completely+isolated+from+the+rest+of+the+world. "HTTP/1.1 200 OK"
HTTP Request: GET https://translate.googleapis.com/translate_a/single?client=gtx&sl=auto&tl=zh-CN&dt=t&q=Barcelona%27s+official+languages+are+Catalan+and+Spanish.%0AAbout+a+half+prefer+to+speak+Catalan%2C%0Aa+vast+majority+understands+it%2C+and+virtually+everyone+knows+Spanish. "HTTP/1.1 200 OK"
HTTP Request: GET https://translate.googleapis.com/translate_a/single?client=gtx&sl=auto&tl=zh-CN&dt=t&q=Four+skiers+in+the+women%27s+sitting+group%0Afailed+to+finish+their+runs%2C%0Aand+45+of+the+117+total+skiers+in+the+Giant+Slalom%0Afailed+to+rank+in+the+race. "HTTP/1.1 200 OK"
HTTP Request: GET https://translate.googleapis.com/translate_a/single?client=gtx&sl=auto&tl=zh-CN&dt=t&q=The+job%0Aof+navies%0Ahas+traditionally+been+to+ensure+that+your+country+maintains+the+ability+to+move+your+people+and+goods%2C%0Awhile+at+the+same+time%2C%0Ainterfering+with+your+enemy%27s+ability+to+move+his+people+and+goods. "HTTP/1.1 200 OK"
HTTP Request: GET https://translate.googleapis.com/translate_a/single?client=gtx&sl=auto&tl=zh-CN&dt=t&q=He+added+that+%22they+should+not%2C+however%2C "HTTP/1.1 200 OK"
HTTP Request: GET https://translate.googleapis.com/translate_a/single?client=gtx&sl=auto&tl=zh-CN&dt=t&q=Women%3A%0AIt+is+recommended+that+any+women+travellers+say+that+they+are+married%2C+regardless+of+actual+marital+status. "HTTP/1.1 200 OK"
HTTP Request: GET https://translate.googleapis.com/translate_a/single?client=gtx&sl=auto&tl=zh-CN&dt=t&q=Professor+Pamela+Ferguson+of+the+University+of+Dundee "HTTP/1.1 200 OK"
HTTP Request: GET https://translate.googleapis.com/translate_a/single?client=gtx&sl=auto&tl=zh-CN&dt=t&q=He+added+that+%22they+should+not%2C+however%2C%0Abe+asked+to+take+on+obligations+that+go+beyond+their+development+stage%2C "HTTP/1.1 200 OK"
HTTP Request: GET https://translate.googleapis.com/translate_a/single?client=gtx&sl=auto&tl=zh-CN&dt=t&q=Professor+Pamela+Ferguson+of+the+University+of+Dundee%0Anotes+%22journalists "HTTP/1.1 200 OK"
HTTP Request: GET https://translate.googleapis.com/translate_a/single?client=gtx&sl=auto&tl=zh-CN&dt=t&q=He+added+that+%22they+should+not%2C+however%2C%0Abe+asked+to+take+on+obligations+that+go+beyond+their+development+stage%2C%0Aresponsibility+and+capabilities.%22 "HTTP/1.1 200 OK"
HTTP Request: GET https://translate.googleapis.com/translate_a/single?client=gtx&sl=auto&tl=zh-CN&dt=t&q=Finally%2C%0Athere+are+many+small+cats+%28including+loose+pet+cats%29%0Athat+eat+the+far+more+numerous+small+prey+like+insects%2C+rodents%2C+lizards%2C+and+birds. "HTTP/1.1 200 OK"
HTTP Request: GET https://translate.googleapis.com/translate_a/single?client=gtx&sl=auto&tl=zh-CN&dt=t&q=Professor+Pamela+Ferguson+of+the+University+of+Dundee%0Anotes+%22journalists%0Ado+seem+to+be+walking+a+dangerous+line+if+publishing+photos+etc+of+suspects.%22 "HTTP/1.1 200 OK"
HTTP Request: GET https://translate.googleapis.com/translate_a/single?client=gtx&sl=auto&tl=zh-CN&dt=t&q=If+you+have+watched+the+movie+National+Treasure%2C "HTTP/1.1 200 OK"
HTTP Request: GET https://translate.googleapis.com/translate_a/single?client=gtx&sl=auto&tl=zh-CN&dt=t&q=In+the+north+the+region+is+bounded+by+the+Sahel%2C "HTTP/1.1 200 OK"
HTTP Request: GET https://translate.googleapis.com/translate_a/single?client=gtx&sl=auto&tl=zh-CN&dt=t&q=If+you+have+watched+the+movie+National+Treasure%2C%0Ayou+may+think+a+treasure+map "HTTP/1.1 200 OK"
HTTP Request: GET https://translate.googleapis.com/translate_a/single?client=gtx&sl=auto&tl=zh-CN&dt=t&q=In+the+north+the+region+is+bounded+by+the+Sahel%2C%0Aand+in+the+south+and+west+by+the+Atlantic+Ocean. "HTTP/1.1 200 OK"
HTTP Request: GET https://translate.googleapis.com/translate_a/single?client=gtx&sl=auto&tl=zh-CN&dt=t&q=The+composition+of+these+crystals%0Amatches+those+found+in+the+urine+of+affected+pets+when+compared+by+infrared+spectroscopy+%28FTIR%29. "HTTP/1.1 200 OK"
HTTP Request: GET https://translate.googleapis.com/translate_a/single?client=gtx&sl=auto&tl=zh-CN&dt=t&q=Vatican+City%27s+population%0Ais+around+800.%0AIt+is+the+smallest+independent+country+in+the+world+and+the+country+with+the+lowest+population. "HTTP/1.1 200 OK"
HTTP Request: GET https://translate.googleapis.com/translate_a/single?client=gtx&sl=auto&tl=zh-CN&dt=t&q=The+aspect+ratio+of+this+format+%28dividing+by+twelve+to+obtain+the+simplest+whole-number+ratio%29 "HTTP/1.1 200 OK"
HTTP Request: GET https://translate.googleapis.com/translate_a/single?client=gtx&sl=auto&tl=zh-CN&dt=t&q=If+you+have+watched+the+movie+National+Treasure%2C%0Ayou+may+think+a+treasure+map%0Awas+written+on+the+back+of+the+Declaration+of+Independence. "HTTP/1.1 200 OK"
HTTP Request: GET https://translate.googleapis.com/translate_a/single?client=gtx&sl=auto&tl=zh-CN&dt=t&q=The+aspect+ratio+of+this+format+%28dividing+by+twelve+to+obtain+the+simplest+whole-number+ratio%29%0Ais+therefore "HTTP/1.1 200 OK"
HTTP Request: GET https://translate.googleapis.com/translate_a/single?client=gtx&sl=auto&tl=zh-CN&dt=t&q=It+is+one+of+the+main+attractions+of+South+Africa%0Aand+it+is+considered%0Athe+flagship+of+South+African+National+Parks+%28SANParks%29. "HTTP/1.1 200 OK"
HTTP Request: GET https://translate.googleapis.com/translate_a/single?client=gtx&sl=auto&tl=zh-CN&dt=t&q=Scaffolding+is+not+a+method+of+learning%0Abut+rather+an+aid+that+provides+support+to+individuals "HTTP/1.1 200 OK"
HTTP Request: GET https://translate.googleapis.com/translate_a/single?client=gtx&sl=auto&tl=zh-CN&dt=t&q=The+aspect+ratio+of+this+format+%28dividing+by+twelve+to+obtain+the+simplest+whole-number+ratio%29%0Ais+therefore%0Asaid+to+be+3%3A2. "HTTP/1.1 200 OK"
HTTP Request: GET https://translate.googleapis.com/translate_a/single?client=gtx&sl=auto&tl=zh-CN&dt=t&q=Scaffolding+is+not+a+method+of+learning%0Abut+rather+an+aid+that+provides+support+to+individuals%0Awhom+are+undergoing+a+new+learning+experience "HTTP/1.1 200 OK"
HTTP Request: GET https://translate.googleapis.com/translate_a/single?client=gtx&sl=auto&tl=zh-CN&dt=t&q=The+pyramid+sound+and+light+show%0Ais+one+of+the+most+interesting+things+in+the+area+for+kids. "HTTP/1.1 200 OK"
HTTP Request: GET https://translate.googleapis.com/translate_a/single?client=gtx&sl=auto&tl=zh-CN&dt=t&q=It+is+related+to+but+usually+not+involving+alpine+style+ski+touring%0Aor+mountaineering%2C%0Athe+latter+ones+done+in+steep+terrain%0Aand+requiring+much+stiffer+skis+and+boots. "HTTP/1.1 200 OK"
HTTP Request: GET https://translate.googleapis.com/translate_a/single?client=gtx&sl=auto&tl=zh-CN&dt=t&q=His+work+is+of+such+recognized+quality%0Aand+detail+that+he+is+one+of+the+very+few+%22household+names%22 "HTTP/1.1 200 OK"
HTTP Request: GET https://translate.googleapis.com/translate_a/single?client=gtx&sl=auto&tl=zh-CN&dt=t&q=Regular+announcements+in+the+Metro%0Aare+made+only+in+Catalan%2C%0Abut+unplanned+disruptions+are+announced+by+an+automated+system%0Ain+a+wide+variety+of+languages+including+Spanish%2C+English%2C+French%2C+Arabic+and+Japanese. "HTTP/1.1 200 OK"
HTTP Request: GET https://translate.googleapis.com/translate_a/single?client=gtx&sl=auto&tl=zh-CN&dt=t&q=Scaffolding+is+not+a+method+of+learning%0Abut+rather+an+aid+that+provides+support+to+individuals%0Awhom+are+undergoing+a+new+learning+experience%0Asuch+as+using+a+new+computer+program+or+beginning+a+new+project. "HTTP/1.1 200 OK"
HTTP Request: GET https://translate.googleapis.com/translate_a/single?client=gtx&sl=auto&tl=zh-CN&dt=t&q=His+work+is+of+such+recognized+quality%0Aand+detail+that+he+is+one+of+the+very+few+%22household+names%22%0Aamong+philatelists. "HTTP/1.1 200 OK"
HTTP Request: GET https://translate.googleapis.com/translate_a/single?client=gtx&sl=auto&tl=zh-CN&dt=t&q=People+have+known+about+basic+chemical+elements+such+as+gold%2C "HTTP/1.1 200 OK"
HTTP Request: GET https://translate.googleapis.com/translate_a/single?client=gtx&sl=auto&tl=zh-CN&dt=t&q=Plants+look+their+best+when+in+a+natural+environment%2C "HTTP/1.1 200 OK"
HTTP Request: GET https://translate.googleapis.com/translate_a/single?client=gtx&sl=auto&tl=zh-CN&dt=t&q=His+work+is+of+such+recognized+quality%0Aand+detail+that+he+is+one+of+the+very+few+%22household+names%22%0Aamong+philatelists.%0ASome+specialize+in+collecting+his+work+alone. "HTTP/1.1 200 OK"
HTTP Request: GET https://translate.googleapis.com/translate_a/single?client=gtx&sl=auto&tl=zh-CN&dt=t&q=Apia+is+the+capital+of+Samoa.%0AThe+town+is+on+the+island+of+Upolu%0Aand+has+a+population+of+just+under+40%2C000. "HTTP/1.1 200 OK"
HTTP Request: GET https://translate.googleapis.com/translate_a/single?client=gtx&sl=auto&tl=zh-CN&dt=t&q=People+have+known+about+basic+chemical+elements+such+as+gold%2C%0Asilver%2C "HTTP/1.1 200 OK"
HTTP Request: GET https://translate.googleapis.com/translate_a/single?client=gtx&sl=auto&tl=zh-CN&dt=t&q=Plants+look+their+best+when+in+a+natural+environment%2C%0Aso+resist+the+temptation+to+remove+even+%22just+one%22+specimen. "HTTP/1.1 200 OK"
HTTP Request: GET https://translate.googleapis.com/translate_a/single?client=gtx&sl=auto&tl=zh-CN&dt=t&q=People+have+known+about+basic+chemical+elements+such+as+gold%2C%0Asilver%2C%0Aand+copper+from+antiquity%2C "HTTP/1.1 200 OK"
HTTP Request: GET https://translate.googleapis.com/translate_a/single?client=gtx&sl=auto&tl=zh-CN&dt=t&q=Several+large+television+screens%0Awere+installed+in+various+places+in+Rome+to+let+the+people+watch+the+ceremony. "HTTP/1.1 200 OK"
HTTP Request: GET https://translate.googleapis.com/translate_a/single?client=gtx&sl=auto&tl=zh-CN&dt=t&q=Due+to+the+underwater+topology%0Athe+return+flow+is+concentrated+at+a+few+deeper+sections%2C "HTTP/1.1 200 OK"
HTTP Request: GET https://translate.googleapis.com/translate_a/single?client=gtx&sl=auto&tl=zh-CN&dt=t&q=Due+to+the+underwater+topology%0Athe+return+flow+is+concentrated+at+a+few+deeper+sections%2C%0Aand+a+fast+current+to+deep+water+may+form+there. "HTTP/1.1 200 OK"
HTTP Request: GET https://translate.googleapis.com/translate_a/single?client=gtx&sl=auto&tl=zh-CN&dt=t&q=Bishkek+was+described+as+sinking+into+a+state+of+%22anarchy%22 "HTTP/1.1 200 OK"
HTTP Request: GET https://translate.googleapis.com/translate_a/single?client=gtx&sl=auto&tl=zh-CN&dt=t&q=USA+Gymnastics+and+the+USOC+have+the+same+goal+%E2%80%94%0Amaking+the+sport+of+gymnastics%2C%0Aand+others%2C%0Aas+safe+as+possible+for+athletes+to+follow+their+dreams+in+a+safe%2C+positive+and+empowered+environment. "HTTP/1.1 200 OK"
HTTP Request: GET https://translate.googleapis.com/translate_a/single?client=gtx&sl=auto&tl=zh-CN&dt=t&q=Greenland+was+settled+sparsely.%0AIn+the+Norse+sagas+they+say+that+Erik+the+Red+was+exiled+from+Iceland+for+murder%2C "HTTP/1.1 200 OK"
HTTP Request: GET https://translate.googleapis.com/translate_a/single?client=gtx&sl=auto&tl=zh-CN&dt=t&q=People+have+known+about+basic+chemical+elements+such+as+gold%2C%0Asilver%2C%0Aand+copper+from+antiquity%2C%0Aas+these+can+all+be+discovered+in+nature+in+native+form+and+are+relatively+simple+to+mine+with+primitive+tools. "HTTP/1.1 200 OK"
HTTP Request: GET https://translate.googleapis.com/translate_a/single?client=gtx&sl=auto&tl=zh-CN&dt=t&q=First+among+its+78+recommendations+is+that+a+new+diplomatic+initiative "HTTP/1.1 200 OK"
HTTP Request: GET https://translate.googleapis.com/translate_a/single?client=gtx&sl=auto&tl=zh-CN&dt=t&q=Bishkek+was+described+as+sinking+into+a+state+of+%22anarchy%22%0Aby+one+observer%2C "HTTP/1.1 200 OK"
HTTP Request: GET https://translate.googleapis.com/translate_a/single?client=gtx&sl=auto&tl=zh-CN&dt=t&q=Greenland+was+settled+sparsely.%0AIn+the+Norse+sagas+they+say+that+Erik+the+Red+was+exiled+from+Iceland+for+murder%2C%0Aand+when+travelling+further+west%2C "HTTP/1.1 200 OK"
HTTP Request: GET https://translate.googleapis.com/translate_a/single?client=gtx&sl=auto&tl=zh-CN&dt=t&q=First+among+its+78+recommendations+is+that+a+new+diplomatic+initiative%0Ashould+be+taken+before+the+end+of+this+year "HTTP/1.1 200 OK"
HTTP Request: GET https://translate.googleapis.com/translate_a/single?client=gtx&sl=auto&tl=zh-CN&dt=t&q=Bishkek+was+described+as+sinking+into+a+state+of+%22anarchy%22%0Aby+one+observer%2C%0Aas+gangs+of+people+roamed+the+streets+and+plundered+stores+of+consumer+goods. "HTTP/1.1 200 OK"
HTTP Request: GET https://translate.googleapis.com/translate_a/single?client=gtx&sl=auto&tl=zh-CN&dt=t&q=Greenland+was+settled+sparsely.%0AIn+the+Norse+sagas+they+say+that+Erik+the+Red+was+exiled+from+Iceland+for+murder%2C%0Aand+when+travelling+further+west%2C%0Afound+Greenland+and+named+it+Greenland. "HTTP/1.1 200 OK"
HTTP Request: GET https://translate.googleapis.com/translate_a/single?client=gtx&sl=auto&tl=zh-CN&dt=t&q=First+among+its+78+recommendations+is+that+a+new+diplomatic+initiative%0Ashould+be+taken+before+the+end+of+this+year%0Ato+secure+Iraq%E2%80%99s+borders "HTTP/1.1 200 OK"
HTTP Request: GET https://translate.googleapis.com/translate_a/single?client=gtx&sl=auto&tl=zh-CN&dt=t&q=First+among+its+78+recommendations+is+that+a+new+diplomatic+initiative%0Ashould+be+taken+before+the+end+of+this+year%0Ato+secure+Iraq%E2%80%99s+borders%0Aagainst+hostile+interventions+and+to+re-establish+diplomatic+relations+with+its+neighbors. "HTTP/1.1 200 OK"
/home/mobility/STiTy/.venv-autoseg/lib/python3.10/site-packages/pytorch_lightning/utilities/_pytree.py:21: `isinstance(treespec, LeafSpec)` is deprecated, use `isinstance(treespec, TreeSpec) and treespec.is_leaf()` instead.
Chinese   T=8   laal 4.894  eff 0.7329  adq 0.8125  contra 0.0976  cons 0.7651  k 2.8
HTTP Request: GET https://translate.googleapis.com/translate_a/single?client=gtx&sl=auto&tl=zh-CN&dt=t&q=Generally+speaking%2C+two+behaviors+can+emerge+as+managers+begin+to+lead+their+former+peers. "HTTP/1.1 200 OK"
HTTP Request: GET https://translate.googleapis.com/translate_a/single?client=gtx&sl=auto&tl=zh-CN&dt=t&q=Generally+speaking%2C+two+behaviors+can+emerge+as+managers+begin+to+lead+their+former+peers.%0AOne+end+of+the+spectrum+is+trying+to+remain+%E2%80%9Cone+of+the+guys%E2%80%9D+%28or+gals%29. "HTTP/1.1 200 OK"
HTTP Request: GET https://translate.googleapis.com/translate_a/single?client=gtx&sl=auto&tl=zh-CN&dt=t&q=Virtual+Scaffolds+are+internalized+in+the+software+and+are+meant+to+question%2C "HTTP/1.1 200 OK"
HTTP Request: GET https://translate.googleapis.com/translate_a/single?client=gtx&sl=auto&tl=zh-CN&dt=t&q=We+agree+with+the+USOC%27s+statement+that+the+interests+of+our+athletes+and+clubs%2C%0Aand+their+sport%2C+may+be+better+served+by+moving+forward+with+meaningful+change+within+our+organization%2C "HTTP/1.1 200 OK"
HTTP Request: GET https://translate.googleapis.com/translate_a/single?client=gtx&sl=auto&tl=zh-CN&dt=t&q=The+central+authority+of+the+church+had+been+in+Rome+for+over+a+thousand+years "HTTP/1.1 200 OK"
HTTP Request: GET https://translate.googleapis.com/translate_a/single?client=gtx&sl=auto&tl=zh-CN&dt=t&q=Sleep+interruption+is+the+process+of+purposefully+awakening+during+your+normal+sleep+period%0Aand+falling+asleep+a+short+time+later+%2810%E2%80%9360+minutes%29. "HTTP/1.1 200 OK"
HTTP Request: GET https://translate.googleapis.com/translate_a/single?client=gtx&sl=auto&tl=zh-CN&dt=t&q=The+central+authority+of+the+church+had+been+in+Rome+for+over+a+thousand+years%0Aand+this+concentration+of+power+and+money "HTTP/1.1 200 OK"
HTTP Request: GET https://translate.googleapis.com/translate_a/single?client=gtx&sl=auto&tl=zh-CN&dt=t&q=We+agree+with+the+USOC%27s+statement+that+the+interests+of+our+athletes+and+clubs%2C%0Aand+their+sport%2C+may+be+better+served+by+moving+forward+with+meaningful+change+within+our+organization%2C%0Arather+than+decertification. "HTTP/1.1 200 OK"
HTTP Request: GET https://translate.googleapis.com/translate_a/single?client=gtx&sl=auto&tl=zh-CN&dt=t&q=The+central+authority+of+the+church+had+been+in+Rome+for+over+a+thousand+years%0Aand+this+concentration+of+power+and+money%0Aled+many+to+question+whether+this+tenet+was+being+met. "HTTP/1.1 200 OK"
HTTP Request: GET https://translate.googleapis.com/translate_a/single?client=gtx&sl=auto&tl=zh-CN&dt=t&q=Alloys+are+basically+a+mixture+of+two+or+more+metals.+Don%27t+forget+that+there+are+many+elements "HTTP/1.1 200 OK"
HTTP Request: GET https://translate.googleapis.com/translate_a/single?client=gtx&sl=auto&tl=zh-CN&dt=t&q=Buses+depart+the+inter-district+bus+station+%28across+the+river%29 "HTTP/1.1 200 OK"
HTTP Request: GET https://translate.googleapis.com/translate_a/single?client=gtx&sl=auto&tl=zh-CN&dt=t&q=As+a+result%2C+the+performers+smoke+cannabis+joints+on+stage%2C "HTTP/1.1 200 OK"
HTTP Request: GET https://translate.googleapis.com/translate_a/single?client=gtx&sl=auto&tl=zh-CN&dt=t&q=We+make+our+houses+from+plants+and+make+clothes+from+plants.+Most+foods+that+we+eat+are+plants.+Without+plants%2C "HTTP/1.1 200 OK"
HTTP Request: GET https://translate.googleapis.com/translate_a/single?client=gtx&sl=auto&tl=zh-CN&dt=t&q=The+word+civilization+comes+from+the+Latin+civilis%2C+meaning+civil%2C+related+to+the+Latin+civis%2C+meaning+citizen%2C "HTTP/1.1 200 OK"
HTTP Request: GET https://translate.googleapis.com/translate_a/single?client=gtx&sl=auto&tl=zh-CN&dt=t&q=Alloys+are+basically+a+mixture+of+two+or+more+metals.+Don%27t+forget+that+there+are+many+elements%0Aon+the+periodic+table. "HTTP/1.1 200 OK"
HTTP Request: GET https://translate.googleapis.com/translate_a/single?client=gtx&sl=auto&tl=zh-CN&dt=t&q=Also+to+the+north+visit+the+great+Sanctuary+of+Our+Lady+of+Fatima+%28Shrine%29%2C "HTTP/1.1 200 OK"
HTTP Request: GET https://translate.googleapis.com/translate_a/single?client=gtx&sl=auto&tl=zh-CN&dt=t&q=Buses+depart+the+inter-district+bus+station+%28across+the+river%29%0Athroughout+the+day%2C+though+most%2C+especially+those+heading+to+the+east+and+Jakar%2FBumthang+leave+between+06%3A30+and+07%3A30. "HTTP/1.1 200 OK"
HTTP Request: GET https://translate.googleapis.com/translate_a/single?client=gtx&sl=auto&tl=zh-CN&dt=t&q=The+word+civilization+comes+from+the+Latin+civilis%2C+meaning+civil%2C+related+to+the+Latin+civis%2C+meaning+citizen%2C%0Aand+civitas%2C+meaning+city+or+city-state%2C "HTTP/1.1 200 OK"
HTTP Request: GET https://translate.googleapis.com/translate_a/single?client=gtx&sl=auto&tl=zh-CN&dt=t&q=We+make+our+houses+from+plants+and+make+clothes+from+plants.+Most+foods+that+we+eat+are+plants.+Without+plants%2C%0Aanimals+could+not+survive. "HTTP/1.1 200 OK"
HTTP Request: GET https://translate.googleapis.com/translate_a/single?client=gtx&sl=auto&tl=zh-CN&dt=t&q=As+a+result%2C+the+performers+smoke+cannabis+joints+on+stage%2C%0Aand+the+theatre+itself+is+encouraging+the+audience+to+join+in. "HTTP/1.1 200 OK"
HTTP Request: GET https://translate.googleapis.com/translate_a/single?client=gtx&sl=auto&tl=zh-CN&dt=t&q=Also+to+the+north+visit+the+great+Sanctuary+of+Our+Lady+of+Fatima+%28Shrine%29%2C%0Aa+place+of+worldwide+famous+Marian+apparitions. "HTTP/1.1 200 OK"
HTTP Request: GET https://translate.googleapis.com/translate_a/single?client=gtx&sl=auto&tl=zh-CN&dt=t&q=Ancient+China+had+a+unique+way+of+showing+different+time+periods%3B "HTTP/1.1 200 OK"
HTTP Request: GET https://translate.googleapis.com/translate_a/single?client=gtx&sl=auto&tl=zh-CN&dt=t&q=The+word+civilization+comes+from+the+Latin+civilis%2C+meaning+civil%2C+related+to+the+Latin+civis%2C+meaning+citizen%2C%0Aand+civitas%2C+meaning+city+or+city-state%2C%0Aand+that+also+somehow+defines+the+size+of+the+society. "HTTP/1.1 200 OK"
HTTP Request: GET https://translate.googleapis.com/translate_a/single?client=gtx&sl=auto&tl=zh-CN&dt=t&q=Virtual+Scaffolds+are+internalized+in+the+software+and+are+meant+to+question%2C%0Aprompt%2C+and+explain+procedures+that+may+have+been+to+challenging+for+the+student+to+handle+alone. "HTTP/1.1 200 OK"
HTTP Request: GET https://translate.googleapis.com/translate_a/single?client=gtx&sl=auto&tl=zh-CN&dt=t&q=Ancient+China+had+a+unique+way+of+showing+different+time+periods%3B%0Aeach+stage+of+China+or+each+family+that+was+in+power+was+a+distinctive+dynasty. "HTTP/1.1 200 OK"
HTTP Request: GET https://translate.googleapis.com/translate_a/single?client=gtx&sl=auto&tl=zh-CN&dt=t&q=Similarly%2C%0Aby+having+a+Schengen+visa%2C+you+do+not+need+to+apply+for+visas+to+each+of+the+Schengen+member+countries+separately%2C+hence+saving+time%2C+money+and+paperwork. "HTTP/1.1 200 OK"
HTTP Request: GET https://translate.googleapis.com/translate_a/single?client=gtx&sl=auto&tl=zh-CN&dt=t&q=At+the+other+end+of+the+spectrum%2C%0Aone+morphs+into+an+unrecognizable+individual "HTTP/1.1 200 OK"
HTTP Request: GET https://translate.googleapis.com/translate_a/single?client=gtx&sl=auto&tl=zh-CN&dt=t&q=While+Goma+is+reasonably+safe%2C%0Aany+visits+outside+of+Goma+should+be+researched+to+understand+the+state+of+the+fighting+that+persists+in+the+North+Kivu+province. "HTTP/1.1 200 OK"
HTTP Request: GET https://translate.googleapis.com/translate_a/single?client=gtx&sl=auto&tl=zh-CN&dt=t&q=Researchers+from+Princeton+University+in+the+United+States+and+Uppsala+University+in+Sweden+reported+the+new+species+evolved+in+just+two+generations%2C%0Athough+this+process+had+been+believed+to+take+much+longer%2C%0Adue+to+breeding+between+an+endemic+Darwin+finch%2C%0AGeospiza+fortes%2C+and+the+immigrant+cactus+finch%2C+Geospiza+conirostris. "HTTP/1.1 200 OK"
HTTP Request: GET https://translate.googleapis.com/translate_a/single?client=gtx&sl=auto&tl=zh-CN&dt=t&q=As+a+result%2C%0Athe+process+of+an+organization+working+together+to+overcome+an+obstacle+can+lead+to+a+new+innovative+process+to+serve+the+customer%27s+need. "HTTP/1.1 200 OK"
HTTP Request: GET https://translate.googleapis.com/translate_a/single?client=gtx&sl=auto&tl=zh-CN&dt=t&q=At+the+other+end+of+the+spectrum%2C%0Aone+morphs+into+an+unrecognizable+individual%0Athat+feels+he+or+she+must+change+everything+the+team+has+been+doing+and+make+it+their+own. "HTTP/1.1 200 OK"
HTTP Request: GET https://translate.googleapis.com/translate_a/single?client=gtx&sl=auto&tl=zh-CN&dt=t&q=Ironing+damp+clothes+can+help+them+dry.%0AMany+hotels+have+an+iron+and+ironing+board+available+for+loan%2C+even+if+one+is+not+present+in+the+room. "HTTP/1.1 200 OK"
HTTP Request: GET https://translate.googleapis.com/translate_a/single?client=gtx&sl=auto&tl=zh-CN&dt=t&q=The+Giza+Plateau%2C+or+%22Giza+Necropolis%22+in+the+Egyptian+Valley+of+the+Dead "HTTP/1.1 200 OK"
HTTP Request: GET https://translate.googleapis.com/translate_a/single?client=gtx&sl=auto&tl=zh-CN&dt=t&q=The+Giza+Plateau%2C+or+%22Giza+Necropolis%22+in+the+Egyptian+Valley+of+the+Dead%0Acontains+several+pyramids+%28of+which+the+great+pyramid+is+the+largest%29%2C "HTTP/1.1 200 OK"
HTTP Request: GET https://translate.googleapis.com/translate_a/single?client=gtx&sl=auto&tl=zh-CN&dt=t&q=The+harbor+was+the+site+of+an+infamous+naval+standoff+in+1889%0Awhen+seven+ships+from+Germany%2C+the+US%2C+and+Britain+refused+to+leave+the+harbor. "HTTP/1.1 200 OK"
HTTP Request: GET https://translate.googleapis.com/translate_a/single?client=gtx&sl=auto&tl=zh-CN&dt=t&q=Oliver+Sacks%2C+in+his+paper+The+President%27s+Speech%2C "HTTP/1.1 200 OK"
HTTP Request: GET https://translate.googleapis.com/translate_a/single?client=gtx&sl=auto&tl=zh-CN&dt=t&q=In+1990%2C%0Ait+was+added+to+the+list+of+world+heritage+sites+in+danger%2C+due+to+the+threat+of+desert+sands. "HTTP/1.1 200 OK"
HTTP Request: GET https://translate.googleapis.com/translate_a/single?client=gtx&sl=auto&tl=zh-CN&dt=t&q=The+Giza+Plateau%2C+or+%22Giza+Necropolis%22+in+the+Egyptian+Valley+of+the+Dead%0Acontains+several+pyramids+%28of+which+the+great+pyramid+is+the+largest%29%2C%0Aseveral+small+tombs%2C+several+temples%2C+and+the+great+Sphinx. "HTTP/1.1 200 OK"
HTTP Request: GET https://translate.googleapis.com/translate_a/single?client=gtx&sl=auto&tl=zh-CN&dt=t&q=The+city+is+also+the+base+to+climb+the+Nyiragongo+volcano "HTTP/1.1 200 OK"
HTTP Request: GET https://translate.googleapis.com/translate_a/single?client=gtx&sl=auto&tl=zh-CN&dt=t&q=You+can+use+boda-boda+%28motorcycle+taxi%29+to+get+around+Goma. "HTTP/1.1 200 OK"
HTTP Request: GET https://translate.googleapis.com/translate_a/single?client=gtx&sl=auto&tl=zh-CN&dt=t&q=We+don%27t+know+for+sure%2C+but+it+may+have+had+a+forked+tongue. "HTTP/1.1 200 OK"
HTTP Request: GET https://translate.googleapis.com/translate_a/single?client=gtx&sl=auto&tl=zh-CN&dt=t&q=The+city+is+also+the+base+to+climb+the+Nyiragongo+volcano%0Aalong+with+some+of+the+cheapest+Mountain+Gorilla+tracking+in+Africa. "HTTP/1.1 200 OK"
HTTP Request: GET https://translate.googleapis.com/translate_a/single?client=gtx&sl=auto&tl=zh-CN&dt=t&q=You+can+use+boda-boda+%28motorcycle+taxi%29+to+get+around+Goma.%0AThe+normal+%28local%29+price+is+~500+Congolese+Francs+for+the+short+ride. "HTTP/1.1 200 OK"
HTTP Request: GET https://translate.googleapis.com/translate_a/single?client=gtx&sl=auto&tl=zh-CN&dt=t&q=We+don%27t+know+for+sure%2C+but+it+may+have+had+a+forked+tongue.%0AIts+diet+included+turtles%2C+large+fish%2C+other+mosasaurs%2C+and+it+may+even+have+been+a+cannibal. "HTTP/1.1 200 OK"
HTTP Request: GET https://translate.googleapis.com/translate_a/single?client=gtx&sl=auto&tl=zh-CN&dt=t&q=Other+subjects+on+the+agenda+in+Bali+include+saving+the+world%27s+remaining+forests%2C "HTTP/1.1 200 OK"
HTTP Request: GET https://translate.googleapis.com/translate_a/single?client=gtx&sl=auto&tl=zh-CN&dt=t&q=The+official+Falklands+currency+is+the+Falkland+pound+%28FKP%29 "HTTP/1.1 200 OK"
HTTP Request: GET https://translate.googleapis.com/translate_a/single?client=gtx&sl=auto&tl=zh-CN&dt=t&q=Hong+Kong+Island+gives+the+territory+of+Hong+Kong+its+name "HTTP/1.1 200 OK"
HTTP Request: GET https://translate.googleapis.com/translate_a/single?client=gtx&sl=auto&tl=zh-CN&dt=t&q=In+fact%2C+it+is+not+easy+to+find+at+all+even+if+one+knew+it+existed. "HTTP/1.1 200 OK"
HTTP Request: GET https://translate.googleapis.com/translate_a/single?client=gtx&sl=auto&tl=zh-CN&dt=t&q=Oliver+Sacks%2C+in+his+paper+The+President%27s+Speech%2C%0Aindicated+how+people+who+are+unable+to+understand+speech+because+of+brain+damage+are+nevertheless+able+to+assess+sincerity+accurately. "HTTP/1.1 200 OK"
HTTP Request: GET https://translate.googleapis.com/translate_a/single?client=gtx&sl=auto&tl=zh-CN&dt=t&q=The+official+Falklands+currency+is+the+Falkland+pound+%28FKP%29%0Awhose+value+is+set+equivalent+to+that+of+one+British+pound+%28GBP%29. "HTTP/1.1 200 OK"
HTTP Request: GET https://translate.googleapis.com/translate_a/single?client=gtx&sl=auto&tl=zh-CN&dt=t&q=Hong+Kong+Island+gives+the+territory+of+Hong+Kong+its+name%0Aand+is+the+place+that+many+tourists+regard+as+the+main+focus. "HTTP/1.1 200 OK"
HTTP Request: GET https://translate.googleapis.com/translate_a/single?client=gtx&sl=auto&tl=zh-CN&dt=t&q=Other+subjects+on+the+agenda+in+Bali+include+saving+the+world%27s+remaining+forests%2C%0Aand+sharing+technologies+to+help+developing+nations+grow+in+less-polluting+ways. "HTTP/1.1 200 OK"
HTTP Request: GET https://translate.googleapis.com/translate_a/single?client=gtx&sl=auto&tl=zh-CN&dt=t&q=In+fact%2C+it+is+not+easy+to+find+at+all+even+if+one+knew+it+existed.%0AOnce+inside+the+cave%2C+it+is+a+total+isolation. "HTTP/1.1 200 OK"
HTTP Request: GET https://translate.googleapis.com/translate_a/single?client=gtx&sl=auto&tl=zh-CN&dt=t&q=Lion+prides+act+much+like+packs+of+wolves+or+dogs%2C+animals+surprisingly+similar+to+lions+%28but+not+other+big+cats%29 "HTTP/1.1 200 OK"
HTTP Request: GET https://translate.googleapis.com/translate_a/single?client=gtx&sl=auto&tl=zh-CN&dt=t&q=All+nouns%2C+alongside+the+word+Sie+for+you%2C%0Aalways+begin+with+a+capital+letter%2C+even+in+the+middle+of+a+sentence. "HTTP/1.1 200 OK"
HTTP Request: GET https://translate.googleapis.com/translate_a/single?client=gtx&sl=auto&tl=zh-CN&dt=t&q=They+have+feet+with+scales+and+claws%2C%0Athey+lay+eggs%2C+and+they+walk+on+their+two+back+legs+like+a+T-Rex. "HTTP/1.1 200 OK"
HTTP Request: GET https://translate.googleapis.com/translate_a/single?client=gtx&sl=auto&tl=zh-CN&dt=t&q=Barcelona%27s+official+languages+are+Catalan+and+Spanish.%0AAbout+a+half+prefer+to+speak+Catalan%2C+a+vast+majority+understands+it%2C+and+virtually+everyone+knows+Spanish. "HTTP/1.1 200 OK"
HTTP Request: GET https://translate.googleapis.com/translate_a/single?client=gtx&sl=auto&tl=zh-CN&dt=t&q=He+added+that+%22they+should+not%2C+however%2C+be+asked+to+take+on+obligations+that+go+beyond+their+development+stage%2C "HTTP/1.1 200 OK"
HTTP Request: GET https://translate.googleapis.com/translate_a/single?client=gtx&sl=auto&tl=zh-CN&dt=t&q=Cocham%C3%B3+Valley+-+Chile%27s+premier+climbing+destination%2C%0Aknown+as+the+Yosemite+of+South+America%2C+with+a+variety+of+granite+big+walls+and+crags. "HTTP/1.1 200 OK"
HTTP Request: GET https://translate.googleapis.com/translate_a/single?client=gtx&sl=auto&tl=zh-CN&dt=t&q=He+added+that+%22they+should+not%2C+however%2C+be+asked+to+take+on+obligations+that+go+beyond+their+development+stage%2C%0Aresponsibility+and+capabilities.%22 "HTTP/1.1 200 OK"
HTTP Request: GET https://translate.googleapis.com/translate_a/single?client=gtx&sl=auto&tl=zh-CN&dt=t&q=Four+skiers+in+the+women%27s+sitting+group+failed+to+finish+their+runs%2C "HTTP/1.1 200 OK"
HTTP Request: GET https://translate.googleapis.com/translate_a/single?client=gtx&sl=auto&tl=zh-CN&dt=t&q=Resting+on+the+top+of+one+of+the+mountains+north+of+Mecca%2C "HTTP/1.1 200 OK"
HTTP Request: GET https://translate.googleapis.com/translate_a/single?client=gtx&sl=auto&tl=zh-CN&dt=t&q=The+job+of+navies+has+traditionally+been+to+ensure+that+your+country+maintains+the+ability+to+move+your+people+and+goods%2C "HTTP/1.1 200 OK"
HTTP Request: GET https://translate.googleapis.com/translate_a/single?client=gtx&sl=auto&tl=zh-CN&dt=t&q=Resting+on+the+top+of+one+of+the+mountains+north+of+Mecca%2C%0Athe+cave+is+completely+isolated+from+the+rest+of+the+world. "HTTP/1.1 200 OK"
HTTP Request: GET https://translate.googleapis.com/translate_a/single?client=gtx&sl=auto&tl=zh-CN&dt=t&q=The+job+of+navies+has+traditionally+been+to+ensure+that+your+country+maintains+the+ability+to+move+your+people+and+goods%2C%0Awhile+at+the+same+time%2C "HTTP/1.1 200 OK"
HTTP Request: GET https://translate.googleapis.com/translate_a/single?client=gtx&sl=auto&tl=zh-CN&dt=t&q=Professor+Pamela+Ferguson+of+the+University+of+Dundee%0Anotes+%22journalists+do+seem+to+be+walking+a+dangerous+line+if+publishing+photos+etc+of+suspects.%22 "HTTP/1.1 200 OK"
HTTP Request: GET https://translate.googleapis.com/translate_a/single?client=gtx&sl=auto&tl=zh-CN&dt=t&q=The+job+of+navies+has+traditionally+been+to+ensure+that+your+country+maintains+the+ability+to+move+your+people+and+goods%2C%0Awhile+at+the+same+time%2C%0Ainterfering+with+your+enemy%27s+ability+to+move+his+people+and+goods. "HTTP/1.1 200 OK"
HTTP Request: GET https://translate.googleapis.com/translate_a/single?client=gtx&sl=auto&tl=zh-CN&dt=t&q=Finally%2C+there+are+many+small+cats+%28including+loose+pet+cats%29 "HTTP/1.1 200 OK"
HTTP Request: GET https://translate.googleapis.com/translate_a/single?client=gtx&sl=auto&tl=zh-CN&dt=t&q=Four+skiers+in+the+women%27s+sitting+group+failed+to+finish+their+runs%2C%0Aand+45+of+the+117+total+skiers+in+the+Giant+Slalom+failed+to+rank+in+the+race. "HTTP/1.1 200 OK"
HTTP Request: GET https://translate.googleapis.com/translate_a/single?client=gtx&sl=auto&tl=zh-CN&dt=t&q=Finally%2C+there+are+many+small+cats+%28including+loose+pet+cats%29%0Athat+eat+the+far+more+numerous+small+prey+like+insects%2C+rodents%2C+lizards%2C+and+birds. "HTTP/1.1 200 OK"
HTTP Request: GET https://translate.googleapis.com/translate_a/single?client=gtx&sl=auto&tl=zh-CN&dt=t&q=If+you+have+watched+the+movie+National+Treasure%2C%0Ayou+may+think+a+treasure+map+was+written+on+the+back+of+the+Declaration+of+Independence. "HTTP/1.1 200 OK"
HTTP Request: GET https://translate.googleapis.com/translate_a/single?client=gtx&sl=auto&tl=zh-CN&dt=t&q=Apia+is+the+capital+of+Samoa.%0AThe+town+is+on+the+island+of+Upolu+and+has+a+population+of+just+under+40%2C000. "HTTP/1.1 200 OK"
HTTP Request: GET https://translate.googleapis.com/translate_a/single?client=gtx&sl=auto&tl=zh-CN&dt=t&q=The+aspect+ratio+of+this+format+%28dividing+by+twelve+to+obtain+the+simplest+whole-number+ratio%29%0Ais+therefore+said+to+be+3%3A2. "HTTP/1.1 200 OK"
HTTP Request: GET https://translate.googleapis.com/translate_a/single?client=gtx&sl=auto&tl=zh-CN&dt=t&q=Lion+prides+act+much+like+packs+of+wolves+or+dogs%2C+animals+surprisingly+similar+to+lions+%28but+not+other+big+cats%29%0Ain+behavior%2C+and+also+very+deadly+to+their+prey. "HTTP/1.1 200 OK"
HTTP Request: GET https://translate.googleapis.com/translate_a/single?client=gtx&sl=auto&tl=zh-CN&dt=t&q=Vatican+City%27s+population+is+around+800. "HTTP/1.1 200 OK"
HTTP Request: GET https://translate.googleapis.com/translate_a/single?client=gtx&sl=auto&tl=zh-CN&dt=t&q=His+work+is+of+such+recognized+quality+and+detail+that+he+is+one+of+the+very+few+%22household+names%22+among+philatelists. "HTTP/1.1 200 OK"
HTTP Request: GET https://translate.googleapis.com/translate_a/single?client=gtx&sl=auto&tl=zh-CN&dt=t&q=Scaffolding+is+not+a+method+of+learning+but+rather+an+aid+that+provides+support+to+individuals "HTTP/1.1 200 OK"
HTTP Request: GET https://translate.googleapis.com/translate_a/single?client=gtx&sl=auto&tl=zh-CN&dt=t&q=Vatican+City%27s+population+is+around+800.%0AIt+is+the+smallest+independent+country+in+the+world+and+the+country+with+the+lowest+population. "HTTP/1.1 200 OK"
HTTP Request: GET https://translate.googleapis.com/translate_a/single?client=gtx&sl=auto&tl=zh-CN&dt=t&q=It+is+related+to+but+usually+not+involving+alpine+style+ski+touring+or+mountaineering%2C "HTTP/1.1 200 OK"
HTTP Request: GET https://translate.googleapis.com/translate_a/single?client=gtx&sl=auto&tl=zh-CN&dt=t&q=His+work+is+of+such+recognized+quality+and+detail+that+he+is+one+of+the+very+few+%22household+names%22+among+philatelists.%0ASome+specialize+in+collecting+his+work+alone. "HTTP/1.1 200 OK"
HTTP Request: GET https://translate.googleapis.com/translate_a/single?client=gtx&sl=auto&tl=zh-CN&dt=t&q=Scaffolding+is+not+a+method+of+learning+but+rather+an+aid+that+provides+support+to+individuals%0Awhom+are+undergoing+a+new+learning+experience "HTTP/1.1 200 OK"
HTTP Request: GET https://translate.googleapis.com/translate_a/single?client=gtx&sl=auto&tl=zh-CN&dt=t&q=It+is+one+of+the+main+attractions+of+South+Africa%0Aand+it+is+considered+the+flagship+of+South+African+National+Parks+%28SANParks%29. "HTTP/1.1 200 OK"
HTTP Request: GET https://translate.googleapis.com/translate_a/single?client=gtx&sl=auto&tl=zh-CN&dt=t&q=Scaffolding+is+not+a+method+of+learning+but+rather+an+aid+that+provides+support+to+individuals%0Awhom+are+undergoing+a+new+learning+experience%0Asuch+as+using+a+new+computer+program+or+beginning+a+new+project. "HTTP/1.1 200 OK"
HTTP Request: GET https://translate.googleapis.com/translate_a/single?client=gtx&sl=auto&tl=zh-CN&dt=t&q=Regular+announcements+in+the+Metro+are+made+only+in+Catalan%2C "HTTP/1.1 200 OK"
HTTP Request: GET https://translate.googleapis.com/translate_a/single?client=gtx&sl=auto&tl=zh-CN&dt=t&q=Due+to+the+underwater+topology+the+return+flow+is+concentrated+at+a+few+deeper+sections%2C "HTTP/1.1 200 OK"
HTTP Request: GET https://translate.googleapis.com/translate_a/single?client=gtx&sl=auto&tl=zh-CN&dt=t&q=USA+Gymnastics+and+the+USOC+have+the+same+goal+%E2%80%94%0Amaking+the+sport+of+gymnastics%2C%0Aand+others%2C+as+safe+as+possible+for+athletes+to+follow+their+dreams+in+a+safe%2C+positive+and+empowered+environment. "HTTP/1.1 200 OK"
HTTP Request: GET https://translate.googleapis.com/translate_a/single?client=gtx&sl=auto&tl=zh-CN&dt=t&q=Regular+announcements+in+the+Metro+are+made+only+in+Catalan%2C%0Abut+unplanned+disruptions+are+announced+by+an+automated+system "HTTP/1.1 200 OK"
HTTP Request: GET https://translate.googleapis.com/translate_a/single?client=gtx&sl=auto&tl=zh-CN&dt=t&q=Due+to+the+underwater+topology+the+return+flow+is+concentrated+at+a+few+deeper+sections%2C%0Aand+a+fast+current+to+deep+water+may+form+there. "HTTP/1.1 200 OK"
HTTP Request: GET https://translate.googleapis.com/translate_a/single?client=gtx&sl=auto&tl=zh-CN&dt=t&q=People+have+known+about+basic+chemical+elements+such+as+gold%2C%0Asilver%2C+and+copper+from+antiquity%2C "HTTP/1.1 200 OK"
HTTP Request: GET https://translate.googleapis.com/translate_a/single?client=gtx&sl=auto&tl=zh-CN&dt=t&q=Regular+announcements+in+the+Metro+are+made+only+in+Catalan%2C%0Abut+unplanned+disruptions+are+announced+by+an+automated+system%0Ain+a+wide+variety+of+languages+including+Spanish%2C+English%2C+French%2C+Arabic+and+Japanese. "HTTP/1.1 200 OK"
HTTP Request: GET https://translate.googleapis.com/translate_a/single?client=gtx&sl=auto&tl=zh-CN&dt=t&q=It+is+related+to+but+usually+not+involving+alpine+style+ski+touring+or+mountaineering%2C%0Athe+latter+ones+done+in+steep+terrain+and+requiring+much+stiffer+skis+and+boots. "HTTP/1.1 200 OK"
HTTP Request: GET https://translate.googleapis.com/translate_a/single?client=gtx&sl=auto&tl=zh-CN&dt=t&q=Greenland+was+settled+sparsely.%0AIn+the+Norse+sagas+they+say+that+Erik+the+Red+was+exiled+from+Iceland+for+murder%2C%0Aand+when+travelling+further+west%2C+found+Greenland+and+named+it+Greenland. "HTTP/1.1 200 OK"
HTTP Request: GET https://translate.googleapis.com/translate_a/single?client=gtx&sl=auto&tl=zh-CN&dt=t&q=People+have+known+about+basic+chemical+elements+such+as+gold%2C%0Asilver%2C+and+copper+from+antiquity%2C%0Aas+these+can+all+be+discovered+in+nature+in+native+form+and+are+relatively+simple+to+mine+with+primitive+tools. "HTTP/1.1 200 OK"
HTTP Request: GET https://translate.googleapis.com/translate_a/single?client=gtx&sl=auto&tl=zh-CN&dt=t&q=Bishkek+was+described+as+sinking+into+a+state+of+%22anarchy%22+by+one+observer%2C "HTTP/1.1 200 OK"
HTTP Request: GET https://translate.googleapis.com/translate_a/single?client=gtx&sl=auto&tl=zh-CN&dt=t&q=First+among+its+78+recommendations+is+that+a+new+diplomatic+initiative%0Ashould+be+taken+before+the+end+of+this+year%0Ato+secure+Iraq%E2%80%99s+borders+against+hostile+interventions+and+to+re-establish+diplomatic+relations+with+its+neighbors. "HTTP/1.1 200 OK"
HTTP Request: GET https://translate.googleapis.com/translate_a/single?client=gtx&sl=auto&tl=zh-CN&dt=t&q=Bishkek+was+described+as+sinking+into+a+state+of+%22anarchy%22+by+one+observer%2C%0Aas+gangs+of+people+roamed+the+streets+and+plundered+stores+of+consumer+goods. "HTTP/1.1 200 OK"
/home/mobility/STiTy/.venv-autoseg/lib/python3.10/site-packages/pytorch_lightning/utilities/_pytree.py:21: `isinstance(treespec, LeafSpec)` is deprecated, use `isinstance(treespec, TreeSpec) and treespec.is_leaf()` instead.
Chinese   T=12  laal 5.717  eff 0.7475  adq 0.8264  contra 0.0951  cons 0.7488  k 2.14
HTTP Request: GET https://translate.googleapis.com/translate_a/single?client=gtx&sl=auto&tl=ja&dt=t&q=Throughout+1960s%2C+Brzezinski+worked+for+John+F.+Kennedy+as+his+advisor+and+then+the+Lyndon+B.+Johnson+administration. "HTTP/1.1 200 OK"
HTTP Request: GET https://translate.googleapis.com/translate_a/single?client=gtx&sl=auto&tl=ja&dt=t&q=Generally+speaking%2C+two+behaviors+can+emerge+as+managers+begin+to+lead+their+former+peers.+One+end+of+the+spectrum+is+trying+to+remain+%E2%80%9Cone+of+the+guys%E2%80%9D+%28or+gals%29. "HTTP/1.1 200 OK"
HTTP Request: GET https://translate.googleapis.com/translate_a/single?client=gtx&sl=auto&tl=ja&dt=t&q=A+search+of+the+Internet+for+%27Hostile+environment+course%27+will+probably+provide+the+address+of+a+local+company. "HTTP/1.1 200 OK"
HTTP Request: GET https://translate.googleapis.com/translate_a/single?client=gtx&sl=auto&tl=ja&dt=t&q=He+referred+to+the+rumors+as+%22political+chatter+and+silliness%22. "HTTP/1.1 200 OK"
HTTP Request: GET https://translate.googleapis.com/translate_a/single?client=gtx&sl=auto&tl=ja&dt=t&q=Through+the+night+between+150+and+200+copies+were+made%2C+now+known+as+%22Dunlap+broadsides%22. "HTTP/1.1 200 OK"
HTTP Request: GET https://translate.googleapis.com/translate_a/single?client=gtx&sl=auto&tl=ja&dt=t&q=Scientists+hope+to+understand+how+planets+form%2C+especially+how+the+Earth+formed%2C+since+comets+collided+with+the+Earth+long+ago. "HTTP/1.1 200 OK"
HTTP Request: GET https://translate.googleapis.com/translate_a/single?client=gtx&sl=auto&tl=ja&dt=t&q=As+a+result%2C+the+performers+smoke+cannabis+joints+on+stage%2C+and+the+theatre+itself+is+encouraging+the+audience+to+join+in. "HTTP/1.1 200 OK"
HTTP Request: GET https://translate.googleapis.com/translate_a/single?client=gtx&sl=auto&tl=ja&dt=t&q=The+central+authority+of+the+church+had+been+in+Rome+for+over+a+thousand+years+and+this+concentration+of+power+and+money+led+many+to+question+whether+this+tenet+was+being+met. "HTTP/1.1 200 OK"
HTTP Request: GET https://translate.googleapis.com/translate_a/single?client=gtx&sl=auto&tl=ja&dt=t&q=The+word+civilization+comes+from+the+Latin+civilis%2C+meaning+civil%2C+related+to+the+Latin+civis%2C+meaning+citizen%2C+and+civitas%2C+meaning+city+or+city-state%2C+and+that+also+somehow+defines+the+size+of+the+society. "HTTP/1.1 200 OK"
HTTP Request: GET https://translate.googleapis.com/translate_a/single?client=gtx&sl=auto&tl=ja&dt=t&q=But+there+are+a+lot+of+things+about+birds+that+still+look+like+a+dinosaur. "HTTP/1.1 200 OK"
HTTP Request: GET https://translate.googleapis.com/translate_a/single?client=gtx&sl=auto&tl=ja&dt=t&q=Most+of+the+smaller+islands+are+independent+nations%2C+or+associated+with+France%2C+and+known+as+luxury+beach+resorts. "HTTP/1.1 200 OK"
HTTP Request: GET https://translate.googleapis.com/translate_a/single?client=gtx&sl=auto&tl=ja&dt=t&q=As+a+result%2C+two+fish+species+have+become+extinct%2C+and+two+others+have+become+endangered%2C+including+the+humpback+chub. "HTTP/1.1 200 OK"
HTTP Request: GET https://translate.googleapis.com/translate_a/single?client=gtx&sl=auto&tl=ja&dt=t&q=Sleep+interruption+is+the+process+of+purposefully+awakening+during+your+normal+sleep+period+and+falling+asleep+a+short+time+later+%2810%E2%80%9360+minutes%29. "HTTP/1.1 200 OK"
HTTP Request: GET https://translate.googleapis.com/translate_a/single?client=gtx&sl=auto&tl=ja&dt=t&q=Similarly%2C+by+having+a+Schengen+visa%2C+you+do+not+need+to+apply+for+visas+to+each+of+the+Schengen+member+countries+separately%2C+hence+saving+time%2C+money+and+paperwork. "HTTP/1.1 200 OK"
HTTP Request: GET https://translate.googleapis.com/translate_a/single?client=gtx&sl=auto&tl=ja&dt=t&q=Virtual+Scaffolds+are+internalized+in+the+software+and+are+meant+to+question%2C+prompt%2C+and+explain+procedures+that+may+have+been+to+challenging+for+the+student+to+handle+alone. "HTTP/1.1 200 OK"
HTTP Request: GET https://translate.googleapis.com/translate_a/single?client=gtx&sl=auto&tl=ja&dt=t&q=Buses+depart+the+inter-district+bus+station+%28across+the+river%29+throughout+the+day%2C+though+most%2C+especially+those+heading+to+the+east+and+Jakar%2FBumthang+leave+between+06%3A30+and+07%3A30. "HTTP/1.1 200 OK"
HTTP Request: GET https://translate.googleapis.com/translate_a/single?client=gtx&sl=auto&tl=ja&dt=t&q=We+agree+with+the+USOC%27s+statement+that+the+interests+of+our+athletes+and+clubs%2C+and+their+sport%2C+may+be+better+served+by+moving+forward+with+meaningful+change+within+our+organization%2C+rather+than+decertification. "HTTP/1.1 200 OK"
HTTP Request: GET https://translate.googleapis.com/translate_a/single?client=gtx&sl=auto&tl=ja&dt=t&q=The+802.11n+standard+operates+on+both+the+2.4Ghz+and+5.0Ghz+frequencies. "HTTP/1.1 200 OK"
HTTP Request: GET https://translate.googleapis.com/translate_a/single?client=gtx&sl=auto&tl=ja&dt=t&q=Fire+rescue+crews+eventually+doused+the+fire+by+11%3A35+pm. "HTTP/1.1 200 OK"
HTTP Request: GET https://translate.googleapis.com/translate_a/single?client=gtx&sl=auto&tl=ja&dt=t&q=Also+to+the+north+visit+the+great+Sanctuary+of+Our+Lady+of+Fatima+%28Shrine%29%2C+a+place+of+worldwide+famous+Marian+apparitions. "HTTP/1.1 200 OK"
HTTP Request: GET https://translate.googleapis.com/translate_a/single?client=gtx&sl=auto&tl=ja&dt=t&q=Giancarlo+Fisichella+lost+control+of+his+car+and+ended+the+race+very+soon+after+the+start. "HTTP/1.1 200 OK"
HTTP Request: GET https://translate.googleapis.com/translate_a/single?client=gtx&sl=auto&tl=ja&dt=t&q=Alloys+are+basically+a+mixture+of+two+or+more+metals.+Don%27t+forget+that+there+are+many+elements+on+the+periodic+table. "HTTP/1.1 200 OK"
HTTP Request: GET https://translate.googleapis.com/translate_a/single?client=gtx&sl=auto&tl=ja&dt=t&q=We+make+our+houses+from+plants+and+make+clothes+from+plants.+Most+foods+that+we+eat+are+plants.+Without+plants%2C+animals+could+not+survive. "HTTP/1.1 200 OK"
HTTP Request: GET https://translate.googleapis.com/translate_a/single?client=gtx&sl=auto&tl=ja&dt=t&q=Ancient+China+had+a+unique+way+of+showing+different+time+periods%3B+each+stage+of+China+or+each+family+that+was+in+power+was+a+distinctive+dynasty. "HTTP/1.1 200 OK"
HTTP Request: GET https://translate.googleapis.com/translate_a/single?client=gtx&sl=auto&tl=ja&dt=t&q=The+Northern+Marianas+emergency+management+office+said+that+there+were+no+damages+reported+in+the+nation. "HTTP/1.1 200 OK"
HTTP Request: GET https://translate.googleapis.com/translate_a/single?client=gtx&sl=auto&tl=ja&dt=t&q=The+governor%27s+office+said+nineteen+of+the+injured+were+police+officers. "HTTP/1.1 200 OK"
HTTP Request: GET https://translate.googleapis.com/translate_a/single?client=gtx&sl=auto&tl=ja&dt=t&q=While+Goma+is+reasonably+safe%2C+any+visits+outside+of+Goma+should+be+researched+to+understand+the+state+of+the+fighting+that+persists+in+the+North+Kivu+province. "HTTP/1.1 200 OK"
HTTP Request: GET https://translate.googleapis.com/translate_a/single?client=gtx&sl=auto&tl=ja&dt=t&q=The+U.S.+Corps+of+Engineers+estimated+that+6+inches+of+rainfall+could+breach+the+previously+damaged+levees. "HTTP/1.1 200 OK"
HTTP Request: GET https://translate.googleapis.com/translate_a/single?client=gtx&sl=auto&tl=ja&dt=t&q=Ancient+cultures+and+tribes+began+to+keep+them+for+easy+access+to+milk%2C+hair%2C+meat%2C+and+skins. "HTTP/1.1 200 OK"
HTTP Request: GET https://translate.googleapis.com/translate_a/single?client=gtx&sl=auto&tl=ja&dt=t&q=The+same+month+saw+another+airliner+overrun+a+runway+at+Mashhad+and+strike+a+wall%2C+killing+seventeen. "HTTP/1.1 200 OK"
HTTP Request: GET https://translate.googleapis.com/translate_a/single?client=gtx&sl=auto&tl=ja&dt=t&q=At+the+other+end+of+the+spectrum%2C+one+morphs+into+an+unrecognizable+individual+that+feels+he+or+she+must+change+everything+the+team+has+been+doing+and+make+it+their+own. "HTTP/1.1 200 OK"
HTTP Request: GET https://translate.googleapis.com/translate_a/single?client=gtx&sl=auto&tl=ja&dt=t&q=As+a+result%2C+the+process+of+an+organization+working+together+to+overcome+an+obstacle+can+lead+to+a+new+innovative+process+to+serve+the+customer%27s+need. "HTTP/1.1 200 OK"
HTTP Request: GET https://translate.googleapis.com/translate_a/single?client=gtx&sl=auto&tl=ja&dt=t&q=Researchers+from+Princeton+University+in+the+United+States+and+Uppsala+University+in+Sweden+reported+the+new+species+evolved+in+just+two+generations%2C+though+this+process+had+been+believed+to+take+much+longer%2C+due+to+breeding+between+an+endemic+Darwin+finch%2C+Geospiza+fortes%2C+and+the+immigrant+cactus+finch%2C+Geospiza+conirostris. "HTTP/1.1 200 OK"
HTTP Request: GET https://translate.googleapis.com/translate_a/single?client=gtx&sl=auto&tl=ja&dt=t&q=The+Giza+Plateau%2C+or+%22Giza+Necropolis%22+in+the+Egyptian+Valley+of+the+Dead+contains+several+pyramids+%28of+which+the+great+pyramid+is+the+largest%29%2C+several+small+tombs%2C+several+temples%2C+and+the+great+Sphinx. "HTTP/1.1 200 OK"
HTTP Request: GET https://translate.googleapis.com/translate_a/single?client=gtx&sl=auto&tl=ja&dt=t&q=In+1990%2C+it+was+added+to+the+list+of+world+heritage+sites+in+danger%2C+due+to+the+threat+of+desert+sands. "HTTP/1.1 200 OK"
HTTP Request: GET https://translate.googleapis.com/translate_a/single?client=gtx&sl=auto&tl=ja&dt=t&q=The+harbor+was+the+site+of+an+infamous+naval+standoff+in+1889+when+seven+ships+from+Germany%2C+the+US%2C+and+Britain+refused+to+leave+the+harbor. "HTTP/1.1 200 OK"
HTTP Request: GET https://translate.googleapis.com/translate_a/single?client=gtx&sl=auto&tl=ja&dt=t&q=Cuomo%2C+53%2C+began+his+governorship+earlier+this+year+and+signed+a+bill+last+month+legalizing+same-sex+marriage. "HTTP/1.1 200 OK"
HTTP Request: GET https://translate.googleapis.com/translate_a/single?client=gtx&sl=auto&tl=ja&dt=t&q=While+he+was+working+at+the+hospital+Liggins+began+to+investigate+premature+labor+during+his+spare+time. "HTTP/1.1 200 OK"
HTTP Request: GET https://translate.googleapis.com/translate_a/single?client=gtx&sl=auto&tl=ja&dt=t&q=The+city+is+also+the+base+to+climb+the+Nyiragongo+volcano+along+with+some+of+the+cheapest+Mountain+Gorilla+tracking+in+Africa. "HTTP/1.1 200 OK"
HTTP Request: GET https://translate.googleapis.com/translate_a/single?client=gtx&sl=auto&tl=ja&dt=t&q=The+term+bug+is+used+by+entomologists+in+a+formal+sense+for+this+group+of+insects. "HTTP/1.1 200 OK"
HTTP Request: GET https://translate.googleapis.com/translate_a/single?client=gtx&sl=auto&tl=ja&dt=t&q=Ironing+damp+clothes+can+help+them+dry.+Many+hotels+have+an+iron+and+ironing+board+available+for+loan%2C+even+if+one+is+not+present+in+the+room. "HTTP/1.1 200 OK"
HTTP Request: GET https://translate.googleapis.com/translate_a/single?client=gtx&sl=auto&tl=ja&dt=t&q=The+Schengen+zone%2C+however%2C+works+somewhat+like+one+country+in+this+respect. "HTTP/1.1 200 OK"
HTTP Request: GET https://translate.googleapis.com/translate_a/single?client=gtx&sl=auto&tl=ja&dt=t&q=In+just+two+weeks+the+Americans+and+Free+French+forces+had+liberated+southern+France+and+were+turning+towards+Germany. "HTTP/1.1 200 OK"
HTTP Request: GET https://translate.googleapis.com/translate_a/single?client=gtx&sl=auto&tl=ja&dt=t&q=All+nouns%2C+alongside+the+word+Sie+for+you%2C+always+begin+with+a+capital+letter%2C+even+in+the+middle+of+a+sentence. "HTTP/1.1 200 OK"
HTTP Request: GET https://translate.googleapis.com/translate_a/single?client=gtx&sl=auto&tl=ja&dt=t&q=Parisians+have+a+reputation+for+being+egocentric%2C+rude+and+arrogant. "HTTP/1.1 200 OK"
HTTP Request: GET https://translate.googleapis.com/translate_a/single?client=gtx&sl=auto&tl=ja&dt=t&q=The+official+Falklands+currency+is+the+Falkland+pound+%28FKP%29+whose+value+is+set+equivalent+to+that+of+one+British+pound+%28GBP%29. "HTTP/1.1 200 OK"
HTTP Request: GET https://translate.googleapis.com/translate_a/single?client=gtx&sl=auto&tl=ja&dt=t&q=Hong+Kong+Island+gives+the+territory+of+Hong+Kong+its+name+and+is+the+place+that+many+tourists+regard+as+the+main+focus. "HTTP/1.1 200 OK"
HTTP Request: GET https://translate.googleapis.com/translate_a/single?client=gtx&sl=auto&tl=ja&dt=t&q=Other+subjects+on+the+agenda+in+Bali+include+saving+the+world%27s+remaining+forests%2C+and+sharing+technologies+to+help+developing+nations+grow+in+less-polluting+ways. "HTTP/1.1 200 OK"
HTTP Request: GET https://translate.googleapis.com/translate_a/single?client=gtx&sl=auto&tl=ja&dt=t&q=Large+areas+further+north+are+quite+sparsely+populated+and+some+is+nearly+uninhabited+wilderness. "HTTP/1.1 200 OK"
HTTP Request: GET https://translate.googleapis.com/translate_a/single?client=gtx&sl=auto&tl=ja&dt=t&q=Needless+to+say%2C+if+you+know+a+Romance+language%2C+it+will+be+easier+for+you+to+learn+Portuguese. "HTTP/1.1 200 OK"
HTTP Request: GET https://translate.googleapis.com/translate_a/single?client=gtx&sl=auto&tl=ja&dt=t&q=We+don%27t+know+for+sure%2C+but+it+may+have+had+a+forked+tongue.+Its+diet+included+turtles%2C+large+fish%2C+other+mosasaurs%2C+and+it+may+even+have+been+a+cannibal. "HTTP/1.1 200 OK"
HTTP Request: GET https://translate.googleapis.com/translate_a/single?client=gtx&sl=auto&tl=ja&dt=t&q=According+to+Japan%27s+nuclear+agency%2C+radioactive+caesium+and+iodine+has+been+identified+at+the+plant. "HTTP/1.1 200 OK"
HTTP Request: GET https://translate.googleapis.com/translate_a/single?client=gtx&sl=auto&tl=ja&dt=t&q=You+can+use+boda-boda+%28motorcycle+taxi%29+to+get+around+Goma.+The+normal+%28local%29+price+is+~500+Congolese+Francs+for+the+short+ride. "HTTP/1.1 200 OK"
HTTP Request: GET https://translate.googleapis.com/translate_a/single?client=gtx&sl=auto&tl=ja&dt=t&q=They+have+feet+with+scales+and+claws%2C+they+lay+eggs%2C+and+they+walk+on+their+two+back+legs+like+a+T-Rex. "HTTP/1.1 200 OK"
HTTP Request: GET https://translate.googleapis.com/translate_a/single?client=gtx&sl=auto&tl=ja&dt=t&q=Lakkha+Singh+presented+the+chhappan+bhog+bhajan+as+well.+Singer%2C+Raju+Khandelwal+was+accompanying+him. "HTTP/1.1 200 OK"
HTTP Request: GET https://translate.googleapis.com/translate_a/single?client=gtx&sl=auto&tl=ja&dt=t&q=Aerosmith+have+cancelled+their+remaining+concerts+on+their+tour. "HTTP/1.1 200 OK"
HTTP Request: GET https://translate.googleapis.com/translate_a/single?client=gtx&sl=auto&tl=ja&dt=t&q=These+couples+may+choose+to+make+an+adoption+plan+for+their+baby. "HTTP/1.1 200 OK"
HTTP Request: GET https://translate.googleapis.com/translate_a/single?client=gtx&sl=auto&tl=ja&dt=t&q=The+two+compounds+react+with+one+another+to+form+crystals+that+may+block+kidney+function%2C+researchers+at+the+university+said. "HTTP/1.1 200 OK"
HTTP Request: GET https://translate.googleapis.com/translate_a/single?client=gtx&sl=auto&tl=ja&dt=t&q=A+curry+is+a+dish+based+on+herbs+and+spices%2C+together+with+either+meat+or+vegetables. "HTTP/1.1 200 OK"
HTTP Request: GET https://translate.googleapis.com/translate_a/single?client=gtx&sl=auto&tl=ja&dt=t&q=Goats+seem+to+have+been+first+domesticated+roughly+10%2C000+years+ago+in+the+Zagros+Mountains+of+Iran. "HTTP/1.1 200 OK"
HTTP Request: GET https://translate.googleapis.com/translate_a/single?client=gtx&sl=auto&tl=ja&dt=t&q=Oliver+Sacks%2C+in+his+paper+The+President%27s+Speech%2C+indicated+how+people+who+are+unable+to+understand+speech+because+of+brain+damage+are+nevertheless+able+to+assess+sincerity+accurately. "HTTP/1.1 200 OK"
HTTP Request: GET https://translate.googleapis.com/translate_a/single?client=gtx&sl=auto&tl=ja&dt=t&q=During+the+1920s%2C+the+prevailing+attitudes+of+most+citizens+and+nations+was+that+of+pacifism+and+isolation. "HTTP/1.1 200 OK"
HTTP Request: GET https://translate.googleapis.com/translate_a/single?client=gtx&sl=auto&tl=ja&dt=t&q=Prior+to+the+arrival+of+troops%2C+Haiti+had+not+encountered+problems+related+to+the+disease+since+the+1800s. "HTTP/1.1 200 OK"
HTTP Request: GET https://translate.googleapis.com/translate_a/single?client=gtx&sl=auto&tl=ja&dt=t&q=Beyond+Wednesday%27s+event%2C+Carpanedo+competed+in+two+individual+races+at+the+Championships. "HTTP/1.1 200 OK"
HTTP Request: GET https://translate.googleapis.com/translate_a/single?client=gtx&sl=auto&tl=ja&dt=t&q=Lion+prides+act+much+like+packs+of+wolves+or+dogs%2C+animals+surprisingly+similar+to+lions+%28but+not+other+big+cats%29+in+behavior%2C+and+also+very+deadly+to+their+prey. "HTTP/1.1 200 OK"
HTTP Request: GET https://translate.googleapis.com/translate_a/single?client=gtx&sl=auto&tl=ja&dt=t&q=In+fact%2C+it+is+not+easy+to+find+at+all+even+if+one+knew+it+existed.+Once+inside+the+cave%2C+it+is+a+total+isolation. "HTTP/1.1 200 OK"
HTTP Request: GET https://translate.googleapis.com/translate_a/single?client=gtx&sl=auto&tl=ja&dt=t&q=Scotturb+Bus+403+travels+regularly+to+Sintra%2C+stopping+at+Cabo+da+Roca. "HTTP/1.1 200 OK"
HTTP Request: GET https://translate.googleapis.com/translate_a/single?client=gtx&sl=auto&tl=ja&dt=t&q=Cocham%C3%B3+Valley+-+Chile%27s+premier+climbing+destination%2C+known+as+the+Yosemite+of+South+America%2C+with+a+variety+of+granite+big+walls+and+crags. "HTTP/1.1 200 OK"
HTTP Request: GET https://translate.googleapis.com/translate_a/single?client=gtx&sl=auto&tl=ja&dt=t&q=Resting+on+the+top+of+one+of+the+mountains+north+of+Mecca%2C+the+cave+is+completely+isolated+from+the+rest+of+the+world. "HTTP/1.1 200 OK"
HTTP Request: GET https://translate.googleapis.com/translate_a/single?client=gtx&sl=auto&tl=ja&dt=t&q=The+cabbage+juice+changes+color+depending+on+how+acidic+or+basic+%28alkaline%29+the+chemical+is. "HTTP/1.1 200 OK"
HTTP Request: GET https://translate.googleapis.com/translate_a/single?client=gtx&sl=auto&tl=ja&dt=t&q=Television+reports+show+white+smoke+coming+from+the+plant. "HTTP/1.1 200 OK"
HTTP Request: GET https://translate.googleapis.com/translate_a/single?client=gtx&sl=auto&tl=ja&dt=t&q=Four+skiers+in+the+women%27s+sitting+group+failed+to+finish+their+runs%2C+and+45+of+the+117+total+skiers+in+the+Giant+Slalom+failed+to+rank+in+the+race. "HTTP/1.1 200 OK"
HTTP Request: GET https://translate.googleapis.com/translate_a/single?client=gtx&sl=auto&tl=ja&dt=t&q=Professor+Pamela+Ferguson+of+the+University+of+Dundee+notes+%22journalists+do+seem+to+be+walking+a+dangerous+line+if+publishing+photos+etc+of+suspects.%22 "HTTP/1.1 200 OK"
HTTP Request: GET https://translate.googleapis.com/translate_a/single?client=gtx&sl=auto&tl=ja&dt=t&q=Finally%2C+there+are+many+small+cats+%28including+loose+pet+cats%29+that+eat+the+far+more+numerous+small+prey+like+insects%2C+rodents%2C+lizards%2C+and+birds. "HTTP/1.1 200 OK"
HTTP Request: GET https://translate.googleapis.com/translate_a/single?client=gtx&sl=auto&tl=ja&dt=t&q=The+job+of+navies+has+traditionally+been+to+ensure+that+your+country+maintains+the+ability+to+move+your+people+and+goods%2C+while+at+the+same+time%2C+interfering+with+your+enemy%27s+ability+to+move+his+people+and+goods. "HTTP/1.1 200 OK"
HTTP Request: GET https://translate.googleapis.com/translate_a/single?client=gtx&sl=auto&tl=ja&dt=t&q=He+added+that+%22they+should+not%2C+however%2C+be+asked+to+take+on+obligations+that+go+beyond+their+development+stage%2C+responsibility+and+capabilities.%22 "HTTP/1.1 200 OK"
HTTP Request: GET https://translate.googleapis.com/translate_a/single?client=gtx&sl=auto&tl=ja&dt=t&q=Women%3A+It+is+recommended+that+any+women+travellers+say+that+they+are+married%2C+regardless+of+actual+marital+status. "HTTP/1.1 200 OK"
HTTP Request: GET https://translate.googleapis.com/translate_a/single?client=gtx&sl=auto&tl=ja&dt=t&q=Barcelona%27s+official+languages+are+Catalan+and+Spanish.+About+a+half+prefer+to+speak+Catalan%2C+a+vast+majority+understands+it%2C+and+virtually+everyone+knows+Spanish. "HTTP/1.1 200 OK"
HTTP Request: GET https://translate.googleapis.com/translate_a/single?client=gtx&sl=auto&tl=ja&dt=t&q=Vatican+City%27s+population+is+around+800.+It+is+the+smallest+independent+country+in+the+world+and+the+country+with+the+lowest+population. "HTTP/1.1 200 OK"
HTTP Request: GET https://translate.googleapis.com/translate_a/single?client=gtx&sl=auto&tl=ja&dt=t&q=In+the+north+the+region+is+bounded+by+the+Sahel%2C+and+in+the+south+and+west+by+the+Atlantic+Ocean. "HTTP/1.1 200 OK"
HTTP Request: GET https://translate.googleapis.com/translate_a/single?client=gtx&sl=auto&tl=ja&dt=t&q=Along+the+same+line%2C+men+are+required+to+wear+trousers+covering+the+knees. "HTTP/1.1 200 OK"
HTTP Request: GET https://translate.googleapis.com/translate_a/single?client=gtx&sl=auto&tl=ja&dt=t&q=If+you+have+watched+the+movie+National+Treasure%2C+you+may+think+a+treasure+map+was+written+on+the+back+of+the+Declaration+of+Independence. "HTTP/1.1 200 OK"
HTTP Request: GET https://translate.googleapis.com/translate_a/single?client=gtx&sl=auto&tl=ja&dt=t&q=The+composition+of+these+crystals+matches+those+found+in+the+urine+of+affected+pets+when+compared+by+infrared+spectroscopy+%28FTIR%29. "HTTP/1.1 200 OK"
HTTP Request: GET https://translate.googleapis.com/translate_a/single?client=gtx&sl=auto&tl=ja&dt=t&q=The+pyramid+sound+and+light+show+is+one+of+the+most+interesting+things+in+the+area+for+kids. "HTTP/1.1 200 OK"
HTTP Request: GET https://translate.googleapis.com/translate_a/single?client=gtx&sl=auto&tl=ja&dt=t&q=Apia+is+the+capital+of+Samoa.+The+town+is+on+the+island+of+Upolu+and+has+a+population+of+just+under+40%2C000. "HTTP/1.1 200 OK"
HTTP Request: GET https://translate.googleapis.com/translate_a/single?client=gtx&sl=auto&tl=ja&dt=t&q=It+is+one+of+the+main+attractions+of+South+Africa+and+it+is+considered+the+flagship+of+South+African+National+Parks+%28SANParks%29. "HTTP/1.1 200 OK"
HTTP Request: GET https://translate.googleapis.com/translate_a/single?client=gtx&sl=auto&tl=ja&dt=t&q=The+aspect+ratio+of+this+format+%28dividing+by+twelve+to+obtain+the+simplest+whole-number+ratio%29+is+therefore+said+to+be+3%3A2. "HTTP/1.1 200 OK"
HTTP Request: GET https://translate.googleapis.com/translate_a/single?client=gtx&sl=auto&tl=ja&dt=t&q=Several+large+television+screens+were+installed+in+various+places+in+Rome+to+let+the+people+watch+the+ceremony. "HTTP/1.1 200 OK"
HTTP Request: GET https://translate.googleapis.com/translate_a/single?client=gtx&sl=auto&tl=ja&dt=t&q=Six+hostages%2C+including+the+children+and+elderly%2C+were+released+early%2C+as+were+the+Filipino+photographers. "HTTP/1.1 200 OK"
HTTP Request: GET https://translate.googleapis.com/translate_a/single?client=gtx&sl=auto&tl=ja&dt=t&q=Plants+look+their+best+when+in+a+natural+environment%2C+so+resist+the+temptation+to+remove+even+%22just+one%22+specimen. "HTTP/1.1 200 OK"
HTTP Request: GET https://translate.googleapis.com/translate_a/single?client=gtx&sl=auto&tl=ja&dt=t&q=His+work+is+of+such+recognized+quality+and+detail+that+he+is+one+of+the+very+few+%22household+names%22+among+philatelists.+Some+specialize+in+collecting+his+work+alone. "HTTP/1.1 200 OK"
HTTP Request: GET https://translate.googleapis.com/translate_a/single?client=gtx&sl=auto&tl=ja&dt=t&q=People+have+known+about+basic+chemical+elements+such+as+gold%2C+silver%2C+and+copper+from+antiquity%2C+as+these+can+all+be+discovered+in+nature+in+native+form+and+are+relatively+simple+to+mine+with+primitive+tools. "HTTP/1.1 200 OK"
HTTP Request: GET https://translate.googleapis.com/translate_a/single?client=gtx&sl=auto&tl=ja&dt=t&q=Scaffolding+is+not+a+method+of+learning+but+rather+an+aid+that+provides+support+to+individuals+whom+are+undergoing+a+new+learning+experience+such+as+using+a+new+computer+program+or+beginning+a+new+project. "HTTP/1.1 200 OK"
HTTP Request: GET https://translate.googleapis.com/translate_a/single?client=gtx&sl=auto&tl=ja&dt=t&q=USA+Gymnastics+and+the+USOC+have+the+same+goal+%E2%80%94+making+the+sport+of+gymnastics%2C+and+others%2C+as+safe+as+possible+for+athletes+to+follow+their+dreams+in+a+safe%2C+positive+and+empowered+environment. "HTTP/1.1 200 OK"
HTTP Request: GET https://translate.googleapis.com/translate_a/single?client=gtx&sl=auto&tl=ja&dt=t&q=It+is+related+to+but+usually+not+involving+alpine+style+ski+touring+or+mountaineering%2C+the+latter+ones+done+in+steep+terrain+and+requiring+much+stiffer+skis+and+boots. "HTTP/1.1 200 OK"
HTTP Request: GET https://translate.googleapis.com/translate_a/single?client=gtx&sl=auto&tl=ja&dt=t&q=Regular+announcements+in+the+Metro+are+made+only+in+Catalan%2C+but+unplanned+disruptions+are+announced+by+an+automated+system+in+a+wide+variety+of+languages+including+Spanish%2C+English%2C+French%2C+Arabic+and+Japanese. "HTTP/1.1 200 OK"
HTTP Request: GET https://translate.googleapis.com/translate_a/single?client=gtx&sl=auto&tl=ja&dt=t&q=Greenland+was+settled+sparsely.+In+the+Norse+sagas+they+say+that+Erik+the+Red+was+exiled+from+Iceland+for+murder%2C+and+when+travelling+further+west%2C+found+Greenland+and+named+it+Greenland. "HTTP/1.1 200 OK"
HTTP Request: GET https://translate.googleapis.com/translate_a/single?client=gtx&sl=auto&tl=ja&dt=t&q=Due+to+the+underwater+topology+the+return+flow+is+concentrated+at+a+few+deeper+sections%2C+and+a+fast+current+to+deep+water+may+form+there. "HTTP/1.1 200 OK"
HTTP Request: GET https://translate.googleapis.com/translate_a/single?client=gtx&sl=auto&tl=ja&dt=t&q=First+among+its+78+recommendations+is+that+a+new+diplomatic+initiative+should+be+taken+before+the+end+of+this+year+to+secure+Iraq%E2%80%99s+borders+against+hostile+interventions+and+to+re-establish+diplomatic+relations+with+its+neighbors. "HTTP/1.1 200 OK"
HTTP Request: GET https://translate.googleapis.com/translate_a/single?client=gtx&sl=auto&tl=ja&dt=t&q=Bishkek+was+described+as+sinking+into+a+state+of+%22anarchy%22+by+one+observer%2C+as+gangs+of+people+roamed+the+streets+and+plundered+stores+of+consumer+goods. "HTTP/1.1 200 OK"
HTTP Request: GET https://translate.googleapis.com/translate_a/single?client=gtx&sl=auto&tl=ja&dt=t&q=As+a+result%2C "HTTP/1.1 200 OK"
HTTP Request: GET https://translate.googleapis.com/translate_a/single?client=gtx&sl=auto&tl=ja&dt=t&q=Generally+speaking%2C "HTTP/1.1 200 OK"
HTTP Request: GET https://translate.googleapis.com/translate_a/single?client=gtx&sl=auto&tl=ja&dt=t&q=He+referred+to+the+rumors "HTTP/1.1 200 OK"
HTTP Request: GET https://translate.googleapis.com/translate_a/single?client=gtx&sl=auto&tl=ja&dt=t&q=Throughout+1960s%2C "HTTP/1.1 200 OK"
HTTP Request: GET https://translate.googleapis.com/translate_a/single?client=gtx&sl=auto&tl=ja&dt=t&q=As+a+result%2C%0Athe+performers+smoke+cannabis+joints+on+stage%2C "HTTP/1.1 200 OK"
HTTP Request: GET https://translate.googleapis.com/translate_a/single?client=gtx&sl=auto&tl=ja&dt=t&q=Scientists+hope+to+understand+how+planets+form%2C "HTTP/1.1 200 OK"
HTTP Request: GET https://translate.googleapis.com/translate_a/single?client=gtx&sl=auto&tl=ja&dt=t&q=Through+the+night+between+150+and+200+copies+were+made%2C "HTTP/1.1 200 OK"
HTTP Request: GET https://translate.googleapis.com/translate_a/single?client=gtx&sl=auto&tl=ja&dt=t&q=Generally+speaking%2C%0Atwo+behaviors+can+emerge+as+managers+begin+to+lead+their+former+peers. "HTTP/1.1 200 OK"
HTTP Request: GET https://translate.googleapis.com/translate_a/single?client=gtx&sl=auto&tl=ja&dt=t&q=The+word+civilization+comes+from+the+Latin+civilis%2C "HTTP/1.1 200 OK"
HTTP Request: GET https://translate.googleapis.com/translate_a/single?client=gtx&sl=auto&tl=ja&dt=t&q=A+search+of+the+Internet "HTTP/1.1 200 OK"
HTTP Request: GET https://translate.googleapis.com/translate_a/single?client=gtx&sl=auto&tl=ja&dt=t&q=Through+the+night+between+150+and+200+copies+were+made%2C%0Anow+known+as+%22Dunlap+broadsides%22. "HTTP/1.1 200 OK"
HTTP Request: GET https://translate.googleapis.com/translate_a/single?client=gtx&sl=auto&tl=ja&dt=t&q=Scientists+hope+to+understand+how+planets+form%2C%0Aespecially+how+the+Earth+formed%2C "HTTP/1.1 200 OK"
HTTP Request: GET https://translate.googleapis.com/translate_a/single?client=gtx&sl=auto&tl=ja&dt=t&q=A+search+of+the+Internet%0Afor%27+Hostile+environment+course%27 "HTTP/1.1 200 OK"
HTTP Request: GET https://translate.googleapis.com/translate_a/single?client=gtx&sl=auto&tl=ja&dt=t&q=He+referred+to+the+rumors%0Aas+%22political+chatter+and+silliness%22. "HTTP/1.1 200 OK"
HTTP Request: GET https://translate.googleapis.com/translate_a/single?client=gtx&sl=auto&tl=ja&dt=t&q=As+a+result%2C%0Athe+performers+smoke+cannabis+joints+on+stage%2C%0Aand+the+theatre+itself "HTTP/1.1 200 OK"
HTTP Request: GET https://translate.googleapis.com/translate_a/single?client=gtx&sl=auto&tl=ja&dt=t&q=The+word+civilization+comes+from+the+Latin+civilis%2C%0Ameaning+civil%2C "HTTP/1.1 200 OK"
HTTP Request: GET https://translate.googleapis.com/translate_a/single?client=gtx&sl=auto&tl=ja&dt=t&q=Generally+speaking%2C%0Atwo+behaviors+can+emerge+as+managers+begin+to+lead+their+former+peers.%0AOne+end+of+the+spectrum "HTTP/1.1 200 OK"
HTTP Request: GET https://translate.googleapis.com/translate_a/single?client=gtx&sl=auto&tl=ja&dt=t&q=But+there+are+a+lot+of+things+about+birds "HTTP/1.1 200 OK"
HTTP Request: GET https://translate.googleapis.com/translate_a/single?client=gtx&sl=auto&tl=ja&dt=t&q=Scientists+hope+to+understand+how+planets+form%2C%0Aespecially+how+the+Earth+formed%2C%0Asince+comets+collided+with+the+Earth+long+ago. "HTTP/1.1 200 OK"
HTTP Request: GET https://translate.googleapis.com/translate_a/single?client=gtx&sl=auto&tl=ja&dt=t&q=As+a+result%2C%0Athe+performers+smoke+cannabis+joints+on+stage%2C%0Aand+the+theatre+itself%0Ais+encouraging+the+audience+to+join+in. "HTTP/1.1 200 OK"
HTTP Request: GET https://translate.googleapis.com/translate_a/single?client=gtx&sl=auto&tl=ja&dt=t&q=Throughout+1960s%2C%0ABrzezinski+worked+for+John+F.+Kennedy "HTTP/1.1 200 OK"
HTTP Request: GET https://translate.googleapis.com/translate_a/single?client=gtx&sl=auto&tl=ja&dt=t&q=Similarly%2C "HTTP/1.1 200 OK"
HTTP Request: GET https://translate.googleapis.com/translate_a/single?client=gtx&sl=auto&tl=ja&dt=t&q=Virtual+Scaffolds+are+internalized+in+the+software "HTTP/1.1 200 OK"
HTTP Request: GET https://translate.googleapis.com/translate_a/single?client=gtx&sl=auto&tl=ja&dt=t&q=A+search+of+the+Internet%0Afor%27+Hostile+environment+course%27%0Awill+probably+provide+the+address+of+a+local+company. "HTTP/1.1 200 OK"
HTTP Request: GET https://translate.googleapis.com/translate_a/single?client=gtx&sl=auto&tl=ja&dt=t&q=Throughout+1960s%2C%0ABrzezinski+worked+for+John+F.+Kennedy%0Aas+his+advisor+and+then+the+Lyndon+B.+Johnson+administration. "HTTP/1.1 200 OK"
HTTP Request: GET https://translate.googleapis.com/translate_a/single?client=gtx&sl=auto&tl=ja&dt=t&q=Most+of+the+smaller+islands+are+independent+nations%2C "HTTP/1.1 200 OK"
HTTP Request: GET https://translate.googleapis.com/translate_a/single?client=gtx&sl=auto&tl=ja&dt=t&q=But+there+are+a+lot+of+things+about+birds%0Athat+still+look+like+a+dinosaur. "HTTP/1.1 200 OK"
HTTP Request: GET https://translate.googleapis.com/translate_a/single?client=gtx&sl=auto&tl=ja&dt=t&q=Generally+speaking%2C%0Atwo+behaviors+can+emerge+as+managers+begin+to+lead+their+former+peers.%0AOne+end+of+the+spectrum%0Ais+trying+to+remain+%E2%80%9Cone+of+the+guys%E2%80%9D "HTTP/1.1 200 OK"
HTTP Request: GET https://translate.googleapis.com/translate_a/single?client=gtx&sl=auto&tl=ja&dt=t&q=The+word+civilization+comes+from+the+Latin+civilis%2C%0Ameaning+civil%2C%0Arelated+to+the+Latin+civis%2C "HTTP/1.1 200 OK"
HTTP Request: GET https://translate.googleapis.com/translate_a/single?client=gtx&sl=auto&tl=ja&dt=t&q=Generally+speaking%2C%0Atwo+behaviors+can+emerge+as+managers+begin+to+lead+their+former+peers.%0AOne+end+of+the+spectrum%0Ais+trying+to+remain+%E2%80%9Cone+of+the+guys%E2%80%9D%0A%28or+gals%29. "HTTP/1.1 200 OK"
HTTP Request: GET https://translate.googleapis.com/translate_a/single?client=gtx&sl=auto&tl=ja&dt=t&q=Similarly%2C%0Aby+having+a+Schengen+visa%2C "HTTP/1.1 200 OK"
HTTP Request: GET https://translate.googleapis.com/translate_a/single?client=gtx&sl=auto&tl=ja&dt=t&q=The+central+authority+of+the+church "HTTP/1.1 200 OK"
HTTP Request: GET https://translate.googleapis.com/translate_a/single?client=gtx&sl=auto&tl=ja&dt=t&q=Virtual+Scaffolds+are+internalized+in+the+software%0Aand+are+meant+to+question%2C "HTTP/1.1 200 OK"
HTTP Request: GET https://translate.googleapis.com/translate_a/single?client=gtx&sl=auto&tl=ja&dt=t&q=Most+of+the+smaller+islands+are+independent+nations%2C%0Aor+associated+with+France%2C "HTTP/1.1 200 OK"
HTTP Request: GET https://translate.googleapis.com/translate_a/single?client=gtx&sl=auto&tl=ja&dt=t&q=As+a+result%2C%0Atwo+fish+species+have+become+extinct%2C "HTTP/1.1 200 OK"
HTTP Request: GET https://translate.googleapis.com/translate_a/single?client=gtx&sl=auto&tl=ja&dt=t&q=Virtual+Scaffolds+are+internalized+in+the+software%0Aand+are+meant+to+question%2C%0Aprompt%2C "HTTP/1.1 200 OK"
HTTP Request: GET https://translate.googleapis.com/translate_a/single?client=gtx&sl=auto&tl=ja&dt=t&q=The+word+civilization+comes+from+the+Latin+civilis%2C%0Ameaning+civil%2C%0Arelated+to+the+Latin+civis%2C%0Ameaning+citizen%2C "HTTP/1.1 200 OK"
HTTP Request: GET https://translate.googleapis.com/translate_a/single?client=gtx&sl=auto&tl=ja&dt=t&q=We+agree+with+the+USOC%27s "HTTP/1.1 200 OK"
HTTP Request: GET https://translate.googleapis.com/translate_a/single?client=gtx&sl=auto&tl=ja&dt=t&q=We+agree+with+the+USOC%27s%0Astatement "HTTP/1.1 200 OK"
HTTP Request: GET https://translate.googleapis.com/translate_a/single?client=gtx&sl=auto&tl=ja&dt=t&q=As+a+result%2C%0Atwo+fish+species+have+become+extinct%2C%0Aand+two+others+have+become+endangered%2C+including+the+humpback+chub. "HTTP/1.1 200 OK"
HTTP Request: GET https://translate.googleapis.com/translate_a/single?client=gtx&sl=auto&tl=ja&dt=t&q=Similarly%2C%0Aby+having+a+Schengen+visa%2C%0Ayou+do+not+need+to+apply+for+visas+to+each+of+the+Schengen+member+countries "HTTP/1.1 200 OK"
HTTP Request: GET https://translate.googleapis.com/translate_a/single?client=gtx&sl=auto&tl=ja&dt=t&q=Sleep+interruption+is+the+process+of+purposefully+awakening "HTTP/1.1 200 OK"
HTTP Request: GET https://translate.googleapis.com/translate_a/single?client=gtx&sl=auto&tl=ja&dt=t&q=The+word+civilization+comes+from+the+Latin+civilis%2C%0Ameaning+civil%2C%0Arelated+to+the+Latin+civis%2C%0Ameaning+citizen%2C%0Aand+civitas%2C+meaning+city+or+city-state%2C "HTTP/1.1 200 OK"
HTTP Request: GET https://translate.googleapis.com/translate_a/single?client=gtx&sl=auto&tl=ja&dt=t&q=Most+of+the+smaller+islands+are+independent+nations%2C%0Aor+associated+with+France%2C%0Aand+known+as+luxury+beach+resorts. "HTTP/1.1 200 OK"
HTTP Request: GET https://translate.googleapis.com/translate_a/single?client=gtx&sl=auto&tl=ja&dt=t&q=Virtual+Scaffolds+are+internalized+in+the+software%0Aand+are+meant+to+question%2C%0Aprompt%2C%0Aand+explain+procedures "HTTP/1.1 200 OK"
HTTP Request: GET https://translate.googleapis.com/translate_a/single?client=gtx&sl=auto&tl=ja&dt=t&q=The+central+authority+of+the+church%0Ahad+been+in+Rome "HTTP/1.1 200 OK"
HTTP Request: GET https://translate.googleapis.com/translate_a/single?client=gtx&sl=auto&tl=ja&dt=t&q=Buses+depart+the+inter-district+bus+station "HTTP/1.1 200 OK"
HTTP Request: GET https://translate.googleapis.com/translate_a/single?client=gtx&sl=auto&tl=ja&dt=t&q=Sleep+interruption+is+the+process+of+purposefully+awakening%0Aduring+your+normal+sleep+period "HTTP/1.1 200 OK"
HTTP Request: GET https://translate.googleapis.com/translate_a/single?client=gtx&sl=auto&tl=ja&dt=t&q=Similarly%2C%0Aby+having+a+Schengen+visa%2C%0Ayou+do+not+need+to+apply+for+visas+to+each+of+the+Schengen+member+countries%0Aseparately%2C "HTTP/1.1 200 OK"
HTTP Request: GET https://translate.googleapis.com/translate_a/single?client=gtx&sl=auto&tl=ja&dt=t&q=The+word+civilization+comes+from+the+Latin+civilis%2C%0Ameaning+civil%2C%0Arelated+to+the+Latin+civis%2C%0Ameaning+citizen%2C%0Aand+civitas%2C+meaning+city+or+city-state%2C%0Aand+that+also+somehow+defines+the+size+of+the+society. "HTTP/1.1 200 OK"
HTTP Request: GET https://translate.googleapis.com/translate_a/single?client=gtx&sl=auto&tl=ja&dt=t&q=We+agree+with+the+USOC%27s%0Astatement%0Athat+the+interests+of+our+athletes+and+clubs%2C "HTTP/1.1 200 OK"
HTTP Request: GET https://translate.googleapis.com/translate_a/single?client=gtx&sl=auto&tl=ja&dt=t&q=Also+to+the+north+visit+the+great+Sanctuary "HTTP/1.1 200 OK"
HTTP Request: GET https://translate.googleapis.com/translate_a/single?client=gtx&sl=auto&tl=ja&dt=t&q=Similarly%2C%0Aby+having+a+Schengen+visa%2C%0Ayou+do+not+need+to+apply+for+visas+to+each+of+the+Schengen+member+countries%0Aseparately%2C%0Ahence+saving+time%2C+money+and+paperwork. "HTTP/1.1 200 OK"
HTTP Request: GET https://translate.googleapis.com/translate_a/single?client=gtx&sl=auto&tl=ja&dt=t&q=Sleep+interruption+is+the+process+of+purposefully+awakening%0Aduring+your+normal+sleep+period%0Aand+falling+asleep "HTTP/1.1 200 OK"
HTTP Request: GET https://translate.googleapis.com/translate_a/single?client=gtx&sl=auto&tl=ja&dt=t&q=The+802.11n+standard "HTTP/1.1 200 OK"
HTTP Request: GET https://translate.googleapis.com/translate_a/single?client=gtx&sl=auto&tl=ja&dt=t&q=Buses+depart+the+inter-district+bus+station%0A%28across+the+river%29 "HTTP/1.1 200 OK"
HTTP Request: GET https://translate.googleapis.com/translate_a/single?client=gtx&sl=auto&tl=ja&dt=t&q=The+central+authority+of+the+church%0Ahad+been+in+Rome%0Afor+over+a+thousand+years "HTTP/1.1 200 OK"
HTTP Request: GET https://translate.googleapis.com/translate_a/single?client=gtx&sl=auto&tl=ja&dt=t&q=Virtual+Scaffolds+are+internalized+in+the+software%0Aand+are+meant+to+question%2C%0Aprompt%2C%0Aand+explain+procedures%0Athat+may+have+been+to+challenging+for+the+student+to+handle+alone. "HTTP/1.1 200 OK"
HTTP Request: GET https://translate.googleapis.com/translate_a/single?client=gtx&sl=auto&tl=ja&dt=t&q=Alloys "HTTP/1.1 200 OK"
HTTP Request: GET https://translate.googleapis.com/translate_a/single?client=gtx&sl=auto&tl=ja&dt=t&q=The+802.11n+standard%0Aoperates+on+both+the+2.4Ghz+and+5.0Ghz+frequencies. "HTTP/1.1 200 OK"
HTTP Request: GET https://translate.googleapis.com/translate_a/single?client=gtx&sl=auto&tl=ja&dt=t&q=Alloys%0Aare+basically+a+mixture "HTTP/1.1 200 OK"
HTTP Request: GET https://translate.googleapis.com/translate_a/single?client=gtx&sl=auto&tl=ja&dt=t&q=We+agree+with+the+USOC%27s%0Astatement%0Athat+the+interests+of+our+athletes+and+clubs%2C%0Aand+their+sport%2C "HTTP/1.1 200 OK"
HTTP Request: GET https://translate.googleapis.com/translate_a/single?client=gtx&sl=auto&tl=ja&dt=t&q=We+make+our+houses "HTTP/1.1 200 OK"
HTTP Request: GET https://translate.googleapis.com/translate_a/single?client=gtx&sl=auto&tl=ja&dt=t&q=Also+to+the+north+visit+the+great+Sanctuary%0Aof+Our+Lady+of+Fatima "HTTP/1.1 200 OK"
HTTP Request: GET https://translate.googleapis.com/translate_a/single?client=gtx&sl=auto&tl=ja&dt=t&q=Buses+depart+the+inter-district+bus+station%0A%28across+the+river%29%0Athroughout+the+day%2C "HTTP/1.1 200 OK"
HTTP Request: GET https://translate.googleapis.com/translate_a/single?client=gtx&sl=auto&tl=ja&dt=t&q=Fire+rescue+crews "HTTP/1.1 200 OK"
HTTP Request: GET https://translate.googleapis.com/translate_a/single?client=gtx&sl=auto&tl=ja&dt=t&q=The+central+authority+of+the+church%0Ahad+been+in+Rome%0Afor+over+a+thousand+years%0Aand+this+concentration+of+power+and+money "HTTP/1.1 200 OK"
HTTP Request: GET https://translate.googleapis.com/translate_a/single?client=gtx&sl=auto&tl=ja&dt=t&q=Sleep+interruption+is+the+process+of+purposefully+awakening%0Aduring+your+normal+sleep+period%0Aand+falling+asleep%0Aa+short+time+later+%2810%E2%80%9360+minutes%29. "HTTP/1.1 200 OK"
HTTP Request: GET https://translate.googleapis.com/translate_a/single?client=gtx&sl=auto&tl=ja&dt=t&q=Also+to+the+north+visit+the+great+Sanctuary%0Aof+Our+Lady+of+Fatima%0A%28Shrine%29%2C "HTTP/1.1 200 OK"
HTTP Request: GET https://translate.googleapis.com/translate_a/single?client=gtx&sl=auto&tl=ja&dt=t&q=We+agree+with+the+USOC%27s%0Astatement%0Athat+the+interests+of+our+athletes+and+clubs%2C%0Aand+their+sport%2C%0Amay+be+better+served+by+moving+forward+with+meaningful+change+within+our+organization%2C "HTTP/1.1 200 OK"
HTTP Request: GET https://translate.googleapis.com/translate_a/single?client=gtx&sl=auto&tl=ja&dt=t&q=Buses+depart+the+inter-district+bus+station%0A%28across+the+river%29%0Athroughout+the+day%2C%0Athough+most%2C+especially+those+heading+to+the+east+and+Jakar%2FBumthang+leave+between+06%3A30+and+07%3A30. "HTTP/1.1 200 OK"
HTTP Request: GET https://translate.googleapis.com/translate_a/single?client=gtx&sl=auto&tl=ja&dt=t&q=The+central+authority+of+the+church%0Ahad+been+in+Rome%0Afor+over+a+thousand+years%0Aand+this+concentration+of+power+and+money%0Aled+many+to+question+whether+this+tenet+was+being+met. "HTTP/1.1 200 OK"
HTTP Request: GET https://translate.googleapis.com/translate_a/single?client=gtx&sl=auto&tl=ja&dt=t&q=Fire+rescue+crews%0Aeventually+doused+the+fire+by+11%3A35+pm. "HTTP/1.1 200 OK"
HTTP Request: GET https://translate.googleapis.com/translate_a/single?client=gtx&sl=auto&tl=ja&dt=t&q=We+make+our+houses%0Afrom+plants+and+make+clothes+from+plants.+Most+foods+that+we+eat "HTTP/1.1 200 OK"
HTTP Request: GET https://translate.googleapis.com/translate_a/single?client=gtx&sl=auto&tl=ja&dt=t&q=Alloys%0Aare+basically+a+mixture%0Aof+two+or+more+metals.+Don%27t+forget+that+there+are+many+elements "HTTP/1.1 200 OK"
HTTP Request: GET https://translate.googleapis.com/translate_a/single?client=gtx&sl=auto&tl=ja&dt=t&q=While+Goma+is+reasonably+safe%2C "HTTP/1.1 200 OK"
HTTP Request: GET https://translate.googleapis.com/translate_a/single?client=gtx&sl=auto&tl=ja&dt=t&q=Also+to+the+north+visit+the+great+Sanctuary%0Aof+Our+Lady+of+Fatima%0A%28Shrine%29%2C%0Aa+place+of+worldwide+famous+Marian+apparitions. "HTTP/1.1 200 OK"
HTTP Request: GET https://translate.googleapis.com/translate_a/single?client=gtx&sl=auto&tl=ja&dt=t&q=Giancarlo+Fisichella "HTTP/1.1 200 OK"
HTTP Request: GET https://translate.googleapis.com/translate_a/single?client=gtx&sl=auto&tl=ja&dt=t&q=Ancient+China "HTTP/1.1 200 OK"
HTTP Request: GET https://translate.googleapis.com/translate_a/single?client=gtx&sl=auto&tl=ja&dt=t&q=We+agree+with+the+USOC%27s%0Astatement%0Athat+the+interests+of+our+athletes+and+clubs%2C%0Aand+their+sport%2C%0Amay+be+better+served+by+moving+forward+with+meaningful+change+within+our+organization%2C%0Arather+than+decertification. "HTTP/1.1 200 OK"
HTTP Request: GET https://translate.googleapis.com/translate_a/single?client=gtx&sl=auto&tl=ja&dt=t&q=As+a+result%2C%0Athe+process "HTTP/1.1 200 OK"
HTTP Request: GET https://translate.googleapis.com/translate_a/single?client=gtx&sl=auto&tl=ja&dt=t&q=While+Goma+is+reasonably+safe%2C%0Aany+visits+outside+of+Goma "HTTP/1.1 200 OK"
HTTP Request: GET https://translate.googleapis.com/translate_a/single?client=gtx&sl=auto&tl=ja&dt=t&q=Giancarlo+Fisichella%0Alost+control+of+his+car "HTTP/1.1 200 OK"
HTTP Request: GET https://translate.googleapis.com/translate_a/single?client=gtx&sl=auto&tl=ja&dt=t&q=The+Northern+Marianas+emergency+management+office "HTTP/1.1 200 OK"
HTTP Request: GET https://translate.googleapis.com/translate_a/single?client=gtx&sl=auto&tl=ja&dt=t&q=Alloys%0Aare+basically+a+mixture%0Aof+two+or+more+metals.+Don%27t+forget+that+there+are+many+elements%0Aon+the+periodic+table. "HTTP/1.1 200 OK"
HTTP Request: GET https://translate.googleapis.com/translate_a/single?client=gtx&sl=auto&tl=ja&dt=t&q=At+the+other+end "HTTP/1.1 200 OK"
HTTP Request: GET https://translate.googleapis.com/translate_a/single?client=gtx&sl=auto&tl=ja&dt=t&q=We+make+our+houses%0Afrom+plants+and+make+clothes+from+plants.+Most+foods+that+we+eat%0Aare+plants.+Without+plants%2C "HTTP/1.1 200 OK"
HTTP Request: GET https://translate.googleapis.com/translate_a/single?client=gtx&sl=auto&tl=ja&dt=t&q=At+the+other+end%0Aof+the+spectrum%2C "HTTP/1.1 200 OK"
HTTP Request: GET https://translate.googleapis.com/translate_a/single?client=gtx&sl=auto&tl=ja&dt=t&q=At+the+other+end%0Aof+the+spectrum%2C%0Aone "HTTP/1.1 200 OK"
HTTP Request: GET https://translate.googleapis.com/translate_a/single?client=gtx&sl=auto&tl=ja&dt=t&q=The+Northern+Marianas+emergency+management+office%0Asaid+that+there+were+no+damages+reported "HTTP/1.1 200 OK"
HTTP Request: GET https://translate.googleapis.com/translate_a/single?client=gtx&sl=auto&tl=ja&dt=t&q=While+Goma+is+reasonably+safe%2C%0Aany+visits+outside+of+Goma%0Ashould+be+researched "HTTP/1.1 200 OK"
HTTP Request: GET https://translate.googleapis.com/translate_a/single?client=gtx&sl=auto&tl=ja&dt=t&q=Ancient+China%0Ahad+a+unique+way "HTTP/1.1 200 OK"
HTTP Request: GET https://translate.googleapis.com/translate_a/single?client=gtx&sl=auto&tl=ja&dt=t&q=As+a+result%2C%0Athe+process%0Aof+an+organization+working+together+to+overcome+an+obstacle "HTTP/1.1 200 OK"
HTTP Request: GET https://translate.googleapis.com/translate_a/single?client=gtx&sl=auto&tl=ja&dt=t&q=Ancient+cultures+and+tribes+began+to+keep+them+for+easy+access+to+milk%2C "HTTP/1.1 200 OK"
HTTP Request: GET https://translate.googleapis.com/translate_a/single?client=gtx&sl=auto&tl=ja&dt=t&q=Giancarlo+Fisichella%0Alost+control+of+his+car%0Aand+ended+the+race+very+soon+after+the+start. "HTTP/1.1 200 OK"
HTTP Request: GET https://translate.googleapis.com/translate_a/single?client=gtx&sl=auto&tl=ja&dt=t&q=Ancient+cultures+and+tribes+began+to+keep+them+for+easy+access+to+milk%2C%0Ahair%2C "HTTP/1.1 200 OK"
HTTP Request: GET https://translate.googleapis.com/translate_a/single?client=gtx&sl=auto&tl=ja&dt=t&q=At+the+other+end%0Aof+the+spectrum%2C%0Aone%0Amorphs+into+an+unrecognizable+individual "HTTP/1.1 200 OK"
HTTP Request: GET https://translate.googleapis.com/translate_a/single?client=gtx&sl=auto&tl=ja&dt=t&q=We+make+our+houses%0Afrom+plants+and+make+clothes+from+plants.+Most+foods+that+we+eat%0Aare+plants.+Without+plants%2C%0Aanimals+could+not+survive. "HTTP/1.1 200 OK"
HTTP Request: GET https://translate.googleapis.com/translate_a/single?client=gtx&sl=auto&tl=ja&dt=t&q=While+Goma+is+reasonably+safe%2C%0Aany+visits+outside+of+Goma%0Ashould+be+researched%0Ato+understand+the+state+of+the+fighting+that+persists+in+the+North+Kivu+province. "HTTP/1.1 200 OK"
HTTP Request: GET https://translate.googleapis.com/translate_a/single?client=gtx&sl=auto&tl=ja&dt=t&q=Ancient+cultures+and+tribes+began+to+keep+them+for+easy+access+to+milk%2C%0Ahair%2C%0Ameat%2C+and+skins. "HTTP/1.1 200 OK"
HTTP Request: GET https://translate.googleapis.com/translate_a/single?client=gtx&sl=auto&tl=ja&dt=t&q=The+governor%27s+office "HTTP/1.1 200 OK"
HTTP Request: GET https://translate.googleapis.com/translate_a/single?client=gtx&sl=auto&tl=ja&dt=t&q=As+a+result%2C%0Athe+process%0Aof+an+organization+working+together+to+overcome+an+obstacle%0Acan+lead+to+a+new+innovative+process+to+serve+the+customer%27s+need. "HTTP/1.1 200 OK"
HTTP Request: GET https://translate.googleapis.com/translate_a/single?client=gtx&sl=auto&tl=ja&dt=t&q=Researchers+from+Princeton+University+in+the+United+States "HTTP/1.1 200 OK"
HTTP Request: GET https://translate.googleapis.com/translate_a/single?client=gtx&sl=auto&tl=ja&dt=t&q=At+the+other+end%0Aof+the+spectrum%2C%0Aone%0Amorphs+into+an+unrecognizable+individual%0Athat+feels+he+or+she+must+change+everything+the+team+has+been+doing+and+make+it+their+own. "HTTP/1.1 200 OK"
HTTP Request: GET https://translate.googleapis.com/translate_a/single?client=gtx&sl=auto&tl=ja&dt=t&q=The+Northern+Marianas+emergency+management+office%0Asaid+that+there+were+no+damages+reported%0Ain+the+nation. "HTTP/1.1 200 OK"
HTTP Request: GET https://translate.googleapis.com/translate_a/single?client=gtx&sl=auto&tl=ja&dt=t&q=Ancient+China%0Ahad+a+unique+way%0Aof+showing+different+time+periods%3B "HTTP/1.1 200 OK"
HTTP Request: GET https://translate.googleapis.com/translate_a/single?client=gtx&sl=auto&tl=ja&dt=t&q=Ancient+China%0Ahad+a+unique+way%0Aof+showing+different+time+periods%3B%0Aeach+stage+of+China+or+each+family+that+was+in+power+was+a+distinctive+dynasty. "HTTP/1.1 200 OK"
HTTP Request: GET https://translate.googleapis.com/translate_a/single?client=gtx&sl=auto&tl=ja&dt=t&q=In+1990%2C "HTTP/1.1 200 OK"
HTTP Request: GET https://translate.googleapis.com/translate_a/single?client=gtx&sl=auto&tl=ja&dt=t&q=The+Giza+Plateau%2C "HTTP/1.1 200 OK"
HTTP Request: GET https://translate.googleapis.com/translate_a/single?client=gtx&sl=auto&tl=ja&dt=t&q=Cuomo%2C+53%2C "HTTP/1.1 200 OK"
HTTP Request: GET https://translate.googleapis.com/translate_a/single?client=gtx&sl=auto&tl=ja&dt=t&q=The+same+month+saw+another+airliner+overrun+a+runway+at+Mashhad "HTTP/1.1 200 OK"
HTTP Request: GET https://translate.googleapis.com/translate_a/single?client=gtx&sl=auto&tl=ja&dt=t&q=The+governor%27s+office%0Asaid+nineteen+of+the+injured+were+police+officers. "HTTP/1.1 200 OK"
HTTP Request: GET https://translate.googleapis.com/translate_a/single?client=gtx&sl=auto&tl=ja&dt=t&q=The+harbor+was+the+site+of+an+infamous+naval+standoff+in+1889 "HTTP/1.1 200 OK"
HTTP Request: GET https://translate.googleapis.com/translate_a/single?client=gtx&sl=auto&tl=ja&dt=t&q=The+U.S.+Corps+of+Engineers "HTTP/1.1 200 OK"
HTTP Request: GET https://translate.googleapis.com/translate_a/single?client=gtx&sl=auto&tl=ja&dt=t&q=In+1990%2C%0Ait+was+added+to+the+list+of+world+heritage+sites "HTTP/1.1 200 OK"
HTTP Request: GET https://translate.googleapis.com/translate_a/single?client=gtx&sl=auto&tl=ja&dt=t&q=Researchers+from+Princeton+University+in+the+United+States%0Aand+Uppsala+University+in+Sweden "HTTP/1.1 200 OK"
HTTP Request: GET https://translate.googleapis.com/translate_a/single?client=gtx&sl=auto&tl=ja&dt=t&q=The+Giza+Plateau%2C%0Aor+%22Giza+Necropolis%22+in+the+Egyptian+Valley+of+the+Dead "HTTP/1.1 200 OK"
HTTP Request: GET https://translate.googleapis.com/translate_a/single?client=gtx&sl=auto&tl=ja&dt=t&q=The+same+month+saw+another+airliner+overrun+a+runway+at+Mashhad%0Aand+strike+a+wall%2C "HTTP/1.1 200 OK"
HTTP Request: GET https://translate.googleapis.com/translate_a/single?client=gtx&sl=auto&tl=ja&dt=t&q=Oliver+Sacks%2C "HTTP/1.1 200 OK"
HTTP Request: GET https://translate.googleapis.com/translate_a/single?client=gtx&sl=auto&tl=ja&dt=t&q=Cuomo%2C+53%2C%0Abegan+his+governorship "HTTP/1.1 200 OK"
HTTP Request: GET https://translate.googleapis.com/translate_a/single?client=gtx&sl=auto&tl=ja&dt=t&q=The+Giza+Plateau%2C%0Aor+%22Giza+Necropolis%22+in+the+Egyptian+Valley+of+the+Dead%0Acontains+several+pyramids+%28of+which+the+great+pyramid+is+the+largest%29%2C "HTTP/1.1 200 OK"
HTTP Request: GET https://translate.googleapis.com/translate_a/single?client=gtx&sl=auto&tl=ja&dt=t&q=Researchers+from+Princeton+University+in+the+United+States%0Aand+Uppsala+University+in+Sweden%0Areported+the+new+species+evolved+in+just+two+generations%2C "HTTP/1.1 200 OK"
HTTP Request: GET https://translate.googleapis.com/translate_a/single?client=gtx&sl=auto&tl=ja&dt=t&q=The+harbor+was+the+site+of+an+infamous+naval+standoff+in+1889%0Awhen+seven+ships+from+Germany%2C "HTTP/1.1 200 OK"
HTTP Request: GET https://translate.googleapis.com/translate_a/single?client=gtx&sl=auto&tl=ja&dt=t&q=The+U.S.+Corps+of+Engineers%0Aestimated+that+6+inches+of+rainfall "HTTP/1.1 200 OK"
HTTP Request: GET https://translate.googleapis.com/translate_a/single?client=gtx&sl=auto&tl=ja&dt=t&q=Cuomo%2C+53%2C%0Abegan+his+governorship%0Aearlier+this+year+and+signed+a+bill+last+month+legalizing+same-sex+marriage. "HTTP/1.1 200 OK"
HTTP Request: GET https://translate.googleapis.com/translate_a/single?client=gtx&sl=auto&tl=ja&dt=t&q=Researchers+from+Princeton+University+in+the+United+States%0Aand+Uppsala+University+in+Sweden%0Areported+the+new+species+evolved+in+just+two+generations%2C%0Athough+this+process+had+been+believed+to+take+much+longer%2C "HTTP/1.1 200 OK"
HTTP Request: GET https://translate.googleapis.com/translate_a/single?client=gtx&sl=auto&tl=ja&dt=t&q=The+city "HTTP/1.1 200 OK"
HTTP Request: GET https://translate.googleapis.com/translate_a/single?client=gtx&sl=auto&tl=ja&dt=t&q=The+Giza+Plateau%2C%0Aor+%22Giza+Necropolis%22+in+the+Egyptian+Valley+of+the+Dead%0Acontains+several+pyramids+%28of+which+the+great+pyramid+is+the+largest%29%2C%0Aseveral+small+tombs%2C "HTTP/1.1 200 OK"
HTTP Request: GET https://translate.googleapis.com/translate_a/single?client=gtx&sl=auto&tl=ja&dt=t&q=Oliver+Sacks%2C%0Ain+his+paper "HTTP/1.1 200 OK"
HTTP Request: GET https://translate.googleapis.com/translate_a/single?client=gtx&sl=auto&tl=ja&dt=t&q=The+same+month+saw+another+airliner+overrun+a+runway+at+Mashhad%0Aand+strike+a+wall%2C%0Akilling+seventeen. "HTTP/1.1 200 OK"
HTTP Request: GET https://translate.googleapis.com/translate_a/single?client=gtx&sl=auto&tl=ja&dt=t&q=In+1990%2C%0Ait+was+added+to+the+list+of+world+heritage+sites%0Ain+danger%2C "HTTP/1.1 200 OK"
HTTP Request: GET https://translate.googleapis.com/translate_a/single?client=gtx&sl=auto&tl=ja&dt=t&q=The+term+bug+is+used+by+entomologists "HTTP/1.1 200 OK"
HTTP Request: GET https://translate.googleapis.com/translate_a/single?client=gtx&sl=auto&tl=ja&dt=t&q=Researchers+from+Princeton+University+in+the+United+States%0Aand+Uppsala+University+in+Sweden%0Areported+the+new+species+evolved+in+just+two+generations%2C%0Athough+this+process+had+been+believed+to+take+much+longer%2C%0Adue+to+breeding+between+an+endemic+Darwin+finch%2C "HTTP/1.1 200 OK"
HTTP Request: GET https://translate.googleapis.com/translate_a/single?client=gtx&sl=auto&tl=ja&dt=t&q=The+U.S.+Corps+of+Engineers%0Aestimated+that+6+inches+of+rainfall%0Acould+breach+the+previously+damaged+levees. "HTTP/1.1 200 OK"
HTTP Request: GET https://translate.googleapis.com/translate_a/single?client=gtx&sl=auto&tl=ja&dt=t&q=In+1990%2C%0Ait+was+added+to+the+list+of+world+heritage+sites%0Ain+danger%2C%0Adue+to+the+threat+of+desert+sands. "HTTP/1.1 200 OK"
HTTP Request: GET https://translate.googleapis.com/translate_a/single?client=gtx&sl=auto&tl=ja&dt=t&q=Ironing+damp+clothes+can+help+them+dry. "HTTP/1.1 200 OK"
HTTP Request: GET https://translate.googleapis.com/translate_a/single?client=gtx&sl=auto&tl=ja&dt=t&q=Oliver+Sacks%2C%0Ain+his+paper%0AThe+President%27s+Speech%2C "HTTP/1.1 200 OK"
HTTP Request: GET https://translate.googleapis.com/translate_a/single?client=gtx&sl=auto&tl=ja&dt=t&q=The+Giza+Plateau%2C%0Aor+%22Giza+Necropolis%22+in+the+Egyptian+Valley+of+the+Dead%0Acontains+several+pyramids+%28of+which+the+great+pyramid+is+the+largest%29%2C%0Aseveral+small+tombs%2C%0Aseveral+temples%2C "HTTP/1.1 200 OK"
HTTP Request: GET https://translate.googleapis.com/translate_a/single?client=gtx&sl=auto&tl=ja&dt=t&q=The+city%0Ais+also+the+base "HTTP/1.1 200 OK"
HTTP Request: GET https://translate.googleapis.com/translate_a/single?client=gtx&sl=auto&tl=ja&dt=t&q=The+harbor+was+the+site+of+an+infamous+naval+standoff+in+1889%0Awhen+seven+ships+from+Germany%2C%0Athe+US%2C+and+Britain "HTTP/1.1 200 OK"
HTTP Request: GET https://translate.googleapis.com/translate_a/single?client=gtx&sl=auto&tl=ja&dt=t&q=Oliver+Sacks%2C%0Ain+his+paper%0AThe+President%27s+Speech%2C%0Aindicated+how+people+who+are+unable+to+understand+speech+because+of+brain+damage "HTTP/1.1 200 OK"
HTTP Request: GET https://translate.googleapis.com/translate_a/single?client=gtx&sl=auto&tl=ja&dt=t&q=While+he+was+working+at+the+hospital "HTTP/1.1 200 OK"
HTTP Request: GET https://translate.googleapis.com/translate_a/single?client=gtx&sl=auto&tl=ja&dt=t&q=Ironing+damp+clothes+can+help+them+dry.%0AMany+hotels+have+an+iron+and+ironing+board "HTTP/1.1 200 OK"
HTTP Request: GET https://translate.googleapis.com/translate_a/single?client=gtx&sl=auto&tl=ja&dt=t&q=The+harbor+was+the+site+of+an+infamous+naval+standoff+in+1889%0Awhen+seven+ships+from+Germany%2C%0Athe+US%2C+and+Britain%0Arefused+to+leave+the+harbor. "HTTP/1.1 200 OK"
HTTP Request: GET https://translate.googleapis.com/translate_a/single?client=gtx&sl=auto&tl=ja&dt=t&q=The+city%0Ais+also+the+base%0Ato+climb+the+Nyiragongo+volcano "HTTP/1.1 200 OK"
HTTP Request: GET https://translate.googleapis.com/translate_a/single?client=gtx&sl=auto&tl=ja&dt=t&q=The+Giza+Plateau%2C%0Aor+%22Giza+Necropolis%22+in+the+Egyptian+Valley+of+the+Dead%0Acontains+several+pyramids+%28of+which+the+great+pyramid+is+the+largest%29%2C%0Aseveral+small+tombs%2C%0Aseveral+temples%2C%0Aand+the+great+Sphinx. "HTTP/1.1 200 OK"
HTTP Request: GET https://translate.googleapis.com/translate_a/single?client=gtx&sl=auto&tl=ja&dt=t&q=Researchers+from+Princeton+University+in+the+United+States%0Aand+Uppsala+University+in+Sweden%0Areported+the+new+species+evolved+in+just+two+generations%2C%0Athough+this+process+had+been+believed+to+take+much+longer%2C%0Adue+to+breeding+between+an+endemic+Darwin+finch%2C%0AGeospiza+fortes%2C "HTTP/1.1 200 OK"
HTTP Request: GET https://translate.googleapis.com/translate_a/single?client=gtx&sl=auto&tl=ja&dt=t&q=Hong+Kong+Island "HTTP/1.1 200 OK"
HTTP Request: GET https://translate.googleapis.com/translate_a/single?client=gtx&sl=auto&tl=ja&dt=t&q=The+term+bug+is+used+by+entomologists%0Ain+a+formal+sense "HTTP/1.1 200 OK"
HTTP Request: GET https://translate.googleapis.com/translate_a/single?client=gtx&sl=auto&tl=ja&dt=t&q=Ironing+damp+clothes+can+help+them+dry.%0AMany+hotels+have+an+iron+and+ironing+board%0Aavailable+for+loan%2C "HTTP/1.1 200 OK"
HTTP Request: GET https://translate.googleapis.com/translate_a/single?client=gtx&sl=auto&tl=ja&dt=t&q=The+city%0Ais+also+the+base%0Ato+climb+the+Nyiragongo+volcano%0Aalong+with+some+of+the+cheapest+Mountain+Gorilla+tracking+in+Africa. "HTTP/1.1 200 OK"
HTTP Request: GET https://translate.googleapis.com/translate_a/single?client=gtx&sl=auto&tl=ja&dt=t&q=Oliver+Sacks%2C%0Ain+his+paper%0AThe+President%27s+Speech%2C%0Aindicated+how+people+who+are+unable+to+understand+speech+because+of+brain+damage%0Aare+nevertheless+able+to+assess+sincerity+accurately. "HTTP/1.1 200 OK"
HTTP Request: GET https://translate.googleapis.com/translate_a/single?client=gtx&sl=auto&tl=ja&dt=t&q=While+he+was+working+at+the+hospital%0ALiggins+began+to+investigate+premature+labor "HTTP/1.1 200 OK"
HTTP Request: GET https://translate.googleapis.com/translate_a/single?client=gtx&sl=auto&tl=ja&dt=t&q=Hong+Kong+Island%0Agives+the+territory+of+Hong+Kong "HTTP/1.1 200 OK"
HTTP Request: GET https://translate.googleapis.com/translate_a/single?client=gtx&sl=auto&tl=ja&dt=t&q=Hong+Kong+Island%0Agives+the+territory+of+Hong+Kong%0Aits+name "HTTP/1.1 200 OK"
HTTP Request: GET https://translate.googleapis.com/translate_a/single?client=gtx&sl=auto&tl=ja&dt=t&q=The+term+bug+is+used+by+entomologists%0Ain+a+formal+sense%0Afor+this+group+of+insects. "HTTP/1.1 200 OK"
HTTP Request: GET https://translate.googleapis.com/translate_a/single?client=gtx&sl=auto&tl=ja&dt=t&q=The+official+Falklands+currency "HTTP/1.1 200 OK"
HTTP Request: GET https://translate.googleapis.com/translate_a/single?client=gtx&sl=auto&tl=ja&dt=t&q=Researchers+from+Princeton+University+in+the+United+States%0Aand+Uppsala+University+in+Sweden%0Areported+the+new+species+evolved+in+just+two+generations%2C%0Athough+this+process+had+been+believed+to+take+much+longer%2C%0Adue+to+breeding+between+an+endemic+Darwin+finch%2C%0AGeospiza+fortes%2C%0Aand+the+immigrant+cactus+finch%2C "HTTP/1.1 200 OK"
HTTP Request: GET https://translate.googleapis.com/translate_a/single?client=gtx&sl=auto&tl=ja&dt=t&q=Parisians+have+a+reputation+for+being+egocentric%2C "HTTP/1.1 200 OK"
HTTP Request: GET https://translate.googleapis.com/translate_a/single?client=gtx&sl=auto&tl=ja&dt=t&q=In+just+two+weeks "HTTP/1.1 200 OK"
HTTP Request: GET https://translate.googleapis.com/translate_a/single?client=gtx&sl=auto&tl=ja&dt=t&q=Researchers+from+Princeton+University+in+the+United+States%0Aand+Uppsala+University+in+Sweden%0Areported+the+new+species+evolved+in+just+two+generations%2C%0Athough+this+process+had+been+believed+to+take+much+longer%2C%0Adue+to+breeding+between+an+endemic+Darwin+finch%2C%0AGeospiza+fortes%2C%0Aand+the+immigrant+cactus+finch%2C%0AGeospiza+conirostris. "HTTP/1.1 200 OK"
HTTP Request: GET https://translate.googleapis.com/translate_a/single?client=gtx&sl=auto&tl=ja&dt=t&q=While+he+was+working+at+the+hospital%0ALiggins+began+to+investigate+premature+labor%0Aduring+his+spare+time. "HTTP/1.1 200 OK"
HTTP Request: GET https://translate.googleapis.com/translate_a/single?client=gtx&sl=auto&tl=ja&dt=t&q=The+official+Falklands+currency%0Ais+the+Falkland+pound "HTTP/1.1 200 OK"
HTTP Request: GET https://translate.googleapis.com/translate_a/single?client=gtx&sl=auto&tl=ja&dt=t&q=Hong+Kong+Island%0Agives+the+territory+of+Hong+Kong%0Aits+name%0Aand+is+the+place+that+many+tourists+regard+as+the+main+focus. "HTTP/1.1 200 OK"
HTTP Request: GET https://translate.googleapis.com/translate_a/single?client=gtx&sl=auto&tl=ja&dt=t&q=Lakkha+Singh+presented+the+chhappan+bhog+bhajan+as+well. "HTTP/1.1 200 OK"
HTTP Request: GET https://translate.googleapis.com/translate_a/single?client=gtx&sl=auto&tl=ja&dt=t&q=Lakkha+Singh+presented+the+chhappan+bhog+bhajan+as+well.%0ASinger%2C+Raju+Khandelwal+was+accompanying+him. "HTTP/1.1 200 OK"
HTTP Request: GET https://translate.googleapis.com/translate_a/single?client=gtx&sl=auto&tl=ja&dt=t&q=Ironing+damp+clothes+can+help+them+dry.%0AMany+hotels+have+an+iron+and+ironing+board%0Aavailable+for+loan%2C%0Aeven+if+one+is+not+present+in+the+room. "HTTP/1.1 200 OK"
HTTP Request: GET https://translate.googleapis.com/translate_a/single?client=gtx&sl=auto&tl=ja&dt=t&q=Other+subjects+on+the+agenda "HTTP/1.1 200 OK"
HTTP Request: GET https://translate.googleapis.com/translate_a/single?client=gtx&sl=auto&tl=ja&dt=t&q=In+just+two+weeks%0Athe+Americans+and+Free+French+forces+had+liberated+southern+France "HTTP/1.1 200 OK"
HTTP Request: GET https://translate.googleapis.com/translate_a/single?client=gtx&sl=auto&tl=ja&dt=t&q=Parisians+have+a+reputation+for+being+egocentric%2C%0Arude+and+arrogant. "HTTP/1.1 200 OK"
HTTP Request: GET https://translate.googleapis.com/translate_a/single?client=gtx&sl=auto&tl=ja&dt=t&q=Other+subjects+on+the+agenda%0Ain+Bali "HTTP/1.1 200 OK"
HTTP Request: GET https://translate.googleapis.com/translate_a/single?client=gtx&sl=auto&tl=ja&dt=t&q=The+Schengen+zone%2C "HTTP/1.1 200 OK"
HTTP Request: GET https://translate.googleapis.com/translate_a/single?client=gtx&sl=auto&tl=ja&dt=t&q=The+official+Falklands+currency%0Ais+the+Falkland+pound%0A%28FKP%29 "HTTP/1.1 200 OK"
HTTP Request: GET https://translate.googleapis.com/translate_a/single?client=gtx&sl=auto&tl=ja&dt=t&q=All+nouns%2C "HTTP/1.1 200 OK"
HTTP Request: GET https://translate.googleapis.com/translate_a/single?client=gtx&sl=auto&tl=ja&dt=t&q=You+can+use+boda-boda+%28motorcycle+taxi%29 "HTTP/1.1 200 OK"
HTTP Request: GET https://translate.googleapis.com/translate_a/single?client=gtx&sl=auto&tl=ja&dt=t&q=All+nouns%2C%0Aalongside+the+word+Sie+for+you%2C "HTTP/1.1 200 OK"
HTTP Request: GET https://translate.googleapis.com/translate_a/single?client=gtx&sl=auto&tl=ja&dt=t&q=According+to+Japan%27s+nuclear+agency%2C "HTTP/1.1 200 OK"
HTTP Request: GET https://translate.googleapis.com/translate_a/single?client=gtx&sl=auto&tl=ja&dt=t&q=Other+subjects+on+the+agenda%0Ain+Bali%0Ainclude+saving+the+world%27s+remaining+forests%2C "HTTP/1.1 200 OK"
HTTP Request: GET https://translate.googleapis.com/translate_a/single?client=gtx&sl=auto&tl=ja&dt=t&q=In+just+two+weeks%0Athe+Americans+and+Free+French+forces+had+liberated+southern+France%0Aand+were+turning+towards+Germany. "HTTP/1.1 200 OK"
HTTP Request: GET https://translate.googleapis.com/translate_a/single?client=gtx&sl=auto&tl=ja&dt=t&q=We+don%27t+know+for+sure%2C "HTTP/1.1 200 OK"
HTTP Request: GET https://translate.googleapis.com/translate_a/single?client=gtx&sl=auto&tl=ja&dt=t&q=The+Schengen+zone%2C%0Ahowever%2C+works+somewhat+like+one+country+in+this+respect. "HTTP/1.1 200 OK"
HTTP Request: GET https://translate.googleapis.com/translate_a/single?client=gtx&sl=auto&tl=ja&dt=t&q=The+official+Falklands+currency%0Ais+the+Falkland+pound%0A%28FKP%29%0Awhose+value+is+set+equivalent+to+that+of+one+British+pound+%28GBP%29. "HTTP/1.1 200 OK"
HTTP Request: GET https://translate.googleapis.com/translate_a/single?client=gtx&sl=auto&tl=ja&dt=t&q=Needless+to+say%2C "HTTP/1.1 200 OK"
HTTP Request: GET https://translate.googleapis.com/translate_a/single?client=gtx&sl=auto&tl=ja&dt=t&q=According+to+Japan%27s+nuclear+agency%2C%0Aradioactive+caesium+and+iodine+has+been+identified+at+the+plant. "HTTP/1.1 200 OK"
HTTP Request: GET https://translate.googleapis.com/translate_a/single?client=gtx&sl=auto&tl=ja&dt=t&q=All+nouns%2C%0Aalongside+the+word+Sie+for+you%2C%0Aalways+begin+with+a+capital+letter%2C "HTTP/1.1 200 OK"
HTTP Request: GET https://translate.googleapis.com/translate_a/single?client=gtx&sl=auto&tl=ja&dt=t&q=We+don%27t+know+for+sure%2C%0Abut+it+may+have+had+a+forked+tongue. "HTTP/1.1 200 OK"
HTTP Request: GET https://translate.googleapis.com/translate_a/single?client=gtx&sl=auto&tl=ja&dt=t&q=You+can+use+boda-boda+%28motorcycle+taxi%29%0Ato+get+around+Goma. "HTTP/1.1 200 OK"
HTTP Request: GET https://translate.googleapis.com/translate_a/single?client=gtx&sl=auto&tl=ja&dt=t&q=Other+subjects+on+the+agenda%0Ain+Bali%0Ainclude+saving+the+world%27s+remaining+forests%2C%0Aand+sharing+technologies+to+help+developing+nations+grow+in+less-polluting+ways. "HTTP/1.1 200 OK"
HTTP Request: GET https://translate.googleapis.com/translate_a/single?client=gtx&sl=auto&tl=ja&dt=t&q=Large+areas+further+north+are+quite+sparsely+populated "HTTP/1.1 200 OK"
HTTP Request: GET https://translate.googleapis.com/translate_a/single?client=gtx&sl=auto&tl=ja&dt=t&q=They+have+feet+with+scales+and+claws%2C "HTTP/1.1 200 OK"
HTTP Request: GET https://translate.googleapis.com/translate_a/single?client=gtx&sl=auto&tl=ja&dt=t&q=These+couples+may+choose+to+make+an+adoption+plan "HTTP/1.1 200 OK"
HTTP Request: GET https://translate.googleapis.com/translate_a/single?client=gtx&sl=auto&tl=ja&dt=t&q=The+two+compounds+react+with+one+another+to+form+crystals "HTTP/1.1 200 OK"
HTTP Request: GET https://translate.googleapis.com/translate_a/single?client=gtx&sl=auto&tl=ja&dt=t&q=These+couples+may+choose+to+make+an+adoption+plan%0Afor+their+baby. "HTTP/1.1 200 OK"
HTTP Request: GET https://translate.googleapis.com/translate_a/single?client=gtx&sl=auto&tl=ja&dt=t&q=They+have+feet+with+scales+and+claws%2C%0Athey+lay+eggs%2C "HTTP/1.1 200 OK"
HTTP Request: GET https://translate.googleapis.com/translate_a/single?client=gtx&sl=auto&tl=ja&dt=t&q=You+can+use+boda-boda+%28motorcycle+taxi%29%0Ato+get+around+Goma.%0AThe+normal+%28local%29 "HTTP/1.1 200 OK"
HTTP Request: GET https://translate.googleapis.com/translate_a/single?client=gtx&sl=auto&tl=ja&dt=t&q=All+nouns%2C%0Aalongside+the+word+Sie+for+you%2C%0Aalways+begin+with+a+capital+letter%2C%0Aeven+in+the+middle+of+a+sentence. "HTTP/1.1 200 OK"
HTTP Request: GET https://translate.googleapis.com/translate_a/single?client=gtx&sl=auto&tl=ja&dt=t&q=We+don%27t+know+for+sure%2C%0Abut+it+may+have+had+a+forked+tongue.%0AIts+diet+included+turtles%2C "HTTP/1.1 200 OK"
HTTP Request: GET https://translate.googleapis.com/translate_a/single?client=gtx&sl=auto&tl=ja&dt=t&q=Needless+to+say%2C%0Aif+you+know+a+Romance+language%2C "HTTP/1.1 200 OK"
HTTP Request: GET https://translate.googleapis.com/translate_a/single?client=gtx&sl=auto&tl=ja&dt=t&q=Large+areas+further+north+are+quite+sparsely+populated%0Aand+some+is+nearly+uninhabited+wilderness. "HTTP/1.1 200 OK"
HTTP Request: GET https://translate.googleapis.com/translate_a/single?client=gtx&sl=auto&tl=ja&dt=t&q=A+curry+is+a+dish "HTTP/1.1 200 OK"
HTTP Request: GET https://translate.googleapis.com/translate_a/single?client=gtx&sl=auto&tl=ja&dt=t&q=Lion+prides+act+much+like+packs+of+wolves+or+dogs%2C "HTTP/1.1 200 OK"
HTTP Request: GET https://translate.googleapis.com/translate_a/single?client=gtx&sl=auto&tl=ja&dt=t&q=You+can+use+boda-boda+%28motorcycle+taxi%29%0Ato+get+around+Goma.%0AThe+normal+%28local%29%0Aprice+is+~500+Congolese+Francs+for+the+short+ride. "HTTP/1.1 200 OK"
HTTP Request: GET https://translate.googleapis.com/translate_a/single?client=gtx&sl=auto&tl=ja&dt=t&q=Goats+seem+to+have+been+first+domesticated+roughly+10%2C000+years "HTTP/1.1 200 OK"
HTTP Request: GET https://translate.googleapis.com/translate_a/single?client=gtx&sl=auto&tl=ja&dt=t&q=A+curry+is+a+dish%0Abased+on+herbs+and+spices%2C "HTTP/1.1 200 OK"
HTTP Request: GET https://translate.googleapis.com/translate_a/single?client=gtx&sl=auto&tl=ja&dt=t&q=The+two+compounds+react+with+one+another+to+form+crystals%0Athat+may+block+kidney+function%2C "HTTP/1.1 200 OK"
HTTP Request: GET https://translate.googleapis.com/translate_a/single?client=gtx&sl=auto&tl=ja&dt=t&q=Needless+to+say%2C%0Aif+you+know+a+Romance+language%2C%0Ait+will+be+easier+for+you+to+learn+Portuguese. "HTTP/1.1 200 OK"
HTTP Request: GET https://translate.googleapis.com/translate_a/single?client=gtx&sl=auto&tl=ja&dt=t&q=They+have+feet+with+scales+and+claws%2C%0Athey+lay+eggs%2C%0Aand+they+walk+on+their+two+back+legs+like+a "HTTP/1.1 200 OK"
HTTP Request: GET https://translate.googleapis.com/translate_a/single?client=gtx&sl=auto&tl=ja&dt=t&q=We+don%27t+know+for+sure%2C%0Abut+it+may+have+had+a+forked+tongue.%0AIts+diet+included+turtles%2C%0Alarge+fish%2C+other+mosasaurs%2C "HTTP/1.1 200 OK"
HTTP Request: GET https://translate.googleapis.com/translate_a/single?client=gtx&sl=auto&tl=ja&dt=t&q=Aerosmith+have+cancelled+their+remaining+concerts "HTTP/1.1 200 OK"
HTTP Request: GET https://translate.googleapis.com/translate_a/single?client=gtx&sl=auto&tl=ja&dt=t&q=Lion+prides+act+much+like+packs+of+wolves+or+dogs%2C%0Aanimals+surprisingly+similar+to+lions+%28but+not+other+big+cats%29 "HTTP/1.1 200 OK"
HTTP Request: GET https://translate.googleapis.com/translate_a/single?client=gtx&sl=auto&tl=ja&dt=t&q=A+curry+is+a+dish%0Abased+on+herbs+and+spices%2C%0Atogether+with+either+meat+or+vegetables. "HTTP/1.1 200 OK"
HTTP Request: GET https://translate.googleapis.com/translate_a/single?client=gtx&sl=auto&tl=ja&dt=t&q=We+don%27t+know+for+sure%2C%0Abut+it+may+have+had+a+forked+tongue.%0AIts+diet+included+turtles%2C%0Alarge+fish%2C+other+mosasaurs%2C%0Aand+it+may+even+have+been+a+cannibal. "HTTP/1.1 200 OK"
HTTP Request: GET https://translate.googleapis.com/translate_a/single?client=gtx&sl=auto&tl=ja&dt=t&q=Goats+seem+to+have+been+first+domesticated+roughly+10%2C000+years%0Aago+in+the+Zagros+Mountains "HTTP/1.1 200 OK"
HTTP Request: GET https://translate.googleapis.com/translate_a/single?client=gtx&sl=auto&tl=ja&dt=t&q=The+two+compounds+react+with+one+another+to+form+crystals%0Athat+may+block+kidney+function%2C%0Aresearchers+at+the+university+said. "HTTP/1.1 200 OK"
HTTP Request: GET https://translate.googleapis.com/translate_a/single?client=gtx&sl=auto&tl=ja&dt=t&q=In+fact%2C "HTTP/1.1 200 OK"
HTTP Request: GET https://translate.googleapis.com/translate_a/single?client=gtx&sl=auto&tl=ja&dt=t&q=Prior+to+the+arrival+of+troops%2C "HTTP/1.1 200 OK"
HTTP Request: GET https://translate.googleapis.com/translate_a/single?client=gtx&sl=auto&tl=ja&dt=t&q=Goats+seem+to+have+been+first+domesticated+roughly+10%2C000+years%0Aago+in+the+Zagros+Mountains%0Aof+Iran. "HTTP/1.1 200 OK"
HTTP Request: GET https://translate.googleapis.com/translate_a/single?client=gtx&sl=auto&tl=ja&dt=t&q=In+fact%2C%0Ait+is+not+easy+to+find+at+all+even+if+one+knew+it+existed. "HTTP/1.1 200 OK"
HTTP Request: GET https://translate.googleapis.com/translate_a/single?client=gtx&sl=auto&tl=ja&dt=t&q=They+have+feet+with+scales+and+claws%2C%0Athey+lay+eggs%2C%0Aand+they+walk+on+their+two+back+legs+like+a%0AT-Rex. "HTTP/1.1 200 OK"
HTTP Request: GET https://translate.googleapis.com/translate_a/single?client=gtx&sl=auto&tl=ja&dt=t&q=During+the+1920s%2C "HTTP/1.1 200 OK"
HTTP Request: GET https://translate.googleapis.com/translate_a/single?client=gtx&sl=auto&tl=ja&dt=t&q=Aerosmith+have+cancelled+their+remaining+concerts%0Aon+their+tour. "HTTP/1.1 200 OK"
HTTP Request: GET https://translate.googleapis.com/translate_a/single?client=gtx&sl=auto&tl=ja&dt=t&q=Lion+prides+act+much+like+packs+of+wolves+or+dogs%2C%0Aanimals+surprisingly+similar+to+lions+%28but+not+other+big+cats%29%0Ain+behavior%2C "HTTP/1.1 200 OK"
HTTP Request: GET https://translate.googleapis.com/translate_a/single?client=gtx&sl=auto&tl=ja&dt=t&q=Beyond+Wednesday%27s+event%2C "HTTP/1.1 200 OK"
HTTP Request: GET https://translate.googleapis.com/translate_a/single?client=gtx&sl=auto&tl=ja&dt=t&q=Prior+to+the+arrival+of+troops%2C%0AHaiti+had+not+encountered+problems "HTTP/1.1 200 OK"
HTTP Request: GET https://translate.googleapis.com/translate_a/single?client=gtx&sl=auto&tl=ja&dt=t&q=Scotturb+Bus+403+travels+regularly+to+Sintra%2C "HTTP/1.1 200 OK"
HTTP Request: GET https://translate.googleapis.com/translate_a/single?client=gtx&sl=auto&tl=ja&dt=t&q=In+fact%2C%0Ait+is+not+easy+to+find+at+all+even+if+one+knew+it+existed.%0AOnce+inside+the+cave%2C "HTTP/1.1 200 OK"
HTTP Request: GET https://translate.googleapis.com/translate_a/single?client=gtx&sl=auto&tl=ja&dt=t&q=During+the+1920s%2C%0Athe+prevailing+attitudes+of+most+citizens+and+nations "HTTP/1.1 200 OK"
HTTP Request: GET https://translate.googleapis.com/translate_a/single?client=gtx&sl=auto&tl=ja&dt=t&q=Cocham%C3%B3+Valley+-+Chile%27s+premier+climbing+destination%2C "HTTP/1.1 200 OK"
HTTP Request: GET https://translate.googleapis.com/translate_a/single?client=gtx&sl=auto&tl=ja&dt=t&q=Prior+to+the+arrival+of+troops%2C%0AHaiti+had+not+encountered+problems%0Arelated+to+the+disease+since+the+1800s. "HTTP/1.1 200 OK"
HTTP Request: GET https://translate.googleapis.com/translate_a/single?client=gtx&sl=auto&tl=ja&dt=t&q=Four+skiers+in+the+women%27s+sitting+group "HTTP/1.1 200 OK"
HTTP Request: GET https://translate.googleapis.com/translate_a/single?client=gtx&sl=auto&tl=ja&dt=t&q=Lion+prides+act+much+like+packs+of+wolves+or+dogs%2C%0Aanimals+surprisingly+similar+to+lions+%28but+not+other+big+cats%29%0Ain+behavior%2C%0Aand+also+very+deadly+to+their "HTTP/1.1 200 OK"
HTTP Request: GET https://translate.googleapis.com/translate_a/single?client=gtx&sl=auto&tl=ja&dt=t&q=Scotturb+Bus+403+travels+regularly+to+Sintra%2C%0Astopping+at+Cabo+da+Roca. "HTTP/1.1 200 OK"
HTTP Request: GET https://translate.googleapis.com/translate_a/single?client=gtx&sl=auto&tl=ja&dt=t&q=Beyond+Wednesday%27s+event%2C%0ACarpanedo+competed+in+two+individual+races+at+the+Championships. "HTTP/1.1 200 OK"
HTTP Request: GET https://translate.googleapis.com/translate_a/single?client=gtx&sl=auto&tl=ja&dt=t&q=Lion+prides+act+much+like+packs+of+wolves+or+dogs%2C%0Aanimals+surprisingly+similar+to+lions+%28but+not+other+big+cats%29%0Ain+behavior%2C%0Aand+also+very+deadly+to+their%0Aprey. "HTTP/1.1 200 OK"
HTTP Request: GET https://translate.googleapis.com/translate_a/single?client=gtx&sl=auto&tl=ja&dt=t&q=Cocham%C3%B3+Valley+-+Chile%27s+premier+climbing+destination%2C%0Aknown+as+the+Yosemite+of+South+America%2C "HTTP/1.1 200 OK"
HTTP Request: GET https://translate.googleapis.com/translate_a/single?client=gtx&sl=auto&tl=ja&dt=t&q=During+the+1920s%2C%0Athe+prevailing+attitudes+of+most+citizens+and+nations%0Awas+that+of+pacifism+and+isolation. "HTTP/1.1 200 OK"
HTTP Request: GET https://translate.googleapis.com/translate_a/single?client=gtx&sl=auto&tl=ja&dt=t&q=In+fact%2C%0Ait+is+not+easy+to+find+at+all+even+if+one+knew+it+existed.%0AOnce+inside+the+cave%2C%0Ait+is+a+total+isolation. "HTTP/1.1 200 OK"
HTTP Request: GET https://translate.googleapis.com/translate_a/single?client=gtx&sl=auto&tl=ja&dt=t&q=The+job "HTTP/1.1 200 OK"
HTTP Request: GET https://translate.googleapis.com/translate_a/single?client=gtx&sl=auto&tl=ja&dt=t&q=Four+skiers+in+the+women%27s+sitting+group%0Afailed+to+finish+their+runs%2C "HTTP/1.1 200 OK"
HTTP Request: GET https://translate.googleapis.com/translate_a/single?client=gtx&sl=auto&tl=ja&dt=t&q=The+cabbage+juice+changes+color+depending+on+how+acidic+or+basic+%28alkaline%29 "HTTP/1.1 200 OK"
HTTP Request: GET https://translate.googleapis.com/translate_a/single?client=gtx&sl=auto&tl=ja&dt=t&q=Along+the+same+line%2C "HTTP/1.1 200 OK"
HTTP Request: GET https://translate.googleapis.com/translate_a/single?client=gtx&sl=auto&tl=ja&dt=t&q=Television+reports "HTTP/1.1 200 OK"
HTTP Request: GET https://translate.googleapis.com/translate_a/single?client=gtx&sl=auto&tl=ja&dt=t&q=Resting+on+the+top+of+one+of+the+mountains "HTTP/1.1 200 OK"
HTTP Request: GET https://translate.googleapis.com/translate_a/single?client=gtx&sl=auto&tl=ja&dt=t&q=He+added+that+%22they+should+not%2C "HTTP/1.1 200 OK"
HTTP Request: GET https://translate.googleapis.com/translate_a/single?client=gtx&sl=auto&tl=ja&dt=t&q=Cocham%C3%B3+Valley+-+Chile%27s+premier+climbing+destination%2C%0Aknown+as+the+Yosemite+of+South+America%2C%0Awith+a+variety+of+granite+big+walls "HTTP/1.1 200 OK"
HTTP Request: GET https://translate.googleapis.com/translate_a/single?client=gtx&sl=auto&tl=ja&dt=t&q=He+added+that+%22they+should+not%2C%0Ahowever%2C "HTTP/1.1 200 OK"
HTTP Request: GET https://translate.googleapis.com/translate_a/single?client=gtx&sl=auto&tl=ja&dt=t&q=Four+skiers+in+the+women%27s+sitting+group%0Afailed+to+finish+their+runs%2C%0Aand+45+of+the+117+total+skiers "HTTP/1.1 200 OK"
HTTP Request: GET https://translate.googleapis.com/translate_a/single?client=gtx&sl=auto&tl=ja&dt=t&q=Resting+on+the+top+of+one+of+the+mountains%0Anorth+of+Mecca%2C "HTTP/1.1 200 OK"
HTTP Request: GET https://translate.googleapis.com/translate_a/single?client=gtx&sl=auto&tl=ja&dt=t&q=The+job%0Aof+navies "HTTP/1.1 200 OK"
HTTP Request: GET https://translate.googleapis.com/translate_a/single?client=gtx&sl=auto&tl=ja&dt=t&q=The+cabbage+juice+changes+color+depending+on+how+acidic+or+basic+%28alkaline%29%0Athe+chemical+is. "HTTP/1.1 200 OK"
HTTP Request: GET https://translate.googleapis.com/translate_a/single?client=gtx&sl=auto&tl=ja&dt=t&q=Resting+on+the+top+of+one+of+the+mountains%0Anorth+of+Mecca%2C%0Athe+cave "HTTP/1.1 200 OK"
HTTP Request: GET https://translate.googleapis.com/translate_a/single?client=gtx&sl=auto&tl=ja&dt=t&q=Cocham%C3%B3+Valley+-+Chile%27s+premier+climbing+destination%2C%0Aknown+as+the+Yosemite+of+South+America%2C%0Awith+a+variety+of+granite+big+walls%0Aand+crags. "HTTP/1.1 200 OK"
HTTP Request: GET https://translate.googleapis.com/translate_a/single?client=gtx&sl=auto&tl=ja&dt=t&q=He+added+that+%22they+should+not%2C%0Ahowever%2C%0Abe+asked+to+take+on+obligations+that+go+beyond+their+development+stage%2C "HTTP/1.1 200 OK"
HTTP Request: GET https://translate.googleapis.com/translate_a/single?client=gtx&sl=auto&tl=ja&dt=t&q=Along+the+same+line%2C%0Amen+are+required+to+wear+trousers+covering+the+knees. "HTTP/1.1 200 OK"
HTTP Request: GET https://translate.googleapis.com/translate_a/single?client=gtx&sl=auto&tl=ja&dt=t&q=Women%3A "HTTP/1.1 200 OK"
HTTP Request: GET https://translate.googleapis.com/translate_a/single?client=gtx&sl=auto&tl=ja&dt=t&q=The+job%0Aof+navies%0Ahas+traditionally+been+to+ensure+that+your+country+maintains+the+ability+to+move+your+people+and+goods%2C "HTTP/1.1 200 OK"
HTTP Request: GET https://translate.googleapis.com/translate_a/single?client=gtx&sl=auto&tl=ja&dt=t&q=Barcelona%27s+official+languages "HTTP/1.1 200 OK"
HTTP Request: GET https://translate.googleapis.com/translate_a/single?client=gtx&sl=auto&tl=ja&dt=t&q=Television+reports%0Ashow+white+smoke+coming+from+the+plant. "HTTP/1.1 200 OK"
HTTP Request: GET https://translate.googleapis.com/translate_a/single?client=gtx&sl=auto&tl=ja&dt=t&q=Finally%2C "HTTP/1.1 200 OK"
HTTP Request: GET https://translate.googleapis.com/translate_a/single?client=gtx&sl=auto&tl=ja&dt=t&q=Four+skiers+in+the+women%27s+sitting+group%0Afailed+to+finish+their+runs%2C%0Aand+45+of+the+117+total+skiers%0Ain+the+Giant+Slalom "HTTP/1.1 200 OK"
HTTP Request: GET https://translate.googleapis.com/translate_a/single?client=gtx&sl=auto&tl=ja&dt=t&q=Resting+on+the+top+of+one+of+the+mountains%0Anorth+of+Mecca%2C%0Athe+cave%0Ais+completely+isolated+from+the+rest+of+the+world. "HTTP/1.1 200 OK"
HTTP Request: GET https://translate.googleapis.com/translate_a/single?client=gtx&sl=auto&tl=ja&dt=t&q=Women%3A%0AIt+is+recommended+that+any+women+travellers+say+that+they+are+married%2C "HTTP/1.1 200 OK"
HTTP Request: GET https://translate.googleapis.com/translate_a/single?client=gtx&sl=auto&tl=ja&dt=t&q=Finally%2C%0Athere+are+many+small+cats+%28including+loose+pet+cats%29 "HTTP/1.1 200 OK"
HTTP Request: GET https://translate.googleapis.com/translate_a/single?client=gtx&sl=auto&tl=ja&dt=t&q=He+added+that+%22they+should+not%2C%0Ahowever%2C%0Abe+asked+to+take+on+obligations+that+go+beyond+their+development+stage%2C%0Aresponsibility+and+capabilities.%22 "HTTP/1.1 200 OK"
HTTP Request: GET https://translate.googleapis.com/translate_a/single?client=gtx&sl=auto&tl=ja&dt=t&q=Four+skiers+in+the+women%27s+sitting+group%0Afailed+to+finish+their+runs%2C%0Aand+45+of+the+117+total+skiers%0Ain+the+Giant+Slalom%0Afailed+to+rank+in+the+race. "HTTP/1.1 200 OK"
HTTP Request: GET https://translate.googleapis.com/translate_a/single?client=gtx&sl=auto&tl=ja&dt=t&q=Professor+Pamela+Ferguson "HTTP/1.1 200 OK"
HTTP Request: GET https://translate.googleapis.com/translate_a/single?client=gtx&sl=auto&tl=ja&dt=t&q=In+the+north "HTTP/1.1 200 OK"
HTTP Request: GET https://translate.googleapis.com/translate_a/single?client=gtx&sl=auto&tl=ja&dt=t&q=The+job%0Aof+navies%0Ahas+traditionally+been+to+ensure+that+your+country+maintains+the+ability+to+move+your+people+and+goods%2C%0Awhile+at+the+same+time%2C "HTTP/1.1 200 OK"
HTTP Request: GET https://translate.googleapis.com/translate_a/single?client=gtx&sl=auto&tl=ja&dt=t&q=Barcelona%27s+official+languages%0Aare+Catalan+and+Spanish. "HTTP/1.1 200 OK"
HTTP Request: GET https://translate.googleapis.com/translate_a/single?client=gtx&sl=auto&tl=ja&dt=t&q=Professor+Pamela+Ferguson%0Aof+the+University+of+Dundee "HTTP/1.1 200 OK"
HTTP Request: GET https://translate.googleapis.com/translate_a/single?client=gtx&sl=auto&tl=ja&dt=t&q=Vatican+City%27s+population "HTTP/1.1 200 OK"
HTTP Request: GET https://translate.googleapis.com/translate_a/single?client=gtx&sl=auto&tl=ja&dt=t&q=If+you+have+watched+the+movie "HTTP/1.1 200 OK"
HTTP Request: GET https://translate.googleapis.com/translate_a/single?client=gtx&sl=auto&tl=ja&dt=t&q=Women%3A%0AIt+is+recommended+that+any+women+travellers+say+that+they+are+married%2C%0Aregardless+of+actual+marital+status. "HTTP/1.1 200 OK"
HTTP Request: GET https://translate.googleapis.com/translate_a/single?client=gtx&sl=auto&tl=ja&dt=t&q=In+the+north%0Athe+region+is+bounded+by+the+Sahel%2C "HTTP/1.1 200 OK"
HTTP Request: GET https://translate.googleapis.com/translate_a/single?client=gtx&sl=auto&tl=ja&dt=t&q=Finally%2C%0Athere+are+many+small+cats+%28including+loose+pet+cats%29%0Athat+eat+the+far+more+numerous+small+prey+like+insects%2C "HTTP/1.1 200 OK"
HTTP Request: GET https://translate.googleapis.com/translate_a/single?client=gtx&sl=auto&tl=ja&dt=t&q=If+you+have+watched+the+movie%0ANational+Treasure%2C "HTTP/1.1 200 OK"
HTTP Request: GET https://translate.googleapis.com/translate_a/single?client=gtx&sl=auto&tl=ja&dt=t&q=Professor+Pamela+Ferguson%0Aof+the+University+of+Dundee%0Anotes+%22journalists "HTTP/1.1 200 OK"
HTTP Request: GET https://translate.googleapis.com/translate_a/single?client=gtx&sl=auto&tl=ja&dt=t&q=Vatican+City%27s+population%0Ais+around+800. "HTTP/1.1 200 OK"
HTTP Request: GET https://translate.googleapis.com/translate_a/single?client=gtx&sl=auto&tl=ja&dt=t&q=The+job%0Aof+navies%0Ahas+traditionally+been+to+ensure+that+your+country+maintains+the+ability+to+move+your+people+and+goods%2C%0Awhile+at+the+same+time%2C%0Ainterfering+with+your+enemy%27s+ability "HTTP/1.1 200 OK"
HTTP Request: GET https://translate.googleapis.com/translate_a/single?client=gtx&sl=auto&tl=ja&dt=t&q=Finally%2C%0Athere+are+many+small+cats+%28including+loose+pet+cats%29%0Athat+eat+the+far+more+numerous+small+prey+like+insects%2C%0Arodents%2C+lizards%2C+and+birds. "HTTP/1.1 200 OK"
HTTP Request: GET https://translate.googleapis.com/translate_a/single?client=gtx&sl=auto&tl=ja&dt=t&q=Barcelona%27s+official+languages%0Aare+Catalan+and+Spanish.%0AAbout+a+half+prefer+to+speak+Catalan%2C "HTTP/1.1 200 OK"
HTTP Request: GET https://translate.googleapis.com/translate_a/single?client=gtx&sl=auto&tl=ja&dt=t&q=The+composition+of+these+crystals "HTTP/1.1 200 OK"
HTTP Request: GET https://translate.googleapis.com/translate_a/single?client=gtx&sl=auto&tl=ja&dt=t&q=In+the+north%0Athe+region+is+bounded+by+the+Sahel%2C%0Aand+in+the+south+and+west+by+the+Atlantic+Ocean. "HTTP/1.1 200 OK"
HTTP Request: GET https://translate.googleapis.com/translate_a/single?client=gtx&sl=auto&tl=ja&dt=t&q=Professor+Pamela+Ferguson%0Aof+the+University+of+Dundee%0Anotes+%22journalists%0Ado+seem+to+be+walking+a+dangerous+line+if+publishing+photos+etc+of+suspects.%22 "HTTP/1.1 200 OK"
HTTP Request: GET https://translate.googleapis.com/translate_a/single?client=gtx&sl=auto&tl=ja&dt=t&q=If+you+have+watched+the+movie%0ANational+Treasure%2C%0Ayou+may+think+a+treasure+map "HTTP/1.1 200 OK"
HTTP Request: GET https://translate.googleapis.com/translate_a/single?client=gtx&sl=auto&tl=ja&dt=t&q=Vatican+City%27s+population%0Ais+around+800.%0AIt+is+the+smallest+independent+country "HTTP/1.1 200 OK"
HTTP Request: GET https://translate.googleapis.com/translate_a/single?client=gtx&sl=auto&tl=ja&dt=t&q=The+aspect+ratio+of+this+format "HTTP/1.1 200 OK"
HTTP Request: GET https://translate.googleapis.com/translate_a/single?client=gtx&sl=auto&tl=ja&dt=t&q=Scaffolding+is+not+a+method+of+learning "HTTP/1.1 200 OK"
HTTP Request: GET https://translate.googleapis.com/translate_a/single?client=gtx&sl=auto&tl=ja&dt=t&q=The+job%0Aof+navies%0Ahas+traditionally+been+to+ensure+that+your+country+maintains+the+ability+to+move+your+people+and+goods%2C%0Awhile+at+the+same+time%2C%0Ainterfering+with+your+enemy%27s+ability%0Ato+move+his+people+and+goods. "HTTP/1.1 200 OK"
HTTP Request: GET https://translate.googleapis.com/translate_a/single?client=gtx&sl=auto&tl=ja&dt=t&q=Barcelona%27s+official+languages%0Aare+Catalan+and+Spanish.%0AAbout+a+half+prefer+to+speak+Catalan%2C%0Aa+vast+majority+understands+it%2C+and+virtually+everyone+knows+Spanish. "HTTP/1.1 200 OK"
HTTP Request: GET https://translate.googleapis.com/translate_a/single?client=gtx&sl=auto&tl=ja&dt=t&q=The+composition+of+these+crystals%0Amatches+those+found+in+the+urine+of+affected+pets+when+compared+by+infrared+spectroscopy "HTTP/1.1 200 OK"
HTTP Request: GET https://translate.googleapis.com/translate_a/single?client=gtx&sl=auto&tl=ja&dt=t&q=Apia+is+the+capital+of+Samoa. "HTTP/1.1 200 OK"
HTTP Request: GET https://translate.googleapis.com/translate_a/single?client=gtx&sl=auto&tl=ja&dt=t&q=Vatican+City%27s+population%0Ais+around+800.%0AIt+is+the+smallest+independent+country%0Ain+the+world+and+the+country+with+the+lowest+population. "HTTP/1.1 200 OK"
HTTP Request: GET https://translate.googleapis.com/translate_a/single?client=gtx&sl=auto&tl=ja&dt=t&q=It+is+one+of+the+main+attractions+of+South+Africa "HTTP/1.1 200 OK"
HTTP Request: GET https://translate.googleapis.com/translate_a/single?client=gtx&sl=auto&tl=ja&dt=t&q=If+you+have+watched+the+movie%0ANational+Treasure%2C%0Ayou+may+think+a+treasure+map%0Awas+written+on+the+back+of+the+Declaration+of+Independence. "HTTP/1.1 200 OK"
HTTP Request: GET https://translate.googleapis.com/translate_a/single?client=gtx&sl=auto&tl=ja&dt=t&q=The+composition+of+these+crystals%0Amatches+those+found+in+the+urine+of+affected+pets+when+compared+by+infrared+spectroscopy%0A%28FTIR%29. "HTTP/1.1 200 OK"
HTTP Request: GET https://translate.googleapis.com/translate_a/single?client=gtx&sl=auto&tl=ja&dt=t&q=The+pyramid+sound+and+light+show "HTTP/1.1 200 OK"
HTTP Request: GET https://translate.googleapis.com/translate_a/single?client=gtx&sl=auto&tl=ja&dt=t&q=It+is+related+to+but+usually+not+involving+alpine+style+ski+touring "HTTP/1.1 200 OK"
HTTP Request: GET https://translate.googleapis.com/translate_a/single?client=gtx&sl=auto&tl=ja&dt=t&q=The+aspect+ratio+of+this+format%0A%28dividing+by+twelve+to+obtain+the+simplest+whole-number+ratio%29 "HTTP/1.1 200 OK"
HTTP Request: GET https://translate.googleapis.com/translate_a/single?client=gtx&sl=auto&tl=ja&dt=t&q=The+aspect+ratio+of+this+format%0A%28dividing+by+twelve+to+obtain+the+simplest+whole-number+ratio%29%0Ais+therefore "HTTP/1.1 200 OK"
HTTP Request: GET https://translate.googleapis.com/translate_a/single?client=gtx&sl=auto&tl=ja&dt=t&q=Scaffolding+is+not+a+method+of+learning%0Abut+rather+an+aid+that+provides+support "HTTP/1.1 200 OK"
HTTP Request: GET https://translate.googleapis.com/translate_a/single?client=gtx&sl=auto&tl=ja&dt=t&q=Regular+announcements+in+the+Metro "HTTP/1.1 200 OK"
HTTP Request: GET https://translate.googleapis.com/translate_a/single?client=gtx&sl=auto&tl=ja&dt=t&q=Apia+is+the+capital+of+Samoa.%0AThe+town+is+on+the+island+of+Upolu "HTTP/1.1 200 OK"
HTTP Request: GET https://translate.googleapis.com/translate_a/single?client=gtx&sl=auto&tl=ja&dt=t&q=It+is+one+of+the+main+attractions+of+South+Africa%0Aand+it+is+considered "HTTP/1.1 200 OK"
HTTP Request: GET https://translate.googleapis.com/translate_a/single?client=gtx&sl=auto&tl=ja&dt=t&q=It+is+one+of+the+main+attractions+of+South+Africa%0Aand+it+is+considered%0Athe "HTTP/1.1 200 OK"
HTTP Request: GET https://translate.googleapis.com/translate_a/single?client=gtx&sl=auto&tl=ja&dt=t&q=It+is+related+to+but+usually+not+involving+alpine+style+ski+touring%0Aor+mountaineering%2C "HTTP/1.1 200 OK"
HTTP Request: GET https://translate.googleapis.com/translate_a/single?client=gtx&sl=auto&tl=ja&dt=t&q=Scaffolding+is+not+a+method+of+learning%0Abut+rather+an+aid+that+provides+support%0Ato+individuals "HTTP/1.1 200 OK"
HTTP Request: GET https://translate.googleapis.com/translate_a/single?client=gtx&sl=auto&tl=ja&dt=t&q=The+pyramid+sound+and+light+show%0Ais+one+of+the+most+interesting+things "HTTP/1.1 200 OK"
HTTP Request: GET https://translate.googleapis.com/translate_a/single?client=gtx&sl=auto&tl=ja&dt=t&q=His+work+is+of+such+recognized+quality "HTTP/1.1 200 OK"
HTTP Request: GET https://translate.googleapis.com/translate_a/single?client=gtx&sl=auto&tl=ja&dt=t&q=The+aspect+ratio+of+this+format%0A%28dividing+by+twelve+to+obtain+the+simplest+whole-number+ratio%29%0Ais+therefore%0Asaid+to+be+3%3A2. "HTTP/1.1 200 OK"
HTTP Request: GET https://translate.googleapis.com/translate_a/single?client=gtx&sl=auto&tl=ja&dt=t&q=Apia+is+the+capital+of+Samoa.%0AThe+town+is+on+the+island+of+Upolu%0Aand+has+a+population "HTTP/1.1 200 OK"
HTTP Request: GET https://translate.googleapis.com/translate_a/single?client=gtx&sl=auto&tl=ja&dt=t&q=It+is+related+to+but+usually+not+involving+alpine+style+ski+touring%0Aor+mountaineering%2C%0Athe+latter+ones+done+in+steep+terrain "HTTP/1.1 200 OK"
HTTP Request: GET https://translate.googleapis.com/translate_a/single?client=gtx&sl=auto&tl=ja&dt=t&q=Regular+announcements+in+the+Metro%0Aare+made+only+in+Catalan%2C "HTTP/1.1 200 OK"
HTTP Request: GET https://translate.googleapis.com/translate_a/single?client=gtx&sl=auto&tl=ja&dt=t&q=It+is+one+of+the+main+attractions+of+South+Africa%0Aand+it+is+considered%0Athe%0Aflagship+of+South+African+National+Parks+%28SANParks%29. "HTTP/1.1 200 OK"
HTTP Request: GET https://translate.googleapis.com/translate_a/single?client=gtx&sl=auto&tl=ja&dt=t&q=Scaffolding+is+not+a+method+of+learning%0Abut+rather+an+aid+that+provides+support%0Ato+individuals%0Awhom+are+undergoing+a+new+learning+experience "HTTP/1.1 200 OK"
HTTP Request: GET https://translate.googleapis.com/translate_a/single?client=gtx&sl=auto&tl=ja&dt=t&q=Six+hostages%2C+including+the+children+and+elderly%2C "HTTP/1.1 200 OK"
HTTP Request: GET https://translate.googleapis.com/translate_a/single?client=gtx&sl=auto&tl=ja&dt=t&q=Regular+announcements+in+the+Metro%0Aare+made+only+in+Catalan%2C%0Abut+unplanned+disruptions+are+announced+by+an+automated+system "HTTP/1.1 200 OK"
HTTP Request: GET https://translate.googleapis.com/translate_a/single?client=gtx&sl=auto&tl=ja&dt=t&q=His+work+is+of+such+recognized+quality%0Aand+detail "HTTP/1.1 200 OK"
HTTP Request: GET https://translate.googleapis.com/translate_a/single?client=gtx&sl=auto&tl=ja&dt=t&q=It+is+related+to+but+usually+not+involving+alpine+style+ski+touring%0Aor+mountaineering%2C%0Athe+latter+ones+done+in+steep+terrain%0Aand+requiring+much+stiffer+skis "HTTP/1.1 200 OK"
HTTP Request: GET https://translate.googleapis.com/translate_a/single?client=gtx&sl=auto&tl=ja&dt=t&q=It+is+related+to+but+usually+not+involving+alpine+style+ski+touring%0Aor+mountaineering%2C%0Athe+latter+ones+done+in+steep+terrain%0Aand+requiring+much+stiffer+skis%0Aand+boots. "HTTP/1.1 200 OK"
HTTP Request: GET https://translate.googleapis.com/translate_a/single?client=gtx&sl=auto&tl=ja&dt=t&q=Six+hostages%2C+including+the+children+and+elderly%2C%0Awere+released+early%2C+as+were+the+Filipino+photographers. "HTTP/1.1 200 OK"
HTTP Request: GET https://translate.googleapis.com/translate_a/single?client=gtx&sl=auto&tl=ja&dt=t&q=The+pyramid+sound+and+light+show%0Ais+one+of+the+most+interesting+things%0Ain+the+area+for+kids. "HTTP/1.1 200 OK"
HTTP Request: GET https://translate.googleapis.com/translate_a/single?client=gtx&sl=auto&tl=ja&dt=t&q=Plants+look+their+best "HTTP/1.1 200 OK"
HTTP Request: GET https://translate.googleapis.com/translate_a/single?client=gtx&sl=auto&tl=ja&dt=t&q=Apia+is+the+capital+of+Samoa.%0AThe+town+is+on+the+island+of+Upolu%0Aand+has+a+population%0Aof+just+under+40%2C000. "HTTP/1.1 200 OK"
HTTP Request: GET https://translate.googleapis.com/translate_a/single?client=gtx&sl=auto&tl=ja&dt=t&q=His+work+is+of+such+recognized+quality%0Aand+detail%0Athat+he+is+one+of+the+very+few+%22household+names%22 "HTTP/1.1 200 OK"
HTTP Request: GET https://translate.googleapis.com/translate_a/single?client=gtx&sl=auto&tl=ja&dt=t&q=Scaffolding+is+not+a+method+of+learning%0Abut+rather+an+aid+that+provides+support%0Ato+individuals%0Awhom+are+undergoing+a+new+learning+experience%0Asuch+as+using+a+new+computer+program "HTTP/1.1 200 OK"
HTTP Request: GET https://translate.googleapis.com/translate_a/single?client=gtx&sl=auto&tl=ja&dt=t&q=Regular+announcements+in+the+Metro%0Aare+made+only+in+Catalan%2C%0Abut+unplanned+disruptions+are+announced+by+an+automated+system%0Ain+a+wide+variety+of+languages "HTTP/1.1 200 OK"
HTTP Request: GET https://translate.googleapis.com/translate_a/single?client=gtx&sl=auto&tl=ja&dt=t&q=Several+large+television+screens "HTTP/1.1 200 OK"
HTTP Request: GET https://translate.googleapis.com/translate_a/single?client=gtx&sl=auto&tl=ja&dt=t&q=People+have+known+about+basic+chemical+elements "HTTP/1.1 200 OK"
HTTP Request: GET https://translate.googleapis.com/translate_a/single?client=gtx&sl=auto&tl=ja&dt=t&q=Plants+look+their+best%0Awhen+in+a+natural+environment%2C "HTTP/1.1 200 OK"
HTTP Request: GET https://translate.googleapis.com/translate_a/single?client=gtx&sl=auto&tl=ja&dt=t&q=USA+Gymnastics+and+the+USOC+have+the+same+goal+%E2%80%94 "HTTP/1.1 200 OK"
HTTP Request: GET https://translate.googleapis.com/translate_a/single?client=gtx&sl=auto&tl=ja&dt=t&q=Due+to+the+underwater+topology "HTTP/1.1 200 OK"
HTTP Request: GET https://translate.googleapis.com/translate_a/single?client=gtx&sl=auto&tl=ja&dt=t&q=His+work+is+of+such+recognized+quality%0Aand+detail%0Athat+he+is+one+of+the+very+few+%22household+names%22%0Aamong+philatelists. "HTTP/1.1 200 OK"
HTTP Request: GET https://translate.googleapis.com/translate_a/single?client=gtx&sl=auto&tl=ja&dt=t&q=His+work+is+of+such+recognized+quality%0Aand+detail%0Athat+he+is+one+of+the+very+few+%22household+names%22%0Aamong+philatelists.%0ASome+specialize+in+collecting+his+work+alone. "HTTP/1.1 200 OK"
HTTP Request: GET https://translate.googleapis.com/translate_a/single?client=gtx&sl=auto&tl=ja&dt=t&q=Greenland+was+settled+sparsely. "HTTP/1.1 200 OK"
HTTP Request: GET https://translate.googleapis.com/translate_a/single?client=gtx&sl=auto&tl=ja&dt=t&q=Regular+announcements+in+the+Metro%0Aare+made+only+in+Catalan%2C%0Abut+unplanned+disruptions+are+announced+by+an+automated+system%0Ain+a+wide+variety+of+languages%0Aincluding+Spanish%2C+English%2C+French%2C+Arabic+and+Japanese. "HTTP/1.1 200 OK"
HTTP Request: GET https://translate.googleapis.com/translate_a/single?client=gtx&sl=auto&tl=ja&dt=t&q=Plants+look+their+best%0Awhen+in+a+natural+environment%2C%0Aso+resist+the+temptation+to+remove+even+%22just+one%22+specimen. "HTTP/1.1 200 OK"
HTTP Request: GET https://translate.googleapis.com/translate_a/single?client=gtx&sl=auto&tl=ja&dt=t&q=People+have+known+about+basic+chemical+elements%0Asuch+as+gold%2C "HTTP/1.1 200 OK"
HTTP Request: GET https://translate.googleapis.com/translate_a/single?client=gtx&sl=auto&tl=ja&dt=t&q=Due+to+the+underwater+topology%0Athe+return+flow+is+concentrated "HTTP/1.1 200 OK"
HTTP Request: GET https://translate.googleapis.com/translate_a/single?client=gtx&sl=auto&tl=ja&dt=t&q=People+have+known+about+basic+chemical+elements%0Asuch+as+gold%2C%0Asilver%2C "HTTP/1.1 200 OK"
HTTP Request: GET https://translate.googleapis.com/translate_a/single?client=gtx&sl=auto&tl=ja&dt=t&q=USA+Gymnastics+and+the+USOC+have+the+same+goal+%E2%80%94%0Amaking+the+sport+of+gymnastics%2C "HTTP/1.1 200 OK"
HTTP Request: GET https://translate.googleapis.com/translate_a/single?client=gtx&sl=auto&tl=ja&dt=t&q=Scaffolding+is+not+a+method+of+learning%0Abut+rather+an+aid+that+provides+support%0Ato+individuals%0Awhom+are+undergoing+a+new+learning+experience%0Asuch+as+using+a+new+computer+program%0Aor+beginning+a+new+project. "HTTP/1.1 200 OK"
HTTP Request: GET https://translate.googleapis.com/translate_a/single?client=gtx&sl=auto&tl=ja&dt=t&q=Greenland+was+settled+sparsely.%0AIn+the+Norse+sagas+they+say+that+Erik+the+Red "HTTP/1.1 200 OK"
HTTP Request: GET https://translate.googleapis.com/translate_a/single?client=gtx&sl=auto&tl=ja&dt=t&q=USA+Gymnastics+and+the+USOC+have+the+same+goal+%E2%80%94%0Amaking+the+sport+of+gymnastics%2C%0Aand+others%2C "HTTP/1.1 200 OK"
HTTP Request: GET https://translate.googleapis.com/translate_a/single?client=gtx&sl=auto&tl=ja&dt=t&q=Several+large+television+screens%0Awere+installed "HTTP/1.1 200 OK"
HTTP Request: GET https://translate.googleapis.com/translate_a/single?client=gtx&sl=auto&tl=ja&dt=t&q=Bishkek+was+described+as+sinking+into+a+state "HTTP/1.1 200 OK"
HTTP Request: GET https://translate.googleapis.com/translate_a/single?client=gtx&sl=auto&tl=ja&dt=t&q=First+among+its+78+recommendations "HTTP/1.1 200 OK"
HTTP Request: GET https://translate.googleapis.com/translate_a/single?client=gtx&sl=auto&tl=ja&dt=t&q=Greenland+was+settled+sparsely.%0AIn+the+Norse+sagas+they+say+that+Erik+the+Red%0Awas+exiled+from+Iceland+for+murder%2C "HTTP/1.1 200 OK"
HTTP Request: GET https://translate.googleapis.com/translate_a/single?client=gtx&sl=auto&tl=ja&dt=t&q=First+among+its+78+recommendations%0Ais+that+a+new+diplomatic+initiative "HTTP/1.1 200 OK"
HTTP Request: GET https://translate.googleapis.com/translate_a/single?client=gtx&sl=auto&tl=ja&dt=t&q=Several+large+television+screens%0Awere+installed%0Ain+various+places+in+Rome+to+let+the+people+watch+the+ceremony. "HTTP/1.1 200 OK"
HTTP Request: GET https://translate.googleapis.com/translate_a/single?client=gtx&sl=auto&tl=ja&dt=t&q=USA+Gymnastics+and+the+USOC+have+the+same+goal+%E2%80%94%0Amaking+the+sport+of+gymnastics%2C%0Aand+others%2C%0Aas+safe+as+possible "HTTP/1.1 200 OK"
HTTP Request: GET https://translate.googleapis.com/translate_a/single?client=gtx&sl=auto&tl=ja&dt=t&q=Bishkek+was+described+as+sinking+into+a+state%0Aof+%22anarchy%22 "HTTP/1.1 200 OK"
HTTP Request: GET https://translate.googleapis.com/translate_a/single?client=gtx&sl=auto&tl=ja&dt=t&q=Greenland+was+settled+sparsely.%0AIn+the+Norse+sagas+they+say+that+Erik+the+Red%0Awas+exiled+from+Iceland+for+murder%2C%0Aand+when+travelling+further+west%2C "HTTP/1.1 200 OK"
HTTP Request: GET https://translate.googleapis.com/translate_a/single?client=gtx&sl=auto&tl=ja&dt=t&q=People+have+known+about+basic+chemical+elements%0Asuch+as+gold%2C%0Asilver%2C%0Aand+copper+from+antiquity%2C "HTTP/1.1 200 OK"
HTTP Request: GET https://translate.googleapis.com/translate_a/single?client=gtx&sl=auto&tl=ja&dt=t&q=Due+to+the+underwater+topology%0Athe+return+flow+is+concentrated%0Aat+a+few+deeper+sections%2C "HTTP/1.1 200 OK"
HTTP Request: GET https://translate.googleapis.com/translate_a/single?client=gtx&sl=auto&tl=ja&dt=t&q=First+among+its+78+recommendations%0Ais+that+a+new+diplomatic+initiative%0Ashould+be+taken+before+the+end+of+this+year "HTTP/1.1 200 OK"
HTTP Request: GET https://translate.googleapis.com/translate_a/single?client=gtx&sl=auto&tl=ja&dt=t&q=USA+Gymnastics+and+the+USOC+have+the+same+goal+%E2%80%94%0Amaking+the+sport+of+gymnastics%2C%0Aand+others%2C%0Aas+safe+as+possible%0Afor+athletes+to+follow+their+dreams+in+a+safe%2C "HTTP/1.1 200 OK"
HTTP Request: GET https://translate.googleapis.com/translate_a/single?client=gtx&sl=auto&tl=ja&dt=t&q=Greenland+was+settled+sparsely.%0AIn+the+Norse+sagas+they+say+that+Erik+the+Red%0Awas+exiled+from+Iceland+for+murder%2C%0Aand+when+travelling+further+west%2C%0Afound+Greenland+and+named+it+Greenland. "HTTP/1.1 200 OK"
HTTP Request: GET https://translate.googleapis.com/translate_a/single?client=gtx&sl=auto&tl=ja&dt=t&q=Bishkek+was+described+as+sinking+into+a+state%0Aof+%22anarchy%22%0Aby+one+observer%2C "HTTP/1.1 200 OK"
HTTP Request: GET https://translate.googleapis.com/translate_a/single?client=gtx&sl=auto&tl=ja&dt=t&q=USA+Gymnastics+and+the+USOC+have+the+same+goal+%E2%80%94%0Amaking+the+sport+of+gymnastics%2C%0Aand+others%2C%0Aas+safe+as+possible%0Afor+athletes+to+follow+their+dreams+in+a+safe%2C%0Apositive+and+empowered+environment. "HTTP/1.1 200 OK"
HTTP Request: GET https://translate.googleapis.com/translate_a/single?client=gtx&sl=auto&tl=ja&dt=t&q=First+among+its+78+recommendations%0Ais+that+a+new+diplomatic+initiative%0Ashould+be+taken+before+the+end+of+this+year%0Ato+secure+Iraq%E2%80%99s+borders "HTTP/1.1 200 OK"
HTTP Request: GET https://translate.googleapis.com/translate_a/single?client=gtx&sl=auto&tl=ja&dt=t&q=Due+to+the+underwater+topology%0Athe+return+flow+is+concentrated%0Aat+a+few+deeper+sections%2C%0Aand+a+fast+current+to+deep+water+may+form+there. "HTTP/1.1 200 OK"
HTTP Request: GET https://translate.googleapis.com/translate_a/single?client=gtx&sl=auto&tl=ja&dt=t&q=People+have+known+about+basic+chemical+elements%0Asuch+as+gold%2C%0Asilver%2C%0Aand+copper+from+antiquity%2C%0Aas+these+can+all+be+discovered+in+nature "HTTP/1.1 200 OK"
HTTP Request: GET https://translate.googleapis.com/translate_a/single?client=gtx&sl=auto&tl=ja&dt=t&q=Bishkek+was+described+as+sinking+into+a+state%0Aof+%22anarchy%22%0Aby+one+observer%2C%0Aas+gangs+of+people+roamed+the+streets+and+plundered+stores+of+consumer+goods. "HTTP/1.1 200 OK"
HTTP Request: GET https://translate.googleapis.com/translate_a/single?client=gtx&sl=auto&tl=ja&dt=t&q=First+among+its+78+recommendations%0Ais+that+a+new+diplomatic+initiative%0Ashould+be+taken+before+the+end+of+this+year%0Ato+secure+Iraq%E2%80%99s+borders%0Aagainst+hostile+interventions "HTTP/1.1 200 OK"
HTTP Request: GET https://translate.googleapis.com/translate_a/single?client=gtx&sl=auto&tl=ja&dt=t&q=People+have+known+about+basic+chemical+elements%0Asuch+as+gold%2C%0Asilver%2C%0Aand+copper+from+antiquity%2C%0Aas+these+can+all+be+discovered+in+nature%0Ain+native+form+and+are+relatively+simple+to+mine+with+primitive+tools. "HTTP/1.1 200 OK"
HTTP Request: GET https://translate.googleapis.com/translate_a/single?client=gtx&sl=auto&tl=ja&dt=t&q=First+among+its+78+recommendations%0Ais+that+a+new+diplomatic+initiative%0Ashould+be+taken+before+the+end+of+this+year%0Ato+secure+Iraq%E2%80%99s+borders%0Aagainst+hostile+interventions%0Aand+to+re-establish+diplomatic+relations+with+its+neighbors. "HTTP/1.1 200 OK"
/home/mobility/STiTy/.venv-autoseg/lib/python3.10/site-packages/pytorch_lightning/utilities/_pytree.py:21: `isinstance(treespec, LeafSpec)` is deprecated, use `isinstance(treespec, TreeSpec) and treespec.is_leaf()` instead.
Japanese  T=6   laal 4.038  eff 0.7733  adq 0.8427  contra 0.0827  cons 0.7944  k 3.69
HTTP Request: GET https://translate.googleapis.com/translate_a/single?client=gtx&sl=auto&tl=ja&dt=t&q=A+search+of+the+Internet+for%27+Hostile+environment+course%27 "HTTP/1.1 200 OK"
HTTP Request: GET https://translate.googleapis.com/translate_a/single?client=gtx&sl=auto&tl=ja&dt=t&q=Throughout+1960s%2C%0ABrzezinski+worked+for+John+F.+Kennedy+as+his+advisor+and+then+the+Lyndon+B.+Johnson+administration. "HTTP/1.1 200 OK"
HTTP Request: GET https://translate.googleapis.com/translate_a/single?client=gtx&sl=auto&tl=ja&dt=t&q=Similarly%2C%0Aby+having+a+Schengen+visa%2C%0Ayou+do+not+need+to+apply+for+visas+to+each+of+the+Schengen+member+countries%0Aseparately%2C+hence+saving+time%2C+money+and+paperwork. "HTTP/1.1 200 OK"
HTTP Request: GET https://translate.googleapis.com/translate_a/single?client=gtx&sl=auto&tl=ja&dt=t&q=The+word+civilization+comes+from+the+Latin+civilis%2C+meaning+civil%2C+related+to+the+Latin+civis%2C "HTTP/1.1 200 OK"
HTTP Request: GET https://translate.googleapis.com/translate_a/single?client=gtx&sl=auto&tl=ja&dt=t&q=Generally+speaking%2C%0Atwo+behaviors+can+emerge+as+managers+begin+to+lead+their+former+peers.%0AOne+end+of+the+spectrum%0Ais+trying+to+remain+%E2%80%9Cone+of+the+guys%E2%80%9D+%28or+gals%29. "HTTP/1.1 200 OK"
HTTP Request: GET https://translate.googleapis.com/translate_a/single?client=gtx&sl=auto&tl=ja&dt=t&q=Virtual+Scaffolds+are+internalized+in+the+software%0Aand+are+meant+to+question%2C%0Aprompt%2C%0Aand+explain+procedures+that+may+have+been+to+challenging+for+the+student+to+handle+alone. "HTTP/1.1 200 OK"
HTTP Request: GET https://translate.googleapis.com/translate_a/single?client=gtx&sl=auto&tl=ja&dt=t&q=As+a+result%2C%0Athe+performers+smoke+cannabis+joints+on+stage%2C%0Aand+the+theatre+itself+is+encouraging+the+audience+to+join+in. "HTTP/1.1 200 OK"
HTTP Request: GET https://translate.googleapis.com/translate_a/single?client=gtx&sl=auto&tl=ja&dt=t&q=Scientists+hope+to+understand+how+planets+form%2C+especially+how+the+Earth+formed%2C "HTTP/1.1 200 OK"
HTTP Request: GET https://translate.googleapis.com/translate_a/single?client=gtx&sl=auto&tl=ja&dt=t&q=A+search+of+the+Internet+for%27+Hostile+environment+course%27%0Awill+probably+provide+the+address+of+a+local+company. "HTTP/1.1 200 OK"
HTTP Request: GET https://translate.googleapis.com/translate_a/single?client=gtx&sl=auto&tl=ja&dt=t&q=The+word+civilization+comes+from+the+Latin+civilis%2C+meaning+civil%2C+related+to+the+Latin+civis%2C%0Ameaning+citizen%2C "HTTP/1.1 200 OK"
HTTP Request: GET https://translate.googleapis.com/translate_a/single?client=gtx&sl=auto&tl=ja&dt=t&q=Scientists+hope+to+understand+how+planets+form%2C+especially+how+the+Earth+formed%2C%0Asince+comets+collided+with+the+Earth+long+ago. "HTTP/1.1 200 OK"
HTTP Request: GET https://translate.googleapis.com/translate_a/single?client=gtx&sl=auto&tl=ja&dt=t&q=The+word+civilization+comes+from+the+Latin+civilis%2C+meaning+civil%2C+related+to+the+Latin+civis%2C%0Ameaning+citizen%2C%0Aand+civitas%2C+meaning+city+or+city-state%2C "HTTP/1.1 200 OK"
HTTP Request: GET https://translate.googleapis.com/translate_a/single?client=gtx&sl=auto&tl=ja&dt=t&q=The+word+civilization+comes+from+the+Latin+civilis%2C+meaning+civil%2C+related+to+the+Latin+civis%2C%0Ameaning+citizen%2C%0Aand+civitas%2C+meaning+city+or+city-state%2C%0Aand+that+also+somehow+defines+the+size+of+the+society. "HTTP/1.1 200 OK"
HTTP Request: GET https://translate.googleapis.com/translate_a/single?client=gtx&sl=auto&tl=ja&dt=t&q=Most+of+the+smaller+islands+are+independent+nations%2C%0Aor+associated+with+France%2C+and+known+as+luxury+beach+resorts. "HTTP/1.1 200 OK"
HTTP Request: GET https://translate.googleapis.com/translate_a/single?client=gtx&sl=auto&tl=ja&dt=t&q=The+central+authority+of+the+church+had+been+in+Rome "HTTP/1.1 200 OK"
HTTP Request: GET https://translate.googleapis.com/translate_a/single?client=gtx&sl=auto&tl=ja&dt=t&q=Sleep+interruption+is+the+process+of+purposefully+awakening+during+your+normal+sleep+period "HTTP/1.1 200 OK"
HTTP Request: GET https://translate.googleapis.com/translate_a/single?client=gtx&sl=auto&tl=ja&dt=t&q=We+agree+with+the+USOC%27s+statement+that+the+interests+of+our+athletes+and+clubs%2C "HTTP/1.1 200 OK"
HTTP Request: GET https://translate.googleapis.com/translate_a/single?client=gtx&sl=auto&tl=ja&dt=t&q=As+a+result%2C+two+fish+species+have+become+extinct%2C "HTTP/1.1 200 OK"
HTTP Request: GET https://translate.googleapis.com/translate_a/single?client=gtx&sl=auto&tl=ja&dt=t&q=We+make+our+houses%0Afrom+plants+and+make+clothes+from+plants.+Most+foods+that+we+eat+are+plants.+Without+plants%2C "HTTP/1.1 200 OK"
HTTP Request: GET https://translate.googleapis.com/translate_a/single?client=gtx&sl=auto&tl=ja&dt=t&q=The+central+authority+of+the+church+had+been+in+Rome%0Afor+over+a+thousand+years "HTTP/1.1 200 OK"
HTTP Request: GET https://translate.googleapis.com/translate_a/single?client=gtx&sl=auto&tl=ja&dt=t&q=We+agree+with+the+USOC%27s+statement+that+the+interests+of+our+athletes+and+clubs%2C%0Aand+their+sport%2C "HTTP/1.1 200 OK"
HTTP Request: GET https://translate.googleapis.com/translate_a/single?client=gtx&sl=auto&tl=ja&dt=t&q=Sleep+interruption+is+the+process+of+purposefully+awakening+during+your+normal+sleep+period%0Aand+falling+asleep "HTTP/1.1 200 OK"
HTTP Request: GET https://translate.googleapis.com/translate_a/single?client=gtx&sl=auto&tl=ja&dt=t&q=As+a+result%2C+two+fish+species+have+become+extinct%2C%0Aand+two+others+have+become+endangered%2C+including+the+humpback+chub. "HTTP/1.1 200 OK"
HTTP Request: GET https://translate.googleapis.com/translate_a/single?client=gtx&sl=auto&tl=ja&dt=t&q=We+agree+with+the+USOC%27s+statement+that+the+interests+of+our+athletes+and+clubs%2C%0Aand+their+sport%2C%0Amay+be+better+served+by+moving+forward+with+meaningful+change+within+our+organization%2C "HTTP/1.1 200 OK"
HTTP Request: GET https://translate.googleapis.com/translate_a/single?client=gtx&sl=auto&tl=ja&dt=t&q=We+make+our+houses%0Afrom+plants+and+make+clothes+from+plants.+Most+foods+that+we+eat+are+plants.+Without+plants%2C%0Aanimals+could+not+survive. "HTTP/1.1 200 OK"
HTTP Request: GET https://translate.googleapis.com/translate_a/single?client=gtx&sl=auto&tl=ja&dt=t&q=Sleep+interruption+is+the+process+of+purposefully+awakening+during+your+normal+sleep+period%0Aand+falling+asleep%0Aa+short+time+later+%2810%E2%80%9360+minutes%29. "HTTP/1.1 200 OK"
HTTP Request: GET https://translate.googleapis.com/translate_a/single?client=gtx&sl=auto&tl=ja&dt=t&q=We+agree+with+the+USOC%27s+statement+that+the+interests+of+our+athletes+and+clubs%2C%0Aand+their+sport%2C%0Amay+be+better+served+by+moving+forward+with+meaningful+change+within+our+organization%2C%0Arather+than+decertification. "HTTP/1.1 200 OK"
HTTP Request: GET https://translate.googleapis.com/translate_a/single?client=gtx&sl=auto&tl=ja&dt=t&q=The+central+authority+of+the+church+had+been+in+Rome%0Afor+over+a+thousand+years%0Aand+this+concentration+of+power+and+money "HTTP/1.1 200 OK"
HTTP Request: GET https://translate.googleapis.com/translate_a/single?client=gtx&sl=auto&tl=ja&dt=t&q=Alloys+are+basically+a+mixture "HTTP/1.1 200 OK"
HTTP Request: GET https://translate.googleapis.com/translate_a/single?client=gtx&sl=auto&tl=ja&dt=t&q=The+central+authority+of+the+church+had+been+in+Rome%0Afor+over+a+thousand+years%0Aand+this+concentration+of+power+and+money%0Aled+many+to+question+whether+this+tenet+was+being+met. "HTTP/1.1 200 OK"
HTTP Request: GET https://translate.googleapis.com/translate_a/single?client=gtx&sl=auto&tl=ja&dt=t&q=Buses+depart+the+inter-district+bus+station%0A%28across+the+river%29%0Athroughout+the+day%2C+though+most%2C+especially+those+heading+to+the+east+and+Jakar%2FBumthang+leave+between+06%3A30+and+07%3A30. "HTTP/1.1 200 OK"
HTTP Request: GET https://translate.googleapis.com/translate_a/single?client=gtx&sl=auto&tl=ja&dt=t&q=Also+to+the+north+visit+the+great+Sanctuary+of+Our+Lady+of+Fatima "HTTP/1.1 200 OK"
HTTP Request: GET https://translate.googleapis.com/translate_a/single?client=gtx&sl=auto&tl=ja&dt=t&q=Alloys+are+basically+a+mixture%0Aof+two+or+more+metals.+Don%27t+forget+that+there+are+many+elements "HTTP/1.1 200 OK"
HTTP Request: GET https://translate.googleapis.com/translate_a/single?client=gtx&sl=auto&tl=ja&dt=t&q=Also+to+the+north+visit+the+great+Sanctuary+of+Our+Lady+of+Fatima%0A%28Shrine%29%2C "HTTP/1.1 200 OK"
HTTP Request: GET https://translate.googleapis.com/translate_a/single?client=gtx&sl=auto&tl=ja&dt=t&q=Alloys+are+basically+a+mixture%0Aof+two+or+more+metals.+Don%27t+forget+that+there+are+many+elements%0Aon+the+periodic+table. "HTTP/1.1 200 OK"
HTTP Request: GET https://translate.googleapis.com/translate_a/single?client=gtx&sl=auto&tl=ja&dt=t&q=Also+to+the+north+visit+the+great+Sanctuary+of+Our+Lady+of+Fatima%0A%28Shrine%29%2C%0Aa+place+of+worldwide+famous+Marian+apparitions. "HTTP/1.1 200 OK"
HTTP Request: GET https://translate.googleapis.com/translate_a/single?client=gtx&sl=auto&tl=ja&dt=t&q=Ancient+China+had+a+unique+way "HTTP/1.1 200 OK"
HTTP Request: GET https://translate.googleapis.com/translate_a/single?client=gtx&sl=auto&tl=ja&dt=t&q=Giancarlo+Fisichella+lost+control+of+his+car "HTTP/1.1 200 OK"
HTTP Request: GET https://translate.googleapis.com/translate_a/single?client=gtx&sl=auto&tl=ja&dt=t&q=Giancarlo+Fisichella+lost+control+of+his+car%0Aand+ended+the+race+very+soon+after+the+start. "HTTP/1.1 200 OK"
HTTP Request: GET https://translate.googleapis.com/translate_a/single?client=gtx&sl=auto&tl=ja&dt=t&q=Ancient+China+had+a+unique+way%0Aof+showing+different+time+periods%3B "HTTP/1.1 200 OK"
HTTP Request: GET https://translate.googleapis.com/translate_a/single?client=gtx&sl=auto&tl=ja&dt=t&q=The+Northern+Marianas+emergency+management+office%0Asaid+that+there+were+no+damages+reported+in+the+nation. "HTTP/1.1 200 OK"
HTTP Request: GET https://translate.googleapis.com/translate_a/single?client=gtx&sl=auto&tl=ja&dt=t&q=While+Goma+is+reasonably+safe%2C%0Aany+visits+outside+of+Goma%0Ashould+be+researched+to+understand+the+state+of+the+fighting+that+persists+in+the+North+Kivu+province. "HTTP/1.1 200 OK"
HTTP Request: GET https://translate.googleapis.com/translate_a/single?client=gtx&sl=auto&tl=ja&dt=t&q=As+a+result%2C%0Athe+process%0Aof+an+organization+working+together+to+overcome+an+obstacle+can+lead+to+a+new+innovative+process+to+serve+the+customer%27s+need. "HTTP/1.1 200 OK"
HTTP Request: GET https://translate.googleapis.com/translate_a/single?client=gtx&sl=auto&tl=ja&dt=t&q=Ancient+China+had+a+unique+way%0Aof+showing+different+time+periods%3B%0Aeach+stage+of+China+or+each+family+that+was+in+power+was+a+distinctive+dynasty. "HTTP/1.1 200 OK"
HTTP Request: GET https://translate.googleapis.com/translate_a/single?client=gtx&sl=auto&tl=ja&dt=t&q=At+the+other+end+of+the+spectrum%2C "HTTP/1.1 200 OK"
HTTP Request: GET https://translate.googleapis.com/translate_a/single?client=gtx&sl=auto&tl=ja&dt=t&q=Ancient+cultures+and+tribes+began+to+keep+them+for+easy+access+to+milk%2C%0Ahair%2C+meat%2C+and+skins. "HTTP/1.1 200 OK"
HTTP Request: GET https://translate.googleapis.com/translate_a/single?client=gtx&sl=auto&tl=ja&dt=t&q=At+the+other+end+of+the+spectrum%2C%0Aone "HTTP/1.1 200 OK"
HTTP Request: GET https://translate.googleapis.com/translate_a/single?client=gtx&sl=auto&tl=ja&dt=t&q=At+the+other+end+of+the+spectrum%2C%0Aone%0Amorphs+into+an+unrecognizable+individual "HTTP/1.1 200 OK"
HTTP Request: GET https://translate.googleapis.com/translate_a/single?client=gtx&sl=auto&tl=ja&dt=t&q=The+same+month+saw+another+airliner+overrun+a+runway+at+Mashhad+and+strike+a+wall%2C "HTTP/1.1 200 OK"
HTTP Request: GET https://translate.googleapis.com/translate_a/single?client=gtx&sl=auto&tl=ja&dt=t&q=The+Giza+Plateau%2C%0Aor+%22Giza+Necropolis%22+in+the+Egyptian+Valley+of+the+Dead%0Acontains+several+pyramids+%28of+which+the+great+pyramid+is+the+largest%29%2C%0Aseveral+small+tombs%2C+several+temples%2C+and+the+great+Sphinx. "HTTP/1.1 200 OK"
HTTP Request: GET https://translate.googleapis.com/translate_a/single?client=gtx&sl=auto&tl=ja&dt=t&q=The+U.S.+Corps+of+Engineers%0Aestimated+that+6+inches+of+rainfall+could+breach+the+previously+damaged+levees. "HTTP/1.1 200 OK"
HTTP Request: GET https://translate.googleapis.com/translate_a/single?client=gtx&sl=auto&tl=ja&dt=t&q=At+the+other+end+of+the+spectrum%2C%0Aone%0Amorphs+into+an+unrecognizable+individual%0Athat+feels+he+or+she+must+change+everything+the+team+has+been+doing+and+make+it+their+own. "HTTP/1.1 200 OK"
HTTP Request: GET https://translate.googleapis.com/translate_a/single?client=gtx&sl=auto&tl=ja&dt=t&q=The+same+month+saw+another+airliner+overrun+a+runway+at+Mashhad+and+strike+a+wall%2C%0Akilling+seventeen. "HTTP/1.1 200 OK"
HTTP Request: GET https://translate.googleapis.com/translate_a/single?client=gtx&sl=auto&tl=ja&dt=t&q=Researchers+from+Princeton+University+in+the+United+States+and+Uppsala+University+in+Sweden+reported+the+new+species+evolved+in+just+two+generations%2C "HTTP/1.1 200 OK"
HTTP Request: GET https://translate.googleapis.com/translate_a/single?client=gtx&sl=auto&tl=ja&dt=t&q=Cuomo%2C+53%2C%0Abegan+his+governorship+earlier+this+year+and+signed+a+bill+last+month+legalizing+same-sex+marriage. "HTTP/1.1 200 OK"
HTTP Request: GET https://translate.googleapis.com/translate_a/single?client=gtx&sl=auto&tl=ja&dt=t&q=The+harbor+was+the+site+of+an+infamous+naval+standoff+in+1889%0Awhen+seven+ships+from+Germany%2C+the+US%2C+and+Britain "HTTP/1.1 200 OK"
HTTP Request: GET https://translate.googleapis.com/translate_a/single?client=gtx&sl=auto&tl=ja&dt=t&q=Researchers+from+Princeton+University+in+the+United+States+and+Uppsala+University+in+Sweden+reported+the+new+species+evolved+in+just+two+generations%2C%0Athough+this+process+had+been+believed+to+take+much+longer%2C "HTTP/1.1 200 OK"
HTTP Request: GET https://translate.googleapis.com/translate_a/single?client=gtx&sl=auto&tl=ja&dt=t&q=In+1990%2C%0Ait+was+added+to+the+list+of+world+heritage+sites+in+danger%2C "HTTP/1.1 200 OK"
HTTP Request: GET https://translate.googleapis.com/translate_a/single?client=gtx&sl=auto&tl=ja&dt=t&q=Researchers+from+Princeton+University+in+the+United+States+and+Uppsala+University+in+Sweden+reported+the+new+species+evolved+in+just+two+generations%2C%0Athough+this+process+had+been+believed+to+take+much+longer%2C%0Adue+to+breeding+between+an+endemic+Darwin+finch%2C "HTTP/1.1 200 OK"
HTTP Request: GET https://translate.googleapis.com/translate_a/single?client=gtx&sl=auto&tl=ja&dt=t&q=The+harbor+was+the+site+of+an+infamous+naval+standoff+in+1889%0Awhen+seven+ships+from+Germany%2C+the+US%2C+and+Britain%0Arefused+to+leave+the+harbor. "HTTP/1.1 200 OK"
HTTP Request: GET https://translate.googleapis.com/translate_a/single?client=gtx&sl=auto&tl=ja&dt=t&q=In+1990%2C%0Ait+was+added+to+the+list+of+world+heritage+sites+in+danger%2C%0Adue+to+the+threat+of+desert+sands. "HTTP/1.1 200 OK"
HTTP Request: GET https://translate.googleapis.com/translate_a/single?client=gtx&sl=auto&tl=ja&dt=t&q=Ironing+damp+clothes+can+help+them+dry.%0AMany+hotels+have+an+iron+and+ironing+board+available+for+loan%2C "HTTP/1.1 200 OK"
HTTP Request: GET https://translate.googleapis.com/translate_a/single?client=gtx&sl=auto&tl=ja&dt=t&q=The+term+bug+is+used+by+entomologists+in+a+formal+sense "HTTP/1.1 200 OK"
HTTP Request: GET https://translate.googleapis.com/translate_a/single?client=gtx&sl=auto&tl=ja&dt=t&q=Researchers+from+Princeton+University+in+the+United+States+and+Uppsala+University+in+Sweden+reported+the+new+species+evolved+in+just+two+generations%2C%0Athough+this+process+had+been+believed+to+take+much+longer%2C%0Adue+to+breeding+between+an+endemic+Darwin+finch%2C%0AGeospiza+fortes%2C "HTTP/1.1 200 OK"
HTTP Request: GET https://translate.googleapis.com/translate_a/single?client=gtx&sl=auto&tl=ja&dt=t&q=Ironing+damp+clothes+can+help+them+dry.%0AMany+hotels+have+an+iron+and+ironing+board+available+for+loan%2C%0Aeven+if+one+is+not+present+in+the+room. "HTTP/1.1 200 OK"
HTTP Request: GET https://translate.googleapis.com/translate_a/single?client=gtx&sl=auto&tl=ja&dt=t&q=The+term+bug+is+used+by+entomologists+in+a+formal+sense%0Afor+this+group+of+insects. "HTTP/1.1 200 OK"
HTTP Request: GET https://translate.googleapis.com/translate_a/single?client=gtx&sl=auto&tl=ja&dt=t&q=The+city%0Ais+also+the+base+to+climb+the+Nyiragongo+volcano "HTTP/1.1 200 OK"
HTTP Request: GET https://translate.googleapis.com/translate_a/single?client=gtx&sl=auto&tl=ja&dt=t&q=Researchers+from+Princeton+University+in+the+United+States+and+Uppsala+University+in+Sweden+reported+the+new+species+evolved+in+just+two+generations%2C%0Athough+this+process+had+been+believed+to+take+much+longer%2C%0Adue+to+breeding+between+an+endemic+Darwin+finch%2C%0AGeospiza+fortes%2C%0Aand+the+immigrant+cactus+finch%2C "HTTP/1.1 200 OK"
HTTP Request: GET https://translate.googleapis.com/translate_a/single?client=gtx&sl=auto&tl=ja&dt=t&q=The+city%0Ais+also+the+base+to+climb+the+Nyiragongo+volcano%0Aalong+with+some+of+the+cheapest+Mountain+Gorilla+tracking+in+Africa. "HTTP/1.1 200 OK"
HTTP Request: GET https://translate.googleapis.com/translate_a/single?client=gtx&sl=auto&tl=ja&dt=t&q=Researchers+from+Princeton+University+in+the+United+States+and+Uppsala+University+in+Sweden+reported+the+new+species+evolved+in+just+two+generations%2C%0Athough+this+process+had+been+believed+to+take+much+longer%2C%0Adue+to+breeding+between+an+endemic+Darwin+finch%2C%0AGeospiza+fortes%2C%0Aand+the+immigrant+cactus+finch%2C%0AGeospiza+conirostris. "HTTP/1.1 200 OK"
HTTP Request: GET https://translate.googleapis.com/translate_a/single?client=gtx&sl=auto&tl=ja&dt=t&q=You+can+use+boda-boda+%28motorcycle+taxi%29%0Ato+get+around+Goma.%0AThe+normal+%28local%29+price+is+~500+Congolese+Francs+for+the+short+ride. "HTTP/1.1 200 OK"
HTTP Request: GET https://translate.googleapis.com/translate_a/single?client=gtx&sl=auto&tl=ja&dt=t&q=Oliver+Sacks%2C%0Ain+his+paper+The+President%27s+Speech%2C "HTTP/1.1 200 OK"
HTTP Request: GET https://translate.googleapis.com/translate_a/single?client=gtx&sl=auto&tl=ja&dt=t&q=Other+subjects+on+the+agenda+in+Bali "HTTP/1.1 200 OK"
HTTP Request: GET https://translate.googleapis.com/translate_a/single?client=gtx&sl=auto&tl=ja&dt=t&q=While+he+was+working+at+the+hospital%0ALiggins+began+to+investigate+premature+labor+during+his+spare+time. "HTTP/1.1 200 OK"
HTTP Request: GET https://translate.googleapis.com/translate_a/single?client=gtx&sl=auto&tl=ja&dt=t&q=The+official+Falklands+currency+is+the+Falkland+pound "HTTP/1.1 200 OK"
HTTP Request: GET https://translate.googleapis.com/translate_a/single?client=gtx&sl=auto&tl=ja&dt=t&q=Hong+Kong+Island+gives+the+territory+of+Hong+Kong "HTTP/1.1 200 OK"
HTTP Request: GET https://translate.googleapis.com/translate_a/single?client=gtx&sl=auto&tl=ja&dt=t&q=The+official+Falklands+currency+is+the+Falkland+pound%0A%28FKP%29 "HTTP/1.1 200 OK"
HTTP Request: GET https://translate.googleapis.com/translate_a/single?client=gtx&sl=auto&tl=ja&dt=t&q=Other+subjects+on+the+agenda+in+Bali%0Ainclude+saving+the+world%27s+remaining+forests%2C "HTTP/1.1 200 OK"
HTTP Request: GET https://translate.googleapis.com/translate_a/single?client=gtx&sl=auto&tl=ja&dt=t&q=Hong+Kong+Island+gives+the+territory+of+Hong+Kong%0Aits+name "HTTP/1.1 200 OK"
HTTP Request: GET https://translate.googleapis.com/translate_a/single?client=gtx&sl=auto&tl=ja&dt=t&q=Oliver+Sacks%2C%0Ain+his+paper+The+President%27s+Speech%2C%0Aindicated+how+people+who+are+unable+to+understand+speech+because+of+brain+damage "HTTP/1.1 200 OK"
HTTP Request: GET https://translate.googleapis.com/translate_a/single?client=gtx&sl=auto&tl=ja&dt=t&q=Oliver+Sacks%2C%0Ain+his+paper+The+President%27s+Speech%2C%0Aindicated+how+people+who+are+unable+to+understand+speech+because+of+brain+damage%0Aare+nevertheless+able+to+assess+sincerity+accurately. "HTTP/1.1 200 OK"
HTTP Request: GET https://translate.googleapis.com/translate_a/single?client=gtx&sl=auto&tl=ja&dt=t&q=The+official+Falklands+currency+is+the+Falkland+pound%0A%28FKP%29%0Awhose+value+is+set+equivalent+to+that+of+one+British+pound+%28GBP%29. "HTTP/1.1 200 OK"
HTTP Request: GET https://translate.googleapis.com/translate_a/single?client=gtx&sl=auto&tl=ja&dt=t&q=Other+subjects+on+the+agenda+in+Bali%0Ainclude+saving+the+world%27s+remaining+forests%2C%0Aand+sharing+technologies+to+help+developing+nations+grow+in+less-polluting+ways. "HTTP/1.1 200 OK"
HTTP Request: GET https://translate.googleapis.com/translate_a/single?client=gtx&sl=auto&tl=ja&dt=t&q=Hong+Kong+Island+gives+the+territory+of+Hong+Kong%0Aits+name%0Aand+is+the+place+that+many+tourists+regard+as+the+main+focus. "HTTP/1.1 200 OK"
HTTP Request: GET https://translate.googleapis.com/translate_a/single?client=gtx&sl=auto&tl=ja&dt=t&q=All+nouns%2C+alongside+the+word+Sie+for+you%2C "HTTP/1.1 200 OK"
HTTP Request: GET https://translate.googleapis.com/translate_a/single?client=gtx&sl=auto&tl=ja&dt=t&q=Lion+prides+act+much+like+packs+of+wolves+or+dogs%2C%0Aanimals+surprisingly+similar+to+lions+%28but+not+other+big+cats%29%0Ain+behavior%2C%0Aand+also+very+deadly+to+their+prey. "HTTP/1.1 200 OK"
HTTP Request: GET https://translate.googleapis.com/translate_a/single?client=gtx&sl=auto&tl=ja&dt=t&q=Needless+to+say%2C+if+you+know+a+Romance+language%2C "HTTP/1.1 200 OK"
HTTP Request: GET https://translate.googleapis.com/translate_a/single?client=gtx&sl=auto&tl=ja&dt=t&q=All+nouns%2C+alongside+the+word+Sie+for+you%2C%0Aalways+begin+with+a+capital+letter%2C "HTTP/1.1 200 OK"
HTTP Request: GET https://translate.googleapis.com/translate_a/single?client=gtx&sl=auto&tl=ja&dt=t&q=Needless+to+say%2C+if+you+know+a+Romance+language%2C%0Ait+will+be+easier+for+you+to+learn+Portuguese. "HTTP/1.1 200 OK"
HTTP Request: GET https://translate.googleapis.com/translate_a/single?client=gtx&sl=auto&tl=ja&dt=t&q=They+have+feet+with+scales+and+claws%2C%0Athey+lay+eggs%2C%0Aand+they+walk+on+their+two+back+legs+like+a+T-Rex. "HTTP/1.1 200 OK"
HTTP Request: GET https://translate.googleapis.com/translate_a/single?client=gtx&sl=auto&tl=ja&dt=t&q=We+don%27t+know+for+sure%2C%0Abut+it+may+have+had+a+forked+tongue.%0AIts+diet+included+turtles%2C+large+fish%2C+other+mosasaurs%2C "HTTP/1.1 200 OK"
HTTP Request: GET https://translate.googleapis.com/translate_a/single?client=gtx&sl=auto&tl=ja&dt=t&q=In+just+two+weeks+the+Americans+and+Free+French+forces+had+liberated+southern+France "HTTP/1.1 200 OK"
HTTP Request: GET https://translate.googleapis.com/translate_a/single?client=gtx&sl=auto&tl=ja&dt=t&q=In+just+two+weeks+the+Americans+and+Free+French+forces+had+liberated+southern+France%0Aand+were+turning+towards+Germany. "HTTP/1.1 200 OK"
HTTP Request: GET https://translate.googleapis.com/translate_a/single?client=gtx&sl=auto&tl=ja&dt=t&q=All+nouns%2C+alongside+the+word+Sie+for+you%2C%0Aalways+begin+with+a+capital+letter%2C%0Aeven+in+the+middle+of+a+sentence. "HTTP/1.1 200 OK"
HTTP Request: GET https://translate.googleapis.com/translate_a/single?client=gtx&sl=auto&tl=ja&dt=t&q=We+don%27t+know+for+sure%2C%0Abut+it+may+have+had+a+forked+tongue.%0AIts+diet+included+turtles%2C+large+fish%2C+other+mosasaurs%2C%0Aand+it+may+even+have+been+a+cannibal. "HTTP/1.1 200 OK"
HTTP Request: GET https://translate.googleapis.com/translate_a/single?client=gtx&sl=auto&tl=ja&dt=t&q=In+fact%2C%0Ait+is+not+easy+to+find+at+all+even+if+one+knew+it+existed.%0AOnce+inside+the+cave%2C+it+is+a+total+isolation. "HTTP/1.1 200 OK"
HTTP Request: GET https://translate.googleapis.com/translate_a/single?client=gtx&sl=auto&tl=ja&dt=t&q=The+two+compounds+react+with+one+another+to+form+crystals+that+may+block+kidney+function%2C "HTTP/1.1 200 OK"
HTTP Request: GET https://translate.googleapis.com/translate_a/single?client=gtx&sl=auto&tl=ja&dt=t&q=During+the+1920s%2C%0Athe+prevailing+attitudes+of+most+citizens+and+nations+was+that+of+pacifism+and+isolation. "HTTP/1.1 200 OK"
HTTP Request: GET https://translate.googleapis.com/translate_a/single?client=gtx&sl=auto&tl=ja&dt=t&q=Prior+to+the+arrival+of+troops%2C%0AHaiti+had+not+encountered+problems+related+to+the+disease+since+the+1800s. "HTTP/1.1 200 OK"
HTTP Request: GET https://translate.googleapis.com/translate_a/single?client=gtx&sl=auto&tl=ja&dt=t&q=Cocham%C3%B3+Valley+-+Chile%27s+premier+climbing+destination%2C%0Aknown+as+the+Yosemite+of+South+America%2C%0Awith+a+variety+of+granite+big+walls+and+crags. "HTTP/1.1 200 OK"
HTTP Request: GET https://translate.googleapis.com/translate_a/single?client=gtx&sl=auto&tl=ja&dt=t&q=Goats+seem+to+have+been+first+domesticated+roughly+10%2C000+years%0Aago+in+the+Zagros+Mountains+of+Iran. "HTTP/1.1 200 OK"
HTTP Request: GET https://translate.googleapis.com/translate_a/single?client=gtx&sl=auto&tl=ja&dt=t&q=Barcelona%27s+official+languages+are+Catalan+and+Spanish. "HTTP/1.1 200 OK"
HTTP Request: GET https://translate.googleapis.com/translate_a/single?client=gtx&sl=auto&tl=ja&dt=t&q=Barcelona%27s+official+languages+are+Catalan+and+Spanish.%0AAbout+a+half+prefer+to+speak+Catalan%2C "HTTP/1.1 200 OK"
HTTP Request: GET https://translate.googleapis.com/translate_a/single?client=gtx&sl=auto&tl=ja&dt=t&q=The+two+compounds+react+with+one+another+to+form+crystals+that+may+block+kidney+function%2C%0Aresearchers+at+the+university+said. "HTTP/1.1 200 OK"
HTTP Request: GET https://translate.googleapis.com/translate_a/single?client=gtx&sl=auto&tl=ja&dt=t&q=Barcelona%27s+official+languages+are+Catalan+and+Spanish.%0AAbout+a+half+prefer+to+speak+Catalan%2C%0Aa+vast+majority+understands+it%2C+and+virtually+everyone+knows+Spanish. "HTTP/1.1 200 OK"
HTTP Request: GET https://translate.googleapis.com/translate_a/single?client=gtx&sl=auto&tl=ja&dt=t&q=Resting+on+the+top+of+one+of+the+mountains%0Anorth+of+Mecca%2C%0Athe+cave+is+completely+isolated+from+the+rest+of+the+world. "HTTP/1.1 200 OK"
HTTP Request: GET https://translate.googleapis.com/translate_a/single?client=gtx&sl=auto&tl=ja&dt=t&q=Four+skiers+in+the+women%27s+sitting+group%0Afailed+to+finish+their+runs%2C%0Aand+45+of+the+117+total+skiers+in+the+Giant+Slalom "HTTP/1.1 200 OK"
HTTP Request: GET https://translate.googleapis.com/translate_a/single?client=gtx&sl=auto&tl=ja&dt=t&q=He+added+that+%22they+should+not%2C+however%2C "HTTP/1.1 200 OK"
HTTP Request: GET https://translate.googleapis.com/translate_a/single?client=gtx&sl=auto&tl=ja&dt=t&q=A+curry+is+a+dish+based+on+herbs+and+spices%2C "HTTP/1.1 200 OK"
HTTP Request: GET https://translate.googleapis.com/translate_a/single?client=gtx&sl=auto&tl=ja&dt=t&q=Four+skiers+in+the+women%27s+sitting+group%0Afailed+to+finish+their+runs%2C%0Aand+45+of+the+117+total+skiers+in+the+Giant+Slalom%0Afailed+to+rank+in+the+race. "HTTP/1.1 200 OK"
HTTP Request: GET https://translate.googleapis.com/translate_a/single?client=gtx&sl=auto&tl=ja&dt=t&q=He+added+that+%22they+should+not%2C+however%2C%0Abe+asked+to+take+on+obligations+that+go+beyond+their+development+stage%2C "HTTP/1.1 200 OK"
HTTP Request: GET https://translate.googleapis.com/translate_a/single?client=gtx&sl=auto&tl=ja&dt=t&q=A+curry+is+a+dish+based+on+herbs+and+spices%2C%0Atogether+with+either+meat+or+vegetables. "HTTP/1.1 200 OK"
HTTP Request: GET https://translate.googleapis.com/translate_a/single?client=gtx&sl=auto&tl=ja&dt=t&q=He+added+that+%22they+should+not%2C+however%2C%0Abe+asked+to+take+on+obligations+that+go+beyond+their+development+stage%2C%0Aresponsibility+and+capabilities.%22 "HTTP/1.1 200 OK"
HTTP Request: GET https://translate.googleapis.com/translate_a/single?client=gtx&sl=auto&tl=ja&dt=t&q=Women%3A%0AIt+is+recommended+that+any+women+travellers+say+that+they+are+married%2C+regardless+of+actual+marital+status. "HTTP/1.1 200 OK"
HTTP Request: GET https://translate.googleapis.com/translate_a/single?client=gtx&sl=auto&tl=ja&dt=t&q=The+job%0Aof+navies%0Ahas+traditionally+been+to+ensure+that+your+country+maintains+the+ability+to+move+your+people+and+goods%2C%0Awhile+at+the+same+time%2C%0Ainterfering+with+your+enemy%27s+ability+to+move+his+people+and+goods. "HTTP/1.1 200 OK"
HTTP Request: GET https://translate.googleapis.com/translate_a/single?client=gtx&sl=auto&tl=ja&dt=t&q=Professor+Pamela+Ferguson+of+the+University+of+Dundee "HTTP/1.1 200 OK"
HTTP Request: GET https://translate.googleapis.com/translate_a/single?client=gtx&sl=auto&tl=ja&dt=t&q=Finally%2C%0Athere+are+many+small+cats+%28including+loose+pet+cats%29%0Athat+eat+the+far+more+numerous+small+prey+like+insects%2C+rodents%2C+lizards%2C+and+birds. "HTTP/1.1 200 OK"
HTTP Request: GET https://translate.googleapis.com/translate_a/single?client=gtx&sl=auto&tl=ja&dt=t&q=Vatican+City%27s+population%0Ais+around+800.%0AIt+is+the+smallest+independent+country+in+the+world+and+the+country+with+the+lowest+population. "HTTP/1.1 200 OK"
HTTP Request: GET https://translate.googleapis.com/translate_a/single?client=gtx&sl=auto&tl=ja&dt=t&q=If+you+have+watched+the+movie+National+Treasure%2C "HTTP/1.1 200 OK"
HTTP Request: GET https://translate.googleapis.com/translate_a/single?client=gtx&sl=auto&tl=ja&dt=t&q=Professor+Pamela+Ferguson+of+the+University+of+Dundee%0Anotes+%22journalists "HTTP/1.1 200 OK"
HTTP Request: GET https://translate.googleapis.com/translate_a/single?client=gtx&sl=auto&tl=ja&dt=t&q=If+you+have+watched+the+movie+National+Treasure%2C%0Ayou+may+think+a+treasure+map "HTTP/1.1 200 OK"
HTTP Request: GET https://translate.googleapis.com/translate_a/single?client=gtx&sl=auto&tl=ja&dt=t&q=Professor+Pamela+Ferguson+of+the+University+of+Dundee%0Anotes+%22journalists%0Ado+seem+to+be+walking+a+dangerous+line+if+publishing+photos+etc+of+suspects.%22 "HTTP/1.1 200 OK"
HTTP Request: GET https://translate.googleapis.com/translate_a/single?client=gtx&sl=auto&tl=ja&dt=t&q=If+you+have+watched+the+movie+National+Treasure%2C%0Ayou+may+think+a+treasure+map%0Awas+written+on+the+back+of+the+Declaration+of+Independence. "HTTP/1.1 200 OK"
HTTP Request: GET https://translate.googleapis.com/translate_a/single?client=gtx&sl=auto&tl=ja&dt=t&q=The+composition+of+these+crystals%0Amatches+those+found+in+the+urine+of+affected+pets+when+compared+by+infrared+spectroscopy+%28FTIR%29. "HTTP/1.1 200 OK"
HTTP Request: GET https://translate.googleapis.com/translate_a/single?client=gtx&sl=auto&tl=ja&dt=t&q=The+aspect+ratio+of+this+format+%28dividing+by+twelve+to+obtain+the+simplest+whole-number+ratio%29 "HTTP/1.1 200 OK"
HTTP Request: GET https://translate.googleapis.com/translate_a/single?client=gtx&sl=auto&tl=ja&dt=t&q=It+is+one+of+the+main+attractions+of+South+Africa%0Aand+it+is+considered%0Athe+flagship+of+South+African+National+Parks+%28SANParks%29. "HTTP/1.1 200 OK"
HTTP Request: GET https://translate.googleapis.com/translate_a/single?client=gtx&sl=auto&tl=ja&dt=t&q=Scaffolding+is+not+a+method+of+learning%0Abut+rather+an+aid+that+provides+support+to+individuals "HTTP/1.1 200 OK"
HTTP Request: GET https://translate.googleapis.com/translate_a/single?client=gtx&sl=auto&tl=ja&dt=t&q=Scaffolding+is+not+a+method+of+learning%0Abut+rather+an+aid+that+provides+support+to+individuals%0Awhom+are+undergoing+a+new+learning+experience "HTTP/1.1 200 OK"
HTTP Request: GET https://translate.googleapis.com/translate_a/single?client=gtx&sl=auto&tl=ja&dt=t&q=The+aspect+ratio+of+this+format+%28dividing+by+twelve+to+obtain+the+simplest+whole-number+ratio%29%0Ais+therefore "HTTP/1.1 200 OK"
HTTP Request: GET https://translate.googleapis.com/translate_a/single?client=gtx&sl=auto&tl=ja&dt=t&q=The+aspect+ratio+of+this+format+%28dividing+by+twelve+to+obtain+the+simplest+whole-number+ratio%29%0Ais+therefore%0Asaid+to+be+3%3A2. "HTTP/1.1 200 OK"
HTTP Request: GET https://translate.googleapis.com/translate_a/single?client=gtx&sl=auto&tl=ja&dt=t&q=The+pyramid+sound+and+light+show%0Ais+one+of+the+most+interesting+things+in+the+area+for+kids. "HTTP/1.1 200 OK"
HTTP Request: GET https://translate.googleapis.com/translate_a/single?client=gtx&sl=auto&tl=ja&dt=t&q=Regular+announcements+in+the+Metro%0Aare+made+only+in+Catalan%2C%0Abut+unplanned+disruptions+are+announced+by+an+automated+system%0Ain+a+wide+variety+of+languages+including+Spanish%2C+English%2C+French%2C+Arabic+and+Japanese. "HTTP/1.1 200 OK"
HTTP Request: GET https://translate.googleapis.com/translate_a/single?client=gtx&sl=auto&tl=ja&dt=t&q=It+is+related+to+but+usually+not+involving+alpine+style+ski+touring%0Aor+mountaineering%2C%0Athe+latter+ones+done+in+steep+terrain%0Aand+requiring+much+stiffer+skis+and+boots. "HTTP/1.1 200 OK"
HTTP Request: GET https://translate.googleapis.com/translate_a/single?client=gtx&sl=auto&tl=ja&dt=t&q=In+the+north+the+region+is+bounded+by+the+Sahel%2C "HTTP/1.1 200 OK"
HTTP Request: GET https://translate.googleapis.com/translate_a/single?client=gtx&sl=auto&tl=ja&dt=t&q=Apia+is+the+capital+of+Samoa.%0AThe+town+is+on+the+island+of+Upolu%0Aand+has+a+population+of+just+under+40%2C000. "HTTP/1.1 200 OK"
HTTP Request: GET https://translate.googleapis.com/translate_a/single?client=gtx&sl=auto&tl=ja&dt=t&q=In+the+north+the+region+is+bounded+by+the+Sahel%2C%0Aand+in+the+south+and+west+by+the+Atlantic+Ocean. "HTTP/1.1 200 OK"
HTTP Request: GET https://translate.googleapis.com/translate_a/single?client=gtx&sl=auto&tl=ja&dt=t&q=Due+to+the+underwater+topology%0Athe+return+flow+is+concentrated+at+a+few+deeper+sections%2C "HTTP/1.1 200 OK"
HTTP Request: GET https://translate.googleapis.com/translate_a/single?client=gtx&sl=auto&tl=ja&dt=t&q=Scaffolding+is+not+a+method+of+learning%0Abut+rather+an+aid+that+provides+support+to+individuals%0Awhom+are+undergoing+a+new+learning+experience%0Asuch+as+using+a+new+computer+program+or+beginning+a+new+project. "HTTP/1.1 200 OK"
HTTP Request: GET https://translate.googleapis.com/translate_a/single?client=gtx&sl=auto&tl=ja&dt=t&q=Plants+look+their+best+when+in+a+natural+environment%2C "HTTP/1.1 200 OK"
HTTP Request: GET https://translate.googleapis.com/translate_a/single?client=gtx&sl=auto&tl=ja&dt=t&q=People+have+known+about+basic+chemical+elements+such+as+gold%2C "HTTP/1.1 200 OK"
HTTP Request: GET https://translate.googleapis.com/translate_a/single?client=gtx&sl=auto&tl=ja&dt=t&q=Several+large+television+screens%0Awere+installed+in+various+places+in+Rome+to+let+the+people+watch+the+ceremony. "HTTP/1.1 200 OK"
HTTP Request: GET https://translate.googleapis.com/translate_a/single?client=gtx&sl=auto&tl=ja&dt=t&q=USA+Gymnastics+and+the+USOC+have+the+same+goal+%E2%80%94%0Amaking+the+sport+of+gymnastics%2C%0Aand+others%2C%0Aas+safe+as+possible+for+athletes+to+follow+their+dreams+in+a+safe%2C+positive+and+empowered+environment. "HTTP/1.1 200 OK"
HTTP Request: GET https://translate.googleapis.com/translate_a/single?client=gtx&sl=auto&tl=ja&dt=t&q=His+work+is+of+such+recognized+quality%0Aand+detail+that+he+is+one+of+the+very+few+%22household+names%22 "HTTP/1.1 200 OK"
HTTP Request: GET https://translate.googleapis.com/translate_a/single?client=gtx&sl=auto&tl=ja&dt=t&q=People+have+known+about+basic+chemical+elements+such+as+gold%2C%0Asilver%2C "HTTP/1.1 200 OK"
HTTP Request: GET https://translate.googleapis.com/translate_a/single?client=gtx&sl=auto&tl=ja&dt=t&q=Due+to+the+underwater+topology%0Athe+return+flow+is+concentrated+at+a+few+deeper+sections%2C%0Aand+a+fast+current+to+deep+water+may+form+there. "HTTP/1.1 200 OK"
HTTP Request: GET https://translate.googleapis.com/translate_a/single?client=gtx&sl=auto&tl=ja&dt=t&q=Plants+look+their+best+when+in+a+natural+environment%2C%0Aso+resist+the+temptation+to+remove+even+%22just+one%22+specimen. "HTTP/1.1 200 OK"
HTTP Request: GET https://translate.googleapis.com/translate_a/single?client=gtx&sl=auto&tl=ja&dt=t&q=His+work+is+of+such+recognized+quality%0Aand+detail+that+he+is+one+of+the+very+few+%22household+names%22%0Aamong+philatelists. "HTTP/1.1 200 OK"
HTTP Request: GET https://translate.googleapis.com/translate_a/single?client=gtx&sl=auto&tl=ja&dt=t&q=People+have+known+about+basic+chemical+elements+such+as+gold%2C%0Asilver%2C%0Aand+copper+from+antiquity%2C "HTTP/1.1 200 OK"
HTTP Request: GET https://translate.googleapis.com/translate_a/single?client=gtx&sl=auto&tl=ja&dt=t&q=His+work+is+of+such+recognized+quality%0Aand+detail+that+he+is+one+of+the+very+few+%22household+names%22%0Aamong+philatelists.%0ASome+specialize+in+collecting+his+work+alone. "HTTP/1.1 200 OK"
HTTP Request: GET https://translate.googleapis.com/translate_a/single?client=gtx&sl=auto&tl=ja&dt=t&q=Greenland+was+settled+sparsely.%0AIn+the+Norse+sagas+they+say+that+Erik+the+Red+was+exiled+from+Iceland+for+murder%2C "HTTP/1.1 200 OK"
HTTP Request: GET https://translate.googleapis.com/translate_a/single?client=gtx&sl=auto&tl=ja&dt=t&q=Greenland+was+settled+sparsely.%0AIn+the+Norse+sagas+they+say+that+Erik+the+Red+was+exiled+from+Iceland+for+murder%2C%0Aand+when+travelling+further+west%2C "HTTP/1.1 200 OK"
HTTP Request: GET https://translate.googleapis.com/translate_a/single?client=gtx&sl=auto&tl=ja&dt=t&q=Greenland+was+settled+sparsely.%0AIn+the+Norse+sagas+they+say+that+Erik+the+Red+was+exiled+from+Iceland+for+murder%2C%0Aand+when+travelling+further+west%2C%0Afound+Greenland+and+named+it+Greenland. "HTTP/1.1 200 OK"
HTTP Request: GET https://translate.googleapis.com/translate_a/single?client=gtx&sl=auto&tl=ja&dt=t&q=Bishkek+was+described+as+sinking+into+a+state+of+%22anarchy%22 "HTTP/1.1 200 OK"
HTTP Request: GET https://translate.googleapis.com/translate_a/single?client=gtx&sl=auto&tl=ja&dt=t&q=People+have+known+about+basic+chemical+elements+such+as+gold%2C%0Asilver%2C%0Aand+copper+from+antiquity%2C%0Aas+these+can+all+be+discovered+in+nature+in+native+form+and+are+relatively+simple+to+mine+with+primitive+tools. "HTTP/1.1 200 OK"
HTTP Request: GET https://translate.googleapis.com/translate_a/single?client=gtx&sl=auto&tl=ja&dt=t&q=First+among+its+78+recommendations+is+that+a+new+diplomatic+initiative "HTTP/1.1 200 OK"
HTTP Request: GET https://translate.googleapis.com/translate_a/single?client=gtx&sl=auto&tl=ja&dt=t&q=Bishkek+was+described+as+sinking+into+a+state+of+%22anarchy%22%0Aby+one+observer%2C "HTTP/1.1 200 OK"
HTTP Request: GET https://translate.googleapis.com/translate_a/single?client=gtx&sl=auto&tl=ja&dt=t&q=First+among+its+78+recommendations+is+that+a+new+diplomatic+initiative%0Ashould+be+taken+before+the+end+of+this+year "HTTP/1.1 200 OK"
HTTP Request: GET https://translate.googleapis.com/translate_a/single?client=gtx&sl=auto&tl=ja&dt=t&q=Bishkek+was+described+as+sinking+into+a+state+of+%22anarchy%22%0Aby+one+observer%2C%0Aas+gangs+of+people+roamed+the+streets+and+plundered+stores+of+consumer+goods. "HTTP/1.1 200 OK"
HTTP Request: GET https://translate.googleapis.com/translate_a/single?client=gtx&sl=auto&tl=ja&dt=t&q=First+among+its+78+recommendations+is+that+a+new+diplomatic+initiative%0Ashould+be+taken+before+the+end+of+this+year%0Ato+secure+Iraq%E2%80%99s+borders "HTTP/1.1 200 OK"
HTTP Request: GET https://translate.googleapis.com/translate_a/single?client=gtx&sl=auto&tl=ja&dt=t&q=First+among+its+78+recommendations+is+that+a+new+diplomatic+initiative%0Ashould+be+taken+before+the+end+of+this+year%0Ato+secure+Iraq%E2%80%99s+borders%0Aagainst+hostile+interventions+and+to+re-establish+diplomatic+relations+with+its+neighbors. "HTTP/1.1 200 OK"
/home/mobility/STiTy/.venv-autoseg/lib/python3.10/site-packages/pytorch_lightning/utilities/_pytree.py:21: `isinstance(treespec, LeafSpec)` is deprecated, use `isinstance(treespec, TreeSpec) and treespec.is_leaf()` instead.
Japanese  T=8   laal 4.718  eff 0.7863  adq 0.8568  contra 0.0819  cons 0.7581  k 2.8
HTTP Request: GET https://translate.googleapis.com/translate_a/single?client=gtx&sl=auto&tl=ja&dt=t&q=Generally+speaking%2C+two+behaviors+can+emerge+as+managers+begin+to+lead+their+former+peers. "HTTP/1.1 200 OK"
HTTP Request: GET https://translate.googleapis.com/translate_a/single?client=gtx&sl=auto&tl=ja&dt=t&q=Generally+speaking%2C+two+behaviors+can+emerge+as+managers+begin+to+lead+their+former+peers.%0AOne+end+of+the+spectrum+is+trying+to+remain+%E2%80%9Cone+of+the+guys%E2%80%9D+%28or+gals%29. "HTTP/1.1 200 OK"
HTTP Request: GET https://translate.googleapis.com/translate_a/single?client=gtx&sl=auto&tl=ja&dt=t&q=As+a+result%2C+the+performers+smoke+cannabis+joints+on+stage%2C "HTTP/1.1 200 OK"
HTTP Request: GET https://translate.googleapis.com/translate_a/single?client=gtx&sl=auto&tl=ja&dt=t&q=Virtual+Scaffolds+are+internalized+in+the+software+and+are+meant+to+question%2C "HTTP/1.1 200 OK"
HTTP Request: GET https://translate.googleapis.com/translate_a/single?client=gtx&sl=auto&tl=ja&dt=t&q=The+word+civilization+comes+from+the+Latin+civilis%2C+meaning+civil%2C+related+to+the+Latin+civis%2C+meaning+citizen%2C "HTTP/1.1 200 OK"
HTTP Request: GET https://translate.googleapis.com/translate_a/single?client=gtx&sl=auto&tl=ja&dt=t&q=As+a+result%2C+the+performers+smoke+cannabis+joints+on+stage%2C%0Aand+the+theatre+itself+is+encouraging+the+audience+to+join+in. "HTTP/1.1 200 OK"
HTTP Request: GET https://translate.googleapis.com/translate_a/single?client=gtx&sl=auto&tl=ja&dt=t&q=The+word+civilization+comes+from+the+Latin+civilis%2C+meaning+civil%2C+related+to+the+Latin+civis%2C+meaning+citizen%2C%0Aand+civitas%2C+meaning+city+or+city-state%2C "HTTP/1.1 200 OK"
HTTP Request: GET https://translate.googleapis.com/translate_a/single?client=gtx&sl=auto&tl=ja&dt=t&q=The+word+civilization+comes+from+the+Latin+civilis%2C+meaning+civil%2C+related+to+the+Latin+civis%2C+meaning+citizen%2C%0Aand+civitas%2C+meaning+city+or+city-state%2C%0Aand+that+also+somehow+defines+the+size+of+the+society. "HTTP/1.1 200 OK"
HTTP Request: GET https://translate.googleapis.com/translate_a/single?client=gtx&sl=auto&tl=ja&dt=t&q=Alloys+are+basically+a+mixture+of+two+or+more+metals.+Don%27t+forget+that+there+are+many+elements "HTTP/1.1 200 OK"
HTTP Request: GET https://translate.googleapis.com/translate_a/single?client=gtx&sl=auto&tl=ja&dt=t&q=Alloys+are+basically+a+mixture+of+two+or+more+metals.+Don%27t+forget+that+there+are+many+elements%0Aon+the+periodic+table. "HTTP/1.1 200 OK"
HTTP Request: GET https://translate.googleapis.com/translate_a/single?client=gtx&sl=auto&tl=ja&dt=t&q=We+agree+with+the+USOC%27s+statement+that+the+interests+of+our+athletes+and+clubs%2C%0Aand+their+sport%2C+may+be+better+served+by+moving+forward+with+meaningful+change+within+our+organization%2C "HTTP/1.1 200 OK"
HTTP Request: GET https://translate.googleapis.com/translate_a/single?client=gtx&sl=auto&tl=ja&dt=t&q=Sleep+interruption+is+the+process+of+purposefully+awakening+during+your+normal+sleep+period%0Aand+falling+asleep+a+short+time+later+%2810%E2%80%9360+minutes%29. "HTTP/1.1 200 OK"
HTTP Request: GET https://translate.googleapis.com/translate_a/single?client=gtx&sl=auto&tl=ja&dt=t&q=The+central+authority+of+the+church+had+been+in+Rome+for+over+a+thousand+years "HTTP/1.1 200 OK"
HTTP Request: GET https://translate.googleapis.com/translate_a/single?client=gtx&sl=auto&tl=ja&dt=t&q=Buses+depart+the+inter-district+bus+station+%28across+the+river%29 "HTTP/1.1 200 OK"
HTTP Request: GET https://translate.googleapis.com/translate_a/single?client=gtx&sl=auto&tl=ja&dt=t&q=Virtual+Scaffolds+are+internalized+in+the+software+and+are+meant+to+question%2C%0Aprompt%2C+and+explain+procedures+that+may+have+been+to+challenging+for+the+student+to+handle+alone. "HTTP/1.1 200 OK"
HTTP Request: GET https://translate.googleapis.com/translate_a/single?client=gtx&sl=auto&tl=ja&dt=t&q=We+make+our+houses+from+plants+and+make+clothes+from+plants.+Most+foods+that+we+eat+are+plants.+Without+plants%2C "HTTP/1.1 200 OK"
HTTP Request: GET https://translate.googleapis.com/translate_a/single?client=gtx&sl=auto&tl=ja&dt=t&q=We+agree+with+the+USOC%27s+statement+that+the+interests+of+our+athletes+and+clubs%2C%0Aand+their+sport%2C+may+be+better+served+by+moving+forward+with+meaningful+change+within+our+organization%2C%0Arather+than+decertification. "HTTP/1.1 200 OK"
HTTP Request: GET https://translate.googleapis.com/translate_a/single?client=gtx&sl=auto&tl=ja&dt=t&q=The+central+authority+of+the+church+had+been+in+Rome+for+over+a+thousand+years%0Aand+this+concentration+of+power+and+money "HTTP/1.1 200 OK"
HTTP Request: GET https://translate.googleapis.com/translate_a/single?client=gtx&sl=auto&tl=ja&dt=t&q=Buses+depart+the+inter-district+bus+station+%28across+the+river%29%0Athroughout+the+day%2C+though+most%2C+especially+those+heading+to+the+east+and+Jakar%2FBumthang+leave+between+06%3A30+and+07%3A30. "HTTP/1.1 200 OK"
HTTP Request: GET https://translate.googleapis.com/translate_a/single?client=gtx&sl=auto&tl=ja&dt=t&q=Ancient+China+had+a+unique+way+of+showing+different+time+periods%3B "HTTP/1.1 200 OK"
HTTP Request: GET https://translate.googleapis.com/translate_a/single?client=gtx&sl=auto&tl=ja&dt=t&q=We+make+our+houses+from+plants+and+make+clothes+from+plants.+Most+foods+that+we+eat+are+plants.+Without+plants%2C%0Aanimals+could+not+survive. "HTTP/1.1 200 OK"
HTTP Request: GET https://translate.googleapis.com/translate_a/single?client=gtx&sl=auto&tl=ja&dt=t&q=Ancient+China+had+a+unique+way+of+showing+different+time+periods%3B%0Aeach+stage+of+China+or+each+family+that+was+in+power+was+a+distinctive+dynasty. "HTTP/1.1 200 OK"
HTTP Request: GET https://translate.googleapis.com/translate_a/single?client=gtx&sl=auto&tl=ja&dt=t&q=The+central+authority+of+the+church+had+been+in+Rome+for+over+a+thousand+years%0Aand+this+concentration+of+power+and+money%0Aled+many+to+question+whether+this+tenet+was+being+met. "HTTP/1.1 200 OK"
HTTP Request: GET https://translate.googleapis.com/translate_a/single?client=gtx&sl=auto&tl=ja&dt=t&q=Also+to+the+north+visit+the+great+Sanctuary+of+Our+Lady+of+Fatima+%28Shrine%29%2C "HTTP/1.1 200 OK"
HTTP Request: GET https://translate.googleapis.com/translate_a/single?client=gtx&sl=auto&tl=ja&dt=t&q=Also+to+the+north+visit+the+great+Sanctuary+of+Our+Lady+of+Fatima+%28Shrine%29%2C%0Aa+place+of+worldwide+famous+Marian+apparitions. "HTTP/1.1 200 OK"
HTTP Request: GET https://translate.googleapis.com/translate_a/single?client=gtx&sl=auto&tl=ja&dt=t&q=While+Goma+is+reasonably+safe%2C%0Aany+visits+outside+of+Goma+should+be+researched+to+understand+the+state+of+the+fighting+that+persists+in+the+North+Kivu+province. "HTTP/1.1 200 OK"
HTTP Request: GET https://translate.googleapis.com/translate_a/single?client=gtx&sl=auto&tl=ja&dt=t&q=As+a+result%2C%0Athe+process+of+an+organization+working+together+to+overcome+an+obstacle+can+lead+to+a+new+innovative+process+to+serve+the+customer%27s+need. "HTTP/1.1 200 OK"
HTTP Request: GET https://translate.googleapis.com/translate_a/single?client=gtx&sl=auto&tl=ja&dt=t&q=Researchers+from+Princeton+University+in+the+United+States+and+Uppsala+University+in+Sweden+reported+the+new+species+evolved+in+just+two+generations%2C%0Athough+this+process+had+been+believed+to+take+much+longer%2C%0Adue+to+breeding+between+an+endemic+Darwin+finch%2C%0AGeospiza+fortes%2C+and+the+immigrant+cactus+finch%2C+Geospiza+conirostris. "HTTP/1.1 200 OK"
HTTP Request: GET https://translate.googleapis.com/translate_a/single?client=gtx&sl=auto&tl=ja&dt=t&q=The+harbor+was+the+site+of+an+infamous+naval+standoff+in+1889%0Awhen+seven+ships+from+Germany%2C+the+US%2C+and+Britain+refused+to+leave+the+harbor. "HTTP/1.1 200 OK"
HTTP Request: GET https://translate.googleapis.com/translate_a/single?client=gtx&sl=auto&tl=ja&dt=t&q=The+Giza+Plateau%2C+or+%22Giza+Necropolis%22+in+the+Egyptian+Valley+of+the+Dead "HTTP/1.1 200 OK"
HTTP Request: GET https://translate.googleapis.com/translate_a/single?client=gtx&sl=auto&tl=ja&dt=t&q=Similarly%2C%0Aby+having+a+Schengen+visa%2C+you+do+not+need+to+apply+for+visas+to+each+of+the+Schengen+member+countries+separately%2C+hence+saving+time%2C+money+and+paperwork. "HTTP/1.1 200 OK"
HTTP Request: GET https://translate.googleapis.com/translate_a/single?client=gtx&sl=auto&tl=ja&dt=t&q=Ironing+damp+clothes+can+help+them+dry.%0AMany+hotels+have+an+iron+and+ironing+board+available+for+loan%2C+even+if+one+is+not+present+in+the+room. "HTTP/1.1 200 OK"
HTTP Request: GET https://translate.googleapis.com/translate_a/single?client=gtx&sl=auto&tl=ja&dt=t&q=The+Giza+Plateau%2C+or+%22Giza+Necropolis%22+in+the+Egyptian+Valley+of+the+Dead%0Acontains+several+pyramids+%28of+which+the+great+pyramid+is+the+largest%29%2C "HTTP/1.1 200 OK"
HTTP Request: GET https://translate.googleapis.com/translate_a/single?client=gtx&sl=auto&tl=ja&dt=t&q=The+Giza+Plateau%2C+or+%22Giza+Necropolis%22+in+the+Egyptian+Valley+of+the+Dead%0Acontains+several+pyramids+%28of+which+the+great+pyramid+is+the+largest%29%2C%0Aseveral+small+tombs%2C+several+temples%2C+and+the+great+Sphinx. "HTTP/1.1 200 OK"
HTTP Request: GET https://translate.googleapis.com/translate_a/single?client=gtx&sl=auto&tl=ja&dt=t&q=At+the+other+end+of+the+spectrum%2C%0Aone+morphs+into+an+unrecognizable+individual "HTTP/1.1 200 OK"
HTTP Request: GET https://translate.googleapis.com/translate_a/single?client=gtx&sl=auto&tl=ja&dt=t&q=At+the+other+end+of+the+spectrum%2C%0Aone+morphs+into+an+unrecognizable+individual%0Athat+feels+he+or+she+must+change+everything+the+team+has+been+doing+and+make+it+their+own. "HTTP/1.1 200 OK"
HTTP Request: GET https://translate.googleapis.com/translate_a/single?client=gtx&sl=auto&tl=ja&dt=t&q=In+1990%2C%0Ait+was+added+to+the+list+of+world+heritage+sites+in+danger%2C+due+to+the+threat+of+desert+sands. "HTTP/1.1 200 OK"
HTTP Request: GET https://translate.googleapis.com/translate_a/single?client=gtx&sl=auto&tl=ja&dt=t&q=You+can+use+boda-boda+%28motorcycle+taxi%29+to+get+around+Goma. "HTTP/1.1 200 OK"
HTTP Request: GET https://translate.googleapis.com/translate_a/single?client=gtx&sl=auto&tl=ja&dt=t&q=Oliver+Sacks%2C+in+his+paper+The+President%27s+Speech%2C "HTTP/1.1 200 OK"
HTTP Request: GET https://translate.googleapis.com/translate_a/single?client=gtx&sl=auto&tl=ja&dt=t&q=You+can+use+boda-boda+%28motorcycle+taxi%29+to+get+around+Goma.%0AThe+normal+%28local%29+price+is+~500+Congolese+Francs+for+the+short+ride. "HTTP/1.1 200 OK"
HTTP Request: GET https://translate.googleapis.com/translate_a/single?client=gtx&sl=auto&tl=ja&dt=t&q=We+don%27t+know+for+sure%2C+but+it+may+have+had+a+forked+tongue. "HTTP/1.1 200 OK"
HTTP Request: GET https://translate.googleapis.com/translate_a/single?client=gtx&sl=auto&tl=ja&dt=t&q=We+don%27t+know+for+sure%2C+but+it+may+have+had+a+forked+tongue.%0AIts+diet+included+turtles%2C+large+fish%2C+other+mosasaurs%2C+and+it+may+even+have+been+a+cannibal. "HTTP/1.1 200 OK"
HTTP Request: GET https://translate.googleapis.com/translate_a/single?client=gtx&sl=auto&tl=ja&dt=t&q=Hong+Kong+Island+gives+the+territory+of+Hong+Kong+its+name "HTTP/1.1 200 OK"
HTTP Request: GET https://translate.googleapis.com/translate_a/single?client=gtx&sl=auto&tl=ja&dt=t&q=All+nouns%2C+alongside+the+word+Sie+for+you%2C%0Aalways+begin+with+a+capital+letter%2C+even+in+the+middle+of+a+sentence. "HTTP/1.1 200 OK"
HTTP Request: GET https://translate.googleapis.com/translate_a/single?client=gtx&sl=auto&tl=ja&dt=t&q=The+official+Falklands+currency+is+the+Falkland+pound+%28FKP%29 "HTTP/1.1 200 OK"
HTTP Request: GET https://translate.googleapis.com/translate_a/single?client=gtx&sl=auto&tl=ja&dt=t&q=Other+subjects+on+the+agenda+in+Bali+include+saving+the+world%27s+remaining+forests%2C "HTTP/1.1 200 OK"
HTTP Request: GET https://translate.googleapis.com/translate_a/single?client=gtx&sl=auto&tl=ja&dt=t&q=The+city+is+also+the+base+to+climb+the+Nyiragongo+volcano "HTTP/1.1 200 OK"
HTTP Request: GET https://translate.googleapis.com/translate_a/single?client=gtx&sl=auto&tl=ja&dt=t&q=Hong+Kong+Island+gives+the+territory+of+Hong+Kong+its+name%0Aand+is+the+place+that+many+tourists+regard+as+the+main+focus. "HTTP/1.1 200 OK"
HTTP Request: GET https://translate.googleapis.com/translate_a/single?client=gtx&sl=auto&tl=ja&dt=t&q=In+fact%2C+it+is+not+easy+to+find+at+all+even+if+one+knew+it+existed. "HTTP/1.1 200 OK"
HTTP Request: GET https://translate.googleapis.com/translate_a/single?client=gtx&sl=auto&tl=ja&dt=t&q=Other+subjects+on+the+agenda+in+Bali+include+saving+the+world%27s+remaining+forests%2C%0Aand+sharing+technologies+to+help+developing+nations+grow+in+less-polluting+ways. "HTTP/1.1 200 OK"
HTTP Request: GET https://translate.googleapis.com/translate_a/single?client=gtx&sl=auto&tl=ja&dt=t&q=The+city+is+also+the+base+to+climb+the+Nyiragongo+volcano%0Aalong+with+some+of+the+cheapest+Mountain+Gorilla+tracking+in+Africa. "HTTP/1.1 200 OK"
HTTP Request: GET https://translate.googleapis.com/translate_a/single?client=gtx&sl=auto&tl=ja&dt=t&q=The+official+Falklands+currency+is+the+Falkland+pound+%28FKP%29%0Awhose+value+is+set+equivalent+to+that+of+one+British+pound+%28GBP%29. "HTTP/1.1 200 OK"
HTTP Request: GET https://translate.googleapis.com/translate_a/single?client=gtx&sl=auto&tl=ja&dt=t&q=In+fact%2C+it+is+not+easy+to+find+at+all+even+if+one+knew+it+existed.%0AOnce+inside+the+cave%2C+it+is+a+total+isolation. "HTTP/1.1 200 OK"
HTTP Request: GET https://translate.googleapis.com/translate_a/single?client=gtx&sl=auto&tl=ja&dt=t&q=Lion+prides+act+much+like+packs+of+wolves+or+dogs%2C+animals+surprisingly+similar+to+lions+%28but+not+other+big+cats%29 "HTTP/1.1 200 OK"
HTTP Request: GET https://translate.googleapis.com/translate_a/single?client=gtx&sl=auto&tl=ja&dt=t&q=They+have+feet+with+scales+and+claws%2C%0Athey+lay+eggs%2C+and+they+walk+on+their+two+back+legs+like+a+T-Rex. "HTTP/1.1 200 OK"
HTTP Request: GET https://translate.googleapis.com/translate_a/single?client=gtx&sl=auto&tl=ja&dt=t&q=Oliver+Sacks%2C+in+his+paper+The+President%27s+Speech%2C%0Aindicated+how+people+who+are+unable+to+understand+speech+because+of+brain+damage+are+nevertheless+able+to+assess+sincerity+accurately. "HTTP/1.1 200 OK"
HTTP Request: GET https://translate.googleapis.com/translate_a/single?client=gtx&sl=auto&tl=ja&dt=t&q=Cocham%C3%B3+Valley+-+Chile%27s+premier+climbing+destination%2C%0Aknown+as+the+Yosemite+of+South+America%2C+with+a+variety+of+granite+big+walls+and+crags. "HTTP/1.1 200 OK"
HTTP Request: GET https://translate.googleapis.com/translate_a/single?client=gtx&sl=auto&tl=ja&dt=t&q=Barcelona%27s+official+languages+are+Catalan+and+Spanish.%0AAbout+a+half+prefer+to+speak+Catalan%2C+a+vast+majority+understands+it%2C+and+virtually+everyone+knows+Spanish. "HTTP/1.1 200 OK"
HTTP Request: GET https://translate.googleapis.com/translate_a/single?client=gtx&sl=auto&tl=ja&dt=t&q=Resting+on+the+top+of+one+of+the+mountains+north+of+Mecca%2C "HTTP/1.1 200 OK"
HTTP Request: GET https://translate.googleapis.com/translate_a/single?client=gtx&sl=auto&tl=ja&dt=t&q=Four+skiers+in+the+women%27s+sitting+group+failed+to+finish+their+runs%2C "HTTP/1.1 200 OK"
HTTP Request: GET https://translate.googleapis.com/translate_a/single?client=gtx&sl=auto&tl=ja&dt=t&q=He+added+that+%22they+should+not%2C+however%2C+be+asked+to+take+on+obligations+that+go+beyond+their+development+stage%2C "HTTP/1.1 200 OK"
HTTP Request: GET https://translate.googleapis.com/translate_a/single?client=gtx&sl=auto&tl=ja&dt=t&q=The+job+of+navies+has+traditionally+been+to+ensure+that+your+country+maintains+the+ability+to+move+your+people+and+goods%2C "HTTP/1.1 200 OK"
HTTP Request: GET https://translate.googleapis.com/translate_a/single?client=gtx&sl=auto&tl=ja&dt=t&q=Finally%2C+there+are+many+small+cats+%28including+loose+pet+cats%29 "HTTP/1.1 200 OK"
HTTP Request: GET https://translate.googleapis.com/translate_a/single?client=gtx&sl=auto&tl=ja&dt=t&q=Finally%2C+there+are+many+small+cats+%28including+loose+pet+cats%29%0Athat+eat+the+far+more+numerous+small+prey+like+insects%2C+rodents%2C+lizards%2C+and+birds. "HTTP/1.1 200 OK"
HTTP Request: GET https://translate.googleapis.com/translate_a/single?client=gtx&sl=auto&tl=ja&dt=t&q=Resting+on+the+top+of+one+of+the+mountains+north+of+Mecca%2C%0Athe+cave+is+completely+isolated+from+the+rest+of+the+world. "HTTP/1.1 200 OK"
HTTP Request: GET https://translate.googleapis.com/translate_a/single?client=gtx&sl=auto&tl=ja&dt=t&q=The+job+of+navies+has+traditionally+been+to+ensure+that+your+country+maintains+the+ability+to+move+your+people+and+goods%2C%0Awhile+at+the+same+time%2C "HTTP/1.1 200 OK"
HTTP Request: GET https://translate.googleapis.com/translate_a/single?client=gtx&sl=auto&tl=ja&dt=t&q=He+added+that+%22they+should+not%2C+however%2C+be+asked+to+take+on+obligations+that+go+beyond+their+development+stage%2C%0Aresponsibility+and+capabilities.%22 "HTTP/1.1 200 OK"
HTTP Request: GET https://translate.googleapis.com/translate_a/single?client=gtx&sl=auto&tl=ja&dt=t&q=The+job+of+navies+has+traditionally+been+to+ensure+that+your+country+maintains+the+ability+to+move+your+people+and+goods%2C%0Awhile+at+the+same+time%2C%0Ainterfering+with+your+enemy%27s+ability+to+move+his+people+and+goods. "HTTP/1.1 200 OK"
HTTP Request: GET https://translate.googleapis.com/translate_a/single?client=gtx&sl=auto&tl=ja&dt=t&q=Vatican+City%27s+population+is+around+800. "HTTP/1.1 200 OK"
HTTP Request: GET https://translate.googleapis.com/translate_a/single?client=gtx&sl=auto&tl=ja&dt=t&q=Vatican+City%27s+population+is+around+800.%0AIt+is+the+smallest+independent+country+in+the+world+and+the+country+with+the+lowest+population. "HTTP/1.1 200 OK"
HTTP Request: GET https://translate.googleapis.com/translate_a/single?client=gtx&sl=auto&tl=ja&dt=t&q=Apia+is+the+capital+of+Samoa.%0AThe+town+is+on+the+island+of+Upolu+and+has+a+population+of+just+under+40%2C000. "HTTP/1.1 200 OK"
HTTP Request: GET https://translate.googleapis.com/translate_a/single?client=gtx&sl=auto&tl=ja&dt=t&q=The+aspect+ratio+of+this+format+%28dividing+by+twelve+to+obtain+the+simplest+whole-number+ratio%29%0Ais+therefore+said+to+be+3%3A2. "HTTP/1.1 200 OK"
HTTP Request: GET https://translate.googleapis.com/translate_a/single?client=gtx&sl=auto&tl=ja&dt=t&q=Lion+prides+act+much+like+packs+of+wolves+or+dogs%2C+animals+surprisingly+similar+to+lions+%28but+not+other+big+cats%29%0Ain+behavior%2C+and+also+very+deadly+to+their+prey. "HTTP/1.1 200 OK"
HTTP Request: GET https://translate.googleapis.com/translate_a/single?client=gtx&sl=auto&tl=ja&dt=t&q=If+you+have+watched+the+movie+National+Treasure%2C%0Ayou+may+think+a+treasure+map+was+written+on+the+back+of+the+Declaration+of+Independence. "HTTP/1.1 200 OK"
HTTP Request: GET https://translate.googleapis.com/translate_a/single?client=gtx&sl=auto&tl=ja&dt=t&q=Four+skiers+in+the+women%27s+sitting+group+failed+to+finish+their+runs%2C%0Aand+45+of+the+117+total+skiers+in+the+Giant+Slalom+failed+to+rank+in+the+race. "HTTP/1.1 200 OK"
HTTP Request: GET https://translate.googleapis.com/translate_a/single?client=gtx&sl=auto&tl=ja&dt=t&q=Professor+Pamela+Ferguson+of+the+University+of+Dundee%0Anotes+%22journalists+do+seem+to+be+walking+a+dangerous+line+if+publishing+photos+etc+of+suspects.%22 "HTTP/1.1 200 OK"
HTTP Request: GET https://translate.googleapis.com/translate_a/single?client=gtx&sl=auto&tl=ja&dt=t&q=It+is+one+of+the+main+attractions+of+South+Africa%0Aand+it+is+considered+the+flagship+of+South+African+National+Parks+%28SANParks%29. "HTTP/1.1 200 OK"
HTTP Request: GET https://translate.googleapis.com/translate_a/single?client=gtx&sl=auto&tl=ja&dt=t&q=Scaffolding+is+not+a+method+of+learning+but+rather+an+aid+that+provides+support+to+individuals "HTTP/1.1 200 OK"
HTTP Request: GET https://translate.googleapis.com/translate_a/single?client=gtx&sl=auto&tl=ja&dt=t&q=His+work+is+of+such+recognized+quality+and+detail+that+he+is+one+of+the+very+few+%22household+names%22+among+philatelists. "HTTP/1.1 200 OK"
HTTP Request: GET https://translate.googleapis.com/translate_a/single?client=gtx&sl=auto&tl=ja&dt=t&q=Scaffolding+is+not+a+method+of+learning+but+rather+an+aid+that+provides+support+to+individuals%0Awhom+are+undergoing+a+new+learning+experience "HTTP/1.1 200 OK"
HTTP Request: GET https://translate.googleapis.com/translate_a/single?client=gtx&sl=auto&tl=ja&dt=t&q=His+work+is+of+such+recognized+quality+and+detail+that+he+is+one+of+the+very+few+%22household+names%22+among+philatelists.%0ASome+specialize+in+collecting+his+work+alone. "HTTP/1.1 200 OK"
HTTP Request: GET https://translate.googleapis.com/translate_a/single?client=gtx&sl=auto&tl=ja&dt=t&q=Scaffolding+is+not+a+method+of+learning+but+rather+an+aid+that+provides+support+to+individuals%0Awhom+are+undergoing+a+new+learning+experience%0Asuch+as+using+a+new+computer+program+or+beginning+a+new+project. "HTTP/1.1 200 OK"
HTTP Request: GET https://translate.googleapis.com/translate_a/single?client=gtx&sl=auto&tl=ja&dt=t&q=It+is+related+to+but+usually+not+involving+alpine+style+ski+touring+or+mountaineering%2C "HTTP/1.1 200 OK"
HTTP Request: GET https://translate.googleapis.com/translate_a/single?client=gtx&sl=auto&tl=ja&dt=t&q=Regular+announcements+in+the+Metro+are+made+only+in+Catalan%2C "HTTP/1.1 200 OK"
HTTP Request: GET https://translate.googleapis.com/translate_a/single?client=gtx&sl=auto&tl=ja&dt=t&q=Regular+announcements+in+the+Metro+are+made+only+in+Catalan%2C%0Abut+unplanned+disruptions+are+announced+by+an+automated+system "HTTP/1.1 200 OK"
HTTP Request: GET https://translate.googleapis.com/translate_a/single?client=gtx&sl=auto&tl=ja&dt=t&q=Regular+announcements+in+the+Metro+are+made+only+in+Catalan%2C%0Abut+unplanned+disruptions+are+announced+by+an+automated+system%0Ain+a+wide+variety+of+languages+including+Spanish%2C+English%2C+French%2C+Arabic+and+Japanese. "HTTP/1.1 200 OK"
HTTP Request: GET https://translate.googleapis.com/translate_a/single?client=gtx&sl=auto&tl=ja&dt=t&q=USA+Gymnastics+and+the+USOC+have+the+same+goal+%E2%80%94%0Amaking+the+sport+of+gymnastics%2C%0Aand+others%2C+as+safe+as+possible+for+athletes+to+follow+their+dreams+in+a+safe%2C+positive+and+empowered+environment. "HTTP/1.1 200 OK"
HTTP Request: GET https://translate.googleapis.com/translate_a/single?client=gtx&sl=auto&tl=ja&dt=t&q=Bishkek+was+described+as+sinking+into+a+state+of+%22anarchy%22+by+one+observer%2C "HTTP/1.1 200 OK"
HTTP Request: GET https://translate.googleapis.com/translate_a/single?client=gtx&sl=auto&tl=ja&dt=t&q=Greenland+was+settled+sparsely.%0AIn+the+Norse+sagas+they+say+that+Erik+the+Red+was+exiled+from+Iceland+for+murder%2C%0Aand+when+travelling+further+west%2C+found+Greenland+and+named+it+Greenland. "HTTP/1.1 200 OK"
HTTP Request: GET https://translate.googleapis.com/translate_a/single?client=gtx&sl=auto&tl=ja&dt=t&q=Due+to+the+underwater+topology+the+return+flow+is+concentrated+at+a+few+deeper+sections%2C "HTTP/1.1 200 OK"
HTTP Request: GET https://translate.googleapis.com/translate_a/single?client=gtx&sl=auto&tl=ja&dt=t&q=People+have+known+about+basic+chemical+elements+such+as+gold%2C%0Asilver%2C+and+copper+from+antiquity%2C "HTTP/1.1 200 OK"
HTTP Request: GET https://translate.googleapis.com/translate_a/single?client=gtx&sl=auto&tl=ja&dt=t&q=Bishkek+was+described+as+sinking+into+a+state+of+%22anarchy%22+by+one+observer%2C%0Aas+gangs+of+people+roamed+the+streets+and+plundered+stores+of+consumer+goods. "HTTP/1.1 200 OK"
HTTP Request: GET https://translate.googleapis.com/translate_a/single?client=gtx&sl=auto&tl=ja&dt=t&q=Due+to+the+underwater+topology+the+return+flow+is+concentrated+at+a+few+deeper+sections%2C%0Aand+a+fast+current+to+deep+water+may+form+there. "HTTP/1.1 200 OK"
HTTP Request: GET https://translate.googleapis.com/translate_a/single?client=gtx&sl=auto&tl=ja&dt=t&q=People+have+known+about+basic+chemical+elements+such+as+gold%2C%0Asilver%2C+and+copper+from+antiquity%2C%0Aas+these+can+all+be+discovered+in+nature+in+native+form+and+are+relatively+simple+to+mine+with+primitive+tools. "HTTP/1.1 200 OK"
HTTP Request: GET https://translate.googleapis.com/translate_a/single?client=gtx&sl=auto&tl=ja&dt=t&q=First+among+its+78+recommendations+is+that+a+new+diplomatic+initiative%0Ashould+be+taken+before+the+end+of+this+year%0Ato+secure+Iraq%E2%80%99s+borders+against+hostile+interventions+and+to+re-establish+diplomatic+relations+with+its+neighbors. "HTTP/1.1 200 OK"
HTTP Request: GET https://translate.googleapis.com/translate_a/single?client=gtx&sl=auto&tl=ja&dt=t&q=It+is+related+to+but+usually+not+involving+alpine+style+ski+touring+or+mountaineering%2C%0Athe+latter+ones+done+in+steep+terrain+and+requiring+much+stiffer+skis+and+boots. "HTTP/1.1 200 OK"
/home/mobility/STiTy/.venv-autoseg/lib/python3.10/site-packages/pytorch_lightning/utilities/_pytree.py:21: `isinstance(treespec, LeafSpec)` is deprecated, use `isinstance(treespec, TreeSpec) and treespec.is_leaf()` instead.
Japanese  T=12  laal 5.579  eff 0.8048  adq 0.8648  contra 0.0691  cons 0.7289  k 2.14
