[?2026h[?25l[1Gpulling manifest ⠋ [K[?25h[?2026l[?2026h[?25l[1Gpulling manifest ⠙ [K[?25h[?2026l[?2026h[?25l[1Gpulling manifest ⠹ [K[?25h[?2026l[?2026h[?25l[1Gpulling manifest ⠸ [K[?25h[?2026l[?2026h[?25l[1Gpulling manifest ⠼ [K[?25h[?2026l[?2026h[?25l[1Gpulling manifest ⠴ [K[?25h[?2026l[?2026h[?25l[1Gpulling manifest ⠦ [K[?25h[?2026l[?2026h[?25l[1Gpulling manifest ⠧ [K[?25h[?2026l[?2026h[?25l[1Gpulling manifest ⠇ [K[?25h[?2026l[?2026h[?25l[1Gpulling manifest ⠏ [K[?25h[?2026l[?2026h[?25l[1Gpulling manifest ⠋ [K[?25h[?2026l[?2026h[?25l[1Gpulling manifest ⠙ [K[?25h[?2026l[?2026h[?25l[1Gpulling manifest ⠹ [K[?25h[?2026l[?2026h[?25l[1Gpulling manifest ⠸ [K[?25h[?2026l[?2026h[?25l[1Gpulling manifest ⠼ [K[?25h[?2026l[?2026h[?25l[1Gpulling manifest ⠴ [K[?25h[?2026l[?2026h[?25l[1Gpulling manifest ⠦ [K[?25h[?2026l[?2026h[?25l[1Gpulling manifest ⠧ [K[?25h[?2026l[?2026h[?25l[1Gpulling manifest ⠇ [K[?25h[?2026l[?2026h[?25l[1Gpulling manifest ⠏ [K[?25h[?2026l[?2026h[?25l[1Gpulling manifest [K
pulling 4824460d29f2:   0% ▕                  ▏ 9.7 MB/ 42 GB                  [K[?25h[?2026l[?2026h[?25l[A[1Gpulling manifest [K
pulling 4824460d29f2:   0% ▕                  ▏  17 MB/ 42 GB                  [K[?25h[?2026l[?2026h[?25l[A[1Gpulling manifest [K
pulling 4824460d29f2:   0% ▕                  ▏  30 MB/ 42 GB                  [K[?25h[?2026l[?2026h[?25l[A[1Gpulling manifest [K
pulling 4824460d29f2:   0% ▕                  ▏  42 MB/ 42 GB                  [K[?25h[?2026l[?2026h[?25l[A[1Gpulling manifest [K
pulling 4824460d29f2:   0% ▕                  ▏  50 MB/ 42 GB                  [K[?25h[?2026l[?2026h[?25l[A[1Gpulling manifest [K
pulling 4824460d29f2:   0% ▕                  ▏  63 MB/ 42 GB                  [K[?25h[?2026l[?2026h[?25l[A[1Gpulling manifest [K
pulling 4824460d29f2:   0% ▕                  ▏  77 MB/ 42 GB                  [K[?25h[?2026l[?2026h[?25l[A[1Gpulling manifest [K
pulling 4824460d29f2:   0% ▕                  ▏  84 MB/ 42 GB                  [K[?25h[?2026l[?2026h[?25l[A[1Gpulling manifest [K
pulling 4824460d29f2:   0% ▕                  ▏  98 MB/ 42 GB                  [K[?25h[?2026l[?2026h[?25l[A[1Gpulling manifest [K
pulling 4824460d29f2:   0% ▕                  ▏ 112 MB/ 42 GB                  [K[?25h[?2026l[?2026h[?25l[A[1Gpulling manifest [K
pulling 4824460d29f2:   0% ▕                  ▏ 119 MB/ 42 GB  115 MB/s    6m7s[K[?25h[?2026l[?2026h[?25l[A[1Gpulling manifest [K
pulling 4824460d29f2:   0% ▕                  ▏ 133 MB/ 42 GB  115 MB/s    6m7s[K[?25h[?2026l[?2026h[?25l[A[1Gpulling manifest [K
pulling 4824460d29f2:   0% ▕                  ▏ 147 MB/ 42 GB  115 MB/s    6m7s[K[?25h[?2026l[?2026h[?25l[A[1Gpulling manifest [K
pulling 4824460d29f2:   0% ▕                  ▏ 154 MB/ 42 GB  115 MB/s    6m7s[K[?25h[?2026l[?2026h[?25l[A[1Gpulling manifest [K
pulling 4824460d29f2:   0% ▕                  ▏ 167 MB/ 42 GB  115 MB/s    6m7s[K[?25h[?2026l[?2026h[?25l[A[1Gpulling manifest [K
pulling 4824460d29f2:   0% ▕                  ▏ 181 MB/ 42 GB  115 MB/s    6m7s[K[?25h[?2026l[?2026h[?25l[A[1Gpulling manifest [K
pulling 4824460d29f2:   0% ▕                  ▏ 189 MB/ 42 GB  115 MB/s    6m7s[K[?25h[?2026l[?2026h[?25l[A[1Gpulling manifest [K
pulling 4824460d29f2:   0% ▕                  ▏ 203 MB/ 42 GB  115 MB/s    6m7s[K[?25h[?2026l[?2026h[?25l[A[1Gpulling manifest [K
pulling 4824460d29f2:   1% ▕                  ▏ 217 MB/ 42 GB  115 MB/s    6m7s[K[?25h[?2026l[?2026h[?25l[A[1Gpulling manifest [K
pulling 4824460d29f2:   1% ▕                  ▏ 224 MB/ 42 GB  115 MB/s    6m6s[K[?25h[?2026l[?2026h[?25l[A[1Gpulling manifest [K
pulling 4824460d29f2:   1% ▕                  ▏ 238 MB/ 42 GB  117 MB/s    6m0s[K[?25h[?2026l[?2026h[?25l[A[1Gpulling manifest [K
pulling 4824460d29f2:   1% ▕                  ▏ 251 MB/ 42 GB  117 MB/s    6m0s[K[?25h[?2026l[?2026h[?25l[A[1Gpulling manifest [K
pulling 4824460d29f2:   1% ▕                  ▏ 259 MB/ 42 GB  117 MB/s    6m0s[K[?25h[?2026l[?2026h[?25l[A[1Gpulling manifest [K
pulling 4824460d29f2:   1% ▕                  ▏ 273 MB/ 42 GB  117 MB/s    6m0s[K[?25h[?2026l[?2026h[?25l[A[1Gpulling manifest [K
pulling 4824460d29f2:   1% ▕                  ▏ 287 MB/ 42 GB  117 MB/s    6m0s[K[?25h[?2026l[?2026h[?25l[A[1Gpulling manifest [K
pulling 4824460d29f2:   1% ▕                  ▏ 293 MB/ 42 GB  117 MB/s    6m0s[K[?25h[?2026l[?2026h[?25l[A[1Gpulling manifest [K
pulling 4824460d29f2:   1% ▕                  ▏ 307 MB/ 42 GB  117 MB/s   5m59s[K[?25h[?2026l[?2026h[?25l[A[1Gpulling manifest [K
pulling 4824460d29f2:   1% ▕                  ▏ 321 MB/ 42 GB  117 MB/s   5m59s[K[?25h[?2026l[?2026h[?25l[A[1Gpulling manifest [K
pulling 4824460d29f2:   1% ▕                  ▏ 327 MB/ 42 GB  117 MB/s   5m59s[K[?25h[?2026l[?2026h[?25l[A[1Gpulling manifest [K
pulling 4824460d29f2:   1% ▕                  ▏ 342 MB/ 42 GB  117 MB/s   5m59s[K[?25h[?2026l[?2026h[?25l[A[1Gpulling manifest [K
pulling 4824460d29f2:   1% ▕                  ▏ 356 MB/ 42 GB  117 MB/s   5m58s[K[?25h[?2026l[?2026h[?25l[A[1Gpulling manifest [K
pulling 4824460d29f2:   1% ▕                  ▏ 363 MB/ 42 GB  117 MB/s   5m58s[K[?25h[?2026l[?2026h[?25l[A[1Gpulling manifest [K
pulling 4824460d29f2:   1% ▕                  ▏ 377 MB/ 42 GB  117 MB/s   5m58s[K[?25h[?2026l[?2026h[?25l[A[1Gpulling manifest [K
pulling 4824460d29f2:   1% ▕                  ▏ 391 MB/ 42 GB  117 MB/s   5m58s[K[?25h[?2026l[?2026h[?25l[A[1Gpulling manifest [K
pulling 4824460d29f2:   1% ▕                  ▏ 398 MB/ 42 GB  117 MB/s   5m58s[K[?25h[?2026l[?2026h[?25l[A[1Gpulling manifest [K
pulling 4824460d29f2:   1% ▕                  ▏ 412 MB/ 42 GB  117 MB/s   5m58s[K[?25h[?2026l[?2026h[?25l[A[1Gpulling manifest [K
pulling 4824460d29f2:   1% ▕                  ▏ 428 MB/ 42 GB  117 MB/s   5m58s[K[?25h[?2026l[?2026h[?25l[A[1Gpulling manifest [K
pulling 4824460d29f2:   1% ▕                  ▏ 433 MB/ 42 GB  117 MB/s   5m58s[K[?25h[?2026l[?2026h[?25l[A[1Gpulling manifest [K
pulling 4824460d29f2:   1% ▕                  ▏ 448 MB/ 42 GB  117 MB/s   5m58s[K[?25h[?2026l[?2026h[?25l[A[1Gpulling manifest [K
pulling 4824460d29f2:   1% ▕                  ▏ 462 MB/ 42 GB  117 MB/s   5m57s[K[?25h[?2026l[?2026h[?25l[A[1Gpulling manifest [K
pulling 4824460d29f2:   1% ▕                  ▏ 469 MB/ 42 GB  117 MB/s   5m57s[K[?25h[?2026l[?2026h[?25l[A[1Gpulling manifest [K
pulling 4824460d29f2:   1% ▕                  ▏ 483 MB/ 42 GB  118 MB/s   5m56s[K[?25h[?2026l[?2026h[?25l[A[1Gpulling manifest [K
pulling 4824460d29f2:   1% ▕                  ▏ 497 MB/ 42 GB  118 MB/s   5m55s[K[?25h[?2026l[?2026h[?25l[A[1Gpulling manifest [K
pulling 4824460d29f2:   1% ▕                  ▏ 504 MB/ 42 GB  118 MB/s   5m55s[K[?25h[?2026l[?2026h[?25l[A[1Gpulling manifest [K
pulling 4824460d29f2:   1% ▕                  ▏ 517 MB/ 42 GB  118 MB/s   5m55s[K[?25h[?2026l[?2026h[?25l[A[1Gpulling manifest [K
pulling 4824460d29f2:   1% ▕                  ▏ 532 MB/ 42 GB  118 MB/s   5m55s[K[?25h[?2026l[?2026h[?25l[A[1Gpulling manifest [K
pulling 4824460d29f2:   1% ▕                  ▏ 539 MB/ 42 GB  118 MB/s   5m55s[K[?25h[?2026l[?2026h[?25l[A[1Gpulling manifest [K
pulling 4824460d29f2:   1% ▕                  ▏ 553 MB/ 42 GB  118 MB/s   5m55s[K[?25h[?2026l[?2026h[?25l[A[1Gpulling manifest [K
pulling 4824460d29f2:   1% ▕                  ▏ 568 MB/ 42 GB  118 MB/s   5m55s[K[?25h[?2026l[?2026h[?25l[A[1Gpulling manifest [K
pulling 4824460d29f2:   1% ▕                  ▏ 574 MB/ 42 GB  118 MB/s   5m55s[K[?25h[?2026l[?2026h[?25l[A[1Gpulling manifest [K
pulling 4824460d29f2:   1% ▕                  ▏ 588 MB/ 42 GB  118 MB/s   5m55s[K[?25h[?2026l[?2026h[?25l[A[1Gpulling manifest [K
pulling 4824460d29f2:   1% ▕                  ▏ 603 MB/ 42 GB  118 MB/s   5m54s[K[?25h[?2026l[?2026h[?25l[A[1Gpulling manifest [K
pulling 4824460d29f2:   1% ▕                  ▏ 610 MB/ 42 GB  118 MB/s   5m54s[K[?25h[?2026l[?2026h[?25l[A[1Gpulling manifest [K
pulling 4824460d29f2:   1% ▕                  ▏ 622 MB/ 42 GB  118 MB/s   5m54s[K[?25h[?2026l[?2026h[?25l[A[1Gpulling manifest [K
pulling 4824460d29f2:   2% ▕                  ▏ 638 MB/ 42 GB  118 MB/s   5m54s[K[?25h[?2026l[?2026h[?25l[A[1Gpulling manifest [K
pulling 4824460d29f2:   2% ▕                  ▏ 644 MB/ 42 GB  118 MB/s   5m54s[K[?25h[?2026l[?2026h[?25l[A[1Gpulling manifest [K
pulling 4824460d29f2:   2% ▕                  ▏ 658 MB/ 42 GB  118 MB/s   5m53s[K[?25h[?2026l[?2026h[?25l[A[1Gpulling manifest [K
pulling 4824460d29f2:   2% ▕                  ▏ 672 MB/ 42 GB  118 MB/s   5m53s[K[?25h[?2026l[?2026h[?25l[A[1Gpulling manifest [K
pulling 4824460d29f2:   2% ▕                  ▏ 679 MB/ 42 GB  118 MB/s   5m53s[K[?25h[?2026l[?2026h[?25l[A[1Gpulling manifest [K
pulling 4824460d29f2:   2% ▕                  ▏ 694 MB/ 42 GB  118 MB/s   5m53s[K[?25h[?2026l[?2026h[?25l[A[1Gpulling manifest [K
pulling 4824460d29f2:   2% ▕                  ▏ 707 MB/ 42 GB  118 MB/s   5m53s[K[?25h[?2026l[?2026h[?25l[A[1Gpulling manifest [K
pulling 4824460d29f2:   2% ▕                  ▏ 715 MB/ 42 GB  118 MB/s   5m52s[K[?25h[?2026l[?2026h[?25l[A[1Gpulling manifest [K
pulling 4824460d29f2:   2% ▕                  ▏ 729 MB/ 42 GB  118 MB/s   5m52s[K[?25h[?2026l[?2026h[?25l[A[1Gpulling manifest [K
pulling 4824460d29f2:   2% ▕                  ▏ 743 MB/ 42 GB  118 MB/s   5m52s[K[?25h[?2026l[?2026h[?25l[A[1Gpulling manifest [K
pulling 4824460d29f2:   2% ▕                  ▏ 750 MB/ 42 GB  118 MB/s   5m52s[K[?25h[?2026l[?2026h[?25l[A[1Gpulling manifest [K
pulling 4824460d29f2:   2% ▕                  ▏ 764 MB/ 42 GB  118 MB/s   5m52s[K[?25h[?2026l[?2026h[?25l[A[1Gpulling manifest [K
pulling 4824460d29f2:   2% ▕                  ▏ 777 MB/ 42 GB  118 MB/s   5m52s[K[?25h[?2026l[?2026h[?25l[A[1Gpulling manifest [K
pulling 4824460d29f2:   2% ▕                  ▏ 784 MB/ 42 GB  118 MB/s   5m52s[K[?25h[?2026l[?2026h[?25l[A[1Gpulling manifest [K
pulling 4824460d29f2:   2% ▕                  ▏ 799 MB/ 42 GB  118 MB/s   5m51s[K[?25h[?2026l[?2026h[?25l[A[1Gpulling manifest [K
pulling 4824460d29f2:   2% ▕                  ▏ 813 MB/ 42 GB  118 MB/s   5m51s[K[?25h[?2026l[?2026h[?25l[A[1Gpulling manifest [K
pulling 4824460d29f2:   2% ▕                  ▏ 820 MB/ 42 GB  118 MB/s   5m51s[K[?25h[?2026l[?2026h[?25l[A[1Gpulling manifest [K
pulling 4824460d29f2:   2% ▕                  ▏ 833 MB/ 42 GB  118 MB/s   5m51s[K[?25h[?2026l[?2026h[?25l[A[1Gpulling manifest [K
pulling 4824460d29f2:   2% ▕                  ▏ 848 MB/ 42 GB  118 MB/s   5m51s[K[?25h[?2026l[?2026h[?25l[A[1Gpulling manifest [K
pulling 4824460d29f2:   2% ▕                  ▏ 855 MB/ 42 GB  118 MB/s   5m51s[K[?25h[?2026l[?2026h[?25l[A[1Gpulling manifest [K
pulling 4824460d29f2:   2% ▕                  ▏ 869 MB/ 42 GB  118 MB/s   5m51s[K[?25h[?2026l[?2026h[?25l[A[1Gpulling manifest [K
pulling 4824460d29f2:   2% ▕                  ▏ 883 MB/ 42 GB  118 MB/s   5m51s[K[?25h[?2026l[?2026h[?25l[A[1Gpulling manifest [K
pulling 4824460d29f2:   2% ▕                  ▏ 891 MB/ 42 GB  118 MB/s   5m51s[K[?25h[?2026l[?2026h[?25l[A[1Gpulling manifest [K
pulling 4824460d29f2:   2% ▕                  ▏ 904 MB/ 42 GB  118 MB/s   5m50s[K[?25h[?2026l[?2026h[?25l[A[1Gpulling manifest [K
pulling 4824460d29f2:   2% ▕                  ▏ 918 MB/ 42 GB  118 MB/s   5m50s[K[?25h[?2026l[?2026h[?25l[A[1Gpulling manifest [K
pulling 4824460d29f2:   2% ▕                  ▏ 925 MB/ 42 GB  118 MB/s   5m50s[K[?25h[?2026l[?2026h[?25l[A[1Gpulling manifest [K
pulling 4824460d29f2:   2% ▕                  ▏ 939 MB/ 42 GB  118 MB/s   5m50s[K[?25h[?2026l[?2026h[?25l[A[1Gpulling manifest [K
pulling 4824460d29f2:   2% ▕                  ▏ 953 MB/ 42 GB  118 MB/s   5m50s[K[?25h[?2026l[?2026h[?25l[A[1Gpulling manifest [K
pulling 4824460d29f2:   2% ▕                  ▏ 960 MB/ 42 GB  118 MB/s   5m49s[K[?25h[?2026l[?2026h[?25l[A[1Gpulling manifest [K
pulling 4824460d29f2:   2% ▕                  ▏ 974 MB/ 42 GB  118 MB/s   5m49s[K[?25h[?2026l[?2026h[?25l[A[1Gpulling manifest [K
pulling 4824460d29f2:   2% ▕                  ▏ 989 MB/ 42 GB  118 MB/s   5m49s[K[?25h[?2026l[?2026h[?25l[A[1Gpulling manifest [K
pulling 4824460d29f2:   2% ▕                  ▏ 996 MB/ 42 GB  118 MB/s   5m49s[K[?25h[?2026l[?2026h[?25l[A[1Gpulling manifest [K
pulling 4824460d29f2:   2% ▕                  ▏ 1.0 GB/ 42 GB  118 MB/s   5m49s[K[?25h[?2026l[?2026h[?25l[A[1Gpulling manifest [K
pulling 4824460d29f2:   2% ▕                  ▏ 1.0 GB/ 42 GB  118 MB/s   5m49s[K[?25h[?2026l[?2026h[?25l[A[1Gpulling manifest [K
pulling 4824460d29f2:   2% ▕                  ▏ 1.0 GB/ 42 GB  118 MB/s   5m49s[K[?25h[?2026l[?2026h[?25l[A[1Gpulling manifest [K
pulling 4824460d29f2:   2% ▕                  ▏ 1.0 GB/ 42 GB  118 MB/s   5m49s[K[?25h[?2026l[?2026h[?25l[A[1Gpulling manifest [K
pulling 4824460d29f2:   2% ▕                  ▏ 1.1 GB/ 42 GB  118 MB/s   5m49s[K[?25h[?2026l[?2026h[?25l[A[1Gpulling manifest [K
pulling 4824460d29f2:   3% ▕                  ▏ 1.1 GB/ 42 GB  118 MB/s   5m49s[K[?25h[?2026l[?2026h[?25l[A[1Gpulling manifest [K
pulling 4824460d29f2:   3% ▕                  ▏ 1.1 GB/ 42 GB  118 MB/s   5m48s[K[?25h[?2026l[?2026h[?25l[A[1Gpulling manifest [K
pulling 4824460d29f2:   3% ▕                  ▏ 1.1 GB/ 42 GB  118 MB/s   5m48s[K[?25h[?2026l[?2026h[?25l[A[1Gpulling manifest [K
pulling 4824460d29f2:   3% ▕                  ▏ 1.1 GB/ 42 GB  118 MB/s   5m48s[K[?25h[?2026l[?2026h[?25l[A[1Gpulling manifest [K
pulling 4824460d29f2:   3% ▕                  ▏ 1.1 GB/ 42 GB  118 MB/s   5m48s[K[?25h[?2026l[?2026h[?25l[A[1Gpulling manifest [K
pulling 4824460d29f2:   3% ▕                  ▏ 1.1 GB/ 42 GB  118 MB/s   5m48s[K[?25h[?2026l[?2026h[?25l[A[1Gpulling manifest [K
pulling 4824460d29f2:   3% ▕                  ▏ 1.1 GB/ 42 GB  118 MB/s   5m48s[K[?25h[?2026l[?2026h[?25l[A[1Gpulling manifest [K
pulling 4824460d29f2:   3% ▕                  ▏ 1.1 GB/ 42 GB  118 MB/s   5m48s[K[?25h[?2026l[?2026h[?25l[A[1Gpulling manifest [K
pulling 4824460d29f2:   3% ▕                  ▏ 1.2 GB/ 42 GB  118 MB/s   5m47s[K[?25h[?2026l[?2026h[?25l[A[1Gpulling manifest [K
pulling 4824460d29f2:   3% ▕                  ▏ 1.2 GB/ 42 GB  118 MB/s   5m47s[K[?25h[?2026l[?2026h[?25l[A[1Gpulling manifest [K
pulling 4824460d29f2:   3% ▕                  ▏ 1.2 GB/ 42 GB  118 MB/s   5m47s[K[?25h[?2026l[?2026h[?25l[A[1Gpulling manifest [K
pulling 4824460d29f2:   3% ▕                  ▏ 1.2 GB/ 42 GB  119 MB/s   5m45s[K[?25h[?2026l[?2026h[?25l[A[1Gpulling manifest [K
pulling 4824460d29f2:   3% ▕                  ▏ 1.2 GB/ 42 GB  119 MB/s   5m45s[K[?25h[?2026l[?2026h[?25l[A[1Gpulling manifest [K
pulling 4824460d29f2:   3% ▕                  ▏ 1.2 GB/ 42 GB  119 MB/s   5m44s[K[?25h[?2026l[?2026h[?25l[A[1Gpulling manifest [K
pulling 4824460d29f2:   3% ▕                  ▏ 1.2 GB/ 42 GB  119 MB/s   5m44s[K[?25h[?2026l[?2026h[?25l[A[1Gpulling manifest [K
pulling 4824460d29f2:   3% ▕                  ▏ 1.2 GB/ 42 GB  119 MB/s   5m44s[K[?25h[?2026l[?2026h[?25l[A[1Gpulling manifest [K
pulling 4824460d29f2:   3% ▕                  ▏ 1.3 GB/ 42 GB  119 MB/s   5m44s[K[?25h[?2026l[?2026h[?25l[A[1Gpulling manifest [K
pulling 4824460d29f2:   3% ▕                  ▏ 1.3 GB/ 42 GB  119 MB/s   5m44s[K[?25h[?2026l[?2026h[?25l[A[1Gpulling manifest [K
pulling 4824460d29f2:   3% ▕                  ▏ 1.3 GB/ 42 GB  119 MB/s   5m44s[K[?25h[?2026l[?2026h[?25l[A[1Gpulling manifest [K
pulling 4824460d29f2:   3% ▕                  ▏ 1.3 GB/ 42 GB  119 MB/s   5m44s[K[?25h[?2026l[?2026h[?25l[A[1Gpulling manifest [K
pulling 4824460d29f2:   3% ▕                  ▏ 1.3 GB/ 42 GB  119 MB/s   5m44s[K[?25h[?2026l[?2026h[?25l[A[1Gpulling manifest [K
pulling 4824460d29f2:   3% ▕                  ▏ 1.3 GB/ 42 GB  118 MB/s   5m46s[K[?25h[?2026l[?2026h[?25l[A[1Gpulling manifest [K
pulling 4824460d29f2:   3% ▕                  ▏ 1.3 GB/ 42 GB  118 MB/s   5m46s[K[?25h[?2026l[?2026h[?25l[A[1Gpulling manifest [K
pulling 4824460d29f2:   3% ▕                  ▏ 1.3 GB/ 42 GB  118 MB/s   5m46s[K[?25h[?2026l[?2026h[?25l[A[1Gpulling manifest [K
pulling 4824460d29f2:   3% ▕                  ▏ 1.3 GB/ 42 GB  118 MB/s   5m46s[K[?25h[?2026l[?2026h[?25l[A[1Gpulling manifest [K
pulling 4824460d29f2:   3% ▕                  ▏ 1.4 GB/ 42 GB  118 MB/s   5m45s[K[?25h[?2026l[?2026h[?25l[A[1Gpulling manifest [K
pulling 4824460d29f2:   3% ▕                  ▏ 1.4 GB/ 42 GB  118 MB/s   5m45s[K[?25h[?2026l[?2026h[?25l[A[1Gpulling manifest [K
pulling 4824460d29f2:   3% ▕                  ▏ 1.4 GB/ 42 GB  118 MB/s   5m45s[K[?25h[?2026l[?2026h[?25l[A[1Gpulling manifest [K
pulling 4824460d29f2:   3% ▕                  ▏ 1.4 GB/ 42 GB  118 MB/s   5m45s[K[?25h[?2026l[?2026h[?25l[A[1Gpulling manifest [K
pulling 4824460d29f2:   3% ▕                  ▏ 1.4 GB/ 42 GB  118 MB/s   5m45s[K[?25h[?2026l[?2026h[?25l[A[1Gpulling manifest [K
pulling 4824460d29f2:   3% ▕                  ▏ 1.4 GB/ 42 GB  118 MB/s   5m45s[K[?25h[?2026l[?2026h[?25l[A[1Gpulling manifest [K
pulling 4824460d29f2:   3% ▕                  ▏ 1.4 GB/ 42 GB  119 MB/s   5m44s[K[?25h[?2026l[?2026h[?25l[A[1Gpulling manifest [K
pulling 4824460d29f2:   3% ▕                  ▏ 1.4 GB/ 42 GB  119 MB/s   5m44s[K[?25h[?2026l[?2026h[?25l[A[1Gpulling manifest [K
pulling 4824460d29f2:   3% ▕                  ▏ 1.5 GB/ 42 GB  119 MB/s   5m44s[K[?25h[?2026l[?2026h[?25l[A[1Gpulling manifest [K
pulling 4824460d29f2:   3% ▕                  ▏ 1.5 GB/ 42 GB  119 MB/s   5m44s[K[?25h[?2026l[?2026h[?25l[A[1Gpulling manifest [K
pulling 4824460d29f2:   3% ▕                  ▏ 1.5 GB/ 42 GB  119 MB/s   5m44s[K[?25h[?2026l[?2026h[?25l[A[1Gpulling manifest [K
pulling 4824460d29f2:   3% ▕                  ▏ 1.5 GB/ 42 GB  119 MB/s   5m44s[K[?25h[?2026l[?2026h[?25l[A[1Gpulling manifest [K
pulling 4824460d29f2:   4% ▕                  ▏ 1.5 GB/ 42 GB  119 MB/s   5m44s[K[?25h[?2026l[?2026h[?25l[A[1Gpulling manifest [K
pulling 4824460d29f2:   4% ▕                  ▏ 1.5 GB/ 42 GB  119 MB/s   5m43s[K[?25h[?2026l[?2026h[?25l[A[1Gpulling manifest [K
pulling 4824460d29f2:   4% ▕                  ▏ 1.5 GB/ 42 GB  119 MB/s   5m43s[K[?25h[?2026l[?2026h[?25l[A[1Gpulling manifest [K
pulling 4824460d29f2:   4% ▕                  ▏ 1.5 GB/ 42 GB  119 MB/s   5m43s[K[?25h[?2026l[?2026h[?25l[A[1Gpulling manifest [K
pulling 4824460d29f2:   4% ▕                  ▏ 1.5 GB/ 42 GB  119 MB/s   5m43s[K[?25h[?2026l[?2026h[?25l[A[1Gpulling manifest [K
pulling 4824460d29f2:   4% ▕                  ▏ 1.6 GB/ 42 GB  119 MB/s   5m43s[K[?25h[?2026l[?2026h[?25l[A[1Gpulling manifest [K
pulling 4824460d29f2:   4% ▕                  ▏ 1.6 GB/ 42 GB  119 MB/s   5m43s[K[?25h[?2026l[?2026h[?25l[A[1Gpulling manifest [K
pulling 4824460d29f2:   4% ▕                  ▏ 1.6 GB/ 42 GB  119 MB/s   5m43s[K[?25h[?2026l[?2026h[?25l[A[1Gpulling manifest [K
pulling 4824460d29f2:   4% ▕                  ▏ 1.6 GB/ 42 GB  119 MB/s   5m43s[K[?25h[?2026l[?2026h[?25l[A[1Gpulling manifest [K
pulling 4824460d29f2:   4% ▕                  ▏ 1.6 GB/ 42 GB  119 MB/s   5m43s[K[?25h[?2026l[?2026h[?25l[A[1Gpulling manifest [K
pulling 4824460d29f2:   4% ▕                  ▏ 1.6 GB/ 42 GB  119 MB/s   5m43s[K[?25h[?2026l[?2026h[?25l[A[1Gpulling manifest [K
pulling 4824460d29f2:   4% ▕                  ▏ 1.6 GB/ 42 GB  119 MB/s   5m43s[K[?25h[?2026l[?2026h[?25l[A[1Gpulling manifest [K
pulling 4824460d29f2:   4% ▕                  ▏ 1.6 GB/ 42 GB  119 MB/s   5m42s[K[?25h[?2026l[?2026h[?25l[A[1Gpulling manifest [K
pulling 4824460d29f2:   4% ▕                  ▏ 1.7 GB/ 42 GB  119 MB/s   5m42s[K[?25h[?2026l[?2026h[?25l[A[1Gpulling manifest [K
pulling 4824460d29f2:   4% ▕                  ▏ 1.7 GB/ 42 GB  119 MB/s   5m42s[K[?25h[?2026l[?2026h[?25l[A[1Gpulling manifest [K
pulling 4824460d29f2:   4% ▕                  ▏ 1.7 GB/ 42 GB  119 MB/s   5m42s[K[?25h[?2026l[?2026h[?25l[A[1Gpulling manifest [K
pulling 4824460d29f2:   4% ▕                  ▏ 1.7 GB/ 42 GB  119 MB/s   5m42s[K[?25h[?2026l[?2026h[?25l[A[1Gpulling manifest [K
pulling 4824460d29f2:   4% ▕                  ▏ 1.7 GB/ 42 GB  119 MB/s   5m42s[K[?25h[?2026l[?2026h[?25l[A[1Gpulling manifest [K
pulling 4824460d29f2:   4% ▕                  ▏ 1.7 GB/ 42 GB  119 MB/s   5m41s[K[?25h[?2026l[?2026h[?25l[A[1Gpulling manifest [K
pulling 4824460d29f2:   4% ▕                  ▏ 1.7 GB/ 42 GB  119 MB/s   5m41s[K[?25h[?2026l[?2026h[?25l[A[1Gpulling manifest [K
pulling 4824460d29f2:   4% ▕                  ▏ 1.7 GB/ 42 GB  119 MB/s   5m41s[K[?25h[?2026l[?2026h[?25l[A[1Gpulling manifest [K
pulling 4824460d29f2:   4% ▕                  ▏ 1.7 GB/ 42 GB  119 MB/s   5m41s[K[?25h[?2026l[?2026h[?25l[A[1Gpulling manifest [K
pulling 4824460d29f2:   4% ▕                  ▏ 1.8 GB/ 42 GB  119 MB/s   5m41s[K[?25h[?2026l[?2026h[?25l[A[1Gpulling manifest [K
pulling 4824460d29f2:   4% ▕                  ▏ 1.8 GB/ 42 GB  119 MB/s   5m41s[K[?25h[?2026l[?2026h[?25l[A[1Gpulling manifest [K
pulling 4824460d29f2:   4% ▕                  ▏ 1.8 GB/ 42 GB  119 MB/s   5m41s[K[?25h[?2026l[?2026h[?25l[A[1Gpulling manifest [K
pulling 4824460d29f2:   4% ▕                  ▏ 1.8 GB/ 42 GB  119 MB/s   5m41s[K[?25h[?2026l[?2026h[?25l[A[1Gpulling manifest [K
pulling 4824460d29f2:   4% ▕                  ▏ 1.8 GB/ 42 GB  119 MB/s   5m41s[K[?25h[?2026l[?2026h[?25l[A[1Gpulling manifest [K
pulling 4824460d29f2:   4% ▕                  ▏ 1.8 GB/ 42 GB  119 MB/s   5m41s[K[?25h[?2026l[?2026h[?25l[A[1Gpulling manifest [K
pulling 4824460d29f2:   4% ▕                  ▏ 1.8 GB/ 42 GB  119 MB/s   5m41s[K[?25h[?2026l[?2026h[?25l[A[1Gpulling manifest [K
pulling 4824460d29f2:   4% ▕                  ▏ 1.8 GB/ 42 GB  119 MB/s   5m41s[K[?25h[?2026l[?2026h[?25l[A[1Gpulling manifest [K
pulling 4824460d29f2:   4% ▕                  ▏ 1.9 GB/ 42 GB  119 MB/s   5m41s[K[?25h[?2026l[?2026h[?25l[A[1Gpulling manifest [K
pulling 4824460d29f2:   4% ▕                  ▏ 1.9 GB/ 42 GB  119 MB/s   5m41s[K[?25h[?2026l[?2026h[?25l[A[1Gpulling manifest [K
pulling 4824460d29f2:   4% ▕                  ▏ 1.9 GB/ 42 GB  119 MB/s   5m41s[K[?25h[?2026l[?2026h[?25l[A[1Gpulling manifest [K
pulling 4824460d29f2:   4% ▕                  ▏ 1.9 GB/ 42 GB  119 MB/s   5m40s[K[?25h[?2026l[?2026h[?25l[A[1Gpulling manifest [K
pulling 4824460d29f2:   4% ▕                  ▏ 1.9 GB/ 42 GB  119 MB/s   5m40s[K[?25h[?2026l[?2026h[?25l[A[1Gpulling manifest [K
pulling 4824460d29f2:   4% ▕                  ▏ 1.9 GB/ 42 GB  119 MB/s   5m40s[K[?25h[?2026l[?2026h[?25l[A[1Gpulling manifest [K
pulling 4824460d29f2:   5% ▕                  ▏ 1.9 GB/ 42 GB  119 MB/s   5m40s[K[?25h[?2026l[?2026h[?25l[A[1Gpulling manifest [K
pulling 4824460d29f2:   5% ▕                  ▏ 1.9 GB/ 42 GB  119 MB/s   5m40s[K[?25h[?2026l[?2026h[?25l[A[1Gpulling manifest [K
pulling 4824460d29f2:   5% ▕                  ▏ 1.9 GB/ 42 GB  119 MB/s   5m40s[K[?25h[?2026l[?2026h[?25l[A[1Gpulling manifest [K
pulling 4824460d29f2:   5% ▕                  ▏ 2.0 GB/ 42 GB  119 MB/s   5m40s[K[?25h[?2026l[?2026h[?25l[A[1Gpulling manifest [K
pulling 4824460d29f2:   5% ▕                  ▏ 2.0 GB/ 42 GB  119 MB/s   5m39s[K[?25h[?2026l[?2026h[?25l[A[1Gpulling manifest [K
pulling 4824460d29f2:   5% ▕                  ▏ 2.0 GB/ 42 GB  119 MB/s   5m39s[K[?25h[?2026l[?2026h[?25l[A[1Gpulling manifest [K
pulling 4824460d29f2:   5% ▕                  ▏ 2.0 GB/ 42 GB  119 MB/s   5m39s[K[?25h[?2026l[?2026h[?25l[A[1Gpulling manifest [K
pulling 4824460d29f2:   5% ▕                  ▏ 2.0 GB/ 42 GB  119 MB/s   5m39s[K[?25h[?2026l[?2026h[?25l[A[1Gpulling manifest [K
pulling 4824460d29f2:   5% ▕                  ▏ 2.0 GB/ 42 GB  119 MB/s   5m39s[K[?25h[?2026l[?2026h[?25l[A[1Gpulling manifest [K
pulling 4824460d29f2:   5% ▕                  ▏ 2.0 GB/ 42 GB  119 MB/s   5m39s[K[?25h[?2026l[?2026h[?25l[A[1Gpulling manifest [K
pulling 4824460d29f2:   5% ▕                  ▏ 2.0 GB/ 42 GB  119 MB/s   5m39s[K[?25h[?2026l[?2026h[?25l[A[1Gpulling manifest [K
pulling 4824460d29f2:   5% ▕                  ▏ 2.0 GB/ 42 GB  119 MB/s   5m39s[K[?25h[?2026l[?2026h[?25l[A[1Gpulling manifest [K
pulling 4824460d29f2:   5% ▕                  ▏ 2.1 GB/ 42 GB  119 MB/s   5m39s[K[?25h[?2026l[?2026h[?25l[A[1Gpulling manifest [K
pulling 4824460d29f2:   5% ▕                  ▏ 2.1 GB/ 42 GB  119 MB/s   5m39s[K[?25h[?2026l[?2026h[?25l[A[1Gpulling manifest [K
pulling 4824460d29f2:   5% ▕                  ▏ 2.1 GB/ 42 GB  119 MB/s   5m39s[K[?25h[?2026l[?2026h[?25l[A[1Gpulling manifest [K
pulling 4824460d29f2:   5% ▕                  ▏ 2.1 GB/ 42 GB  119 MB/s   5m39s[K[?25h[?2026l[?2026h[?25l[A[1Gpulling manifest [K
pulling 4824460d29f2:   5% ▕                  ▏ 2.1 GB/ 42 GB  119 MB/s   5m38s[K[?25h[?2026l[?2026h[?25l[A[1Gpulling manifest [K
pulling 4824460d29f2:   5% ▕                  ▏ 2.1 GB/ 42 GB  119 MB/s   5m38s[K[?25h[?2026l[?2026h[?25l[A[1Gpulling manifest [K
pulling 4824460d29f2:   5% ▕                  ▏ 2.1 GB/ 42 GB  119 MB/s   5m38s[K[?25h[?2026l[?2026h[?25l[A[1Gpulling manifest [K
pulling 4824460d29f2:   5% ▕                  ▏ 2.1 GB/ 42 GB  119 MB/s   5m38s[K[?25h[?2026l[?2026h[?25l[A[1Gpulling manifest [K
pulling 4824460d29f2:   5% ▕                  ▏ 2.2 GB/ 42 GB  119 MB/s   5m38s[K[?25h[?2026l[?2026h[?25l[A[1Gpulling manifest [K
pulling 4824460d29f2:   5% ▕                  ▏ 2.2 GB/ 42 GB  119 MB/s   5m38s[K[?25h[?2026l[?2026h[?25l[A[1Gpulling manifest [K
pulling 4824460d29f2:   5% ▕                  ▏ 2.2 GB/ 42 GB  119 MB/s   5m38s[K[?25h[?2026l[?2026h[?25l[A[1Gpulling manifest [K
pulling 4824460d29f2:   5% ▕                  ▏ 2.2 GB/ 42 GB  119 MB/s   5m38s[K[?25h[?2026l[?2026h[?25l[A[1Gpulling manifest [K
pulling 4824460d29f2:   5% ▕                  ▏ 2.2 GB/ 42 GB  119 MB/s   5m37s[K[?25h[?2026l[?2026h[?25l[A[1Gpulling manifest [K
pulling 4824460d29f2:   5% ▕                  ▏ 2.2 GB/ 42 GB  119 MB/s   5m37s[K[?25h[?2026l[?2026h[?25l[A[1Gpulling manifest [K
pulling 4824460d29f2:   5% ▕                  ▏ 2.2 GB/ 42 GB  119 MB/s   5m37s[K[?25h[?2026l[?2026h[?25l[A[1Gpulling manifest [K
pulling 4824460d29f2:   5% ▕                  ▏ 2.2 GB/ 42 GB  119 MB/s   5m37s[K[?25h[?2026l[?2026h[?25l[A[1Gpulling manifest [K
pulling 4824460d29f2:   5% ▕                  ▏ 2.3 GB/ 42 GB  119 MB/s   5m37s[K[?25h[?2026l[?2026h[?25l[A[1Gpulling manifest [K
pulling 4824460d29f2:   5% ▕                  ▏ 2.3 GB/ 42 GB  119 MB/s   5m37s[K[?25h[?2026l[?2026h[?25l[A[1Gpulling manifest [K
pulling 4824460d29f2:   5% ▕                  ▏ 2.3 GB/ 42 GB  118 MB/s   5m38s[K[?25h[?2026l[?2026h[?25l[A[1Gpulling manifest [K
pulling 4824460d29f2:   5% ▕                  ▏ 2.3 GB/ 42 GB  118 MB/s   5m38s[K[?25h[?2026l[?2026h[?25l[A[1Gpulling manifest [K
pulling 4824460d29f2:   5% ▕                  ▏ 2.3 GB/ 42 GB  118 MB/s   5m38s[K[?25h[?2026l[?2026h[?25l[A[1Gpulling manifest [K
pulling 4824460d29f2:   5% ▕                  ▏ 2.3 GB/ 42 GB  118 MB/s   5m38s[K[?25h[?2026l[?2026h[?25l[A[1Gpulling manifest [K
pulling 4824460d29f2:   5% ▕                  ▏ 2.3 GB/ 42 GB  118 MB/s   5m38s[K[?25h[?2026l[?2026h[?25l[A[1Gpulling manifest [K
pulling 4824460d29f2:   5% ▕                  ▏ 2.3 GB/ 42 GB  118 MB/s   5m38s[K[?25h[?2026l[?2026h[?25l[A[1Gpulling manifest [K
pulling 4824460d29f2:   6% ▕                  ▏ 2.3 GB/ 42 GB  118 MB/s   5m38s[K[?25h[?2026l[?2026h[?25l[A[1Gpulling manifest [K
pulling 4824460d29f2:   6% ▕                  ▏ 2.4 GB/ 42 GB  118 MB/s   5m38s[K[?25h[?2026l[?2026h[?25l[A[1Gpulling manifest [K
pulling 4824460d29f2:   6% ▕█                 ▏ 2.4 GB/ 42 GB  118 MB/s   5m38s[K[?25h[?2026l[?2026h[?25l[A[1Gpulling manifest [K
pulling 4824460d29f2:   6% ▕█                 ▏ 2.4 GB/ 42 GB  118 MB/s   5m37s[K[?25h[?2026l[?2026h[?25l[A[1Gpulling manifest [K
pulling 4824460d29f2:   6% ▕█                 ▏ 2.4 GB/ 42 GB  119 MB/s   5m34s[K[?25h[?2026l[?2026h[?25l[A[1Gpulling manifest [K
pulling 4824460d29f2:   6% ▕█                 ▏ 2.4 GB/ 42 GB  119 MB/s   5m34s[K[?25h[?2026l[?2026h[?25l[A[1Gpulling manifest [K
pulling 4824460d29f2:   6% ▕█                 ▏ 2.4 GB/ 42 GB  119 MB/s   5m34s[K[?25h[?2026l[?2026h[?25l[A[1Gpulling manifest [K
pulling 4824460d29f2:   6% ▕█                 ▏ 2.4 GB/ 42 GB  119 MB/s   5m34s[K[?25h[?2026l[?2026h[?25l[A[1Gpulling manifest [K
pulling 4824460d29f2:   6% ▕█                 ▏ 2.4 GB/ 42 GB  119 MB/s   5m34s[K[?25h[?2026l[?2026h[?25l[A[1Gpulling manifest [K
pulling 4824460d29f2:   6% ▕█                 ▏ 2.4 GB/ 42 GB  119 MB/s   5m34s[K[?25h[?2026l[?2026h[?25l[A[1Gpulling manifest [K
pulling 4824460d29f2:   6% ▕█                 ▏ 2.5 GB/ 42 GB  119 MB/s   5m33s[K[?25h[?2026l[?2026h[?25l[A[1Gpulling manifest [K
pulling 4824460d29f2:   6% ▕█                 ▏ 2.5 GB/ 42 GB  119 MB/s   5m33s[K[?25h[?2026l[?2026h[?25l[A[1Gpulling manifest [K
pulling 4824460d29f2:   6% ▕█                 ▏ 2.5 GB/ 42 GB  119 MB/s   5m33s[K[?25h[?2026l[?2026h[?25l[A[1Gpulling manifest [K
pulling 4824460d29f2:   6% ▕█                 ▏ 2.5 GB/ 42 GB  119 MB/s   5m33s[K[?25h[?2026l[?2026h[?25l[A[1Gpulling manifest [K
pulling 4824460d29f2:   6% ▕█                 ▏ 2.5 GB/ 42 GB  119 MB/s   5m35s[K[?25h[?2026l[?2026h[?25l[A[1Gpulling manifest [K
pulling 4824460d29f2:   6% ▕█                 ▏ 2.5 GB/ 42 GB  119 MB/s   5m35s[K[?25h[?2026l[?2026h[?25l[A[1Gpulling manifest [K
pulling 4824460d29f2:   6% ▕█                 ▏ 2.5 GB/ 42 GB  119 MB/s   5m34s[K[?25h[?2026l[?2026h[?25l[A[1Gpulling manifest [K
pulling 4824460d29f2:   6% ▕█                 ▏ 2.5 GB/ 42 GB  119 MB/s   5m34s[K[?25h[?2026l[?2026h[?25l[A[1Gpulling manifest [K
pulling 4824460d29f2:   6% ▕█                 ▏ 2.6 GB/ 42 GB  119 MB/s   5m34s[K[?25h[?2026l[?2026h[?25l[A[1Gpulling manifest [K
pulling 4824460d29f2:   6% ▕█                 ▏ 2.6 GB/ 42 GB  119 MB/s   5m34s[K[?25h[?2026l[?2026h[?25l[A[1Gpulling manifest [K
pulling 4824460d29f2:   6% ▕█                 ▏ 2.6 GB/ 42 GB  119 MB/s   5m34s[K[?25h[?2026l[?2026h[?25l[A[1Gpulling manifest [K
pulling 4824460d29f2:   6% ▕█                 ▏ 2.6 GB/ 42 GB  119 MB/s   5m34s[K[?25h[?2026l[?2026h[?25l[A[1Gpulling manifest [K
pulling 4824460d29f2:   6% ▕█                 ▏ 2.6 GB/ 42 GB  119 MB/s   5m34s[K[?25h[?2026l[?2026h[?25l[A[1Gpulling manifest [K
pulling 4824460d29f2:   6% ▕█                 ▏ 2.6 GB/ 42 GB  119 MB/s   5m34s[K[?25h[?2026l[?2026h[?25l[A[1Gpulling manifest [K
pulling 4824460d29f2:   6% ▕█                 ▏ 2.6 GB/ 42 GB  119 MB/s   5m34s[K[?25h[?2026l[?2026h[?25l[A[1Gpulling manifest [K
pulling 4824460d29f2:   6% ▕█                 ▏ 2.6 GB/ 42 GB  119 MB/s   5m33s[K[?25h[?2026l[?2026h[?25l[A[1Gpulling manifest [K
pulling 4824460d29f2:   6% ▕█                 ▏ 2.6 GB/ 42 GB  119 MB/s   5m33s[K[?25h[?2026l[?2026h[?25l[A[1Gpulling manifest [K
pulling 4824460d29f2:   6% ▕█                 ▏ 2.7 GB/ 42 GB  119 MB/s   5m33s[K[?25h[?2026l[?2026h[?25l[A[1Gpulling manifest [K
pulling 4824460d29f2:   6% ▕█                 ▏ 2.7 GB/ 42 GB  119 MB/s   5m33s[K[?25h[?2026l[?2026h[?25l[A[1Gpulling manifest [K
pulling 4824460d29f2:   6% ▕█                 ▏ 2.7 GB/ 42 GB  119 MB/s   5m33s[K[?25h[?2026l[?2026h[?25l[A[1Gpulling manifest [K
pulling 4824460d29f2:   6% ▕█                 ▏ 2.7 GB/ 42 GB  119 MB/s   5m33s[K[?25h[?2026l[?2026h[?25l[A[1Gpulling manifest [K
pulling 4824460d29f2:   6% ▕█                 ▏ 2.7 GB/ 42 GB  119 MB/s   5m33s[K[?25h[?2026l[?2026h[?25l[A[1Gpulling manifest [K
pulling 4824460d29f2:   6% ▕█                 ▏ 2.7 GB/ 42 GB  119 MB/s   5m33s[K[?25h[?2026l[?2026h[?25l[A[1Gpulling manifest [K
pulling 4824460d29f2:   6% ▕█                 ▏ 2.7 GB/ 42 GB  119 MB/s   5m33s[K[?25h[?2026l[?2026h[?25l[A[1Gpulling manifest [K
pulling 4824460d29f2:   6% ▕█                 ▏ 2.7 GB/ 42 GB  119 MB/s   5m33s[K[?25h[?2026l[?2026h[?25l[A[1Gpulling manifest [K
pulling 4824460d29f2:   6% ▕█                 ▏ 2.7 GB/ 42 GB  119 MB/s   5m33s[K[?25h[?2026l[?2026h[?25l[A[1Gpulling manifest [K
pulling 4824460d29f2:   6% ▕█                 ▏ 2.8 GB/ 42 GB  119 MB/s   5m33s[K[?25h[?2026l[?2026h[?25l[A[1Gpulling manifest [K
pulling 4824460d29f2:   7% ▕█                 ▏ 2.8 GB/ 42 GB  119 MB/s   5m33s[K[?25h[?2026l[?2026h[?25l[A[1Gpulling manifest [K
pulling 4824460d29f2:   7% ▕█                 ▏ 2.8 GB/ 42 GB  119 MB/s   5m33s[K[?25h[?2026l[?2026h[?25l[A[1Gpulling manifest [K
pulling 4824460d29f2:   7% ▕█                 ▏ 2.8 GB/ 42 GB  119 MB/s   5m33s[K[?25h[?2026l[?2026h[?25l[A[1Gpulling manifest [K
pulling 4824460d29f2:   7% ▕█                 ▏ 2.8 GB/ 42 GB  119 MB/s   5m32s[K[?25h[?2026l[?2026h[?25l[A[1Gpulling manifest [K
pulling 4824460d29f2:   7% ▕█                 ▏ 2.8 GB/ 42 GB  119 MB/s   5m32s[K[?25h[?2026l[?2026h[?25l[A[1Gpulling manifest [K
pulling 4824460d29f2:   7% ▕█                 ▏ 2.8 GB/ 42 GB  119 MB/s   5m32s[K[?25h[?2026l[?2026h[?25l[A[1Gpulling manifest [K
pulling 4824460d29f2:   7% ▕█                 ▏ 2.8 GB/ 42 GB  119 MB/s   5m32s[K[?25h[?2026l[?2026h[?25l[A[1Gpulling manifest [K
pulling 4824460d29f2:   7% ▕█                 ▏ 2.9 GB/ 42 GB  119 MB/s   5m32s[K[?25h[?2026l[?2026h[?25l[A[1Gpulling manifest [K
pulling 4824460d29f2:   7% ▕█                 ▏ 2.9 GB/ 42 GB  119 MB/s   5m32s[K[?25h[?2026l[?2026h[?25l[A[1Gpulling manifest [K
pulling 4824460d29f2:   7% ▕█                 ▏ 2.9 GB/ 42 GB  119 MB/s   5m32s[K[?25h[?2026l[?2026h[?25l[A[1Gpulling manifest [K
pulling 4824460d29f2:   7% ▕█                 ▏ 2.9 GB/ 42 GB  119 MB/s   5m32s[K[?25h[?2026l[?2026h[?25l[A[1Gpulling manifest [K
pulling 4824460d29f2:   7% ▕█                 ▏ 2.9 GB/ 42 GB  119 MB/s   5m31s[K[?25h[?2026l[?2026h[?25l[A[1Gpulling manifest [K
pulling 4824460d29f2:   7% ▕█                 ▏ 2.9 GB/ 42 GB  119 MB/s   5m31s[K[?25h[?2026l[?2026h[?25l[A[1Gpulling manifest [K
pulling 4824460d29f2:   7% ▕█                 ▏ 2.9 GB/ 42 GB  119 MB/s   5m31s[K[?25h[?2026l[?2026h[?25l[A[1Gpulling manifest [K
pulling 4824460d29f2:   7% ▕█                 ▏ 2.9 GB/ 42 GB  119 MB/s   5m31s[K[?25h[?2026l[?2026h[?25l[A[1Gpulling manifest [K
pulling 4824460d29f2:   7% ▕█                 ▏ 3.0 GB/ 42 GB  119 MB/s   5m31s[K[?25h[?2026l[?2026h[?25l[A[1Gpulling manifest [K
pulling 4824460d29f2:   7% ▕█                 ▏ 3.0 GB/ 42 GB  119 MB/s   5m31s[K[?25h[?2026l[?2026h[?25l[A[1Gpulling manifest [K
pulling 4824460d29f2:   7% ▕█                 ▏ 3.0 GB/ 42 GB  119 MB/s   5m31s[K[?25h[?2026l[?2026h[?25l[A[1Gpulling manifest [K
pulling 4824460d29f2:   7% ▕█                 ▏ 3.0 GB/ 42 GB  119 MB/s   5m31s[K[?25h[?2026l[?2026h[?25l[A[1Gpulling manifest [K
pulling 4824460d29f2:   7% ▕█                 ▏ 3.0 GB/ 42 GB  119 MB/s   5m31s[K[?25h[?2026l[?2026h[?25l[A[1Gpulling manifest [K
pulling 4824460d29f2:   7% ▕█                 ▏ 3.0 GB/ 42 GB  119 MB/s   5m31s[K[?25h[?2026l[?2026h[?25l[A[1Gpulling manifest [K
pulling 4824460d29f2:   7% ▕█                 ▏ 3.0 GB/ 42 GB  119 MB/s   5m31s[K[?25h[?2026l[?2026h[?25l[A[1Gpulling manifest [K
pulling 4824460d29f2:   7% ▕█                 ▏ 3.0 GB/ 42 GB  119 MB/s   5m31s[K[?25h[?2026l[?2026h[?25l[A[1Gpulling manifest [K
pulling 4824460d29f2:   7% ▕█                 ▏ 3.0 GB/ 42 GB  119 MB/s   5m30s[K[?25h[?2026l[?2026h[?25l[A[1Gpulling manifest [K
pulling 4824460d29f2:   7% ▕█                 ▏ 3.1 GB/ 42 GB  119 MB/s   5m30s[K[?25h[?2026l[?2026h[?25l[A[1Gpulling manifest [K
pulling 4824460d29f2:   7% ▕█                 ▏ 3.1 GB/ 42 GB  119 MB/s   5m30s[K[?25h[?2026l[?2026h[?25l[A[1Gpulling manifest [K
pulling 4824460d29f2:   7% ▕█                 ▏ 3.1 GB/ 42 GB  119 MB/s   5m30s[K[?25h[?2026l[?2026h[?25l[A[1Gpulling manifest [K
pulling 4824460d29f2:   7% ▕█                 ▏ 3.1 GB/ 42 GB  119 MB/s   5m30s[K[?25h[?2026l[?2026h[?25l[A[1Gpulling manifest [K
pulling 4824460d29f2:   7% ▕█                 ▏ 3.1 GB/ 42 GB  119 MB/s   5m30s[K[?25h[?2026l[?2026h[?25l[A[1Gpulling manifest [K
pulling 4824460d29f2:   7% ▕█                 ▏ 3.1 GB/ 42 GB  119 MB/s   5m30s[K[?25h[?2026l[?2026h[?25l[A[1Gpulling manifest [K
pulling 4824460d29f2:   7% ▕█                 ▏ 3.1 GB/ 42 GB  119 MB/s   5m30s[K[?25h[?2026l[?2026h[?25l[A[1Gpulling manifest [K
pulling 4824460d29f2:   7% ▕█                 ▏ 3.1 GB/ 42 GB  119 MB/s   5m30s[K[?25h[?2026l[?2026h[?25l[A[1Gpulling manifest [K
pulling 4824460d29f2:   7% ▕█                 ▏ 3.2 GB/ 42 GB  119 MB/s   5m30s[K[?25h[?2026l[?2026h[?25l[A[1Gpulling manifest [K
pulling 4824460d29f2:   7% ▕█                 ▏ 3.2 GB/ 42 GB  119 MB/s   5m30s[K[?25h[?2026l[?2026h[?25l[A[1Gpulling manifest [K
pulling 4824460d29f2:   7% ▕█                 ▏ 3.2 GB/ 42 GB  119 MB/s   5m30s[K[?25h[?2026l[?2026h[?25l[A[1Gpulling manifest [K
pulling 4824460d29f2:   7% ▕█                 ▏ 3.2 GB/ 42 GB  119 MB/s   5m29s[K[?25h[?2026l[?2026h[?25l[A[1Gpulling manifest [K
pulling 4824460d29f2:   8% ▕█                 ▏ 3.2 GB/ 42 GB  119 MB/s   5m29s[K[?25h[?2026l[?2026h[?25l[A[1Gpulling manifest [K
pulling 4824460d29f2:   8% ▕█                 ▏ 3.2 GB/ 42 GB  119 MB/s   5m29s[K[?25h[?2026l[?2026h[?25l[A[1Gpulling manifest [K
pulling 4824460d29f2:   8% ▕█                 ▏ 3.2 GB/ 42 GB  119 MB/s   5m29s[K[?25h[?2026l[?2026h[?25l[A[1Gpulling manifest [K
pulling 4824460d29f2:   8% ▕█                 ▏ 3.2 GB/ 42 GB  119 MB/s   5m29s[K[?25h[?2026l[?2026h[?25l[A[1Gpulling manifest [K
pulling 4824460d29f2:   8% ▕█                 ▏ 3.2 GB/ 42 GB  119 MB/s   5m29s[K[?25h[?2026l[?2026h[?25l[A[1Gpulling manifest [K
pulling 4824460d29f2:   8% ▕█                 ▏ 3.3 GB/ 42 GB  119 MB/s   5m29s[K[?25h[?2026l[?2026h[?25l[A[1Gpulling manifest [K
pulling 4824460d29f2:   8% ▕█                 ▏ 3.3 GB/ 42 GB  119 MB/s   5m29s[K[?25h[?2026l[?2026h[?25l[A[1Gpulling manifest [K
pulling 4824460d29f2:   8% ▕█                 ▏ 3.3 GB/ 42 GB  119 MB/s   5m29s[K[?25h[?2026l[?2026h[?25l[A[1Gpulling manifest [K
pulling 4824460d29f2:   8% ▕█                 ▏ 3.3 GB/ 42 GB  119 MB/s   5m29s[K[?25h[?2026l[?2026h[?25l[A[1Gpulling manifest [K
pulling 4824460d29f2:   8% ▕█                 ▏ 3.3 GB/ 42 GB  119 MB/s   5m29s[K[?25h[?2026l[?2026h[?25l[A[1Gpulling manifest [K
pulling 4824460d29f2:   8% ▕█                 ▏ 3.3 GB/ 42 GB  119 MB/s   5m29s[K[?25h[?2026l[?2026h[?25l[A[1Gpulling manifest [K
pulling 4824460d29f2:   8% ▕█                 ▏ 3.3 GB/ 42 GB  119 MB/s   5m28s[K[?25h[?2026l[?2026h[?25l[A[1Gpulling manifest [K
pulling 4824460d29f2:   8% ▕█                 ▏ 3.3 GB/ 42 GB  119 MB/s   5m28s[K[?25h[?2026l[?2026h[?25l[A[1Gpulling manifest [K
pulling 4824460d29f2:   8% ▕█                 ▏ 3.3 GB/ 42 GB  119 MB/s   5m28s[K[?25h[?2026l[?2026h[?25l[A[1Gpulling manifest [K
pulling 4824460d29f2:   8% ▕█                 ▏ 3.4 GB/ 42 GB  119 MB/s   5m28s[K[?25h[?2026l[?2026h[?25l[A[1Gpulling manifest [K
pulling 4824460d29f2:   8% ▕█                 ▏ 3.4 GB/ 42 GB  119 MB/s   5m28s[K[?25h[?2026l[?2026h[?25l[A[1Gpulling manifest [K
pulling 4824460d29f2:   8% ▕█                 ▏ 3.4 GB/ 42 GB  119 MB/s   5m28s[K[?25h[?2026l[?2026h[?25l[A[1Gpulling manifest [K
pulling 4824460d29f2:   8% ▕█                 ▏ 3.4 GB/ 42 GB  119 MB/s   5m27s[K[?25h[?2026l[?2026h[?25l[A[1Gpulling manifest [K
pulling 4824460d29f2:   8% ▕█                 ▏ 3.4 GB/ 42 GB  119 MB/s   5m27s[K[?25h[?2026l[?2026h[?25l[A[1Gpulling manifest [K
pulling 4824460d29f2:   8% ▕█                 ▏ 3.4 GB/ 42 GB  119 MB/s   5m27s[K[?25h[?2026l[?2026h[?25l[A[1Gpulling manifest [K
pulling 4824460d29f2:   8% ▕█                 ▏ 3.4 GB/ 42 GB  119 MB/s   5m27s[K[?25h[?2026l[?2026h[?25l[A[1Gpulling manifest [K
pulling 4824460d29f2:   8% ▕█                 ▏ 3.4 GB/ 42 GB  119 MB/s   5m27s[K[?25h[?2026l[?2026h[?25l[A[1Gpulling manifest [K
pulling 4824460d29f2:   8% ▕█                 ▏ 3.5 GB/ 42 GB  119 MB/s   5m27s[K[?25h[?2026l[?2026h[?25l[A[1Gpulling manifest [K
pulling 4824460d29f2:   8% ▕█                 ▏ 3.5 GB/ 42 GB  118 MB/s   5m28s[K[?25h[?2026l[?2026h[?25l[A[1Gpulling manifest [K
pulling 4824460d29f2:   8% ▕█                 ▏ 3.5 GB/ 42 GB  118 MB/s   5m28s[K[?25h[?2026l[?2026h[?25l[A[1Gpulling manifest [K
pulling 4824460d29f2:   8% ▕█                 ▏ 3.5 GB/ 42 GB  118 MB/s   5m28s[K[?25h[?2026l[?2026h[?25l[A[1Gpulling manifest [K
pulling 4824460d29f2:   8% ▕█                 ▏ 3.5 GB/ 42 GB  118 MB/s   5m28s[K[?25h[?2026l[?2026h[?25l[A[1Gpulling manifest [K
pulling 4824460d29f2:   8% ▕█                 ▏ 3.5 GB/ 42 GB  118 MB/s   5m28s[K[?25h[?2026l[?2026h[?25l[A[1Gpulling manifest [K
pulling 4824460d29f2:   8% ▕█                 ▏ 3.5 GB/ 42 GB  118 MB/s   5m28s[K[?25h[?2026l[?2026h[?25l[A[1Gpulling manifest [K
pulling 4824460d29f2:   8% ▕█                 ▏ 3.5 GB/ 42 GB  118 MB/s   5m28s[K[?25h[?2026l[?2026h[?25l[A[1Gpulling manifest [K
pulling 4824460d29f2:   8% ▕█                 ▏ 3.6 GB/ 42 GB  118 MB/s   5m28s[K[?25h[?2026l[?2026h[?25l[A[1Gpulling manifest [K
pulling 4824460d29f2:   8% ▕█                 ▏ 3.6 GB/ 42 GB  118 MB/s   5m28s[K[?25h[?2026l[?2026h[?25l[A[1Gpulling manifest [K
pulling 4824460d29f2:   8% ▕█                 ▏ 3.6 GB/ 42 GB  118 MB/s   5m27s[K[?25h[?2026l[?2026h[?25l[A[1Gpulling manifest [K
pulling 4824460d29f2:   8% ▕█                 ▏ 3.6 GB/ 42 GB  119 MB/s   5m26s[K[?25h[?2026l[?2026h[?25l[A[1Gpulling manifest [K
pulling 4824460d29f2:   8% ▕█                 ▏ 3.6 GB/ 42 GB  119 MB/s   5m26s[K[?25h[?2026l[?2026h[?25l[A[1Gpulling manifest [K
pulling 4824460d29f2:   8% ▕█                 ▏ 3.6 GB/ 42 GB  119 MB/s   5m26s[K[?25h[?2026l[?2026h[?25l[A[1Gpulling manifest [K
pulling 4824460d29f2:   9% ▕█                 ▏ 3.6 GB/ 42 GB  119 MB/s   5m25s[K[?25h[?2026l[?2026h[?25l[A[1Gpulling manifest [K
pulling 4824460d29f2:   9% ▕█                 ▏ 3.6 GB/ 42 GB  119 MB/s   5m25s[K[?25h[?2026l[?2026h[?25l[A[1Gpulling manifest [K
pulling 4824460d29f2:   9% ▕█                 ▏ 3.6 GB/ 42 GB  119 MB/s   5m25s[K[?25h[?2026l[?2026h[?25l[A[1Gpulling manifest [K
pulling 4824460d29f2:   9% ▕█                 ▏ 3.7 GB/ 42 GB  119 MB/s   5m25s[K[?25h[?2026l[?2026h[?25l[A[1Gpulling manifest [K
pulling 4824460d29f2:   9% ▕█                 ▏ 3.7 GB/ 42 GB  119 MB/s   5m25s[K[?25h[?2026l[?2026h[?25l[A[1Gpulling manifest [K
pulling 4824460d29f2:   9% ▕█                 ▏ 3.7 GB/ 42 GB  119 MB/s   5m25s[K[?25h[?2026l[?2026h[?25l[A[1Gpulling manifest [K
pulling 4824460d29f2:   9% ▕█                 ▏ 3.7 GB/ 42 GB  119 MB/s   5m25s[K[?25h[?2026l[?2026h[?25l[A[1Gpulling manifest [K
pulling 4824460d29f2:   9% ▕█                 ▏ 3.7 GB/ 42 GB  119 MB/s   5m25s[K[?25h[?2026l[?2026h[?25l[A[1Gpulling manifest [K
pulling 4824460d29f2:   9% ▕█                 ▏ 3.7 GB/ 42 GB  119 MB/s   5m25s[K[?25h[?2026l[?2026h[?25l[A[1Gpulling manifest [K
pulling 4824460d29f2:   9% ▕█                 ▏ 3.7 GB/ 42 GB  119 MB/s   5m25s[K[?25h[?2026l[?2026h[?25l[A[1Gpulling manifest [K
pulling 4824460d29f2:   9% ▕█                 ▏ 3.7 GB/ 42 GB  119 MB/s   5m25s[K[?25h[?2026l[?2026h[?25l[A[1Gpulling manifest [K
pulling 4824460d29f2:   9% ▕█                 ▏ 3.7 GB/ 42 GB  119 MB/s   5m25s[K[?25h[?2026l[?2026h[?25l[A[1Gpulling manifest [K
pulling 4824460d29f2:   9% ▕█                 ▏ 3.8 GB/ 42 GB  119 MB/s   5m24s[K[?25h[?2026l[?2026h[?25l[A[1Gpulling manifest [K
pulling 4824460d29f2:   9% ▕█                 ▏ 3.8 GB/ 42 GB  119 MB/s   5m24s[K[?25h[?2026l[?2026h[?25l[A[1Gpulling manifest [K
pulling 4824460d29f2:   9% ▕█                 ▏ 3.8 GB/ 42 GB  119 MB/s   5m24s[K[?25h[?2026l[?2026h[?25l[A[1Gpulling manifest [K
pulling 4824460d29f2:   9% ▕█                 ▏ 3.8 GB/ 42 GB  119 MB/s   5m24s[K[?25h[?2026l[?2026h[?25l[A[1Gpulling manifest [K
pulling 4824460d29f2:   9% ▕█                 ▏ 3.8 GB/ 42 GB  119 MB/s   5m24s[K[?25h[?2026l[?2026h[?25l[A[1Gpulling manifest [K
pulling 4824460d29f2:   9% ▕█                 ▏ 3.8 GB/ 42 GB  119 MB/s   5m24s[K[?25h[?2026l[?2026h[?25l[A[1Gpulling manifest [K
pulling 4824460d29f2:   9% ▕█                 ▏ 3.8 GB/ 42 GB  119 MB/s   5m24s[K[?25h[?2026l[?2026h[?25l[A[1Gpulling manifest [K
pulling 4824460d29f2:   9% ▕█                 ▏ 3.8 GB/ 42 GB  119 MB/s   5m24s[K[?25h[?2026l[?2026h[?25l[A[1Gpulling manifest [K
pulling 4824460d29f2:   9% ▕█                 ▏ 3.9 GB/ 42 GB  119 MB/s   5m24s[K[?25h[?2026l[?2026h[?25l[A[1Gpulling manifest [K
pulling 4824460d29f2:   9% ▕█                 ▏ 3.9 GB/ 42 GB  119 MB/s   5m23s[K[?25h[?2026l[?2026h[?25l[A[1Gpulling manifest [K
pulling 4824460d29f2:   9% ▕█                 ▏ 3.9 GB/ 42 GB  119 MB/s   5m23s[K[?25h[?2026l[?2026h[?25l[A[1Gpulling manifest [K
pulling 4824460d29f2:   9% ▕█                 ▏ 3.9 GB/ 42 GB  119 MB/s   5m23s[K[?25h[?2026l[?2026h[?25l[A[1Gpulling manifest [K
pulling 4824460d29f2:   9% ▕█                 ▏ 3.9 GB/ 42 GB  119 MB/s   5m23s[K[?25h[?2026l[?2026h[?25l[A[1Gpulling manifest [K
pulling 4824460d29f2:   9% ▕█                 ▏ 3.9 GB/ 42 GB  119 MB/s   5m23s[K[?25h[?2026l[?2026h[?25l[A[1Gpulling manifest [K
pulling 4824460d29f2:   9% ▕█                 ▏ 3.9 GB/ 42 GB  119 MB/s   5m23s[K[?25h[?2026l[?2026h[?25l[A[1Gpulling manifest [K
pulling 4824460d29f2:   9% ▕█                 ▏ 3.9 GB/ 42 GB  119 MB/s   5m23s[K[?25h[?2026l[?2026h[?25l[A[1Gpulling manifest [K
pulling 4824460d29f2:   9% ▕█                 ▏ 3.9 GB/ 42 GB  119 MB/s   5m23s[K[?25h[?2026l[?2026h[?25l[A[1Gpulling manifest [K
pulling 4824460d29f2:   9% ▕█                 ▏ 4.0 GB/ 42 GB  119 MB/s   5m23s[K[?25h[?2026l[?2026h[?25l[A[1Gpulling manifest [K
pulling 4824460d29f2:   9% ▕█                 ▏ 4.0 GB/ 42 GB  119 MB/s   5m23s[K[?25h[?2026l[?2026h[?25l[A[1Gpulling manifest [K
pulling 4824460d29f2:   9% ▕█                 ▏ 4.0 GB/ 42 GB  119 MB/s   5m23s[K[?25h[?2026l[?2026h[?25l[A[1Gpulling manifest [K
pulling 4824460d29f2:   9% ▕█                 ▏ 4.0 GB/ 42 GB  119 MB/s   5m22s[K[?25h[?2026l[?2026h[?25l[A[1Gpulling manifest [K
pulling 4824460d29f2:   9% ▕█                 ▏ 4.0 GB/ 42 GB  119 MB/s   5m22s[K[?25h[?2026l[?2026h[?25l[A[1Gpulling manifest [K
pulling 4824460d29f2:   9% ▕█                 ▏ 4.0 GB/ 42 GB  119 MB/s   5m22s[K[?25h[?2026l[?2026h[?25l[A[1Gpulling manifest [K
pulling 4824460d29f2:   9% ▕█                 ▏ 4.0 GB/ 42 GB  119 MB/s   5m22s[K[?25h[?2026l[?2026h[?25l[A[1Gpulling manifest [K
pulling 4824460d29f2:  10% ▕█                 ▏ 4.0 GB/ 42 GB  119 MB/s   5m22s[K[?25h[?2026l[?2026h[?25l[A[1Gpulling manifest [K
pulling 4824460d29f2:  10% ▕█                 ▏ 4.0 GB/ 42 GB  119 MB/s   5m22s[K[?25h[?2026l[?2026h[?25l[A[1Gpulling manifest [K
pulling 4824460d29f2:  10% ▕█                 ▏ 4.1 GB/ 42 GB  119 MB/s   5m22s[K[?25h[?2026l[?2026h[?25l[A[1Gpulling manifest [K
pulling 4824460d29f2:  10% ▕█                 ▏ 4.1 GB/ 42 GB  119 MB/s   5m22s[K[?25h[?2026l[?2026h[?25l[A[1Gpulling manifest [K
pulling 4824460d29f2:  10% ▕█                 ▏ 4.1 GB/ 42 GB  119 MB/s   5m22s[K[?25h[?2026l[?2026h[?25l[A[1Gpulling manifest [K
pulling 4824460d29f2:  10% ▕█                 ▏ 4.1 GB/ 42 GB  119 MB/s   5m22s[K[?25h[?2026l[?2026h[?25l[A[1Gpulling manifest [K
pulling 4824460d29f2:  10% ▕█                 ▏ 4.1 GB/ 42 GB  119 MB/s   5m22s[K[?25h[?2026l[?2026h[?25l[A[1Gpulling manifest [K
pulling 4824460d29f2:  10% ▕█                 ▏ 4.1 GB/ 42 GB  119 MB/s   5m21s[K[?25h[?2026l[?2026h[?25l[A[1Gpulling manifest [K
pulling 4824460d29f2:  10% ▕█                 ▏ 4.1 GB/ 42 GB  119 MB/s   5m21s[K[?25h[?2026l[?2026h[?25l[A[1Gpulling manifest [K
pulling 4824460d29f2:  10% ▕█                 ▏ 4.1 GB/ 42 GB  119 MB/s   5m21s[K[?25h[?2026l[?2026h[?25l[A[1Gpulling manifest [K
pulling 4824460d29f2:  10% ▕█                 ▏ 4.2 GB/ 42 GB  119 MB/s   5m21s[K[?25h[?2026l[?2026h[?25l[A[1Gpulling manifest [K
pulling 4824460d29f2:  10% ▕█                 ▏ 4.2 GB/ 42 GB  119 MB/s   5m21s[K[?25h[?2026l[?2026h[?25l[A[1Gpulling manifest [K
pulling 4824460d29f2:  10% ▕█                 ▏ 4.2 GB/ 42 GB  119 MB/s   5m20s[K[?25h[?2026l[?2026h[?25l[A[1Gpulling manifest [K
pulling 4824460d29f2:  10% ▕█                 ▏ 4.2 GB/ 42 GB  119 MB/s   5m20s[K[?25h[?2026l[?2026h[?25l[A[1Gpulling manifest [K
pulling 4824460d29f2:  10% ▕█                 ▏ 4.2 GB/ 42 GB  119 MB/s   5m20s[K[?25h[?2026l[?2026h[?25l[A[1Gpulling manifest [K
pulling 4824460d29f2:  10% ▕█                 ▏ 4.2 GB/ 42 GB  119 MB/s   5m20s[K[?25h[?2026l[?2026h[?25l[A[1Gpulling manifest [K
pulling 4824460d29f2:  10% ▕█                 ▏ 4.2 GB/ 42 GB  119 MB/s   5m20s[K[?25h[?2026l[?2026h[?25l[A[1Gpulling manifest [K
pulling 4824460d29f2:  10% ▕█                 ▏ 4.2 GB/ 42 GB  119 MB/s   5m20s[K[?25h[?2026l[?2026h[?25l[A[1Gpulling manifest [K
pulling 4824460d29f2:  10% ▕█                 ▏ 4.3 GB/ 42 GB  119 MB/s   5m20s[K[?25h[?2026l[?2026h[?25l[A[1Gpulling manifest [K
pulling 4824460d29f2:  10% ▕█                 ▏ 4.3 GB/ 42 GB  119 MB/s   5m20s[K[?25h[?2026l[?2026h[?25l[A[1Gpulling manifest [K
pulling 4824460d29f2:  10% ▕█                 ▏ 4.3 GB/ 42 GB  119 MB/s   5m20s[K[?25h[?2026l[?2026h[?25l[A[1Gpulling manifest [K
pulling 4824460d29f2:  10% ▕█                 ▏ 4.3 GB/ 42 GB  119 MB/s   5m20s[K[?25h[?2026l[?2026h[?25l[A[1Gpulling manifest [K
pulling 4824460d29f2:  10% ▕█                 ▏ 4.3 GB/ 42 GB  119 MB/s   5m20s[K[?25h[?2026l[?2026h[?25l[A[1Gpulling manifest [K
pulling 4824460d29f2:  10% ▕█                 ▏ 4.3 GB/ 42 GB  119 MB/s   5m20s[K[?25h[?2026l[?2026h[?25l[A[1Gpulling manifest [K
pulling 4824460d29f2:  10% ▕█                 ▏ 4.3 GB/ 42 GB  119 MB/s   5m19s[K[?25h[?2026l[?2026h[?25l[A[1Gpulling manifest [K
pulling 4824460d29f2:  10% ▕█                 ▏ 4.3 GB/ 42 GB  119 MB/s   5m19s[K[?25h[?2026l[?2026h[?25l[A[1Gpulling manifest [K
pulling 4824460d29f2:  10% ▕█                 ▏ 4.3 GB/ 42 GB  119 MB/s   5m19s[K[?25h[?2026l[?2026h[?25l[A[1Gpulling manifest [K
pulling 4824460d29f2:  10% ▕█                 ▏ 4.4 GB/ 42 GB  119 MB/s   5m19s[K[?25h[?2026l[?2026h[?25l[A[1Gpulling manifest [K
pulling 4824460d29f2:  10% ▕█                 ▏ 4.4 GB/ 42 GB  119 MB/s   5m19s[K[?25h[?2026l[?2026h[?25l[A[1Gpulling manifest [K
pulling 4824460d29f2:  10% ▕█                 ▏ 4.4 GB/ 42 GB  119 MB/s   5m19s[K[?25h[?2026l[?2026h[?25l[A[1Gpulling manifest [K
pulling 4824460d29f2:  10% ▕█                 ▏ 4.4 GB/ 42 GB  119 MB/s   5m19s[K[?25h[?2026l[?2026h[?25l[A[1Gpulling manifest [K
pulling 4824460d29f2:  10% ▕█                 ▏ 4.4 GB/ 42 GB  119 MB/s   5m19s[K[?25h[?2026l[?2026h[?25l[A[1Gpulling manifest [K
pulling 4824460d29f2:  10% ▕█                 ▏ 4.4 GB/ 42 GB  119 MB/s   5m19s[K[?25h[?2026l[?2026h[?25l[A[1Gpulling manifest [K
pulling 4824460d29f2:  10% ▕█                 ▏ 4.4 GB/ 42 GB  119 MB/s   5m19s[K[?25h[?2026l[?2026h[?25l[A[1Gpulling manifest [K
pulling 4824460d29f2:  10% ▕█                 ▏ 4.4 GB/ 42 GB  119 MB/s   5m19s[K[?25h[?2026l[?2026h[?25l[A[1Gpulling manifest [K
pulling 4824460d29f2:  10% ▕█                 ▏ 4.4 GB/ 42 GB  119 MB/s   5m18s[K[?25h[?2026l[?2026h[?25l[A[1Gpulling manifest [K
pulling 4824460d29f2:  10% ▕█                 ▏ 4.5 GB/ 42 GB  119 MB/s   5m18s[K[?25h[?2026l[?2026h[?25l[A[1Gpulling manifest [K
pulling 4824460d29f2:  11% ▕█                 ▏ 4.5 GB/ 42 GB  119 MB/s   5m18s[K[?25h[?2026l[?2026h[?25l[A[1Gpulling manifest [K
pulling 4824460d29f2:  11% ▕█                 ▏ 4.5 GB/ 42 GB  119 MB/s   5m18s[K[?25h[?2026l[?2026h[?25l[A[1Gpulling manifest [K
pulling 4824460d29f2:  11% ▕█                 ▏ 4.5 GB/ 42 GB  119 MB/s   5m18s[K[?25h[?2026l[?2026h[?25l[A[1Gpulling manifest [K
pulling 4824460d29f2:  11% ▕█                 ▏ 4.5 GB/ 42 GB  119 MB/s   5m18s[K[?25h[?2026l[?2026h[?25l[A[1Gpulling manifest [K
pulling 4824460d29f2:  11% ▕█                 ▏ 4.5 GB/ 42 GB  119 MB/s   5m18s[K[?25h[?2026l[?2026h[?25l[A[1Gpulling manifest [K
pulling 4824460d29f2:  11% ▕█                 ▏ 4.5 GB/ 42 GB  119 MB/s   5m17s[K[?25h[?2026l[?2026h[?25l[A[1Gpulling manifest [K
pulling 4824460d29f2:  11% ▕█                 ▏ 4.5 GB/ 42 GB  119 MB/s   5m17s[K[?25h[?2026l[?2026h[?25l[A[1Gpulling manifest [K
pulling 4824460d29f2:  11% ▕█                 ▏ 4.6 GB/ 42 GB  119 MB/s   5m17s[K[?25h[?2026l[?2026h[?25l[A[1Gpulling manifest [K
pulling 4824460d29f2:  11% ▕█                 ▏ 4.6 GB/ 42 GB  119 MB/s   5m17s[K[?25h[?2026l[?2026h[?25l[A[1Gpulling manifest [K
pulling 4824460d29f2:  11% ▕█                 ▏ 4.6 GB/ 42 GB  119 MB/s   5m17s[K[?25h[?2026l[?2026h[?25l[A[1Gpulling manifest [K
pulling 4824460d29f2:  11% ▕█                 ▏ 4.6 GB/ 42 GB  119 MB/s   5m17s[K[?25h[?2026l[?2026h[?25l[A[1Gpulling manifest [K
pulling 4824460d29f2:  11% ▕█                 ▏ 4.6 GB/ 42 GB  119 MB/s   5m17s[K[?25h[?2026l[?2026h[?25l[A[1Gpulling manifest [K
pulling 4824460d29f2:  11% ▕█                 ▏ 4.6 GB/ 42 GB  119 MB/s   5m17s[K[?25h[?2026l[?2026h[?25l[A[1Gpulling manifest [K
pulling 4824460d29f2:  11% ▕█                 ▏ 4.6 GB/ 42 GB  119 MB/s   5m17s[K[?25h[?2026l[?2026h[?25l[A[1Gpulling manifest [K
pulling 4824460d29f2:  11% ▕█                 ▏ 4.6 GB/ 42 GB  119 MB/s   5m17s[K[?25h[?2026l[?2026h[?25l[A[1Gpulling manifest [K
pulling 4824460d29f2:  11% ▕█                 ▏ 4.6 GB/ 42 GB  119 MB/s   5m17s[K[?25h[?2026l[?2026h[?25l[A[1Gpulling manifest [K
pulling 4824460d29f2:  11% ▕█                 ▏ 4.7 GB/ 42 GB  119 MB/s   5m17s[K[?25h[?2026l[?2026h[?25l[A[1Gpulling manifest [K
pulling 4824460d29f2:  11% ▕█                 ▏ 4.7 GB/ 42 GB  119 MB/s   5m17s[K[?25h[?2026l[?2026h[?25l[A[1Gpulling manifest [K
pulling 4824460d29f2:  11% ▕█                 ▏ 4.7 GB/ 42 GB  119 MB/s   5m17s[K[?25h[?2026l[?2026h[?25l[A[1Gpulling manifest [K
pulling 4824460d29f2:  11% ▕█                 ▏ 4.7 GB/ 42 GB  119 MB/s   5m17s[K[?25h[?2026l[?2026h[?25l[A[1Gpulling manifest [K
pulling 4824460d29f2:  11% ▕█                 ▏ 4.7 GB/ 42 GB  119 MB/s   5m17s[K[?25h[?2026l[?2026h[?25l[A[1Gpulling manifest [K
pulling 4824460d29f2:  11% ▕█                 ▏ 4.7 GB/ 42 GB  119 MB/s   5m16s[K[?25h[?2026l[?2026h[?25l[A[1Gpulling manifest [K
pulling 4824460d29f2:  11% ▕██                ▏ 4.7 GB/ 42 GB  119 MB/s   5m16s[K[?25h[?2026l[?2026h[?25l[A[1Gpulling manifest [K
pulling 4824460d29f2:  11% ▕██                ▏ 4.7 GB/ 42 GB  119 MB/s   5m16s[K[?25h[?2026l[?2026h[?25l[A[1Gpulling manifest [K
pulling 4824460d29f2:  11% ▕██                ▏ 4.8 GB/ 42 GB  119 MB/s   5m16s[K[?25h[?2026l[?2026h[?25l[A[1Gpulling manifest [K
pulling 4824460d29f2:  11% ▕██                ▏ 4.8 GB/ 42 GB  119 MB/s   5m16s[K[?25h[?2026l[?2026h[?25l[A[1Gpulling manifest [K
pulling 4824460d29f2:  11% ▕██                ▏ 4.8 GB/ 42 GB  119 MB/s   5m15s[K[?25h[?2026l[?2026h[?25l[A[1Gpulling manifest [K
pulling 4824460d29f2:  11% ▕██                ▏ 4.8 GB/ 42 GB  119 MB/s   5m15s[K[?25h[?2026l[?2026h[?25l[A[1Gpulling manifest [K
pulling 4824460d29f2:  11% ▕██                ▏ 4.8 GB/ 42 GB  119 MB/s   5m15s[K[?25h[?2026l[?2026h[?25l[A[1Gpulling manifest [K
pulling 4824460d29f2:  11% ▕██                ▏ 4.8 GB/ 42 GB  119 MB/s   5m15s[K[?25h[?2026l[?2026h[?25l[A[1Gpulling manifest [K
pulling 4824460d29f2:  11% ▕██                ▏ 4.8 GB/ 42 GB  119 MB/s   5m15s[K[?25h[?2026l[?2026h[?25l[A[1Gpulling manifest [K
pulling 4824460d29f2:  11% ▕██                ▏ 4.8 GB/ 42 GB  119 MB/s   5m15s[K[?25h[?2026l[?2026h[?25l[A[1Gpulling manifest [K
pulling 4824460d29f2:  11% ▕██                ▏ 4.8 GB/ 42 GB  119 MB/s   5m15s[K[?25h[?2026l[?2026h[?25l[A[1Gpulling manifest [K
pulling 4824460d29f2:  11% ▕██                ▏ 4.9 GB/ 42 GB  119 MB/s   5m14s[K[?25h[?2026l[?2026h[?25l[A[1Gpulling manifest [K
pulling 4824460d29f2:  11% ▕██                ▏ 4.9 GB/ 42 GB  119 MB/s   5m14s[K[?25h[?2026l[?2026h[?25l[A[1Gpulling manifest [K
pulling 4824460d29f2:  11% ▕██                ▏ 4.9 GB/ 42 GB  119 MB/s   5m14s[K[?25h[?2026l[?2026h[?25l[A[1Gpulling manifest [K
pulling 4824460d29f2:  12% ▕██                ▏ 4.9 GB/ 42 GB  119 MB/s   5m15s[K[?25h[?2026l[?2026h[?25l[A[1Gpulling manifest [K
pulling 4824460d29f2:  12% ▕██                ▏ 4.9 GB/ 42 GB  119 MB/s   5m14s[K[?25h[?2026l[?2026h[?25l[A[1Gpulling manifest [K
pulling 4824460d29f2:  12% ▕██                ▏ 4.9 GB/ 42 GB  119 MB/s   5m14s[K[?25h[?2026l[?2026h[?25l[A[1Gpulling manifest [K
pulling 4824460d29f2:  12% ▕██                ▏ 4.9 GB/ 42 GB  119 MB/s   5m14s[K[?25h[?2026l[?2026h[?25l[A[1Gpulling manifest [K
pulling 4824460d29f2:  12% ▕██                ▏ 4.9 GB/ 42 GB  119 MB/s   5m14s[K[?25h[?2026l[?2026h[?25l[A[1Gpulling manifest [K
pulling 4824460d29f2:  12% ▕██                ▏ 5.0 GB/ 42 GB  119 MB/s   5m14s[K[?25h[?2026l[?2026h[?25l[A[1Gpulling manifest [K
pulling 4824460d29f2:  12% ▕██                ▏ 5.0 GB/ 42 GB  119 MB/s   5m14s[K[?25h[?2026l[?2026h[?25l[A[1Gpulling manifest [K
pulling 4824460d29f2:  12% ▕██                ▏ 5.0 GB/ 42 GB  119 MB/s   5m14s[K[?25h[?2026l[?2026h[?25l[A[1Gpulling manifest [K
pulling 4824460d29f2:  12% ▕██                ▏ 5.0 GB/ 42 GB  119 MB/s   5m14s[K[?25h[?2026l[?2026h[?25l[A[1Gpulling manifest [K
pulling 4824460d29f2:  12% ▕██                ▏ 5.0 GB/ 42 GB  119 MB/s   5m14s[K[?25h[?2026l[?2026h[?25l[A[1Gpulling manifest [K
pulling 4824460d29f2:  12% ▕██                ▏ 5.0 GB/ 42 GB  119 MB/s   5m14s[K[?25h[?2026l[?2026h[?25l[A[1Gpulling manifest [K
pulling 4824460d29f2:  12% ▕██                ▏ 5.0 GB/ 42 GB  119 MB/s   5m14s[K[?25h[?2026l[?2026h[?25l[A[1Gpulling manifest [K
pulling 4824460d29f2:  12% ▕██                ▏ 5.0 GB/ 42 GB  119 MB/s   5m14s[K[?25h[?2026l[?2026h[?25l[A[1Gpulling manifest [K
pulling 4824460d29f2:  12% ▕██                ▏ 5.0 GB/ 42 GB  119 MB/s   5m14s[K[?25h[?2026l[?2026h[?25l[A[1Gpulling manifest [K
pulling 4824460d29f2:  12% ▕██                ▏ 5.1 GB/ 42 GB  119 MB/s   5m13s[K[?25h[?2026l[?2026h[?25l[A[1Gpulling manifest [K
pulling 4824460d29f2:  12% ▕██                ▏ 5.1 GB/ 42 GB  119 MB/s   5m13s[K[?25h[?2026l[?2026h[?25l[A[1Gpulling manifest [K
pulling 4824460d29f2:  12% ▕██                ▏ 5.1 GB/ 42 GB  119 MB/s   5m13s[K[?25h[?2026l[?2026h[?25l[A[1Gpulling manifest [K
pulling 4824460d29f2:  12% ▕██                ▏ 5.1 GB/ 42 GB  119 MB/s   5m13s[K[?25h[?2026l[?2026h[?25l[A[1Gpulling manifest [K
pulling 4824460d29f2:  12% ▕██                ▏ 5.1 GB/ 42 GB  119 MB/s   5m13s[K[?25h[?2026l[?2026h[?25l[A[1Gpulling manifest [K
pulling 4824460d29f2:  12% ▕██                ▏ 5.1 GB/ 42 GB  119 MB/s   5m13s[K[?25h[?2026l[?2026h[?25l[A[1Gpulling manifest [K
pulling 4824460d29f2:  12% ▕██                ▏ 5.1 GB/ 42 GB  119 MB/s   5m13s[K[?25h[?2026l[?2026h[?25l[A[1Gpulling manifest [K
pulling 4824460d29f2:  12% ▕██                ▏ 5.1 GB/ 42 GB  119 MB/s   5m13s[K[?25h[?2026l[?2026h[?25l[A[1Gpulling manifest [K
pulling 4824460d29f2:  12% ▕██                ▏ 5.2 GB/ 42 GB  119 MB/s   5m13s[K[?25h[?2026l[?2026h[?25l[A[1Gpulling manifest [K
pulling 4824460d29f2:  12% ▕██                ▏ 5.2 GB/ 42 GB  119 MB/s   5m12s[K[?25h[?2026l[?2026h[?25l[A[1Gpulling manifest [K
pulling 4824460d29f2:  12% ▕██                ▏ 5.2 GB/ 42 GB  119 MB/s   5m12s[K[?25h[?2026l[?2026h[?25l[A[1Gpulling manifest [K
pulling 4824460d29f2:  12% ▕██                ▏ 5.2 GB/ 42 GB  119 MB/s   5m12s[K[?25h[?2026l[?2026h[?25l[A[1Gpulling manifest [K
pulling 4824460d29f2:  12% ▕██                ▏ 5.2 GB/ 42 GB  119 MB/s   5m12s[K[?25h[?2026l[?2026h[?25l[A[1Gpulling manifest [K
pulling 4824460d29f2:  12% ▕██                ▏ 5.2 GB/ 42 GB  119 MB/s   5m12s[K[?25h[?2026l[?2026h[?25l[A[1Gpulling manifest [K
pulling 4824460d29f2:  12% ▕██                ▏ 5.2 GB/ 42 GB  119 MB/s   5m12s[K[?25h[?2026l[?2026h[?25l[A[1Gpulling manifest [K
pulling 4824460d29f2:  12% ▕██                ▏ 5.2 GB/ 42 GB  119 MB/s   5m12s[K[?25h[?2026l[?2026h[?25l[A[1Gpulling manifest [K
pulling 4824460d29f2:  12% ▕██                ▏ 5.2 GB/ 42 GB  119 MB/s   5m12s[K[?25h[?2026l[?2026h[?25l[A[1Gpulling manifest [K
pulling 4824460d29f2:  12% ▕██                ▏ 5.3 GB/ 42 GB  119 MB/s   5m12s[K[?25h[?2026l[?2026h[?25l[A[1Gpulling manifest [K
pulling 4824460d29f2:  12% ▕██                ▏ 5.3 GB/ 42 GB  119 MB/s   5m12s[K[?25h[?2026l[?2026h[?25l[A[1Gpulling manifest [K
pulling 4824460d29f2:  12% ▕██                ▏ 5.3 GB/ 42 GB  119 MB/s   5m12s[K[?25h[?2026l[?2026h[?25l[A[1Gpulling manifest [K
pulling 4824460d29f2:  12% ▕██                ▏ 5.3 GB/ 42 GB  119 MB/s   5m12s[K[?25h[?2026l[?2026h[?25l[A[1Gpulling manifest [K
pulling 4824460d29f2:  12% ▕██                ▏ 5.3 GB/ 42 GB  119 MB/s   5m12s[K[?25h[?2026l[?2026h[?25l[A[1Gpulling manifest [K
pulling 4824460d29f2:  12% ▕██                ▏ 5.3 GB/ 42 GB  119 MB/s   5m11s[K[?25h[?2026l[?2026h[?25l[A[1Gpulling manifest [K
pulling 4824460d29f2:  13% ▕██                ▏ 5.3 GB/ 42 GB  119 MB/s   5m11s[K[?25h[?2026l[?2026h[?25l[A[1Gpulling manifest [K
pulling 4824460d29f2:  13% ▕██                ▏ 5.3 GB/ 42 GB  119 MB/s   5m11s[K[?25h[?2026l[?2026h[?25l[A[1Gpulling manifest [K
pulling 4824460d29f2:  13% ▕██                ▏ 5.3 GB/ 42 GB  119 MB/s   5m11s[K[?25h[?2026l[?2026h[?25l[A[1Gpulling manifest [K
pulling 4824460d29f2:  13% ▕██                ▏ 5.4 GB/ 42 GB  119 MB/s   5m11s[K[?25h[?2026l[?2026h[?25l[A[1Gpulling manifest [K
pulling 4824460d29f2:  13% ▕██                ▏ 5.4 GB/ 42 GB  119 MB/s   5m11s[K[?25h[?2026l[?2026h[?25l[A[1Gpulling manifest [K
pulling 4824460d29f2:  13% ▕██                ▏ 5.4 GB/ 42 GB  119 MB/s   5m11s[K[?25h[?2026l[?2026h[?25l[A[1Gpulling manifest [K
pulling 4824460d29f2:  13% ▕██                ▏ 5.4 GB/ 42 GB  119 MB/s   5m11s[K[?25h[?2026l[?2026h[?25l[A[1Gpulling manifest [K
pulling 4824460d29f2:  13% ▕██                ▏ 5.4 GB/ 42 GB  119 MB/s   5m11s[K[?25h[?2026l[?2026h[?25l[A[1Gpulling manifest [K
pulling 4824460d29f2:  13% ▕██                ▏ 5.4 GB/ 42 GB  119 MB/s   5m11s[K[?25h[?2026l[?2026h[?25l[A[1Gpulling manifest [K
pulling 4824460d29f2:  13% ▕██                ▏ 5.4 GB/ 42 GB  119 MB/s   5m11s[K[?25h[?2026l[?2026h[?25l[A[1Gpulling manifest [K
pulling 4824460d29f2:  13% ▕██                ▏ 5.4 GB/ 42 GB  119 MB/s   5m11s[K[?25h[?2026l[?2026h[?25l[A[1Gpulling manifest [K
pulling 4824460d29f2:  13% ▕██                ▏ 5.5 GB/ 42 GB  119 MB/s   5m10s[K[?25h[?2026l[?2026h[?25l[A[1Gpulling manifest [K
pulling 4824460d29f2:  13% ▕██                ▏ 5.5 GB/ 42 GB  119 MB/s   5m10s[K[?25h[?2026l[?2026h[?25l[A[1Gpulling manifest [K
pulling 4824460d29f2:  13% ▕██                ▏ 5.5 GB/ 42 GB  119 MB/s   5m10s[K[?25h[?2026l[?2026h[?25l[A[1Gpulling manifest [K
pulling 4824460d29f2:  13% ▕██                ▏ 5.5 GB/ 42 GB  119 MB/s   5m10s[K[?25h[?2026l[?2026h[?25l[A[1Gpulling manifest [K
pulling 4824460d29f2:  13% ▕██                ▏ 5.5 GB/ 42 GB  119 MB/s   5m10s[K[?25h[?2026l[?2026h[?25l[A[1Gpulling manifest [K
pulling 4824460d29f2:  13% ▕██                ▏ 5.5 GB/ 42 GB  119 MB/s   5m10s[K[?25h[?2026l[?2026h[?25l[A[1Gpulling manifest [K
pulling 4824460d29f2:  13% ▕██                ▏ 5.5 GB/ 42 GB  119 MB/s   5m10s[K[?25h[?2026l[?2026h[?25l[A[1Gpulling manifest [K
pulling 4824460d29f2:  13% ▕██                ▏ 5.5 GB/ 42 GB  119 MB/s   5m10s[K[?25h[?2026l[?2026h[?25l[A[1Gpulling manifest [K
pulling 4824460d29f2:  13% ▕██                ▏ 5.5 GB/ 42 GB  119 MB/s   5m10s[K[?25h[?2026l[?2026h[?25l[A[1Gpulling manifest [K
pulling 4824460d29f2:  13% ▕██                ▏ 5.6 GB/ 42 GB  119 MB/s   5m10s[K[?25h[?2026l[?2026h[?25l[A[1Gpulling manifest [K
pulling 4824460d29f2:  13% ▕██                ▏ 5.6 GB/ 42 GB  119 MB/s   5m10s[K[?25h[?2026l[?2026h[?25l[A[1Gpulling manifest [K
pulling 4824460d29f2:  13% ▕██                ▏ 5.6 GB/ 42 GB  119 MB/s    5m9s[K[?25h[?2026l[?2026h[?25l[A[1Gpulling manifest [K
pulling 4824460d29f2:  13% ▕██                ▏ 5.6 GB/ 42 GB  119 MB/s    5m9s[K[?25h[?2026l[?2026h[?25l[A[1Gpulling manifest [K
pulling 4824460d29f2:  13% ▕██                ▏ 5.6 GB/ 42 GB  119 MB/s    5m9s[K[?25h[?2026l[?2026h[?25l[A[1Gpulling manifest [K
pulling 4824460d29f2:  13% ▕██                ▏ 5.6 GB/ 42 GB  119 MB/s    5m9s[K[?25h[?2026l[?2026h[?25l[A[1Gpulling manifest [K
pulling 4824460d29f2:  13% ▕██                ▏ 5.6 GB/ 42 GB  119 MB/s    5m9s[K[?25h[?2026l[?2026h[?25l[A[1Gpulling manifest [K
pulling 4824460d29f2:  13% ▕██                ▏ 5.6 GB/ 42 GB  119 MB/s    5m9s[K[?25h[?2026l[?2026h[?25l[A[1Gpulling manifest [K
pulling 4824460d29f2:  13% ▕██                ▏ 5.7 GB/ 42 GB  119 MB/s    5m9s[K[?25h[?2026l[?2026h[?25l[A[1Gpulling manifest [K
pulling 4824460d29f2:  13% ▕██                ▏ 5.7 GB/ 42 GB  119 MB/s    5m9s[K[?25h[?2026l[?2026h[?25l[A[1Gpulling manifest [K
pulling 4824460d29f2:  13% ▕██                ▏ 5.7 GB/ 42 GB  119 MB/s    5m9s[K[?25h[?2026l[?2026h[?25l[A[1Gpulling manifest [K
pulling 4824460d29f2:  13% ▕██                ▏ 5.7 GB/ 42 GB  119 MB/s    5m8s[K[?25h[?2026l[?2026h[?25l[A[1Gpulling manifest [K
pulling 4824460d29f2:  13% ▕██                ▏ 5.7 GB/ 42 GB  119 MB/s    5m8s[K[?25h[?2026l[?2026h[?25l[A[1Gpulling manifest [K
pulling 4824460d29f2:  13% ▕██                ▏ 5.7 GB/ 42 GB  119 MB/s    5m8s[K[?25h[?2026l[?2026h[?25l[A[1Gpulling manifest [K
pulling 4824460d29f2:  13% ▕██                ▏ 5.7 GB/ 42 GB  119 MB/s    5m8s[K[?25h[?2026l[?2026h[?25l[A[1Gpulling manifest [K
pulling 4824460d29f2:  13% ▕██                ▏ 5.7 GB/ 42 GB  119 MB/s    5m8s[K[?25h[?2026l[?2026h[?25l[A[1Gpulling manifest [K
pulling 4824460d29f2:  14% ▕██                ▏ 5.7 GB/ 42 GB  119 MB/s    5m8s[K[?25h[?2026l[?2026h[?25l[A[1Gpulling manifest [K
pulling 4824460d29f2:  14% ▕██                ▏ 5.8 GB/ 42 GB  119 MB/s    5m8s[K[?25h[?2026l[?2026h[?25l[A[1Gpulling manifest [K
pulling 4824460d29f2:  14% ▕██                ▏ 5.8 GB/ 42 GB  119 MB/s    5m8s[K[?25h[?2026l[?2026h[?25l[A[1Gpulling manifest [K
pulling 4824460d29f2:  14% ▕██                ▏ 5.8 GB/ 42 GB  119 MB/s    5m7s[K[?25h[?2026l[?2026h[?25l[A[1Gpulling manifest [K
pulling 4824460d29f2:  14% ▕██                ▏ 5.8 GB/ 42 GB  119 MB/s    5m7s[K[?25h[?2026l[?2026h[?25l[A[1Gpulling manifest [K
pulling 4824460d29f2:  14% ▕██                ▏ 5.8 GB/ 42 GB  119 MB/s    5m7s[K[?25h[?2026l[?2026h[?25l[A[1Gpulling manifest [K
pulling 4824460d29f2:  14% ▕██                ▏ 5.8 GB/ 42 GB  119 MB/s    5m7s[K[?25h[?2026l[?2026h[?25l[A[1Gpulling manifest [K
pulling 4824460d29f2:  14% ▕██                ▏ 5.8 GB/ 42 GB  119 MB/s    5m7s[K[?25h[?2026l[?2026h[?25l[A[1Gpulling manifest [K
pulling 4824460d29f2:  14% ▕██                ▏ 5.8 GB/ 42 GB  119 MB/s    5m7s[K[?25h[?2026l[?2026h[?25l[A[1Gpulling manifest [K
pulling 4824460d29f2:  14% ▕██                ▏ 5.9 GB/ 42 GB  118 MB/s    5m8s[K[?25h[?2026l[?2026h[?25l[A[1Gpulling manifest [K
pulling 4824460d29f2:  14% ▕██                ▏ 5.9 GB/ 42 GB  118 MB/s    5m8s[K[?25h[?2026l[?2026h[?25l[A[1Gpulling manifest [K
pulling 4824460d29f2:  14% ▕██                ▏ 5.9 GB/ 42 GB  118 MB/s    5m8s[K[?25h[?2026l[?2026h[?25l[A[1Gpulling manifest [K
pulling 4824460d29f2:  14% ▕██                ▏ 5.9 GB/ 42 GB  118 MB/s    5m7s[K[?25h[?2026l[?2026h[?25l[A[1Gpulling manifest [K
pulling 4824460d29f2:  14% ▕██                ▏ 5.9 GB/ 42 GB  118 MB/s    5m7s[K[?25h[?2026l[?2026h[?25l[A[1Gpulling manifest [K
pulling 4824460d29f2:  14% ▕██                ▏ 5.9 GB/ 42 GB  118 MB/s    5m7s[K[?25h[?2026l[?2026h[?25l[A[1Gpulling manifest [K
pulling 4824460d29f2:  14% ▕██                ▏ 5.9 GB/ 42 GB  118 MB/s    5m7s[K[?25h[?2026l[?2026h[?25l[A[1Gpulling manifest [K
pulling 4824460d29f2:  14% ▕██                ▏ 5.9 GB/ 42 GB  118 MB/s    5m7s[K[?25h[?2026l[?2026h[?25l[A[1Gpulling manifest [K
pulling 4824460d29f2:  14% ▕██                ▏ 5.9 GB/ 42 GB  118 MB/s    5m7s[K[?25h[?2026l[?2026h[?25l[A[1Gpulling manifest [K
pulling 4824460d29f2:  14% ▕██                ▏ 6.0 GB/ 42 GB  118 MB/s    5m7s[K[?25h[?2026l[?2026h[?25l[A[1Gpulling manifest [K
pulling 4824460d29f2:  14% ▕██                ▏ 6.0 GB/ 42 GB  119 MB/s    5m6s[K[?25h[?2026l[?2026h[?25l[A[1Gpulling manifest [K
pulling 4824460d29f2:  14% ▕██                ▏ 6.0 GB/ 42 GB  119 MB/s    5m6s[K[?25h[?2026l[?2026h[?25l[A[1Gpulling manifest [K
pulling 4824460d29f2:  14% ▕██                ▏ 6.0 GB/ 42 GB  119 MB/s    5m6s[K[?25h[?2026l[?2026h[?25l[A[1Gpulling manifest [K
pulling 4824460d29f2:  14% ▕██                ▏ 6.0 GB/ 42 GB  119 MB/s    5m6s[K[?25h[?2026l[?2026h[?25l[A[1Gpulling manifest [K
pulling 4824460d29f2:  14% ▕██                ▏ 6.0 GB/ 42 GB  119 MB/s    5m6s[K[?25h[?2026l[?2026h[?25l[A[1Gpulling manifest [K
pulling 4824460d29f2:  14% ▕██                ▏ 6.0 GB/ 42 GB  119 MB/s    5m5s[K[?25h[?2026l[?2026h[?25l[A[1Gpulling manifest [K
pulling 4824460d29f2:  14% ▕██                ▏ 6.0 GB/ 42 GB  119 MB/s    5m5s[K[?25h[?2026l[?2026h[?25l[A[1Gpulling manifest [K
pulling 4824460d29f2:  14% ▕██                ▏ 6.0 GB/ 42 GB  119 MB/s    5m5s[K[?25h[?2026l[?2026h[?25l[A[1Gpulling manifest [K
pulling 4824460d29f2:  14% ▕██                ▏ 6.1 GB/ 42 GB  119 MB/s    5m5s[K[?25h[?2026l[?2026h[?25l[A[1Gpulling manifest [K
pulling 4824460d29f2:  14% ▕██                ▏ 6.1 GB/ 42 GB  119 MB/s    5m5s[K[?25h[?2026l[?2026h[?25l[A[1Gpulling manifest [K
pulling 4824460d29f2:  14% ▕██                ▏ 6.1 GB/ 42 GB  119 MB/s    5m5s[K[?25h[?2026l[?2026h[?25l[A[1Gpulling manifest [K
pulling 4824460d29f2:  14% ▕██                ▏ 6.1 GB/ 42 GB  119 MB/s    5m5s[K[?25h[?2026l[?2026h[?25l[A[1Gpulling manifest [K
pulling 4824460d29f2:  14% ▕██                ▏ 6.1 GB/ 42 GB  119 MB/s    5m5s[K[?25h[?2026l[?2026h[?25l[A[1Gpulling manifest [K
pulling 4824460d29f2:  14% ▕██                ▏ 6.1 GB/ 42 GB  119 MB/s    5m5s[K[?25h[?2026l[?2026h[?25l[A[1Gpulling manifest [K
pulling 4824460d29f2:  14% ▕██                ▏ 6.1 GB/ 42 GB  119 MB/s    5m4s[K[?25h[?2026l[?2026h[?25l[A[1Gpulling manifest [K
pulling 4824460d29f2:  14% ▕██                ▏ 6.1 GB/ 42 GB  119 MB/s    5m4s[K[?25h[?2026l[?2026h[?25l[A[1Gpulling manifest [K
pulling 4824460d29f2:  14% ▕██                ▏ 6.2 GB/ 42 GB  119 MB/s    5m4s[K[?25h[?2026l[?2026h[?25l[A[1Gpulling manifest [K
pulling 4824460d29f2:  15% ▕██                ▏ 6.2 GB/ 42 GB  119 MB/s    5m4s[K[?25h[?2026l[?2026h[?25l[A[1Gpulling manifest [K
pulling 4824460d29f2:  15% ▕██                ▏ 6.2 GB/ 42 GB  119 MB/s    5m4s[K[?25h[?2026l[?2026h[?25l[A[1Gpulling manifest [K
pulling 4824460d29f2:  15% ▕██                ▏ 6.2 GB/ 42 GB  119 MB/s    5m4s[K[?25h[?2026l[?2026h[?25l[A[1Gpulling manifest [K
pulling 4824460d29f2:  15% ▕██                ▏ 6.2 GB/ 42 GB  119 MB/s    5m4s[K[?25h[?2026l[?2026h[?25l[A[1Gpulling manifest [K
pulling 4824460d29f2:  15% ▕██                ▏ 6.2 GB/ 42 GB  119 MB/s    5m4s[K[?25h[?2026l[?2026h[?25l[A[1Gpulling manifest [K
pulling 4824460d29f2:  15% ▕██                ▏ 6.2 GB/ 42 GB  119 MB/s    5m4s[K[?25h[?2026l[?2026h[?25l[A[1Gpulling manifest [K
pulling 4824460d29f2:  15% ▕██                ▏ 6.2 GB/ 42 GB  119 MB/s    5m4s[K[?25h[?2026l[?2026h[?25l[A[1Gpulling manifest [K
pulling 4824460d29f2:  15% ▕██                ▏ 6.3 GB/ 42 GB  119 MB/s    5m4s[K[?25h[?2026l[?2026h[?25l[A[1Gpulling manifest [K
pulling 4824460d29f2:  15% ▕██                ▏ 6.3 GB/ 42 GB  119 MB/s    5m4s[K[?25h[?2026l[?2026h[?25l[A[1Gpulling manifest [K
pulling 4824460d29f2:  15% ▕██                ▏ 6.3 GB/ 42 GB  119 MB/s    5m3s[K[?25h[?2026l[?2026h[?25l[A[1Gpulling manifest [K
pulling 4824460d29f2:  15% ▕██                ▏ 6.3 GB/ 42 GB  119 MB/s    5m3s[K[?25h[?2026l[?2026h[?25l[A[1Gpulling manifest [K
pulling 4824460d29f2:  15% ▕██                ▏ 6.3 GB/ 42 GB  119 MB/s    5m3s[K[?25h[?2026l[?2026h[?25l[A[1Gpulling manifest [K
pulling 4824460d29f2:  15% ▕██                ▏ 6.3 GB/ 42 GB  119 MB/s    5m3s[K[?25h[?2026l[?2026h[?25l[A[1Gpulling manifest [K
pulling 4824460d29f2:  15% ▕██                ▏ 6.3 GB/ 42 GB  119 MB/s    5m3s[K[?25h[?2026l[?2026h[?25l[A[1Gpulling manifest [K
pulling 4824460d29f2:  15% ▕██                ▏ 6.3 GB/ 42 GB  119 MB/s    5m3s[K[?25h[?2026l[?2026h[?25l[A[1Gpulling manifest [K
pulling 4824460d29f2:  15% ▕██                ▏ 6.3 GB/ 42 GB  119 MB/s    5m3s[K[?25h[?2026l[?2026h[?25l[A[1Gpulling manifest [K
pulling 4824460d29f2:  15% ▕██                ▏ 6.4 GB/ 42 GB  119 MB/s    5m3s[K[?25h[?2026l[?2026h[?25l[A[1Gpulling manifest [K
pulling 4824460d29f2:  15% ▕██                ▏ 6.4 GB/ 42 GB  119 MB/s    5m3s[K[?25h[?2026l[?2026h[?25l[A[1Gpulling manifest [K
pulling 4824460d29f2:  15% ▕██                ▏ 6.4 GB/ 42 GB  119 MB/s    5m3s[K[?25h[?2026l[?2026h[?25l[A[1Gpulling manifest [K
pulling 4824460d29f2:  15% ▕██                ▏ 6.4 GB/ 42 GB  119 MB/s    5m2s[K[?25h[?2026l[?2026h[?25l[A[1Gpulling manifest [K
pulling 4824460d29f2:  15% ▕██                ▏ 6.4 GB/ 42 GB  119 MB/s    5m2s[K[?25h[?2026l[?2026h[?25l[A[1Gpulling manifest [K
pulling 4824460d29f2:  15% ▕██                ▏ 6.4 GB/ 42 GB  119 MB/s    5m2s[K[?25h[?2026l[?2026h[?25l[A[1Gpulling manifest [K
pulling 4824460d29f2:  15% ▕██                ▏ 6.4 GB/ 42 GB  119 MB/s    5m2s[K[?25h[?2026l[?2026h[?25l[A[1Gpulling manifest [K
pulling 4824460d29f2:  15% ▕██                ▏ 6.4 GB/ 42 GB  119 MB/s    5m2s[K[?25h[?2026l[?2026h[?25l[A[1Gpulling manifest [K
pulling 4824460d29f2:  15% ▕██                ▏ 6.4 GB/ 42 GB  119 MB/s    5m2s[K[?25h[?2026l[?2026h[?25l[A[1Gpulling manifest [K
pulling 4824460d29f2:  15% ▕██                ▏ 6.5 GB/ 42 GB  119 MB/s    5m2s[K[?25h[?2026l[?2026h[?25l[A[1Gpulling manifest [K
pulling 4824460d29f2:  15% ▕██                ▏ 6.5 GB/ 42 GB  119 MB/s    5m2s[K[?25h[?2026l[?2026h[?25l[A[1Gpulling manifest [K
pulling 4824460d29f2:  15% ▕██                ▏ 6.5 GB/ 42 GB  119 MB/s    5m1s[K[?25h[?2026l[?2026h[?25l[A[1Gpulling manifest [K
pulling 4824460d29f2:  15% ▕██                ▏ 6.5 GB/ 42 GB  119 MB/s    5m1s[K[?25h[?2026l[?2026h[?25l[A[1Gpulling manifest [K
pulling 4824460d29f2:  15% ▕██                ▏ 6.5 GB/ 42 GB  119 MB/s    5m1s[K[?25h[?2026l[?2026h[?25l[A[1Gpulling manifest [K
pulling 4824460d29f2:  15% ▕██                ▏ 6.5 GB/ 42 GB  119 MB/s    5m1s[K[?25h[?2026l[?2026h[?25l[A[1Gpulling manifest [K
pulling 4824460d29f2:  15% ▕██                ▏ 6.5 GB/ 42 GB  119 MB/s    5m1s[K[?25h[?2026l[?2026h[?25l[A[1Gpulling manifest [K
pulling 4824460d29f2:  15% ▕██                ▏ 6.5 GB/ 42 GB  119 MB/s    5m1s[K[?25h[?2026l[?2026h[?25l[A[1Gpulling manifest [K
pulling 4824460d29f2:  15% ▕██                ▏ 6.6 GB/ 42 GB  119 MB/s    5m1s[K[?25h[?2026l[?2026h[?25l[A[1Gpulling manifest [K
pulling 4824460d29f2:  15% ▕██                ▏ 6.6 GB/ 42 GB  119 MB/s    5m1s[K[?25h[?2026l[?2026h[?25l[A[1Gpulling manifest [K
pulling 4824460d29f2:  15% ▕██                ▏ 6.6 GB/ 42 GB  119 MB/s    5m1s[K[?25h[?2026l[?2026h[?25l[A[1Gpulling manifest [K
pulling 4824460d29f2:  15% ▕██                ▏ 6.6 GB/ 42 GB  119 MB/s    5m1s[K[?25h[?2026l[?2026h[?25l[A[1Gpulling manifest [K
pulling 4824460d29f2:  16% ▕██                ▏ 6.6 GB/ 42 GB  119 MB/s    5m0s[K[?25h[?2026l[?2026h[?25l[A[1Gpulling manifest [K
pulling 4824460d29f2:  16% ▕██                ▏ 6.6 GB/ 42 GB  119 MB/s    5m0s[K[?25h[?2026l[?2026h[?25l[A[1Gpulling manifest [K
pulling 4824460d29f2:  16% ▕██                ▏ 6.6 GB/ 42 GB  119 MB/s    5m0s[K[?25h[?2026l[?2026h[?25l[A[1Gpulling manifest [K
pulling 4824460d29f2:  16% ▕██                ▏ 6.6 GB/ 42 GB  119 MB/s    5m0s[K[?25h[?2026l[?2026h[?25l[A[1Gpulling manifest [K
pulling 4824460d29f2:  16% ▕██                ▏ 6.6 GB/ 42 GB  119 MB/s    5m0s[K[?25h[?2026l[?2026h[?25l[A[1Gpulling manifest [K
pulling 4824460d29f2:  16% ▕██                ▏ 6.7 GB/ 42 GB  119 MB/s    5m0s[K[?25h[?2026l[?2026h[?25l[A[1Gpulling manifest [K
pulling 4824460d29f2:  16% ▕██                ▏ 6.7 GB/ 42 GB  119 MB/s    5m0s[K[?25h[?2026l[?2026h[?25l[A[1Gpulling manifest [K
pulling 4824460d29f2:  16% ▕██                ▏ 6.7 GB/ 42 GB  119 MB/s    5m0s[K[?25h[?2026l[?2026h[?25l[A[1Gpulling manifest [K
pulling 4824460d29f2:  16% ▕██                ▏ 6.7 GB/ 42 GB  119 MB/s    5m0s[K[?25h[?2026l[?2026h[?25l[A[1Gpulling manifest [K
pulling 4824460d29f2:  16% ▕██                ▏ 6.7 GB/ 42 GB  119 MB/s    5m0s[K[?25h[?2026l[?2026h[?25l[A[1Gpulling manifest [K
pulling 4824460d29f2:  16% ▕██                ▏ 6.7 GB/ 42 GB  119 MB/s    5m0s[K[?25h[?2026l[?2026h[?25l[A[1Gpulling manifest [K
pulling 4824460d29f2:  16% ▕██                ▏ 6.7 GB/ 42 GB  119 MB/s    5m0s[K[?25h[?2026l[?2026h[?25l[A[1Gpulling manifest [K
pulling 4824460d29f2:  16% ▕██                ▏ 6.7 GB/ 42 GB  119 MB/s   4m59s[K[?25h[?2026l[?2026h[?25l[A[1Gpulling manifest [K
pulling 4824460d29f2:  16% ▕██                ▏ 6.8 GB/ 42 GB  119 MB/s   4m59s[K[?25h[?2026l[?2026h[?25l[A[1Gpulling manifest [K
pulling 4824460d29f2:  16% ▕██                ▏ 6.8 GB/ 42 GB  119 MB/s   4m59s[K[?25h[?2026l[?2026h[?25l[A[1Gpulling manifest [K
pulling 4824460d29f2:  16% ▕██                ▏ 6.8 GB/ 42 GB  119 MB/s   4m59s[K[?25h[?2026l[?2026h[?25l[A[1Gpulling manifest [K
pulling 4824460d29f2:  16% ▕██                ▏ 6.8 GB/ 42 GB  119 MB/s   4m59s[K[?25h[?2026l[?2026h[?25l[A[1Gpulling manifest [K
pulling 4824460d29f2:  16% ▕██                ▏ 6.8 GB/ 42 GB  119 MB/s   4m59s[K[?25h[?2026l[?2026h[?25l[A[1Gpulling manifest [K
pulling 4824460d29f2:  16% ▕██                ▏ 6.8 GB/ 42 GB  119 MB/s   4m59s[K[?25h[?2026l[?2026h[?25l[A[1Gpulling manifest [K
pulling 4824460d29f2:  16% ▕██                ▏ 6.8 GB/ 42 GB  119 MB/s   4m58s[K[?25h[?2026l[?2026h[?25l[A[1Gpulling manifest [K
pulling 4824460d29f2:  16% ▕██                ▏ 6.8 GB/ 42 GB  119 MB/s   4m58s[K[?25h[?2026l[?2026h[?25l[A[1Gpulling manifest [K
pulling 4824460d29f2:  16% ▕██                ▏ 6.8 GB/ 42 GB  119 MB/s   4m58s[K[?25h[?2026l[?2026h[?25l[A[1Gpulling manifest [K
pulling 4824460d29f2:  16% ▕██                ▏ 6.9 GB/ 42 GB  119 MB/s   4m58s[K[?25h[?2026l[?2026h[?25l[A[1Gpulling manifest [K
pulling 4824460d29f2:  16% ▕██                ▏ 6.9 GB/ 42 GB  119 MB/s   4m58s[K[?25h[?2026l[?2026h[?25l[A[1Gpulling manifest [K
pulling 4824460d29f2:  16% ▕██                ▏ 6.9 GB/ 42 GB  119 MB/s   4m58s[K[?25h[?2026l[?2026h[?25l[A[1Gpulling manifest [K
pulling 4824460d29f2:  16% ▕██                ▏ 6.9 GB/ 42 GB  119 MB/s   4m58s[K[?25h[?2026l[?2026h[?25l[A[1Gpulling manifest [K
pulling 4824460d29f2:  16% ▕██                ▏ 6.9 GB/ 42 GB  119 MB/s   4m58s[K[?25h[?2026l[?2026h[?25l[A[1Gpulling manifest [K
pulling 4824460d29f2:  16% ▕██                ▏ 6.9 GB/ 42 GB  119 MB/s   4m58s[K[?25h[?2026l[?2026h[?25l[A[1Gpulling manifest [K
pulling 4824460d29f2:  16% ▕██                ▏ 6.9 GB/ 42 GB  119 MB/s   4m58s[K[?25h[?2026l[?2026h[?25l[A[1Gpulling manifest [K
pulling 4824460d29f2:  16% ▕██                ▏ 6.9 GB/ 42 GB  119 MB/s   4m58s[K[?25h[?2026l[?2026h[?25l[A[1Gpulling manifest [K
pulling 4824460d29f2:  16% ▕██                ▏ 7.0 GB/ 42 GB  119 MB/s   4m58s[K[?25h[?2026l[?2026h[?25l[A[1Gpulling manifest [K
pulling 4824460d29f2:  16% ▕██                ▏ 7.0 GB/ 42 GB  119 MB/s   4m57s[K[?25h[?2026l[?2026h[?25l[A[1Gpulling manifest [K
pulling 4824460d29f2:  16% ▕██                ▏ 7.0 GB/ 42 GB  119 MB/s   4m57s[K[?25h[?2026l[?2026h[?25l[A[1Gpulling manifest [K
pulling 4824460d29f2:  16% ▕██                ▏ 7.0 GB/ 42 GB  119 MB/s   4m57s[K[?25h[?2026l[?2026h[?25l[A[1Gpulling manifest [K
pulling 4824460d29f2:  16% ▕██                ▏ 7.0 GB/ 42 GB  119 MB/s   4m57s[K[?25h[?2026l[?2026h[?25l[A[1Gpulling manifest [K
pulling 4824460d29f2:  16% ▕██                ▏ 7.0 GB/ 42 GB  119 MB/s   4m57s[K[?25h[?2026l[?2026h[?25l[A[1Gpulling manifest [K
pulling 4824460d29f2:  17% ▕██                ▏ 7.0 GB/ 42 GB  119 MB/s   4m57s[K[?25h[?2026l[?2026h[?25l[A[1Gpulling manifest [K
pulling 4824460d29f2:  17% ▕██                ▏ 7.0 GB/ 42 GB  119 MB/s   4m57s[K[?25h[?2026l[?2026h[?25l[A[1Gpulling manifest [K
pulling 4824460d29f2:  17% ▕██                ▏ 7.0 GB/ 42 GB  119 MB/s   4m57s[K[?25h[?2026l[?2026h[?25l[A[1Gpulling manifest [K
pulling 4824460d29f2:  17% ▕██                ▏ 7.1 GB/ 42 GB  119 MB/s   4m57s[K[?25h[?2026l[?2026h[?25l[A[1Gpulling manifest [K
pulling 4824460d29f2:  17% ▕██                ▏ 7.1 GB/ 42 GB  119 MB/s   4m57s[K[?25h[?2026l[?2026h[?25l[A[1Gpulling manifest [K
pulling 4824460d29f2:  17% ▕██                ▏ 7.1 GB/ 42 GB  119 MB/s   4m57s[K[?25h[?2026l[?2026h[?25l[A[1Gpulling manifest [K
pulling 4824460d29f2:  17% ▕███               ▏ 7.1 GB/ 42 GB  119 MB/s   4m57s[K[?25h[?2026l[?2026h[?25l[A[1Gpulling manifest [K
pulling 4824460d29f2:  17% ▕███               ▏ 7.1 GB/ 42 GB  119 MB/s   4m57s[K[?25h[?2026l[?2026h[?25l[A[1Gpulling manifest [K
pulling 4824460d29f2:  17% ▕███               ▏ 7.1 GB/ 42 GB  119 MB/s   4m57s[K[?25h[?2026l[?2026h[?25l[A[1Gpulling manifest [K
pulling 4824460d29f2:  17% ▕███               ▏ 7.1 GB/ 42 GB  119 MB/s   4m57s[K[?25h[?2026l[?2026h[?25l[A[1Gpulling manifest [K
pulling 4824460d29f2:  17% ▕███               ▏ 7.1 GB/ 42 GB  119 MB/s   4m56s[K[?25h[?2026l[?2026h[?25l[A[1Gpulling manifest [K
pulling 4824460d29f2:  17% ▕███               ▏ 7.2 GB/ 42 GB  119 MB/s   4m56s[K[?25h[?2026l[?2026h[?25l[A[1Gpulling manifest [K
pulling 4824460d29f2:  17% ▕███               ▏ 7.2 GB/ 42 GB  119 MB/s   4m55s[K[?25h[?2026l[?2026h[?25l[A[1Gpulling manifest [K
pulling 4824460d29f2:  17% ▕███               ▏ 7.2 GB/ 42 GB  119 MB/s   4m55s[K[?25h[?2026l[?2026h[?25l[A[1Gpulling manifest [K
pulling 4824460d29f2:  17% ▕███               ▏ 7.2 GB/ 42 GB  119 MB/s   4m55s[K[?25h[?2026l[?2026h[?25l[A[1Gpulling manifest [K
pulling 4824460d29f2:  17% ▕███               ▏ 7.2 GB/ 42 GB  119 MB/s   4m55s[K[?25h[?2026l[?2026h[?25l[A[1Gpulling manifest [K
pulling 4824460d29f2:  17% ▕███               ▏ 7.2 GB/ 42 GB  119 MB/s   4m55s[K[?25h[?2026l[?2026h[?25l[A[1Gpulling manifest [K
pulling 4824460d29f2:  17% ▕███               ▏ 7.2 GB/ 42 GB  119 MB/s   4m55s[K[?25h[?2026l[?2026h[?25l[A[1Gpulling manifest [K
pulling 4824460d29f2:  17% ▕███               ▏ 7.2 GB/ 42 GB  119 MB/s   4m55s[K[?25h[?2026l[?2026h[?25l[A[1Gpulling manifest [K
pulling 4824460d29f2:  17% ▕███               ▏ 7.2 GB/ 42 GB  119 MB/s   4m55s[K[?25h[?2026l[?2026h[?25l[A[1Gpulling manifest [K
pulling 4824460d29f2:  17% ▕███               ▏ 7.3 GB/ 42 GB  119 MB/s   4m55s[K[?25h[?2026l[?2026h[?25l[A[1Gpulling manifest [K
pulling 4824460d29f2:  17% ▕███               ▏ 7.3 GB/ 42 GB  119 MB/s   4m54s[K[?25h[?2026l[?2026h[?25l[A[1Gpulling manifest [K
pulling 4824460d29f2:  17% ▕███               ▏ 7.3 GB/ 42 GB  119 MB/s   4m55s[K[?25h[?2026l[?2026h[?25l[A[1Gpulling manifest [K
pulling 4824460d29f2:  17% ▕███               ▏ 7.3 GB/ 42 GB  119 MB/s   4m55s[K[?25h[?2026l[?2026h[?25l[A[1Gpulling manifest [K
pulling 4824460d29f2:  17% ▕███               ▏ 7.3 GB/ 42 GB  119 MB/s   4m55s[K[?25h[?2026l[?2026h[?25l[A[1Gpulling manifest [K
pulling 4824460d29f2:  17% ▕███               ▏ 7.3 GB/ 42 GB  119 MB/s   4m54s[K[?25h[?2026l[?2026h[?25l[A[1Gpulling manifest [K
pulling 4824460d29f2:  17% ▕███               ▏ 7.3 GB/ 42 GB  119 MB/s   4m54s[K[?25h[?2026l[?2026h[?25l[A[1Gpulling manifest [K
pulling 4824460d29f2:  17% ▕███               ▏ 7.3 GB/ 42 GB  119 MB/s   4m54s[K[?25h[?2026l[?2026h[?25l[A[1Gpulling manifest [K
pulling 4824460d29f2:  17% ▕███               ▏ 7.3 GB/ 42 GB  119 MB/s   4m54s[K[?25h[?2026l[?2026h[?25l[A[1Gpulling manifest [K
pulling 4824460d29f2:  17% ▕███               ▏ 7.4 GB/ 42 GB  119 MB/s   4m54s[K[?25h[?2026l[?2026h[?25l[A[1Gpulling manifest [K
pulling 4824460d29f2:  17% ▕███               ▏ 7.4 GB/ 42 GB  119 MB/s   4m54s[K[?25h[?2026l[?2026h[?25l[A[1Gpulling manifest [K
pulling 4824460d29f2:  17% ▕███               ▏ 7.4 GB/ 42 GB  119 MB/s   4m54s[K[?25h[?2026l[?2026h[?25l[A[1Gpulling manifest [K
pulling 4824460d29f2:  17% ▕███               ▏ 7.4 GB/ 42 GB  119 MB/s   4m54s[K[?25h[?2026l[?2026h[?25l[A[1Gpulling manifest [K
pulling 4824460d29f2:  17% ▕███               ▏ 7.4 GB/ 42 GB  119 MB/s   4m53s[K[?25h[?2026l[?2026h[?25l[A[1Gpulling manifest [K
pulling 4824460d29f2:  17% ▕███               ▏ 7.4 GB/ 42 GB  119 MB/s   4m53s[K[?25h[?2026l[?2026h[?25l[A[1Gpulling manifest [K
pulling 4824460d29f2:  17% ▕███               ▏ 7.4 GB/ 42 GB  119 MB/s   4m53s[K[?25h[?2026l[?2026h[?25l[A[1Gpulling manifest [K
pulling 4824460d29f2:  18% ▕███               ▏ 7.4 GB/ 42 GB  119 MB/s   4m53s[K[?25h[?2026l[?2026h[?25l[A[1Gpulling manifest [K
pulling 4824460d29f2:  18% ▕███               ▏ 7.5 GB/ 42 GB  119 MB/s   4m53s[K[?25h[?2026l[?2026h[?25l[A[1Gpulling manifest [K
pulling 4824460d29f2:  18% ▕███               ▏ 7.5 GB/ 42 GB  119 MB/s   4m53s[K[?25h[?2026l[?2026h[?25l[A[1Gpulling manifest [K
pulling 4824460d29f2:  18% ▕███               ▏ 7.5 GB/ 42 GB  119 MB/s   4m53s[K[?25h[?2026l[?2026h[?25l[A[1Gpulling manifest [K
pulling 4824460d29f2:  18% ▕███               ▏ 7.5 GB/ 42 GB  119 MB/s   4m53s[K[?25h[?2026l[?2026h[?25l[A[1Gpulling manifest [K
pulling 4824460d29f2:  18% ▕███               ▏ 7.5 GB/ 42 GB  119 MB/s   4m53s[K[?25h[?2026l[?2026h[?25l[A[1Gpulling manifest [K
pulling 4824460d29f2:  18% ▕███               ▏ 7.5 GB/ 42 GB  119 MB/s   4m53s[K[?25h[?2026l[?2026h[?25l[A[1Gpulling manifest [K
pulling 4824460d29f2:  18% ▕███               ▏ 7.5 GB/ 42 GB  119 MB/s   4m53s[K[?25h[?2026l[?2026h[?25l[A[1Gpulling manifest [K
pulling 4824460d29f2:  18% ▕███               ▏ 7.5 GB/ 42 GB  119 MB/s   4m53s[K[?25h[?2026l[?2026h[?25l[A[1Gpulling manifest [K
pulling 4824460d29f2:  18% ▕███               ▏ 7.5 GB/ 42 GB  119 MB/s   4m53s[K[?25h[?2026l[?2026h[?25l[A[1Gpulling manifest [K
pulling 4824460d29f2:  18% ▕███               ▏ 7.6 GB/ 42 GB  119 MB/s   4m52s[K[?25h[?2026l[?2026h[?25l[A[1Gpulling manifest [K
pulling 4824460d29f2:  18% ▕███               ▏ 7.6 GB/ 42 GB  119 MB/s   4m52s[K[?25h[?2026l[?2026h[?25l[A[1Gpulling manifest [K
pulling 4824460d29f2:  18% ▕███               ▏ 7.6 GB/ 42 GB  119 MB/s   4m52s[K[?25h[?2026l[?2026h[?25l[A[1Gpulling manifest [K
pulling 4824460d29f2:  18% ▕███               ▏ 7.6 GB/ 42 GB  119 MB/s   4m52s[K[?25h[?2026l[?2026h[?25l[A[1Gpulling manifest [K
pulling 4824460d29f2:  18% ▕███               ▏ 7.6 GB/ 42 GB  119 MB/s   4m52s[K[?25h[?2026l[?2026h[?25l[A[1Gpulling manifest [K
pulling 4824460d29f2:  18% ▕███               ▏ 7.6 GB/ 42 GB  119 MB/s   4m52s[K[?25h[?2026l[?2026h[?25l[A[1Gpulling manifest [K
pulling 4824460d29f2:  18% ▕███               ▏ 7.6 GB/ 42 GB  119 MB/s   4m52s[K[?25h[?2026l[?2026h[?25l[A[1Gpulling manifest [K
pulling 4824460d29f2:  18% ▕███               ▏ 7.6 GB/ 42 GB  119 MB/s   4m52s[K[?25h[?2026l[?2026h[?25l[A[1Gpulling manifest [K
pulling 4824460d29f2:  18% ▕███               ▏ 7.7 GB/ 42 GB  119 MB/s   4m52s[K[?25h[?2026l[?2026h[?25l[A[1Gpulling manifest [K
pulling 4824460d29f2:  18% ▕███               ▏ 7.7 GB/ 42 GB  119 MB/s   4m52s[K[?25h[?2026l[?2026h[?25l[A[1Gpulling manifest [K
pulling 4824460d29f2:  18% ▕███               ▏ 7.7 GB/ 42 GB  119 MB/s   4m52s[K[?25h[?2026l[?2026h[?25l[A[1Gpulling manifest [K
pulling 4824460d29f2:  18% ▕███               ▏ 7.7 GB/ 42 GB  119 MB/s   4m51s[K[?25h[?2026l[?2026h[?25l[A[1Gpulling manifest [K
pulling 4824460d29f2:  18% ▕███               ▏ 7.7 GB/ 42 GB  119 MB/s   4m51s[K[?25h[?2026l[?2026h[?25l[A[1Gpulling manifest [K
pulling 4824460d29f2:  18% ▕███               ▏ 7.7 GB/ 42 GB  119 MB/s   4m51s[K[?25h[?2026l[?2026h[?25l[A[1Gpulling manifest [K
pulling 4824460d29f2:  18% ▕███               ▏ 7.7 GB/ 42 GB  119 MB/s   4m51s[K[?25h[?2026l[?2026h[?25l[A[1Gpulling manifest [K
pulling 4824460d29f2:  18% ▕███               ▏ 7.7 GB/ 42 GB  119 MB/s   4m51s[K[?25h[?2026l[?2026h[?25l[A[1Gpulling manifest [K
pulling 4824460d29f2:  18% ▕███               ▏ 7.7 GB/ 42 GB  119 MB/s   4m51s[K[?25h[?2026l[?2026h[?25l[A[1Gpulling manifest [K
pulling 4824460d29f2:  18% ▕███               ▏ 7.8 GB/ 42 GB  119 MB/s   4m51s[K[?25h[?2026l[?2026h[?25l[A[1Gpulling manifest [K
pulling 4824460d29f2:  18% ▕███               ▏ 7.8 GB/ 42 GB  119 MB/s   4m51s[K[?25h[?2026l[?2026h[?25l[A[1Gpulling manifest [K
pulling 4824460d29f2:  18% ▕███               ▏ 7.8 GB/ 42 GB  119 MB/s   4m51s[K[?25h[?2026l[?2026h[?25l[A[1Gpulling manifest [K
pulling 4824460d29f2:  18% ▕███               ▏ 7.8 GB/ 42 GB  119 MB/s   4m51s[K[?25h[?2026l[?2026h[?25l[A[1Gpulling manifest [K
pulling 4824460d29f2:  18% ▕███               ▏ 7.8 GB/ 42 GB  119 MB/s   4m51s[K[?25h[?2026l[?2026h[?25l[A[1Gpulling manifest [K
pulling 4824460d29f2:  18% ▕███               ▏ 7.8 GB/ 42 GB  119 MB/s   4m51s[K[?25h[?2026l[?2026h[?25l[A[1Gpulling manifest [K
pulling 4824460d29f2:  18% ▕███               ▏ 7.8 GB/ 42 GB  119 MB/s   4m50s[K[?25h[?2026l[?2026h[?25l[A[1Gpulling manifest [K
pulling 4824460d29f2:  18% ▕███               ▏ 7.8 GB/ 42 GB  119 MB/s   4m50s[K[?25h[?2026l[?2026h[?25l[A[1Gpulling manifest [K
pulling 4824460d29f2:  18% ▕███               ▏ 7.9 GB/ 42 GB  119 MB/s   4m50s[K[?25h[?2026l[?2026h[?25l[A[1Gpulling manifest [K
pulling 4824460d29f2:  18% ▕███               ▏ 7.9 GB/ 42 GB  119 MB/s   4m50s[K[?25h[?2026l[?2026h[?25l[A[1Gpulling manifest [K
pulling 4824460d29f2:  19% ▕███               ▏ 7.9 GB/ 42 GB  119 MB/s   4m50s[K[?25h[?2026l[?2026h[?25l[A[1Gpulling manifest [K
pulling 4824460d29f2:  19% ▕███               ▏ 7.9 GB/ 42 GB  119 MB/s   4m50s[K[?25h[?2026l[?2026h[?25l[A[1Gpulling manifest [K
pulling 4824460d29f2:  19% ▕███               ▏ 7.9 GB/ 42 GB  119 MB/s   4m50s[K[?25h[?2026l[?2026h[?25l[A[1Gpulling manifest [K
pulling 4824460d29f2:  19% ▕███               ▏ 7.9 GB/ 42 GB  119 MB/s   4m50s[K[?25h[?2026l[?2026h[?25l[A[1Gpulling manifest [K
pulling 4824460d29f2:  19% ▕███               ▏ 7.9 GB/ 42 GB  119 MB/s   4m50s[K[?25h[?2026l[?2026h[?25l[A[1Gpulling manifest [K
pulling 4824460d29f2:  19% ▕███               ▏ 7.9 GB/ 42 GB  119 MB/s   4m50s[K[?25h[?2026l[?2026h[?25l[A[1Gpulling manifest [K
pulling 4824460d29f2:  19% ▕███               ▏ 7.9 GB/ 42 GB  119 MB/s   4m50s[K[?25h[?2026l[?2026h[?25l[A[1Gpulling manifest [K
pulling 4824460d29f2:  19% ▕███               ▏ 8.0 GB/ 42 GB  119 MB/s   4m50s[K[?25h[?2026l[?2026h[?25l[A[1Gpulling manifest [K
pulling 4824460d29f2:  19% ▕███               ▏ 8.0 GB/ 42 GB  119 MB/s   4m49s[K[?25h[?2026l[?2026h[?25l[A[1Gpulling manifest [K
pulling 4824460d29f2:  19% ▕███               ▏ 8.0 GB/ 42 GB  119 MB/s   4m49s[K[?25h[?2026l[?2026h[?25l[A[1Gpulling manifest [K
pulling 4824460d29f2:  19% ▕███               ▏ 8.0 GB/ 42 GB  119 MB/s   4m49s[K[?25h[?2026l[?2026h[?25l[A[1Gpulling manifest [K
pulling 4824460d29f2:  19% ▕███               ▏ 8.0 GB/ 42 GB  119 MB/s   4m49s[K[?25h[?2026l[?2026h[?25l[A[1Gpulling manifest [K
pulling 4824460d29f2:  19% ▕███               ▏ 8.0 GB/ 42 GB  119 MB/s   4m49s[K[?25h[?2026l[?2026h[?25l[A[1Gpulling manifest [K
pulling 4824460d29f2:  19% ▕███               ▏ 8.0 GB/ 42 GB  119 MB/s   4m49s[K[?25h[?2026l[?2026h[?25l[A[1Gpulling manifest [K
pulling 4824460d29f2:  19% ▕███               ▏ 8.0 GB/ 42 GB  119 MB/s   4m49s[K[?25h[?2026l[?2026h[?25l[A[1Gpulling manifest [K
pulling 4824460d29f2:  19% ▕███               ▏ 8.0 GB/ 42 GB  119 MB/s   4m49s[K[?25h[?2026l[?2026h[?25l[A[1Gpulling manifest [K
pulling 4824460d29f2:  19% ▕███               ▏ 8.1 GB/ 42 GB  119 MB/s   4m49s[K[?25h[?2026l[?2026h[?25l[A[1Gpulling manifest [K
pulling 4824460d29f2:  19% ▕███               ▏ 8.1 GB/ 42 GB  119 MB/s   4m48s[K[?25h[?2026l[?2026h[?25l[A[1Gpulling manifest [K
pulling 4824460d29f2:  19% ▕███               ▏ 8.1 GB/ 42 GB  119 MB/s   4m48s[K[?25h[?2026l[?2026h[?25l[A[1Gpulling manifest [K
pulling 4824460d29f2:  19% ▕███               ▏ 8.1 GB/ 42 GB  119 MB/s   4m48s[K[?25h[?2026l[?2026h[?25l[A[1Gpulling manifest [K
pulling 4824460d29f2:  19% ▕███               ▏ 8.1 GB/ 42 GB  119 MB/s   4m48s[K[?25h[?2026l[?2026h[?25l[A[1Gpulling manifest [K
pulling 4824460d29f2:  19% ▕███               ▏ 8.1 GB/ 42 GB  119 MB/s   4m48s[K[?25h[?2026l[?2026h[?25l[A[1Gpulling manifest [K
pulling 4824460d29f2:  19% ▕███               ▏ 8.1 GB/ 42 GB  119 MB/s   4m48s[K[?25h[?2026l[?2026h[?25l[A[1Gpulling manifest [K
pulling 4824460d29f2:  19% ▕███               ▏ 8.1 GB/ 42 GB  119 MB/s   4m48s[K[?25h[?2026l[?2026h[?25l[A[1Gpulling manifest [K
pulling 4824460d29f2:  19% ▕███               ▏ 8.2 GB/ 42 GB  119 MB/s   4m47s[K[?25h[?2026l[?2026h[?25l[A[1Gpulling manifest [K
pulling 4824460d29f2:  19% ▕███               ▏ 8.2 GB/ 42 GB  119 MB/s   4m47s[K[?25h[?2026l[?2026h[?25l[A[1Gpulling manifest [K
pulling 4824460d29f2:  19% ▕███               ▏ 8.2 GB/ 42 GB  119 MB/s   4m47s[K[?25h[?2026l[?2026h[?25l[A[1Gpulling manifest [K
pulling 4824460d29f2:  19% ▕███               ▏ 8.2 GB/ 42 GB  119 MB/s   4m47s[K[?25h[?2026l[?2026h[?25l[A[1Gpulling manifest [K
pulling 4824460d29f2:  19% ▕███               ▏ 8.2 GB/ 42 GB  119 MB/s   4m47s[K[?25h[?2026l[?2026h[?25l[A[1Gpulling manifest [K
pulling 4824460d29f2:  19% ▕███               ▏ 8.2 GB/ 42 GB  119 MB/s   4m47s[K[?25h[?2026l[?2026h[?25l[A[1Gpulling manifest [K
pulling 4824460d29f2:  19% ▕███               ▏ 8.2 GB/ 42 GB  119 MB/s   4m47s[K[?25h[?2026l[?2026h[?25l[A[1Gpulling manifest [K
pulling 4824460d29f2:  19% ▕███               ▏ 8.2 GB/ 42 GB  119 MB/s   4m47s[K[?25h[?2026l[?2026h[?25l[A[1Gpulling manifest [K
pulling 4824460d29f2:  19% ▕███               ▏ 8.3 GB/ 42 GB  119 MB/s   4m47s[K[?25h[?2026l[?2026h[?25l[A[1Gpulling manifest [K
pulling 4824460d29f2:  19% ▕███               ▏ 8.3 GB/ 42 GB  119 MB/s   4m47s[K[?25h[?2026l[?2026h[?25l[A[1Gpulling manifest [K
pulling 4824460d29f2:  19% ▕███               ▏ 8.3 GB/ 42 GB  119 MB/s   4m47s[K[?25h[?2026l[?2026h[?25l[A[1Gpulling manifest [K
pulling 4824460d29f2:  19% ▕███               ▏ 8.3 GB/ 42 GB  119 MB/s   4m47s[K[?25h[?2026l[?2026h[?25l[A[1Gpulling manifest [K
pulling 4824460d29f2:  20% ▕███               ▏ 8.3 GB/ 42 GB  119 MB/s   4m47s[K[?25h[?2026l[?2026h[?25l[A[1Gpulling manifest [K
pulling 4824460d29f2:  20% ▕███               ▏ 8.3 GB/ 42 GB  119 MB/s   4m47s[K[?25h[?2026l[?2026h[?25l[A[1Gpulling manifest [K
pulling 4824460d29f2:  20% ▕███               ▏ 8.3 GB/ 42 GB  119 MB/s   4m47s[K[?25h[?2026l[?2026h[?25l[A[1Gpulling manifest [K
pulling 4824460d29f2:  20% ▕███               ▏ 8.3 GB/ 42 GB  119 MB/s   4m47s[K[?25h[?2026l[?2026h[?25l[A[1Gpulling manifest [K
pulling 4824460d29f2:  20% ▕███               ▏ 8.3 GB/ 42 GB  119 MB/s   4m47s[K[?25h[?2026l[?2026h[?25l[A[1Gpulling manifest [K
pulling 4824460d29f2:  20% ▕███               ▏ 8.4 GB/ 42 GB  119 MB/s   4m46s[K[?25h[?2026l[?2026h[?25l[A[1Gpulling manifest [K
pulling 4824460d29f2:  20% ▕███               ▏ 8.4 GB/ 42 GB  119 MB/s   4m46s[K[?25h[?2026l[?2026h[?25l[A[1Gpulling manifest [K
pulling 4824460d29f2:  20% ▕███               ▏ 8.4 GB/ 42 GB  119 MB/s   4m46s[K[?25h[?2026l[?2026h[?25l[A[1Gpulling manifest [K
pulling 4824460d29f2:  20% ▕███               ▏ 8.4 GB/ 42 GB  119 MB/s   4m46s[K[?25h[?2026l[?2026h[?25l[A[1Gpulling manifest [K
pulling 4824460d29f2:  20% ▕███               ▏ 8.4 GB/ 42 GB  119 MB/s   4m46s[K[?25h[?2026l[?2026h[?25l[A[1Gpulling manifest [K
pulling 4824460d29f2:  20% ▕███               ▏ 8.4 GB/ 42 GB  119 MB/s   4m45s[K[?25h[?2026l[?2026h[?25l[A[1Gpulling manifest [K
pulling 4824460d29f2:  20% ▕███               ▏ 8.4 GB/ 42 GB  119 MB/s   4m45s[K[?25h[?2026l[?2026h[?25l[A[1Gpulling manifest [K
pulling 4824460d29f2:  20% ▕███               ▏ 8.4 GB/ 42 GB  119 MB/s   4m45s[K[?25h[?2026l[?2026h[?25l[A[1Gpulling manifest [K
pulling 4824460d29f2:  20% ▕███               ▏ 8.4 GB/ 42 GB  119 MB/s   4m45s[K[?25h[?2026l[?2026h[?25l[A[1Gpulling manifest [K
pulling 4824460d29f2:  20% ▕███               ▏ 8.5 GB/ 42 GB  119 MB/s   4m45s[K[?25h[?2026l[?2026h[?25l[A[1Gpulling manifest [K
pulling 4824460d29f2:  20% ▕███               ▏ 8.5 GB/ 42 GB  119 MB/s   4m45s[K[?25h[?2026l[?2026h[?25l[A[1Gpulling manifest [K
pulling 4824460d29f2:  20% ▕███               ▏ 8.5 GB/ 42 GB  119 MB/s   4m45s[K[?25h[?2026l[?2026h[?25l[A[1Gpulling manifest [K
pulling 4824460d29f2:  20% ▕███               ▏ 8.5 GB/ 42 GB  119 MB/s   4m45s[K[?25h[?2026l[?2026h[?25l[A[1Gpulling manifest [K
pulling 4824460d29f2:  20% ▕███               ▏ 8.5 GB/ 42 GB  119 MB/s   4m45s[K[?25h[?2026l[?2026h[?25l[A[1Gpulling manifest [K
pulling 4824460d29f2:  20% ▕███               ▏ 8.5 GB/ 42 GB  119 MB/s   4m45s[K[?25h[?2026l[?2026h[?25l[A[1Gpulling manifest [K
pulling 4824460d29f2:  20% ▕███               ▏ 8.5 GB/ 42 GB  119 MB/s   4m45s[K[?25h[?2026l[?2026h[?25l[A[1Gpulling manifest [K
pulling 4824460d29f2:  20% ▕███               ▏ 8.5 GB/ 42 GB  119 MB/s   4m45s[K[?25h[?2026l[?2026h[?25l[A[1Gpulling manifest [K
pulling 4824460d29f2:  20% ▕███               ▏ 8.6 GB/ 42 GB  119 MB/s   4m45s[K[?25h[?2026l[?2026h[?25l[A[1Gpulling manifest [K
pulling 4824460d29f2:  20% ▕███               ▏ 8.6 GB/ 42 GB  119 MB/s   4m45s[K[?25h[?2026l[?2026h[?25l[A[1Gpulling manifest [K
pulling 4824460d29f2:  20% ▕███               ▏ 8.6 GB/ 42 GB  119 MB/s   4m45s[K[?25h[?2026l[?2026h[?25l[A[1Gpulling manifest [K
pulling 4824460d29f2:  20% ▕███               ▏ 8.6 GB/ 42 GB  119 MB/s   4m44s[K[?25h[?2026l[?2026h[?25l[A[1Gpulling manifest [K
pulling 4824460d29f2:  20% ▕███               ▏ 8.6 GB/ 42 GB  119 MB/s   4m44s[K[?25h[?2026l[?2026h[?25l[A[1Gpulling manifest [K
pulling 4824460d29f2:  20% ▕███               ▏ 8.6 GB/ 42 GB  119 MB/s   4m44s[K[?25h[?2026l[?2026h[?25l[A[1Gpulling manifest [K
pulling 4824460d29f2:  20% ▕███               ▏ 8.6 GB/ 42 GB  119 MB/s   4m44s[K[?25h[?2026l[?2026h[?25l[A[1Gpulling manifest [K
pulling 4824460d29f2:  20% ▕███               ▏ 8.6 GB/ 42 GB  119 MB/s   4m44s[K[?25h[?2026l[?2026h[?25l[A[1Gpulling manifest [K
pulling 4824460d29f2:  20% ▕███               ▏ 8.6 GB/ 42 GB  119 MB/s   4m43s[K[?25h[?2026l[?2026h[?25l[A[1Gpulling manifest [K
pulling 4824460d29f2:  20% ▕███               ▏ 8.7 GB/ 42 GB  119 MB/s   4m43s[K[?25h[?2026l[?2026h[?25l[A[1Gpulling manifest [K
pulling 4824460d29f2:  20% ▕███               ▏ 8.7 GB/ 42 GB  119 MB/s   4m43s[K[?25h[?2026l[?2026h[?25l[A[1Gpulling manifest [K
pulling 4824460d29f2:  20% ▕███               ▏ 8.7 GB/ 42 GB  119 MB/s   4m43s[K[?25h[?2026l[?2026h[?25l[A[1Gpulling manifest [K
pulling 4824460d29f2:  20% ▕███               ▏ 8.7 GB/ 42 GB  119 MB/s   4m43s[K[?25h[?2026l[?2026h[?25l[A[1Gpulling manifest [K
pulling 4824460d29f2:  20% ▕███               ▏ 8.7 GB/ 42 GB  119 MB/s   4m43s[K[?25h[?2026l[?2026h[?25l[A[1Gpulling manifest [K
pulling 4824460d29f2:  20% ▕███               ▏ 8.7 GB/ 42 GB  119 MB/s   4m43s[K[?25h[?2026l[?2026h[?25l[A[1Gpulling manifest [K
pulling 4824460d29f2:  21% ▕███               ▏ 8.7 GB/ 42 GB  119 MB/s   4m43s[K[?25h[?2026l[?2026h[?25l[A[1Gpulling manifest [K
pulling 4824460d29f2:  21% ▕███               ▏ 8.7 GB/ 42 GB  119 MB/s   4m43s[K[?25h[?2026l[?2026h[?25l[A[1Gpulling manifest [K
pulling 4824460d29f2:  21% ▕███               ▏ 8.7 GB/ 42 GB  119 MB/s   4m43s[K[?25h[?2026l[?2026h[?25l[A[1Gpulling manifest [K
pulling 4824460d29f2:  21% ▕███               ▏ 8.8 GB/ 42 GB  119 MB/s   4m43s[K[?25h[?2026l[?2026h[?25l[A[1Gpulling manifest [K
pulling 4824460d29f2:  21% ▕███               ▏ 8.8 GB/ 42 GB  119 MB/s   4m43s[K[?25h[?2026l[?2026h[?25l[A[1Gpulling manifest [K
pulling 4824460d29f2:  21% ▕███               ▏ 8.8 GB/ 42 GB  119 MB/s   4m43s[K[?25h[?2026l[?2026h[?25l[A[1Gpulling manifest [K
pulling 4824460d29f2:  21% ▕███               ▏ 8.8 GB/ 42 GB  119 MB/s   4m42s[K[?25h[?2026l[?2026h[?25l[A[1Gpulling manifest [K
pulling 4824460d29f2:  21% ▕███               ▏ 8.8 GB/ 42 GB  119 MB/s   4m42s[K[?25h[?2026l[?2026h[?25l[A[1Gpulling manifest [K
pulling 4824460d29f2:  21% ▕███               ▏ 8.8 GB/ 42 GB  119 MB/s   4m42s[K[?25h[?2026l[?2026h[?25l[A[1Gpulling manifest [K
pulling 4824460d29f2:  21% ▕███               ▏ 8.8 GB/ 42 GB  119 MB/s   4m42s[K[?25h[?2026l[?2026h[?25l[A[1Gpulling manifest [K
pulling 4824460d29f2:  21% ▕███               ▏ 8.8 GB/ 42 GB  119 MB/s   4m42s[K[?25h[?2026l[?2026h[?25l[A[1Gpulling manifest [K
pulling 4824460d29f2:  21% ▕███               ▏ 8.9 GB/ 42 GB  119 MB/s   4m42s[K[?25h[?2026l[?2026h[?25l[A[1Gpulling manifest [K
pulling 4824460d29f2:  21% ▕███               ▏ 8.9 GB/ 42 GB  119 MB/s   4m42s[K[?25h[?2026l[?2026h[?25l[A[1Gpulling manifest [K
pulling 4824460d29f2:  21% ▕███               ▏ 8.9 GB/ 42 GB  119 MB/s   4m42s[K[?25h[?2026l[?2026h[?25l[A[1Gpulling manifest [K
pulling 4824460d29f2:  21% ▕███               ▏ 8.9 GB/ 42 GB  119 MB/s   4m42s[K[?25h[?2026l[?2026h[?25l[A[1Gpulling manifest [K
pulling 4824460d29f2:  21% ▕███               ▏ 8.9 GB/ 42 GB  119 MB/s   4m41s[K[?25h[?2026l[?2026h[?25l[A[1Gpulling manifest [K
pulling 4824460d29f2:  21% ▕███               ▏ 8.9 GB/ 42 GB  119 MB/s   4m41s[K[?25h[?2026l[?2026h[?25l[A[1Gpulling manifest [K
pulling 4824460d29f2:  21% ▕███               ▏ 8.9 GB/ 42 GB  119 MB/s   4m41s[K[?25h[?2026l[?2026h[?25l[A[1Gpulling manifest [K
pulling 4824460d29f2:  21% ▕███               ▏ 8.9 GB/ 42 GB  119 MB/s   4m41s[K[?25h[?2026l[?2026h[?25l[A[1Gpulling manifest [K
pulling 4824460d29f2:  21% ▕███               ▏ 9.0 GB/ 42 GB  119 MB/s   4m41s[K[?25h[?2026l[?2026h[?25l[A[1Gpulling manifest [K
pulling 4824460d29f2:  21% ▕███               ▏ 9.0 GB/ 42 GB  119 MB/s   4m41s[K[?25h[?2026l[?2026h[?25l[A[1Gpulling manifest [K
pulling 4824460d29f2:  21% ▕███               ▏ 9.0 GB/ 42 GB  119 MB/s   4m41s[K[?25h[?2026l[?2026h[?25l[A[1Gpulling manifest [K
pulling 4824460d29f2:  21% ▕███               ▏ 9.0 GB/ 42 GB  119 MB/s   4m41s[K[?25h[?2026l[?2026h[?25l[A[1Gpulling manifest [K
pulling 4824460d29f2:  21% ▕███               ▏ 9.0 GB/ 42 GB  119 MB/s   4m41s[K[?25h[?2026l[?2026h[?25l[A[1Gpulling manifest [K
pulling 4824460d29f2:  21% ▕███               ▏ 9.0 GB/ 42 GB  119 MB/s   4m41s[K[?25h[?2026l[?2026h[?25l[A[1Gpulling manifest [K
pulling 4824460d29f2:  21% ▕███               ▏ 9.0 GB/ 42 GB  119 MB/s   4m40s[K[?25h[?2026l[?2026h[?25l[A[1Gpulling manifest [K
pulling 4824460d29f2:  21% ▕███               ▏ 9.0 GB/ 42 GB  119 MB/s   4m40s[K[?25h[?2026l[?2026h[?25l[A[1Gpulling manifest [K
pulling 4824460d29f2:  21% ▕███               ▏ 9.0 GB/ 42 GB  119 MB/s   4m40s[K[?25h[?2026l[?2026h[?25l[A[1Gpulling manifest [K
pulling 4824460d29f2:  21% ▕███               ▏ 9.1 GB/ 42 GB  119 MB/s   4m40s[K[?25h[?2026l[?2026h[?25l[A[1Gpulling manifest [K
pulling 4824460d29f2:  21% ▕███               ▏ 9.1 GB/ 42 GB  119 MB/s   4m40s[K[?25h[?2026l[?2026h[?25l[A[1Gpulling manifest [K
pulling 4824460d29f2:  21% ▕███               ▏ 9.1 GB/ 42 GB  119 MB/s   4m40s[K[?25h[?2026l[?2026h[?25l[A[1Gpulling manifest [K
pulling 4824460d29f2:  21% ▕███               ▏ 9.1 GB/ 42 GB  119 MB/s   4m40s[K[?25h[?2026l[?2026h[?25l[A[1Gpulling manifest [K
pulling 4824460d29f2:  21% ▕███               ▏ 9.1 GB/ 42 GB  119 MB/s   4m39s[K[?25h[?2026l[?2026h[?25l[A[1Gpulling manifest [K
pulling 4824460d29f2:  21% ▕███               ▏ 9.1 GB/ 42 GB  119 MB/s   4m39s[K[?25h[?2026l[?2026h[?25l[A[1Gpulling manifest [K
pulling 4824460d29f2:  21% ▕███               ▏ 9.1 GB/ 42 GB  119 MB/s   4m39s[K[?25h[?2026l[?2026h[?25l[A[1Gpulling manifest [K
pulling 4824460d29f2:  21% ▕███               ▏ 9.1 GB/ 42 GB  119 MB/s   4m39s[K[?25h[?2026l[?2026h[?25l[A[1Gpulling manifest [K
pulling 4824460d29f2:  22% ▕███               ▏ 9.1 GB/ 42 GB  119 MB/s   4m39s[K[?25h[?2026l[?2026h[?25l[A[1Gpulling manifest [K
pulling 4824460d29f2:  22% ▕███               ▏ 9.2 GB/ 42 GB  119 MB/s   4m39s[K[?25h[?2026l[?2026h[?25l[A[1Gpulling manifest [K
pulling 4824460d29f2:  22% ▕███               ▏ 9.2 GB/ 42 GB  119 MB/s   4m39s[K[?25h[?2026l[?2026h[?25l[A[1Gpulling manifest [K
pulling 4824460d29f2:  22% ▕███               ▏ 9.2 GB/ 42 GB  119 MB/s   4m39s[K[?25h[?2026l[?2026h[?25l[A[1Gpulling manifest [K
pulling 4824460d29f2:  22% ▕███               ▏ 9.2 GB/ 42 GB  119 MB/s   4m39s[K[?25h[?2026l[?2026h[?25l[A[1Gpulling manifest [K
pulling 4824460d29f2:  22% ▕███               ▏ 9.2 GB/ 42 GB  119 MB/s   4m39s[K[?25h[?2026l[?2026h[?25l[A[1Gpulling manifest [K
pulling 4824460d29f2:  22% ▕███               ▏ 9.2 GB/ 42 GB  119 MB/s   4m39s[K[?25h[?2026l[?2026h[?25l[A[1Gpulling manifest [K
pulling 4824460d29f2:  22% ▕███               ▏ 9.2 GB/ 42 GB  119 MB/s   4m39s[K[?25h[?2026l[?2026h[?25l[A[1Gpulling manifest [K
pulling 4824460d29f2:  22% ▕███               ▏ 9.2 GB/ 42 GB  119 MB/s   4m39s[K[?25h[?2026l[?2026h[?25l[A[1Gpulling manifest [K
pulling 4824460d29f2:  22% ▕███               ▏ 9.3 GB/ 42 GB  119 MB/s   4m39s[K[?25h[?2026l[?2026h[?25l[A[1Gpulling manifest [K
pulling 4824460d29f2:  22% ▕███               ▏ 9.3 GB/ 42 GB  119 MB/s   4m38s[K[?25h[?2026l[?2026h[?25l[A[1Gpulling manifest [K
pulling 4824460d29f2:  22% ▕███               ▏ 9.3 GB/ 42 GB  119 MB/s   4m38s[K[?25h[?2026l[?2026h[?25l[A[1Gpulling manifest [K
pulling 4824460d29f2:  22% ▕███               ▏ 9.3 GB/ 42 GB  119 MB/s   4m38s[K[?25h[?2026l[?2026h[?25l[A[1Gpulling manifest [K
pulling 4824460d29f2:  22% ▕███               ▏ 9.3 GB/ 42 GB  119 MB/s   4m38s[K[?25h[?2026l[?2026h[?25l[A[1Gpulling manifest [K
pulling 4824460d29f2:  22% ▕███               ▏ 9.3 GB/ 42 GB  119 MB/s   4m38s[K[?25h[?2026l[?2026h[?25l[A[1Gpulling manifest [K
pulling 4824460d29f2:  22% ▕███               ▏ 9.3 GB/ 42 GB  119 MB/s   4m38s[K[?25h[?2026l[?2026h[?25l[A[1Gpulling manifest [K
pulling 4824460d29f2:  22% ▕███               ▏ 9.3 GB/ 42 GB  119 MB/s   4m38s[K[?25h[?2026l[?2026h[?25l[A[1Gpulling manifest [K
pulling 4824460d29f2:  22% ▕███               ▏ 9.3 GB/ 42 GB  119 MB/s   4m38s[K[?25h[?2026l[?2026h[?25l[A[1Gpulling manifest [K
pulling 4824460d29f2:  22% ▕███               ▏ 9.4 GB/ 42 GB  119 MB/s   4m38s[K[?25h[?2026l[?2026h[?25l[A[1Gpulling manifest [K
pulling 4824460d29f2:  22% ▕███               ▏ 9.4 GB/ 42 GB  119 MB/s   4m38s[K[?25h[?2026l[?2026h[?25l[A[1Gpulling manifest [K
pulling 4824460d29f2:  22% ▕███               ▏ 9.4 GB/ 42 GB  119 MB/s   4m38s[K[?25h[?2026l[?2026h[?25l[A[1Gpulling manifest [K
pulling 4824460d29f2:  22% ▕███               ▏ 9.4 GB/ 42 GB  119 MB/s   4m37s[K[?25h[?2026l[?2026h[?25l[A[1Gpulling manifest [K
pulling 4824460d29f2:  22% ▕███               ▏ 9.4 GB/ 42 GB  119 MB/s   4m37s[K[?25h[?2026l[?2026h[?25l[A[1Gpulling manifest [K
pulling 4824460d29f2:  22% ▕███               ▏ 9.4 GB/ 42 GB  119 MB/s   4m37s[K[?25h[?2026l[?2026h[?25l[A[1Gpulling manifest [K
pulling 4824460d29f2:  22% ▕███               ▏ 9.4 GB/ 42 GB  119 MB/s   4m37s[K[?25h[?2026l[?2026h[?25l[A[1Gpulling manifest [K
pulling 4824460d29f2:  22% ▕███               ▏ 9.4 GB/ 42 GB  119 MB/s   4m37s[K[?25h[?2026l[?2026h[?25l[A[1Gpulling manifest [K
pulling 4824460d29f2:  22% ▕████              ▏ 9.5 GB/ 42 GB  119 MB/s   4m37s[K[?25h[?2026l[?2026h[?25l[A[1Gpulling manifest [K
pulling 4824460d29f2:  22% ▕████              ▏ 9.5 GB/ 42 GB  119 MB/s   4m36s[K[?25h[?2026l[?2026h[?25l[A[1Gpulling manifest [K
pulling 4824460d29f2:  22% ▕████              ▏ 9.5 GB/ 42 GB  119 MB/s   4m36s[K[?25h[?2026l[?2026h[?25l[A[1Gpulling manifest [K
pulling 4824460d29f2:  22% ▕████              ▏ 9.5 GB/ 42 GB  119 MB/s   4m36s[K[?25h[?2026l[?2026h[?25l[A[1Gpulling manifest [K
pulling 4824460d29f2:  22% ▕████              ▏ 9.5 GB/ 42 GB  119 MB/s   4m36s[K[?25h[?2026l[?2026h[?25l[A[1Gpulling manifest [K
pulling 4824460d29f2:  22% ▕████              ▏ 9.5 GB/ 42 GB  119 MB/s   4m36s[K[?25h[?2026l[?2026h[?25l[A[1Gpulling manifest [K
pulling 4824460d29f2:  22% ▕████              ▏ 9.5 GB/ 42 GB  119 MB/s   4m36s[K[?25h[?2026l[?2026h[?25l[A[1Gpulling manifest [K
pulling 4824460d29f2:  22% ▕████              ▏ 9.5 GB/ 42 GB  119 MB/s   4m36s[K[?25h[?2026l[?2026h[?25l[A[1Gpulling manifest [K
pulling 4824460d29f2:  22% ▕████              ▏ 9.6 GB/ 42 GB  119 MB/s   4m36s[K[?25h[?2026l[?2026h[?25l[A[1Gpulling manifest [K
pulling 4824460d29f2:  22% ▕████              ▏ 9.6 GB/ 42 GB  119 MB/s   4m36s[K[?25h[?2026l[?2026h[?25l[A[1Gpulling manifest [K
pulling 4824460d29f2:  23% ▕████              ▏ 9.6 GB/ 42 GB  119 MB/s   4m35s[K[?25h[?2026l[?2026h[?25l[A[1Gpulling manifest [K
pulling 4824460d29f2:  23% ▕████              ▏ 9.6 GB/ 42 GB  119 MB/s   4m35s[K[?25h[?2026l[?2026h[?25l[A[1Gpulling manifest [K
pulling 4824460d29f2:  23% ▕████              ▏ 9.6 GB/ 42 GB  119 MB/s   4m35s[K[?25h[?2026l[?2026h[?25l[A[1Gpulling manifest [K
pulling 4824460d29f2:  23% ▕████              ▏ 9.6 GB/ 42 GB  119 MB/s   4m35s[K[?25h[?2026l[?2026h[?25l[A[1Gpulling manifest [K
pulling 4824460d29f2:  23% ▕████              ▏ 9.6 GB/ 42 GB  119 MB/s   4m35s[K[?25h[?2026l[?2026h[?25l[A[1Gpulling manifest [K
pulling 4824460d29f2:  23% ▕████              ▏ 9.6 GB/ 42 GB  119 MB/s   4m35s[K[?25h[?2026l[?2026h[?25l[A[1Gpulling manifest [K
pulling 4824460d29f2:  23% ▕████              ▏ 9.6 GB/ 42 GB  119 MB/s   4m35s[K[?25h[?2026l[?2026h[?25l[A[1Gpulling manifest [K
pulling 4824460d29f2:  23% ▕████              ▏ 9.7 GB/ 42 GB  119 MB/s   4m35s[K[?25h[?2026l[?2026h[?25l[A[1Gpulling manifest [K
pulling 4824460d29f2:  23% ▕████              ▏ 9.7 GB/ 42 GB  119 MB/s   4m35s[K[?25h[?2026l[?2026h[?25l[A[1Gpulling manifest [K
pulling 4824460d29f2:  23% ▕████              ▏ 9.7 GB/ 42 GB  119 MB/s   4m35s[K[?25h[?2026l[?2026h[?25l[A[1Gpulling manifest [K
pulling 4824460d29f2:  23% ▕████              ▏ 9.7 GB/ 42 GB  119 MB/s   4m35s[K[?25h[?2026l[?2026h[?25l[A[1Gpulling manifest [K
pulling 4824460d29f2:  23% ▕████              ▏ 9.7 GB/ 42 GB  119 MB/s   4m35s[K[?25h[?2026l[?2026h[?25l[A[1Gpulling manifest [K
pulling 4824460d29f2:  23% ▕████              ▏ 9.7 GB/ 42 GB  119 MB/s   4m34s[K[?25h[?2026l[?2026h[?25l[A[1Gpulling manifest [K
pulling 4824460d29f2:  23% ▕████              ▏ 9.7 GB/ 42 GB  119 MB/s   4m34s[K[?25h[?2026l[?2026h[?25l[A[1Gpulling manifest [K
pulling 4824460d29f2:  23% ▕████              ▏ 9.7 GB/ 42 GB  119 MB/s   4m34s[K[?25h[?2026l[?2026h[?25l[A[1Gpulling manifest [K
pulling 4824460d29f2:  23% ▕████              ▏ 9.7 GB/ 42 GB  119 MB/s   4m34s[K[?25h[?2026l[?2026h[?25l[A[1Gpulling manifest [K
pulling 4824460d29f2:  23% ▕████              ▏ 9.8 GB/ 42 GB  119 MB/s   4m34s[K[?25h[?2026l[?2026h[?25l[A[1Gpulling manifest [K
pulling 4824460d29f2:  23% ▕████              ▏ 9.8 GB/ 42 GB  119 MB/s   4m34s[K[?25h[?2026l[?2026h[?25l[A[1Gpulling manifest [K
pulling 4824460d29f2:  23% ▕████              ▏ 9.8 GB/ 42 GB  119 MB/s   4m34s[K[?25h[?2026l[?2026h[?25l[A[1Gpulling manifest [K
pulling 4824460d29f2:  23% ▕████              ▏ 9.8 GB/ 42 GB  119 MB/s   4m33s[K[?25h[?2026l[?2026h[?25l[A[1Gpulling manifest [K
pulling 4824460d29f2:  23% ▕████              ▏ 9.8 GB/ 42 GB  119 MB/s   4m33s[K[?25h[?2026l[?2026h[?25l[A[1Gpulling manifest [K
pulling 4824460d29f2:  23% ▕████              ▏ 9.8 GB/ 42 GB  119 MB/s   4m33s[K[?25h[?2026l[?2026h[?25l[A[1Gpulling manifest [K
pulling 4824460d29f2:  23% ▕████              ▏ 9.8 GB/ 42 GB  119 MB/s   4m33s[K[?25h[?2026l[?2026h[?25l[A[1Gpulling manifest [K
pulling 4824460d29f2:  23% ▕████              ▏ 9.8 GB/ 42 GB  119 MB/s   4m33s[K[?25h[?2026l[?2026h[?25l[A[1Gpulling manifest [K
pulling 4824460d29f2:  23% ▕████              ▏ 9.9 GB/ 42 GB  119 MB/s   4m33s[K[?25h[?2026l[?2026h[?25l[A[1Gpulling manifest [K
pulling 4824460d29f2:  23% ▕████              ▏ 9.9 GB/ 42 GB  119 MB/s   4m33s[K[?25h[?2026l[?2026h[?25l[A[1Gpulling manifest [K
pulling 4824460d29f2:  23% ▕████              ▏ 9.9 GB/ 42 GB  119 MB/s   4m33s[K[?25h[?2026l[?2026h[?25l[A[1Gpulling manifest [K
pulling 4824460d29f2:  23% ▕████              ▏ 9.9 GB/ 42 GB  119 MB/s   4m33s[K[?25h[?2026l[?2026h[?25l[A[1Gpulling manifest [K
pulling 4824460d29f2:  23% ▕████              ▏ 9.9 GB/ 42 GB  119 MB/s   4m33s[K[?25h[?2026l[?2026h[?25l[A[1Gpulling manifest [K
pulling 4824460d29f2:  23% ▕████              ▏ 9.9 GB/ 42 GB  119 MB/s   4m33s[K[?25h[?2026l[?2026h[?25l[A[1Gpulling manifest [K
pulling 4824460d29f2:  23% ▕████              ▏ 9.9 GB/ 42 GB  119 MB/s   4m33s[K[?25h[?2026l[?2026h[?25l[A[1Gpulling manifest [K
pulling 4824460d29f2:  23% ▕████              ▏ 9.9 GB/ 42 GB  119 MB/s   4m32s[K[?25h[?2026l[?2026h[?25l[A[1Gpulling manifest [K
pulling 4824460d29f2:  23% ▕████              ▏ 9.9 GB/ 42 GB  119 MB/s   4m32s[K[?25h[?2026l[?2026h[?25l[A[1Gpulling manifest [K
pulling 4824460d29f2:  23% ▕███              ▏ 10.0 GB/ 42 GB  119 MB/s   4m32s[K[?25h[?2026l[?2026h[?25l[A[1Gpulling manifest [K
pulling 4824460d29f2:  23% ▕███              ▏ 10.0 GB/ 42 GB  119 MB/s   4m32s[K[?25h[?2026l[?2026h[?25l[A[1Gpulling manifest [K
pulling 4824460d29f2:  23% ▕███              ▏ 10.0 GB/ 42 GB  119 MB/s   4m32s[K[?25h[?2026l[?2026h[?25l[A[1Gpulling manifest [K
pulling 4824460d29f2:  24% ▕███              ▏ 10.0 GB/ 42 GB  119 MB/s   4m32s[K[?25h[?2026l[?2026h[?25l[A[1Gpulling manifest [K
pulling 4824460d29f2:  24% ▕████              ▏  10 GB/ 42 GB  119 MB/s   4m32s[K[?25h[?2026l[?2026h[?25l[A[1Gpulling manifest [K
pulling 4824460d29f2:  24% ▕████              ▏  10 GB/ 42 GB  119 MB/s   4m32s[K[?25h[?2026l[?2026h[?25l[A[1Gpulling manifest [K
pulling 4824460d29f2:  24% ▕████              ▏  10 GB/ 42 GB  119 MB/s   4m32s[K[?25h[?2026l[?2026h[?25l[A[1Gpulling manifest [K
pulling 4824460d29f2:  24% ▕████              ▏  10 GB/ 42 GB  119 MB/s   4m31s[K[?25h[?2026l[?2026h[?25l[A[1Gpulling manifest [K
pulling 4824460d29f2:  24% ▕████              ▏  10 GB/ 42 GB  119 MB/s   4m31s[K[?25h[?2026l[?2026h[?25l[A[1Gpulling manifest [K
pulling 4824460d29f2:  24% ▕████              ▏  10 GB/ 42 GB  119 MB/s   4m31s[K[?25h[?2026l[?2026h[?25l[A[1Gpulling manifest [K
pulling 4824460d29f2:  24% ▕████              ▏  10 GB/ 42 GB  119 MB/s   4m31s[K[?25h[?2026l[?2026h[?25l[A[1Gpulling manifest [K
pulling 4824460d29f2:  24% ▕████              ▏  10 GB/ 42 GB  119 MB/s   4m31s[K[?25h[?2026l[?2026h[?25l[A[1Gpulling manifest [K
pulling 4824460d29f2:  24% ▕████              ▏  10 GB/ 42 GB  119 MB/s   4m31s[K[?25h[?2026l[?2026h[?25l[A[1Gpulling manifest [K
pulling 4824460d29f2:  24% ▕████              ▏  10 GB/ 42 GB  119 MB/s   4m31s[K[?25h[?2026l[?2026h[?25l[A[1Gpulling manifest [K
pulling 4824460d29f2:  24% ▕████              ▏  10 GB/ 42 GB  119 MB/s   4m31s[K[?25h[?2026l[?2026h[?25l[A[1Gpulling manifest [K
pulling 4824460d29f2:  24% ▕████              ▏  10 GB/ 42 GB  119 MB/s   4m31s[K[?25h[?2026l[?2026h[?25l[A[1Gpulling manifest [K
pulling 4824460d29f2:  24% ▕████              ▏  10 GB/ 42 GB  119 MB/s   4m31s[K[?25h[?2026l[?2026h[?25l[A[1Gpulling manifest [K
pulling 4824460d29f2:  24% ▕████              ▏  10 GB/ 42 GB  119 MB/s   4m31s[K[?25h[?2026l[?2026h[?25l[A[1Gpulling manifest [K
pulling 4824460d29f2:  24% ▕████              ▏  10 GB/ 42 GB  119 MB/s   4m30s[K[?25h[?2026l[?2026h[?25l[A[1Gpulling manifest [K
pulling 4824460d29f2:  24% ▕████              ▏  10 GB/ 42 GB  119 MB/s   4m30s[K[?25h[?2026l[?2026h[?25l[A[1Gpulling manifest [K
pulling 4824460d29f2:  24% ▕████              ▏  10 GB/ 42 GB  119 MB/s   4m30s[K[?25h[?2026l[?2026h[?25l[A[1Gpulling manifest [K
pulling 4824460d29f2:  24% ▕████              ▏  10 GB/ 42 GB  119 MB/s   4m30s[K[?25h[?2026l[?2026h[?25l[A[1Gpulling manifest [K
pulling 4824460d29f2:  24% ▕████              ▏  10 GB/ 42 GB  119 MB/s   4m30s[K[?25h[?2026l[?2026h[?25l[A[1Gpulling manifest [K
pulling 4824460d29f2:  24% ▕████              ▏  10 GB/ 42 GB  119 MB/s   4m30s[K[?25h[?2026l[?2026h[?25l[A[1Gpulling manifest [K
pulling 4824460d29f2:  24% ▕████              ▏  10 GB/ 42 GB  119 MB/s   4m30s[K[?25h[?2026l[?2026h[?25l[A[1Gpulling manifest [K
pulling 4824460d29f2:  24% ▕████              ▏  10 GB/ 42 GB  119 MB/s   4m30s[K[?25h[?2026l[?2026h[?25l[A[1Gpulling manifest [K
pulling 4824460d29f2:  24% ▕████              ▏  10 GB/ 42 GB  119 MB/s   4m30s[K[?25h[?2026l[?2026h[?25l[A[1Gpulling manifest [K
pulling 4824460d29f2:  24% ▕████              ▏  10 GB/ 42 GB  119 MB/s   4m29s[K[?25h[?2026l[?2026h[?25l[A[1Gpulling manifest [K
pulling 4824460d29f2:  24% ▕████              ▏  10 GB/ 42 GB  119 MB/s   4m29s[K[?25h[?2026l[?2026h[?25l[A[1Gpulling manifest [K
pulling 4824460d29f2:  24% ▕████              ▏  10 GB/ 42 GB  119 MB/s   4m29s[K[?25h[?2026l[?2026h[?25l[A[1Gpulling manifest [K
pulling 4824460d29f2:  24% ▕████              ▏  10 GB/ 42 GB  119 MB/s   4m29s[K[?25h[?2026l[?2026h[?25l[A[1Gpulling manifest [K
pulling 4824460d29f2:  24% ▕████              ▏  10 GB/ 42 GB  119 MB/s   4m29s[K[?25h[?2026l[?2026h[?25l[A[1Gpulling manifest [K
pulling 4824460d29f2:  24% ▕████              ▏  10 GB/ 42 GB  119 MB/s   4m29s[K[?25h[?2026l[?2026h[?25l[A[1Gpulling manifest [K
pulling 4824460d29f2:  24% ▕████              ▏  10 GB/ 42 GB  119 MB/s   4m29s[K[?25h[?2026l[?2026h[?25l[A[1Gpulling manifest [K
pulling 4824460d29f2:  24% ▕████              ▏  10 GB/ 42 GB  119 MB/s   4m29s[K[?25h[?2026l[?2026h[?25l[A[1Gpulling manifest [K
pulling 4824460d29f2:  24% ▕████              ▏  10 GB/ 42 GB  119 MB/s   4m29s[K[?25h[?2026l[?2026h[?25l[A[1Gpulling manifest [K
pulling 4824460d29f2:  24% ▕████              ▏  10 GB/ 42 GB  119 MB/s   4m29s[K[?25h[?2026l[?2026h[?25l[A[1Gpulling manifest [K
pulling 4824460d29f2:  24% ▕████              ▏  10 GB/ 42 GB  119 MB/s   4m28s[K[?25h[?2026l[?2026h[?25l[A[1Gpulling manifest [K
pulling 4824460d29f2:  24% ▕████              ▏  10 GB/ 42 GB  119 MB/s   4m28s[K[?25h[?2026l[?2026h[?25l[A[1Gpulling manifest [K
pulling 4824460d29f2:  24% ▕████              ▏  10 GB/ 42 GB  119 MB/s   4m28s[K[?25h[?2026l[?2026h[?25l[A[1Gpulling manifest [K
pulling 4824460d29f2:  25% ▕████              ▏  10 GB/ 42 GB  119 MB/s   4m28s[K[?25h[?2026l[?2026h[?25l[A[1Gpulling manifest [K
pulling 4824460d29f2:  25% ▕████              ▏  10 GB/ 42 GB  119 MB/s   4m28s[K[?25h[?2026l[?2026h[?25l[A[1Gpulling manifest [K
pulling 4824460d29f2:  25% ▕████              ▏  10 GB/ 42 GB  119 MB/s   4m28s[K[?25h[?2026l[?2026h[?25l[A[1Gpulling manifest [K
pulling 4824460d29f2:  25% ▕████              ▏  10 GB/ 42 GB  119 MB/s   4m28s[K[?25h[?2026l[?2026h[?25l[A[1Gpulling manifest [K
pulling 4824460d29f2:  25% ▕████              ▏  10 GB/ 42 GB  119 MB/s   4m28s[K[?25h[?2026l[?2026h[?25l[A[1Gpulling manifest [K
pulling 4824460d29f2:  25% ▕████              ▏  10 GB/ 42 GB  119 MB/s   4m28s[K[?25h[?2026l[?2026h[?25l[A[1Gpulling manifest [K
pulling 4824460d29f2:  25% ▕████              ▏  10 GB/ 42 GB  119 MB/s   4m28s[K[?25h[?2026l[?2026h[?25l[A[1Gpulling manifest [K
pulling 4824460d29f2:  25% ▕████              ▏  10 GB/ 42 GB  119 MB/s   4m28s[K[?25h[?2026l[?2026h[?25l[A[1Gpulling manifest [K
pulling 4824460d29f2:  25% ▕████              ▏  10 GB/ 42 GB  119 MB/s   4m27s[K[?25h[?2026l[?2026h[?25l[A[1Gpulling manifest [K
pulling 4824460d29f2:  25% ▕████              ▏  10 GB/ 42 GB  119 MB/s   4m27s[K[?25h[?2026l[?2026h[?25l[A[1Gpulling manifest [K
pulling 4824460d29f2:  25% ▕████              ▏  10 GB/ 42 GB  119 MB/s   4m27s[K[?25h[?2026l[?2026h[?25l[A[1Gpulling manifest [K
pulling 4824460d29f2:  25% ▕████              ▏  10 GB/ 42 GB  119 MB/s   4m27s[K[?25h[?2026l[?2026h[?25l[A[1Gpulling manifest [K
pulling 4824460d29f2:  25% ▕████              ▏  10 GB/ 42 GB  119 MB/s   4m27s[K[?25h[?2026l[?2026h[?25l[A[1Gpulling manifest [K
pulling 4824460d29f2:  25% ▕████              ▏  10 GB/ 42 GB  119 MB/s   4m27s[K[?25h[?2026l[?2026h[?25l[A[1Gpulling manifest [K
pulling 4824460d29f2:  25% ▕████              ▏  10 GB/ 42 GB  119 MB/s   4m27s[K[?25h[?2026l[?2026h[?25l[A[1Gpulling manifest [K
pulling 4824460d29f2:  25% ▕████              ▏  10 GB/ 42 GB  119 MB/s   4m27s[K[?25h[?2026l[?2026h[?25l[A[1Gpulling manifest [K
pulling 4824460d29f2:  25% ▕████              ▏  10 GB/ 42 GB  119 MB/s   4m27s[K[?25h[?2026l[?2026h[?25l[A[1Gpulling manifest [K
pulling 4824460d29f2:  25% ▕████              ▏  10 GB/ 42 GB  119 MB/s   4m27s[K[?25h[?2026l[?2026h[?25l[A[1Gpulling manifest [K
pulling 4824460d29f2:  25% ▕████              ▏  10 GB/ 42 GB  119 MB/s   4m27s[K[?25h[?2026l[?2026h[?25l[A[1Gpulling manifest [K
pulling 4824460d29f2:  25% ▕████              ▏  10 GB/ 42 GB  119 MB/s   4m27s[K[?25h[?2026l[?2026h[?25l[A[1Gpulling manifest [K
pulling 4824460d29f2:  25% ▕████              ▏  10 GB/ 42 GB  119 MB/s   4m27s[K[?25h[?2026l[?2026h[?25l[A[1Gpulling manifest [K
pulling 4824460d29f2:  25% ▕████              ▏  10 GB/ 42 GB  119 MB/s   4m27s[K[?25h[?2026l[?2026h[?25l[A[1Gpulling manifest [K
pulling 4824460d29f2:  25% ▕████              ▏  10 GB/ 42 GB  119 MB/s   4m27s[K[?25h[?2026l[?2026h[?25l[A[1Gpulling manifest [K
pulling 4824460d29f2:  25% ▕████              ▏  10 GB/ 42 GB  119 MB/s   4m26s[K[?25h[?2026l[?2026h[?25l[A[1Gpulling manifest [K
pulling 4824460d29f2:  25% ▕████              ▏  10 GB/ 42 GB  119 MB/s   4m26s[K[?25h[?2026l[?2026h[?25l[A[1Gpulling manifest [K
pulling 4824460d29f2:  25% ▕████              ▏  10 GB/ 42 GB  119 MB/s   4m26s[K[?25h[?2026l[?2026h[?25l[A[1Gpulling manifest [K
pulling 4824460d29f2:  25% ▕████              ▏  10 GB/ 42 GB  119 MB/s   4m26s[K[?25h[?2026l[?2026h[?25l[A[1Gpulling manifest [K
pulling 4824460d29f2:  25% ▕████              ▏  10 GB/ 42 GB  119 MB/s   4m25s[K[?25h[?2026l[?2026h[?25l[A[1Gpulling manifest [K
pulling 4824460d29f2:  25% ▕████              ▏  10 GB/ 42 GB  119 MB/s   4m25s[K[?25h[?2026l[?2026h[?25l[A[1Gpulling manifest [K
pulling 4824460d29f2:  25% ▕████              ▏  10 GB/ 42 GB  119 MB/s   4m25s[K[?25h[?2026l[?2026h[?25l[A[1Gpulling manifest [K
pulling 4824460d29f2:  25% ▕████              ▏  10 GB/ 42 GB  119 MB/s   4m25s[K[?25h[?2026l[?2026h[?25l[A[1Gpulling manifest [K
pulling 4824460d29f2:  25% ▕████              ▏  10 GB/ 42 GB  119 MB/s   4m25s[K[?25h[?2026l[?2026h[?25l[A[1Gpulling manifest [K
pulling 4824460d29f2:  25% ▕████              ▏  10 GB/ 42 GB  119 MB/s   4m25s[K[?25h[?2026l[?2026h[?25l[A[1Gpulling manifest [K
pulling 4824460d29f2:  25% ▕████              ▏  10 GB/ 42 GB  119 MB/s   4m25s[K[?25h[?2026l[?2026h[?25l[A[1Gpulling manifest [K
pulling 4824460d29f2:  25% ▕████              ▏  10 GB/ 42 GB  119 MB/s   4m25s[K[?25h[?2026l[?2026h[?25l[A[1Gpulling manifest [K
pulling 4824460d29f2:  25% ▕████              ▏  10 GB/ 42 GB  119 MB/s   4m25s[K[?25h[?2026l[?2026h[?25l[A[1Gpulling manifest [K
pulling 4824460d29f2:  26% ▕████              ▏  10 GB/ 42 GB  119 MB/s   4m24s[K[?25h[?2026l[?2026h[?25l[A[1Gpulling manifest [K
pulling 4824460d29f2:  26% ▕████              ▏  10 GB/ 42 GB  119 MB/s   4m25s[K[?25h[?2026l[?2026h[?25l[A[1Gpulling manifest [K
pulling 4824460d29f2:  26% ▕████              ▏  10 GB/ 42 GB  119 MB/s   4m25s[K[?25h[?2026l[?2026h[?25l[A[1Gpulling manifest [K
pulling 4824460d29f2:  26% ▕████              ▏  10 GB/ 42 GB  119 MB/s   4m25s[K[?25h[?2026l[?2026h[?25l[A[1Gpulling manifest [K
pulling 4824460d29f2:  26% ▕████              ▏  10 GB/ 42 GB  119 MB/s   4m25s[K[?25h[?2026l[?2026h[?25l[A[1Gpulling manifest [K
pulling 4824460d29f2:  26% ▕████              ▏  10 GB/ 42 GB  119 MB/s   4m25s[K[?25h[?2026l[?2026h[?25l[A[1Gpulling manifest [K
pulling 4824460d29f2:  26% ▕████              ▏  10 GB/ 42 GB  119 MB/s   4m24s[K[?25h[?2026l[?2026h[?25l[A[1Gpulling manifest [K
pulling 4824460d29f2:  26% ▕████              ▏  10 GB/ 42 GB  119 MB/s   4m24s[K[?25h[?2026l[?2026h[?25l[A[1Gpulling manifest [K
pulling 4824460d29f2:  26% ▕████              ▏  10 GB/ 42 GB  119 MB/s   4m24s[K[?25h[?2026l[?2026h[?25l[A[1Gpulling manifest [K
pulling 4824460d29f2:  26% ▕████              ▏  10 GB/ 42 GB  119 MB/s   4m24s[K[?25h[?2026l[?2026h[?25l[A[1Gpulling manifest [K
pulling 4824460d29f2:  26% ▕████              ▏  10 GB/ 42 GB  119 MB/s   4m24s[K[?25h[?2026l[?2026h[?25l[A[1Gpulling manifest [K
pulling 4824460d29f2:  26% ▕████              ▏  10 GB/ 42 GB  119 MB/s   4m24s[K[?25h[?2026l[?2026h[?25l[A[1Gpulling manifest [K
pulling 4824460d29f2:  26% ▕████              ▏  10 GB/ 42 GB  119 MB/s   4m24s[K[?25h[?2026l[?2026h[?25l[A[1Gpulling manifest [K
pulling 4824460d29f2:  26% ▕████              ▏  10 GB/ 42 GB  119 MB/s   4m23s[K[?25h[?2026l[?2026h[?25l[A[1Gpulling manifest [K
pulling 4824460d29f2:  26% ▕████              ▏  11 GB/ 42 GB  119 MB/s   4m23s[K[?25h[?2026l[?2026h[?25l[A[1Gpulling manifest [K
pulling 4824460d29f2:  26% ▕████              ▏  11 GB/ 42 GB  119 MB/s   4m23s[K[?25h[?2026l[?2026h[?25l[A[1Gpulling manifest [K
pulling 4824460d29f2:  26% ▕████              ▏  11 GB/ 42 GB  119 MB/s   4m23s[K[?25h[?2026l[?2026h[?25l[A[1Gpulling manifest [K
pulling 4824460d29f2:  26% ▕████              ▏  11 GB/ 42 GB  119 MB/s   4m23s[K[?25h[?2026l[?2026h[?25l[A[1Gpulling manifest [K
pulling 4824460d29f2:  26% ▕████              ▏  11 GB/ 42 GB  119 MB/s   4m23s[K[?25h[?2026l[?2026h[?25l[A[1Gpulling manifest [K
pulling 4824460d29f2:  26% ▕████              ▏  11 GB/ 42 GB  119 MB/s   4m23s[K[?25h[?2026l[?2026h[?25l[A[1Gpulling manifest [K
pulling 4824460d29f2:  26% ▕████              ▏  11 GB/ 42 GB  119 MB/s   4m23s[K[?25h[?2026l[?2026h[?25l[A[1Gpulling manifest [K
pulling 4824460d29f2:  26% ▕████              ▏  11 GB/ 42 GB  119 MB/s   4m23s[K[?25h[?2026l[?2026h[?25l[A[1Gpulling manifest [K
pulling 4824460d29f2:  26% ▕████              ▏  11 GB/ 42 GB  119 MB/s   4m23s[K[?25h[?2026l[?2026h[?25l[A[1Gpulling manifest [K
pulling 4824460d29f2:  26% ▕████              ▏  11 GB/ 42 GB  119 MB/s   4m23s[K[?25h[?2026l[?2026h[?25l[A[1Gpulling manifest [K
pulling 4824460d29f2:  26% ▕████              ▏  11 GB/ 42 GB  119 MB/s   4m23s[K[?25h[?2026l[?2026h[?25l[A[1Gpulling manifest [K
pulling 4824460d29f2:  26% ▕████              ▏  11 GB/ 42 GB  119 MB/s   4m23s[K[?25h[?2026l[?2026h[?25l[A[1Gpulling manifest [K
pulling 4824460d29f2:  26% ▕████              ▏  11 GB/ 42 GB  119 MB/s   4m22s[K[?25h[?2026l[?2026h[?25l[A[1Gpulling manifest [K
pulling 4824460d29f2:  26% ▕████              ▏  11 GB/ 42 GB  119 MB/s   4m22s[K[?25h[?2026l[?2026h[?25l[A[1Gpulling manifest [K
pulling 4824460d29f2:  26% ▕████              ▏  11 GB/ 42 GB  119 MB/s   4m22s[K[?25h[?2026l[?2026h[?25l[A[1Gpulling manifest [K
pulling 4824460d29f2:  26% ▕████              ▏  11 GB/ 42 GB  119 MB/s   4m22s[K[?25h[?2026l[?2026h[?25l[A[1Gpulling manifest [K
pulling 4824460d29f2:  26% ▕████              ▏  11 GB/ 42 GB  119 MB/s   4m22s[K[?25h[?2026l[?2026h[?25l[A[1Gpulling manifest [K
pulling 4824460d29f2:  26% ▕████              ▏  11 GB/ 42 GB  119 MB/s   4m22s[K[?25h[?2026l[?2026h[?25l[A[1Gpulling manifest [K
pulling 4824460d29f2:  26% ▕████              ▏  11 GB/ 42 GB  119 MB/s   4m22s[K[?25h[?2026l[?2026h[?25l[A[1Gpulling manifest [K
pulling 4824460d29f2:  26% ▕████              ▏  11 GB/ 42 GB  119 MB/s   4m22s[K[?25h[?2026l[?2026h[?25l[A[1Gpulling manifest [K
pulling 4824460d29f2:  26% ▕████              ▏  11 GB/ 42 GB  119 MB/s   4m21s[K[?25h[?2026l[?2026h[?25l[A[1Gpulling manifest [K
pulling 4824460d29f2:  26% ▕████              ▏  11 GB/ 42 GB  119 MB/s   4m21s[K[?25h[?2026l[?2026h[?25l[A[1Gpulling manifest [K
pulling 4824460d29f2:  27% ▕████              ▏  11 GB/ 42 GB  119 MB/s   4m21s[K[?25h[?2026l[?2026h[?25l[A[1Gpulling manifest [K
pulling 4824460d29f2:  27% ▕████              ▏  11 GB/ 42 GB  119 MB/s   4m21s[K[?25h[?2026l[?2026h[?25l[A[1Gpulling manifest [K
pulling 4824460d29f2:  27% ▕████              ▏  11 GB/ 42 GB  119 MB/s   4m21s[K[?25h[?2026l[?2026h[?25l[A[1Gpulling manifest [K
pulling 4824460d29f2:  27% ▕████              ▏  11 GB/ 42 GB  119 MB/s   4m21s[K[?25h[?2026l[?2026h[?25l[A[1Gpulling manifest [K
pulling 4824460d29f2:  27% ▕████              ▏  11 GB/ 42 GB  119 MB/s   4m21s[K[?25h[?2026l[?2026h[?25l[A[1Gpulling manifest [K
pulling 4824460d29f2:  27% ▕████              ▏  11 GB/ 42 GB  119 MB/s   4m21s[K[?25h[?2026l[?2026h[?25l[A[1Gpulling manifest [K
pulling 4824460d29f2:  27% ▕████              ▏  11 GB/ 42 GB  119 MB/s   4m21s[K[?25h[?2026l[?2026h[?25l[A[1Gpulling manifest [K
pulling 4824460d29f2:  27% ▕████              ▏  11 GB/ 42 GB  119 MB/s   4m21s[K[?25h[?2026l[?2026h[?25l[A[1Gpulling manifest [K
pulling 4824460d29f2:  27% ▕████              ▏  11 GB/ 42 GB  119 MB/s   4m21s[K[?25h[?2026l[?2026h[?25l[A[1Gpulling manifest [K
pulling 4824460d29f2:  27% ▕████              ▏  11 GB/ 42 GB  119 MB/s   4m21s[K[?25h[?2026l[?2026h[?25l[A[1Gpulling manifest [K
pulling 4824460d29f2:  27% ▕████              ▏  11 GB/ 42 GB  119 MB/s   4m20s[K[?25h[?2026l[?2026h[?25l[A[1Gpulling manifest [K
pulling 4824460d29f2:  27% ▕████              ▏  11 GB/ 42 GB  119 MB/s   4m20s[K[?25h[?2026l[?2026h[?25l[A[1Gpulling manifest [K
pulling 4824460d29f2:  27% ▕████              ▏  11 GB/ 42 GB  119 MB/s   4m20s[K[?25h[?2026l[?2026h[?25l[A[1Gpulling manifest [K
pulling 4824460d29f2:  27% ▕████              ▏  11 GB/ 42 GB  119 MB/s   4m20s[K[?25h[?2026l[?2026h[?25l[A[1Gpulling manifest [K
pulling 4824460d29f2:  27% ▕████              ▏  11 GB/ 42 GB  119 MB/s   4m20s[K[?25h[?2026l[?2026h[?25l[A[1Gpulling manifest [K
pulling 4824460d29f2:  27% ▕████              ▏  11 GB/ 42 GB  119 MB/s   4m20s[K[?25h[?2026l[?2026h[?25l[A[1Gpulling manifest [K
pulling 4824460d29f2:  27% ▕████              ▏  11 GB/ 42 GB  119 MB/s   4m20s[K[?25h[?2026l[?2026h[?25l[A[1Gpulling manifest [K
pulling 4824460d29f2:  27% ▕████              ▏  11 GB/ 42 GB  119 MB/s   4m20s[K[?25h[?2026l[?2026h[?25l[A[1Gpulling manifest [K
pulling 4824460d29f2:  27% ▕████              ▏  11 GB/ 42 GB  119 MB/s   4m20s[K[?25h[?2026l[?2026h[?25l[A[1Gpulling manifest [K
pulling 4824460d29f2:  27% ▕████              ▏  11 GB/ 42 GB  119 MB/s   4m19s[K[?25h[?2026l[?2026h[?25l[A[1Gpulling manifest [K
pulling 4824460d29f2:  27% ▕████              ▏  11 GB/ 42 GB  119 MB/s   4m19s[K[?25h[?2026l[?2026h[?25l[A[1Gpulling manifest [K
pulling 4824460d29f2:  27% ▕████              ▏  11 GB/ 42 GB  119 MB/s   4m19s[K[?25h[?2026l[?2026h[?25l[A[1Gpulling manifest [K
pulling 4824460d29f2:  27% ▕████              ▏  11 GB/ 42 GB  119 MB/s   4m19s[K[?25h[?2026l[?2026h[?25l[A[1Gpulling manifest [K
pulling 4824460d29f2:  27% ▕████              ▏  11 GB/ 42 GB  119 MB/s   4m19s[K[?25h[?2026l[?2026h[?25l[A[1Gpulling manifest [K
pulling 4824460d29f2:  27% ▕████              ▏  11 GB/ 42 GB  119 MB/s   4m19s[K[?25h[?2026l[?2026h[?25l[A[1Gpulling manifest [K
pulling 4824460d29f2:  27% ▕████              ▏  11 GB/ 42 GB  119 MB/s   4m19s[K[?25h[?2026l[?2026h[?25l[A[1Gpulling manifest [K
pulling 4824460d29f2:  27% ▕████              ▏  11 GB/ 42 GB  119 MB/s   4m19s[K[?25h[?2026l[?2026h[?25l[A[1Gpulling manifest [K
pulling 4824460d29f2:  27% ▕████              ▏  11 GB/ 42 GB  119 MB/s   4m19s[K[?25h[?2026l[?2026h[?25l[A[1Gpulling manifest [K
pulling 4824460d29f2:  27% ▕████              ▏  11 GB/ 42 GB  119 MB/s   4m19s[K[?25h[?2026l[?2026h[?25l[A[1Gpulling manifest [K
pulling 4824460d29f2:  27% ▕████              ▏  11 GB/ 42 GB  119 MB/s   4m19s[K[?25h[?2026l[?2026h[?25l[A[1Gpulling manifest [K
pulling 4824460d29f2:  27% ▕████              ▏  11 GB/ 42 GB  119 MB/s   4m19s[K[?25h[?2026l[?2026h[?25l[A[1Gpulling manifest [K
pulling 4824460d29f2:  27% ▕████              ▏  11 GB/ 42 GB  119 MB/s   4m19s[K[?25h[?2026l[?2026h[?25l[A[1Gpulling manifest [K
pulling 4824460d29f2:  27% ▕████              ▏  11 GB/ 42 GB  119 MB/s   4m18s[K[?25h[?2026l[?2026h[?25l[A[1Gpulling manifest [K
pulling 4824460d29f2:  27% ▕████              ▏  11 GB/ 42 GB  119 MB/s   4m18s[K[?25h[?2026l[?2026h[?25l[A[1Gpulling manifest [K
pulling 4824460d29f2:  27% ▕████              ▏  11 GB/ 42 GB  119 MB/s   4m18s[K[?25h[?2026l[?2026h[?25l[A[1Gpulling manifest [K
pulling 4824460d29f2:  27% ▕████              ▏  11 GB/ 42 GB  119 MB/s   4m18s[K[?25h[?2026l[?2026h[?25l[A[1Gpulling manifest [K
pulling 4824460d29f2:  27% ▕████              ▏  11 GB/ 42 GB  119 MB/s   4m18s[K[?25h[?2026l[?2026h[?25l[A[1Gpulling manifest [K
pulling 4824460d29f2:  28% ▕████              ▏  11 GB/ 42 GB  119 MB/s   4m18s[K[?25h[?2026l[?2026h[?25l[A[1Gpulling manifest [K
pulling 4824460d29f2:  28% ▕████              ▏  11 GB/ 42 GB  119 MB/s   4m17s[K[?25h[?2026l[?2026h[?25l[A[1Gpulling manifest [K
pulling 4824460d29f2:  28% ▕████              ▏  11 GB/ 42 GB  119 MB/s   4m17s[K[?25h[?2026l[?2026h[?25l[A[1Gpulling manifest [K
pulling 4824460d29f2:  28% ▕████              ▏  11 GB/ 42 GB  119 MB/s   4m17s[K[?25h[?2026l[?2026h[?25l[A[1Gpulling manifest [K
pulling 4824460d29f2:  28% ▕████              ▏  11 GB/ 42 GB  119 MB/s   4m17s[K[?25h[?2026l[?2026h[?25l[A[1Gpulling manifest [K
pulling 4824460d29f2:  28% ▕████              ▏  11 GB/ 42 GB  119 MB/s   4m17s[K[?25h[?2026l[?2026h[?25l[A[1Gpulling manifest [K
pulling 4824460d29f2:  28% ▕████              ▏  11 GB/ 42 GB  119 MB/s   4m17s[K[?25h[?2026l[?2026h[?25l[A[1Gpulling manifest [K
pulling 4824460d29f2:  28% ▕████              ▏  11 GB/ 42 GB  119 MB/s   4m17s[K[?25h[?2026l[?2026h[?25l[A[1Gpulling manifest [K
pulling 4824460d29f2:  28% ▕████              ▏  11 GB/ 42 GB  119 MB/s   4m17s[K[?25h[?2026l[?2026h[?25l[A[1Gpulling manifest [K
pulling 4824460d29f2:  28% ▕████              ▏  11 GB/ 42 GB  119 MB/s   4m17s[K[?25h[?2026l[?2026h[?25l[A[1Gpulling manifest [K
pulling 4824460d29f2:  28% ▕█████             ▏  11 GB/ 42 GB  119 MB/s   4m17s[K[?25h[?2026l[?2026h[?25l[A[1Gpulling manifest [K
pulling 4824460d29f2:  28% ▕█████             ▏  11 GB/ 42 GB  119 MB/s   4m17s[K[?25h[?2026l[?2026h[?25l[A[1Gpulling manifest [K
pulling 4824460d29f2:  28% ▕█████             ▏  11 GB/ 42 GB  119 MB/s   4m17s[K[?25h[?2026l[?2026h[?25l[A[1Gpulling manifest [K
pulling 4824460d29f2:  28% ▕█████             ▏  11 GB/ 42 GB  119 MB/s   4m17s[K[?25h[?2026l[?2026h[?25l[A[1Gpulling manifest [K
pulling 4824460d29f2:  28% ▕█████             ▏  11 GB/ 42 GB  119 MB/s   4m17s[K[?25h[?2026l[?2026h[?25l[A[1Gpulling manifest [K
pulling 4824460d29f2:  28% ▕█████             ▏  11 GB/ 42 GB  119 MB/s   4m17s[K[?25h[?2026l[?2026h[?25l[A[1Gpulling manifest [K
pulling 4824460d29f2:  28% ▕█████             ▏  11 GB/ 42 GB  119 MB/s   4m17s[K[?25h[?2026l[?2026h[?25l[A[1Gpulling manifest [K
pulling 4824460d29f2:  28% ▕█████             ▏  11 GB/ 42 GB  119 MB/s   4m16s[K[?25h[?2026l[?2026h[?25l[A[1Gpulling manifest [K
pulling 4824460d29f2:  28% ▕█████             ▏  11 GB/ 42 GB  119 MB/s   4m16s[K[?25h[?2026l[?2026h[?25l[A[1Gpulling manifest [K
pulling 4824460d29f2:  28% ▕█████             ▏  11 GB/ 42 GB  119 MB/s   4m16s[K[?25h[?2026l[?2026h[?25l[A[1Gpulling manifest [K
pulling 4824460d29f2:  28% ▕█████             ▏  11 GB/ 42 GB  119 MB/s   4m15s[K[?25h[?2026l[?2026h[?25l[A[1Gpulling manifest [K
pulling 4824460d29f2:  28% ▕█████             ▏  11 GB/ 42 GB  119 MB/s   4m15s[K[?25h[?2026l[?2026h[?25l[A[1Gpulling manifest [K
pulling 4824460d29f2:  28% ▕█████             ▏  11 GB/ 42 GB  119 MB/s   4m15s[K[?25h[?2026l[?2026h[?25l[A[1Gpulling manifest [K
pulling 4824460d29f2:  28% ▕█████             ▏  11 GB/ 42 GB  119 MB/s   4m15s[K[?25h[?2026l[?2026h[?25l[A[1Gpulling manifest [K
pulling 4824460d29f2:  28% ▕█████             ▏  11 GB/ 42 GB  119 MB/s   4m15s[K[?25h[?2026l[?2026h[?25l[A[1Gpulling manifest [K
pulling 4824460d29f2:  28% ▕█████             ▏  11 GB/ 42 GB  119 MB/s   4m15s[K[?25h[?2026l[?2026h[?25l[A[1Gpulling manifest [K
pulling 4824460d29f2:  28% ▕█████             ▏  12 GB/ 42 GB  119 MB/s   4m14s[K[?25h[?2026l[?2026h[?25l[A[1Gpulling manifest [K
pulling 4824460d29f2:  28% ▕█████             ▏  12 GB/ 42 GB  119 MB/s   4m14s[K[?25h[?2026l[?2026h[?25l[A[1Gpulling manifest [K
pulling 4824460d29f2:  28% ▕█████             ▏  12 GB/ 42 GB  119 MB/s   4m14s[K[?25h[?2026l[?2026h[?25l[A[1Gpulling manifest [K
pulling 4824460d29f2:  28% ▕█████             ▏  12 GB/ 42 GB  119 MB/s   4m14s[K[?25h[?2026l[?2026h[?25l[A[1Gpulling manifest [K
pulling 4824460d29f2:  28% ▕█████             ▏  12 GB/ 42 GB  119 MB/s   4m15s[K[?25h[?2026l[?2026h[?25l[A[1Gpulling manifest [K
pulling 4824460d29f2:  28% ▕█████             ▏  12 GB/ 42 GB  119 MB/s   4m15s[K[?25h[?2026l[?2026h[?25l[A[1Gpulling manifest [K
pulling 4824460d29f2:  28% ▕█████             ▏  12 GB/ 42 GB  119 MB/s   4m14s[K[?25h[?2026l[?2026h[?25l[A[1Gpulling manifest [K
pulling 4824460d29f2:  28% ▕█████             ▏  12 GB/ 42 GB  119 MB/s   4m14s[K[?25h[?2026l[?2026h[?25l[A[1Gpulling manifest [K
pulling 4824460d29f2:  28% ▕█████             ▏  12 GB/ 42 GB  119 MB/s   4m14s[K[?25h[?2026l[?2026h[?25l[A[1Gpulling manifest [K
pulling 4824460d29f2:  28% ▕█████             ▏  12 GB/ 42 GB  119 MB/s   4m14s[K[?25h[?2026l[?2026h[?25l[A[1Gpulling manifest [K
pulling 4824460d29f2:  29% ▕█████             ▏  12 GB/ 42 GB  119 MB/s   4m14s[K[?25h[?2026l[?2026h[?25l[A[1Gpulling manifest [K
pulling 4824460d29f2:  29% ▕█████             ▏  12 GB/ 42 GB  119 MB/s   4m14s[K[?25h[?2026l[?2026h[?25l[A[1Gpulling manifest [K
pulling 4824460d29f2:  29% ▕█████             ▏  12 GB/ 42 GB  119 MB/s   4m14s[K[?25h[?2026l[?2026h[?25l[A[1Gpulling manifest [K
pulling 4824460d29f2:  29% ▕█████             ▏  12 GB/ 42 GB  119 MB/s   4m14s[K[?25h[?2026l[?2026h[?25l[A[1Gpulling manifest [K
pulling 4824460d29f2:  29% ▕█████             ▏  12 GB/ 42 GB  119 MB/s   4m14s[K[?25h[?2026l[?2026h[?25l[A[1Gpulling manifest [K
pulling 4824460d29f2:  29% ▕█████             ▏  12 GB/ 42 GB  119 MB/s   4m13s[K[?25h[?2026l[?2026h[?25l[A[1Gpulling manifest [K
pulling 4824460d29f2:  29% ▕█████             ▏  12 GB/ 42 GB  119 MB/s   4m13s[K[?25h[?2026l[?2026h[?25l[A[1Gpulling manifest [K
pulling 4824460d29f2:  29% ▕█████             ▏  12 GB/ 42 GB  119 MB/s   4m13s[K[?25h[?2026l[?2026h[?25l[A[1Gpulling manifest [K
pulling 4824460d29f2:  29% ▕█████             ▏  12 GB/ 42 GB  119 MB/s   4m13s[K[?25h[?2026l[?2026h[?25l[A[1Gpulling manifest [K
pulling 4824460d29f2:  29% ▕█████             ▏  12 GB/ 42 GB  119 MB/s   4m13s[K[?25h[?2026l[?2026h[?25l[A[1Gpulling manifest [K
pulling 4824460d29f2:  29% ▕█████             ▏  12 GB/ 42 GB  119 MB/s   4m13s[K[?25h[?2026l[?2026h[?25l[A[1Gpulling manifest [K
pulling 4824460d29f2:  29% ▕█████             ▏  12 GB/ 42 GB  119 MB/s   4m13s[K[?25h[?2026l[?2026h[?25l[A[1Gpulling manifest [K
pulling 4824460d29f2:  29% ▕█████             ▏  12 GB/ 42 GB  119 MB/s   4m13s[K[?25h[?2026l[?2026h[?25l[A[1Gpulling manifest [K
pulling 4824460d29f2:  29% ▕█████             ▏  12 GB/ 42 GB  119 MB/s   4m13s[K[?25h[?2026l[?2026h[?25l[A[1Gpulling manifest [K
pulling 4824460d29f2:  29% ▕█████             ▏  12 GB/ 42 GB  119 MB/s   4m13s[K[?25h[?2026l[?2026h[?25l[A[1Gpulling manifest [K
pulling 4824460d29f2:  29% ▕█████             ▏  12 GB/ 42 GB  119 MB/s   4m13s[K[?25h[?2026l[?2026h[?25l[A[1Gpulling manifest [K
pulling 4824460d29f2:  29% ▕█████             ▏  12 GB/ 42 GB  119 MB/s   4m13s[K[?25h[?2026l[?2026h[?25l[A[1Gpulling manifest [K
pulling 4824460d29f2:  29% ▕█████             ▏  12 GB/ 42 GB  119 MB/s   4m13s[K[?25h[?2026l[?2026h[?25l[A[1Gpulling manifest [K
pulling 4824460d29f2:  29% ▕█████             ▏  12 GB/ 42 GB  119 MB/s   4m12s[K[?25h[?2026l[?2026h[?25l[A[1Gpulling manifest [K
pulling 4824460d29f2:  29% ▕█████             ▏  12 GB/ 42 GB  119 MB/s   4m12s[K[?25h[?2026l[?2026h[?25l[A[1Gpulling manifest [K
pulling 4824460d29f2:  29% ▕█████             ▏  12 GB/ 42 GB  119 MB/s   4m12s[K[?25h[?2026l[?2026h[?25l[A[1Gpulling manifest [K
pulling 4824460d29f2:  29% ▕█████             ▏  12 GB/ 42 GB  119 MB/s   4m12s[K[?25h[?2026l[?2026h[?25l[A[1Gpulling manifest [K
pulling 4824460d29f2:  29% ▕█████             ▏  12 GB/ 42 GB  119 MB/s   4m12s[K[?25h[?2026l[?2026h[?25l[A[1Gpulling manifest [K
pulling 4824460d29f2:  29% ▕█████             ▏  12 GB/ 42 GB  119 MB/s   4m12s[K[?25h[?2026l[?2026h[?25l[A[1Gpulling manifest [K
pulling 4824460d29f2:  29% ▕█████             ▏  12 GB/ 42 GB  119 MB/s   4m12s[K[?25h[?2026l[?2026h[?25l[A[1Gpulling manifest [K
pulling 4824460d29f2:  29% ▕█████             ▏  12 GB/ 42 GB  119 MB/s   4m12s[K[?25h[?2026l[?2026h[?25l[A[1Gpulling manifest [K
pulling 4824460d29f2:  29% ▕█████             ▏  12 GB/ 42 GB  119 MB/s   4m12s[K[?25h[?2026l[?2026h[?25l[A[1Gpulling manifest [K
pulling 4824460d29f2:  29% ▕█████             ▏  12 GB/ 42 GB  119 MB/s   4m12s[K[?25h[?2026l[?2026h[?25l[A[1Gpulling manifest [K
pulling 4824460d29f2:  29% ▕█████             ▏  12 GB/ 42 GB  119 MB/s   4m11s[K[?25h[?2026l[?2026h[?25l[A[1Gpulling manifest [K
pulling 4824460d29f2:  29% ▕█████             ▏  12 GB/ 42 GB  119 MB/s   4m11s[K[?25h[?2026l[?2026h[?25l[A[1Gpulling manifest [K
pulling 4824460d29f2:  29% ▕█████             ▏  12 GB/ 42 GB  119 MB/s   4m11s[K[?25h[?2026l[?2026h[?25l[A[1Gpulling manifest [K
pulling 4824460d29f2:  29% ▕█████             ▏  12 GB/ 42 GB  119 MB/s   4m11s[K[?25h[?2026l[?2026h[?25l[A[1Gpulling manifest [K
pulling 4824460d29f2:  29% ▕█████             ▏  12 GB/ 42 GB  119 MB/s   4m11s[K[?25h[?2026l[?2026h[?25l[A[1Gpulling manifest [K
pulling 4824460d29f2:  29% ▕█████             ▏  12 GB/ 42 GB  119 MB/s   4m11s[K[?25h[?2026l[?2026h[?25l[A[1Gpulling manifest [K
pulling 4824460d29f2:  29% ▕█████             ▏  12 GB/ 42 GB  119 MB/s   4m11s[K[?25h[?2026l[?2026h[?25l[A[1Gpulling manifest [K
pulling 4824460d29f2:  29% ▕█████             ▏  12 GB/ 42 GB  119 MB/s   4m11s[K[?25h[?2026l[?2026h[?25l[A[1Gpulling manifest [K
pulling 4824460d29f2:  29% ▕█████             ▏  12 GB/ 42 GB  119 MB/s   4m11s[K[?25h[?2026l[?2026h[?25l[A[1Gpulling manifest [K
pulling 4824460d29f2:  30% ▕█████             ▏  12 GB/ 42 GB  119 MB/s   4m11s[K[?25h[?2026l[?2026h[?25l[A[1Gpulling manifest [K
pulling 4824460d29f2:  30% ▕█████             ▏  12 GB/ 42 GB  119 MB/s   4m11s[K[?25h[?2026l[?2026h[?25l[A[1Gpulling manifest [K
pulling 4824460d29f2:  30% ▕█████             ▏  12 GB/ 42 GB  119 MB/s   4m10s[K[?25h[?2026l[?2026h[?25l[A[1Gpulling manifest [K
pulling 4824460d29f2:  30% ▕█████             ▏  12 GB/ 42 GB  119 MB/s   4m10s[K[?25h[?2026l[?2026h[?25l[A[1Gpulling manifest [K
pulling 4824460d29f2:  30% ▕█████             ▏  12 GB/ 42 GB  119 MB/s   4m10s[K[?25h[?2026l[?2026h[?25l[A[1Gpulling manifest [K
pulling 4824460d29f2:  30% ▕█████             ▏  12 GB/ 42 GB  119 MB/s   4m10s[K[?25h[?2026l[?2026h[?25l[A[1Gpulling manifest [K
pulling 4824460d29f2:  30% ▕█████             ▏  12 GB/ 42 GB  119 MB/s   4m10s[K[?25h[?2026l[?2026h[?25l[A[1Gpulling manifest [K
pulling 4824460d29f2:  30% ▕█████             ▏  12 GB/ 42 GB  119 MB/s   4m10s[K[?25h[?2026l[?2026h[?25l[A[1Gpulling manifest [K
pulling 4824460d29f2:  30% ▕█████             ▏  12 GB/ 42 GB  119 MB/s   4m10s[K[?25h[?2026l[?2026h[?25l[A[1Gpulling manifest [K
pulling 4824460d29f2:  30% ▕█████             ▏  12 GB/ 42 GB  119 MB/s   4m10s[K[?25h[?2026l[?2026h[?25l[A[1Gpulling manifest [K
pulling 4824460d29f2:  30% ▕█████             ▏  12 GB/ 42 GB  119 MB/s   4m10s[K[?25h[?2026l[?2026h[?25l[A[1Gpulling manifest [K
pulling 4824460d29f2:  30% ▕█████             ▏  12 GB/ 42 GB  119 MB/s    4m9s[K[?25h[?2026l[?2026h[?25l[A[1Gpulling manifest [K
pulling 4824460d29f2:  30% ▕█████             ▏  12 GB/ 42 GB  119 MB/s    4m9s[K[?25h[?2026l[?2026h[?25l[A[1Gpulling manifest [K
pulling 4824460d29f2:  30% ▕█████             ▏  12 GB/ 42 GB  119 MB/s    4m9s[K[?25h[?2026l[?2026h[?25l[A[1Gpulling manifest [K
pulling 4824460d29f2:  30% ▕█████             ▏  12 GB/ 42 GB  119 MB/s    4m9s[K[?25h[?2026l[?2026h[?25l[A[1Gpulling manifest [K
pulling 4824460d29f2:  30% ▕█████             ▏  12 GB/ 42 GB  119 MB/s    4m9s[K[?25h[?2026l[?2026h[?25l[A[1Gpulling manifest [K
pulling 4824460d29f2:  30% ▕█████             ▏  12 GB/ 42 GB  119 MB/s    4m9s[K[?25h[?2026l[?2026h[?25l[A[1Gpulling manifest [K
pulling 4824460d29f2:  30% ▕█████             ▏  12 GB/ 42 GB  119 MB/s    4m9s[K[?25h[?2026l[?2026h[?25l[A[1Gpulling manifest [K
pulling 4824460d29f2:  30% ▕█████             ▏  12 GB/ 42 GB  119 MB/s    4m9s[K[?25h[?2026l[?2026h[?25l[A[1Gpulling manifest [K
pulling 4824460d29f2:  30% ▕█████             ▏  12 GB/ 42 GB  119 MB/s    4m9s[K[?25h[?2026l[?2026h[?25l[A[1Gpulling manifest [K
pulling 4824460d29f2:  30% ▕█████             ▏  12 GB/ 42 GB  119 MB/s    4m9s[K[?25h[?2026l[?2026h[?25l[A[1Gpulling manifest [K
pulling 4824460d29f2:  30% ▕█████             ▏  12 GB/ 42 GB  119 MB/s    4m9s[K[?25h[?2026l[?2026h[?25l[A[1Gpulling manifest [K
pulling 4824460d29f2:  30% ▕█████             ▏  12 GB/ 42 GB  119 MB/s    4m8s[K[?25h[?2026l[?2026h[?25l[A[1Gpulling manifest [K
pulling 4824460d29f2:  30% ▕█████             ▏  12 GB/ 42 GB  119 MB/s    4m8s[K[?25h[?2026l[?2026h[?25l[A[1Gpulling manifest [K
pulling 4824460d29f2:  30% ▕█████             ▏  12 GB/ 42 GB  119 MB/s    4m8s[K[?25h[?2026l[?2026h[?25l[A[1Gpulling manifest [K
pulling 4824460d29f2:  30% ▕█████             ▏  12 GB/ 42 GB  119 MB/s    4m8s[K[?25h[?2026l[?2026h[?25l[A[1Gpulling manifest [K
pulling 4824460d29f2:  30% ▕█████             ▏  12 GB/ 42 GB  119 MB/s    4m8s[K[?25h[?2026l[?2026h[?25l[A[1Gpulling manifest [K
pulling 4824460d29f2:  30% ▕█████             ▏  12 GB/ 42 GB  119 MB/s    4m8s[K[?25h[?2026l[?2026h[?25l[A[1Gpulling manifest [K
pulling 4824460d29f2:  30% ▕█████             ▏  12 GB/ 42 GB  119 MB/s    4m8s[K[?25h[?2026l[?2026h[?25l[A[1Gpulling manifest [K
pulling 4824460d29f2:  30% ▕█████             ▏  12 GB/ 42 GB  119 MB/s    4m8s[K[?25h[?2026l[?2026h[?25l[A[1Gpulling manifest [K
pulling 4824460d29f2:  30% ▕█████             ▏  12 GB/ 42 GB  119 MB/s    4m8s[K[?25h[?2026l[?2026h[?25l[A[1Gpulling manifest [K
pulling 4824460d29f2:  30% ▕█████             ▏  12 GB/ 42 GB  119 MB/s    4m8s[K[?25h[?2026l[?2026h[?25l[A[1Gpulling manifest [K
pulling 4824460d29f2:  30% ▕█████             ▏  12 GB/ 42 GB  119 MB/s    4m7s[K[?25h[?2026l[?2026h[?25l[A[1Gpulling manifest [K
pulling 4824460d29f2:  30% ▕█████             ▏  12 GB/ 42 GB  119 MB/s    4m7s[K[?25h[?2026l[?2026h[?25l[A[1Gpulling manifest [K
pulling 4824460d29f2:  30% ▕█████             ▏  12 GB/ 42 GB  119 MB/s    4m7s[K[?25h[?2026l[?2026h[?25l[A[1Gpulling manifest [K
pulling 4824460d29f2:  30% ▕█████             ▏  12 GB/ 42 GB  119 MB/s    4m7s[K[?25h[?2026l[?2026h[?25l[A[1Gpulling manifest [K
pulling 4824460d29f2:  31% ▕█████             ▏  12 GB/ 42 GB  119 MB/s    4m7s[K[?25h[?2026l[?2026h[?25l[A[1Gpulling manifest [K
pulling 4824460d29f2:  31% ▕█████             ▏  12 GB/ 42 GB  119 MB/s    4m7s[K[?25h[?2026l[?2026h[?25l[A[1Gpulling manifest [K
pulling 4824460d29f2:  31% ▕█████             ▏  12 GB/ 42 GB  119 MB/s    4m7s[K[?25h[?2026l[?2026h[?25l[A[1Gpulling manifest [K
pulling 4824460d29f2:  31% ▕█████             ▏  13 GB/ 42 GB  119 MB/s    4m7s[K[?25h[?2026l[?2026h[?25l[A[1Gpulling manifest [K
pulling 4824460d29f2:  31% ▕█████             ▏  13 GB/ 42 GB  119 MB/s    4m7s[K[?25h[?2026l[?2026h[?25l[A[1Gpulling manifest [K
pulling 4824460d29f2:  31% ▕█████             ▏  13 GB/ 42 GB  119 MB/s    4m7s[K[?25h[?2026l[?2026h[?25l[A[1Gpulling manifest [K
pulling 4824460d29f2:  31% ▕█████             ▏  13 GB/ 42 GB  119 MB/s    4m6s[K[?25h[?2026l[?2026h[?25l[A[1Gpulling manifest [K
pulling 4824460d29f2:  31% ▕█████             ▏  13 GB/ 42 GB  119 MB/s    4m6s[K[?25h[?2026l[?2026h[?25l[A[1Gpulling manifest [K
pulling 4824460d29f2:  31% ▕█████             ▏  13 GB/ 42 GB  119 MB/s    4m6s[K[?25h[?2026l[?2026h[?25l[A[1Gpulling manifest [K
pulling 4824460d29f2:  31% ▕█████             ▏  13 GB/ 42 GB  119 MB/s    4m6s[K[?25h[?2026l[?2026h[?25l[A[1Gpulling manifest [K
pulling 4824460d29f2:  31% ▕█████             ▏  13 GB/ 42 GB  119 MB/s    4m6s[K[?25h[?2026l[?2026h[?25l[A[1Gpulling manifest [K
pulling 4824460d29f2:  31% ▕█████             ▏  13 GB/ 42 GB  119 MB/s    4m6s[K[?25h[?2026l[?2026h[?25l[A[1Gpulling manifest [K
pulling 4824460d29f2:  31% ▕█████             ▏  13 GB/ 42 GB  119 MB/s    4m6s[K[?25h[?2026l[?2026h[?25l[A[1Gpulling manifest [K
pulling 4824460d29f2:  31% ▕█████             ▏  13 GB/ 42 GB  119 MB/s    4m5s[K[?25h[?2026l[?2026h[?25l[A[1Gpulling manifest [K
pulling 4824460d29f2:  31% ▕█████             ▏  13 GB/ 42 GB  119 MB/s    4m5s[K[?25h[?2026l[?2026h[?25l[A[1Gpulling manifest [K
pulling 4824460d29f2:  31% ▕█████             ▏  13 GB/ 42 GB  119 MB/s    4m5s[K[?25h[?2026l[?2026h[?25l[A[1Gpulling manifest [K
pulling 4824460d29f2:  31% ▕█████             ▏  13 GB/ 42 GB  119 MB/s    4m5s[K[?25h[?2026l[?2026h[?25l[A[1Gpulling manifest [K
pulling 4824460d29f2:  31% ▕█████             ▏  13 GB/ 42 GB  119 MB/s    4m5s[K[?25h[?2026l[?2026h[?25l[A[1Gpulling manifest [K
pulling 4824460d29f2:  31% ▕█████             ▏  13 GB/ 42 GB  119 MB/s    4m4s[K[?25h[?2026l[?2026h[?25l[A[1Gpulling manifest [K
pulling 4824460d29f2:  31% ▕█████             ▏  13 GB/ 42 GB  119 MB/s    4m4s[K[?25h[?2026l[?2026h[?25l[A[1Gpulling manifest [K
pulling 4824460d29f2:  31% ▕█████             ▏  13 GB/ 42 GB  119 MB/s    4m4s[K[?25h[?2026l[?2026h[?25l[A[1Gpulling manifest [K
pulling 4824460d29f2:  31% ▕█████             ▏  13 GB/ 42 GB  119 MB/s    4m4s[K[?25h[?2026l[?2026h[?25l[A[1Gpulling manifest [K
pulling 4824460d29f2:  31% ▕█████             ▏  13 GB/ 42 GB  119 MB/s    4m4s[K[?25h[?2026l[?2026h[?25l[A[1Gpulling manifest [K
pulling 4824460d29f2:  31% ▕█████             ▏  13 GB/ 42 GB  119 MB/s    4m5s[K[?25h[?2026l[?2026h[?25l[A[1Gpulling manifest [K
pulling 4824460d29f2:  31% ▕█████             ▏  13 GB/ 42 GB  119 MB/s    4m4s[K[?25h[?2026l[?2026h[?25l[A[1Gpulling manifest [K
pulling 4824460d29f2:  31% ▕█████             ▏  13 GB/ 42 GB  119 MB/s    4m4s[K[?25h[?2026l[?2026h[?25l[A[1Gpulling manifest [K
pulling 4824460d29f2:  31% ▕█████             ▏  13 GB/ 42 GB  119 MB/s    4m4s[K[?25h[?2026l[?2026h[?25l[A[1Gpulling manifest [K
pulling 4824460d29f2:  31% ▕█████             ▏  13 GB/ 42 GB  119 MB/s    4m4s[K[?25h[?2026l[?2026h[?25l[A[1Gpulling manifest [K
pulling 4824460d29f2:  31% ▕█████             ▏  13 GB/ 42 GB  119 MB/s    4m4s[K[?25h[?2026l[?2026h[?25l[A[1Gpulling manifest [K
pulling 4824460d29f2:  31% ▕█████             ▏  13 GB/ 42 GB  119 MB/s    4m4s[K[?25h[?2026l[?2026h[?25l[A[1Gpulling manifest [K
pulling 4824460d29f2:  31% ▕█████             ▏  13 GB/ 42 GB  119 MB/s    4m4s[K[?25h[?2026l[?2026h[?25l[A[1Gpulling manifest [K
pulling 4824460d29f2:  31% ▕█████             ▏  13 GB/ 42 GB  119 MB/s    4m4s[K[?25h[?2026l[?2026h[?25l[A[1Gpulling manifest [K
pulling 4824460d29f2:  31% ▕█████             ▏  13 GB/ 42 GB  119 MB/s    4m4s[K[?25h[?2026l[?2026h[?25l[A[1Gpulling manifest [K
pulling 4824460d29f2:  31% ▕█████             ▏  13 GB/ 42 GB  119 MB/s    4m4s[K[?25h[?2026l[?2026h[?25l[A[1Gpulling manifest [K
pulling 4824460d29f2:  31% ▕█████             ▏  13 GB/ 42 GB  119 MB/s    4m4s[K[?25h[?2026l[?2026h[?25l[A[1Gpulling manifest [K
pulling 4824460d29f2:  31% ▕█████             ▏  13 GB/ 42 GB  119 MB/s    4m4s[K[?25h[?2026l[?2026h[?25l[A[1Gpulling manifest [K
pulling 4824460d29f2:  32% ▕█████             ▏  13 GB/ 42 GB  119 MB/s    4m4s[K[?25h[?2026l[?2026h[?25l[A[1Gpulling manifest [K
pulling 4824460d29f2:  32% ▕█████             ▏  13 GB/ 42 GB  119 MB/s    4m4s[K[?25h[?2026l[?2026h[?25l[A[1Gpulling manifest [K
pulling 4824460d29f2:  32% ▕█████             ▏  13 GB/ 42 GB  119 MB/s    4m4s[K[?25h[?2026l[?2026h[?25l[A[1Gpulling manifest [K
pulling 4824460d29f2:  32% ▕█████             ▏  13 GB/ 42 GB  119 MB/s    4m3s[K[?25h[?2026l[?2026h[?25l[A[1Gpulling manifest [K
pulling 4824460d29f2:  32% ▕█████             ▏  13 GB/ 42 GB  119 MB/s    4m3s[K[?25h[?2026l[?2026h[?25l[A[1Gpulling manifest [K
pulling 4824460d29f2:  32% ▕█████             ▏  13 GB/ 42 GB  119 MB/s    4m3s[K[?25h[?2026l[?2026h[?25l[A[1Gpulling manifest [K
pulling 4824460d29f2:  32% ▕█████             ▏  13 GB/ 42 GB  119 MB/s    4m3s[K[?25h[?2026l[?2026h[?25l[A[1Gpulling manifest [K
pulling 4824460d29f2:  32% ▕█████             ▏  13 GB/ 42 GB  119 MB/s    4m2s[K[?25h[?2026l[?2026h[?25l[A[1Gpulling manifest [K
pulling 4824460d29f2:  32% ▕█████             ▏  13 GB/ 42 GB  119 MB/s    4m2s[K[?25h[?2026l[?2026h[?25l[A[1Gpulling manifest [K
pulling 4824460d29f2:  32% ▕█████             ▏  13 GB/ 42 GB  119 MB/s    4m2s[K[?25h[?2026l[?2026h[?25l[A[1Gpulling manifest [K
pulling 4824460d29f2:  32% ▕█████             ▏  13 GB/ 42 GB  119 MB/s    4m2s[K[?25h[?2026l[?2026h[?25l[A[1Gpulling manifest [K
pulling 4824460d29f2:  32% ▕█████             ▏  13 GB/ 42 GB  119 MB/s    4m2s[K[?25h[?2026l[?2026h[?25l[A[1Gpulling manifest [K
pulling 4824460d29f2:  32% ▕█████             ▏  13 GB/ 42 GB  119 MB/s    4m2s[K[?25h[?2026l[?2026h[?25l[A[1Gpulling manifest [K
pulling 4824460d29f2:  32% ▕█████             ▏  13 GB/ 42 GB  119 MB/s    4m2s[K[?25h[?2026l[?2026h[?25l[A[1Gpulling manifest [K
pulling 4824460d29f2:  32% ▕█████             ▏  13 GB/ 42 GB  119 MB/s    4m2s[K[?25h[?2026l[?2026h[?25l[A[1Gpulling manifest [K
pulling 4824460d29f2:  32% ▕█████             ▏  13 GB/ 42 GB  119 MB/s    4m2s[K[?25h[?2026l[?2026h[?25l[A[1Gpulling manifest [K
pulling 4824460d29f2:  32% ▕█████             ▏  13 GB/ 42 GB  119 MB/s    4m2s[K[?25h[?2026l[?2026h[?25l[A[1Gpulling manifest [K
pulling 4824460d29f2:  32% ▕█████             ▏  13 GB/ 42 GB  119 MB/s    4m2s[K[?25h[?2026l[?2026h[?25l[A[1Gpulling manifest [K
pulling 4824460d29f2:  32% ▕█████             ▏  13 GB/ 42 GB  119 MB/s    4m2s[K[?25h[?2026l[?2026h[?25l[A[1Gpulling manifest [K
pulling 4824460d29f2:  32% ▕█████             ▏  13 GB/ 42 GB  119 MB/s    4m2s[K[?25h[?2026l[?2026h[?25l[A[1Gpulling manifest [K
pulling 4824460d29f2:  32% ▕█████             ▏  13 GB/ 42 GB  119 MB/s    4m1s[K[?25h[?2026l[?2026h[?25l[A[1Gpulling manifest [K
pulling 4824460d29f2:  32% ▕█████             ▏  13 GB/ 42 GB  119 MB/s    4m1s[K[?25h[?2026l[?2026h[?25l[A[1Gpulling manifest [K
pulling 4824460d29f2:  32% ▕█████             ▏  13 GB/ 42 GB  119 MB/s    4m1s[K[?25h[?2026l[?2026h[?25l[A[1Gpulling manifest [K
pulling 4824460d29f2:  32% ▕█████             ▏  13 GB/ 42 GB  119 MB/s    4m1s[K[?25h[?2026l[?2026h[?25l[A[1Gpulling manifest [K
pulling 4824460d29f2:  32% ▕█████             ▏  13 GB/ 42 GB  119 MB/s    4m1s[K[?25h[?2026l[?2026h[?25l[A[1Gpulling manifest [K
pulling 4824460d29f2:  32% ▕█████             ▏  13 GB/ 42 GB  119 MB/s    4m1s[K[?25h[?2026l[?2026h[?25l[A[1Gpulling manifest [K
pulling 4824460d29f2:  32% ▕█████             ▏  13 GB/ 42 GB  119 MB/s    4m1s[K[?25h[?2026l[?2026h[?25l[A[1Gpulling manifest [K
pulling 4824460d29f2:  32% ▕█████             ▏  13 GB/ 42 GB  119 MB/s    4m1s[K[?25h[?2026l[?2026h[?25l[A[1Gpulling manifest [K
pulling 4824460d29f2:  32% ▕█████             ▏  13 GB/ 42 GB  119 MB/s    4m0s[K[?25h[?2026l[?2026h[?25l[A[1Gpulling manifest [K
pulling 4824460d29f2:  32% ▕█████             ▏  13 GB/ 42 GB  119 MB/s    4m0s[K[?25h[?2026l[?2026h[?25l[A[1Gpulling manifest [K
pulling 4824460d29f2:  32% ▕█████             ▏  13 GB/ 42 GB  119 MB/s    4m0s[K[?25h[?2026l[?2026h[?25l[A[1Gpulling manifest [K
pulling 4824460d29f2:  32% ▕█████             ▏  13 GB/ 42 GB  119 MB/s    4m0s[K[?25h[?2026l[?2026h[?25l[A[1Gpulling manifest [K
pulling 4824460d29f2:  32% ▕█████             ▏  13 GB/ 42 GB  119 MB/s    4m0s[K[?25h[?2026l[?2026h[?25l[A[1Gpulling manifest [K
pulling 4824460d29f2:  32% ▕█████             ▏  13 GB/ 42 GB  119 MB/s    4m0s[K[?25h[?2026l[?2026h[?25l[A[1Gpulling manifest [K
pulling 4824460d29f2:  32% ▕█████             ▏  13 GB/ 42 GB  119 MB/s    4m0s[K[?25h[?2026l[?2026h[?25l[A[1Gpulling manifest [K
pulling 4824460d29f2:  32% ▕█████             ▏  13 GB/ 42 GB  119 MB/s    4m0s[K[?25h[?2026l[?2026h[?25l[A[1Gpulling manifest [K
pulling 4824460d29f2:  33% ▕█████             ▏  13 GB/ 42 GB  119 MB/s    4m0s[K[?25h[?2026l[?2026h[?25l[A[1Gpulling manifest [K
pulling 4824460d29f2:  33% ▕█████             ▏  13 GB/ 42 GB  119 MB/s   3m59s[K[?25h[?2026l[?2026h[?25l[A[1Gpulling manifest [K
pulling 4824460d29f2:  33% ▕█████             ▏  13 GB/ 42 GB  119 MB/s    4m0s[K[?25h[?2026l[?2026h[?25l[A[1Gpulling manifest [K
pulling 4824460d29f2:  33% ▕█████             ▏  13 GB/ 42 GB  119 MB/s    4m0s[K[?25h[?2026l[?2026h[?25l[A[1Gpulling manifest [K
pulling 4824460d29f2:  33% ▕█████             ▏  13 GB/ 42 GB  119 MB/s   3m59s[K[?25h[?2026l[?2026h[?25l[A[1Gpulling manifest [K
pulling 4824460d29f2:  33% ▕█████             ▏  13 GB/ 42 GB  119 MB/s   3m59s[K[?25h[?2026l[?2026h[?25l[A[1Gpulling manifest [K
pulling 4824460d29f2:  33% ▕█████             ▏  13 GB/ 42 GB  119 MB/s   3m59s[K[?25h[?2026l[?2026h[?25l[A[1Gpulling manifest [K
pulling 4824460d29f2:  33% ▕█████             ▏  13 GB/ 42 GB  119 MB/s   3m59s[K[?25h[?2026l[?2026h[?25l[A[1Gpulling manifest [K
pulling 4824460d29f2:  33% ▕█████             ▏  13 GB/ 42 GB  119 MB/s   3m59s[K[?25h[?2026l[?2026h[?25l[A[1Gpulling manifest [K
pulling 4824460d29f2:  33% ▕█████             ▏  13 GB/ 42 GB  119 MB/s   3m59s[K[?25h[?2026l[?2026h[?25l[A[1Gpulling manifest [K
pulling 4824460d29f2:  33% ▕█████             ▏  13 GB/ 42 GB  119 MB/s   3m59s[K[?25h[?2026l[?2026h[?25l[A[1Gpulling manifest [K
pulling 4824460d29f2:  33% ▕█████             ▏  13 GB/ 42 GB  119 MB/s   3m59s[K[?25h[?2026l[?2026h[?25l[A[1Gpulling manifest [K
pulling 4824460d29f2:  33% ▕█████             ▏  13 GB/ 42 GB  119 MB/s   3m59s[K[?25h[?2026l[?2026h[?25l[A[1Gpulling manifest [K
pulling 4824460d29f2:  33% ▕█████             ▏  13 GB/ 42 GB  119 MB/s   3m59s[K[?25h[?2026l[?2026h[?25l[A[1Gpulling manifest [K
pulling 4824460d29f2:  33% ▕█████             ▏  13 GB/ 42 GB  119 MB/s   3m58s[K[?25h[?2026l[?2026h[?25l[A[1Gpulling manifest [K
pulling 4824460d29f2:  33% ▕█████             ▏  13 GB/ 42 GB  119 MB/s   3m58s[K[?25h[?2026l[?2026h[?25l[A[1Gpulling manifest [K
pulling 4824460d29f2:  33% ▕█████             ▏  14 GB/ 42 GB  119 MB/s   3m58s[K[?25h[?2026l[?2026h[?25l[A[1Gpulling manifest [K
pulling 4824460d29f2:  33% ▕█████             ▏  14 GB/ 42 GB  119 MB/s   3m58s[K[?25h[?2026l[?2026h[?25l[A[1Gpulling manifest [K
pulling 4824460d29f2:  33% ▕█████             ▏  14 GB/ 42 GB  119 MB/s   3m58s[K[?25h[?2026l[?2026h[?25l[A[1Gpulling manifest [K
pulling 4824460d29f2:  33% ▕█████             ▏  14 GB/ 42 GB  119 MB/s   3m58s[K[?25h[?2026l[?2026h[?25l[A[1Gpulling manifest [K
pulling 4824460d29f2:  33% ▕█████             ▏  14 GB/ 42 GB  119 MB/s   3m58s[K[?25h[?2026l[?2026h[?25l[A[1Gpulling manifest [K
pulling 4824460d29f2:  33% ▕█████             ▏  14 GB/ 42 GB  119 MB/s   3m58s[K[?25h[?2026l[?2026h[?25l[A[1Gpulling manifest [K
pulling 4824460d29f2:  33% ▕█████             ▏  14 GB/ 42 GB  119 MB/s   3m58s[K[?25h[?2026l[?2026h[?25l[A[1Gpulling manifest [K
pulling 4824460d29f2:  33% ▕█████             ▏  14 GB/ 42 GB  119 MB/s   3m58s[K[?25h[?2026l[?2026h[?25l[A[1Gpulling manifest [K
pulling 4824460d29f2:  33% ▕█████             ▏  14 GB/ 42 GB  119 MB/s   3m58s[K[?25h[?2026l[?2026h[?25l[A[1Gpulling manifest [K
pulling 4824460d29f2:  33% ▕█████             ▏  14 GB/ 42 GB  119 MB/s   3m58s[K[?25h[?2026l[?2026h[?25l[A[1Gpulling manifest [K
pulling 4824460d29f2:  33% ▕█████             ▏  14 GB/ 42 GB  119 MB/s   3m58s[K[?25h[?2026l[?2026h[?25l[A[1Gpulling manifest [K
pulling 4824460d29f2:  33% ▕█████             ▏  14 GB/ 42 GB  119 MB/s   3m58s[K[?25h[?2026l[?2026h[?25l[A[1Gpulling manifest [K
pulling 4824460d29f2:  33% ▕█████             ▏  14 GB/ 42 GB  119 MB/s   3m57s[K[?25h[?2026l[?2026h[?25l[A[1Gpulling manifest [K
pulling 4824460d29f2:  33% ▕█████             ▏  14 GB/ 42 GB  119 MB/s   3m57s[K[?25h[?2026l[?2026h[?25l[A[1Gpulling manifest [K
pulling 4824460d29f2:  33% ▕█████             ▏  14 GB/ 42 GB  119 MB/s   3m57s[K[?25h[?2026l[?2026h[?25l[A[1Gpulling manifest [K
pulling 4824460d29f2:  33% ▕██████            ▏  14 GB/ 42 GB  119 MB/s   3m57s[K[?25h[?2026l[?2026h[?25l[A[1Gpulling manifest [K
pulling 4824460d29f2:  33% ▕██████            ▏  14 GB/ 42 GB  119 MB/s   3m57s[K[?25h[?2026l[?2026h[?25l[A[1Gpulling manifest [K
pulling 4824460d29f2:  33% ▕██████            ▏  14 GB/ 42 GB  119 MB/s   3m57s[K[?25h[?2026l[?2026h[?25l[A[1Gpulling manifest [K
pulling 4824460d29f2:  33% ▕██████            ▏  14 GB/ 42 GB  119 MB/s   3m57s[K[?25h[?2026l[?2026h[?25l[A[1Gpulling manifest [K
pulling 4824460d29f2:  33% ▕██████            ▏  14 GB/ 42 GB  119 MB/s   3m57s[K[?25h[?2026l[?2026h[?25l[A[1Gpulling manifest [K
pulling 4824460d29f2:  33% ▕██████            ▏  14 GB/ 42 GB  119 MB/s   3m57s[K[?25h[?2026l[?2026h[?25l[A[1Gpulling manifest [K
pulling 4824460d29f2:  34% ▕██████            ▏  14 GB/ 42 GB  119 MB/s   3m56s[K[?25h[?2026l[?2026h[?25l[A[1Gpulling manifest [K
pulling 4824460d29f2:  34% ▕██████            ▏  14 GB/ 42 GB  119 MB/s   3m56s[K[?25h[?2026l[?2026h[?25l[A[1Gpulling manifest [K
pulling 4824460d29f2:  34% ▕██████            ▏  14 GB/ 42 GB  119 MB/s   3m56s[K[?25h[?2026l[?2026h[?25l[A[1Gpulling manifest [K
pulling 4824460d29f2:  34% ▕██████            ▏  14 GB/ 42 GB  119 MB/s   3m56s[K[?25h[?2026l[?2026h[?25l[A[1Gpulling manifest [K
pulling 4824460d29f2:  34% ▕██████            ▏  14 GB/ 42 GB  119 MB/s   3m56s[K[?25h[?2026l[?2026h[?25l[A[1Gpulling manifest [K
pulling 4824460d29f2:  34% ▕██████            ▏  14 GB/ 42 GB  119 MB/s   3m56s[K[?25h[?2026l[?2026h[?25l[A[1Gpulling manifest [K
pulling 4824460d29f2:  34% ▕██████            ▏  14 GB/ 42 GB  119 MB/s   3m56s[K[?25h[?2026l[?2026h[?25l[A[1Gpulling manifest [K
pulling 4824460d29f2:  34% ▕██████            ▏  14 GB/ 42 GB  119 MB/s   3m56s[K[?25h[?2026l[?2026h[?25l[A[1Gpulling manifest [K
pulling 4824460d29f2:  34% ▕██████            ▏  14 GB/ 42 GB  119 MB/s   3m56s[K[?25h[?2026l[?2026h[?25l[A[1Gpulling manifest [K
pulling 4824460d29f2:  34% ▕██████            ▏  14 GB/ 42 GB  119 MB/s   3m55s[K[?25h[?2026l[?2026h[?25l[A[1Gpulling manifest [K
pulling 4824460d29f2:  34% ▕██████            ▏  14 GB/ 42 GB  119 MB/s   3m55s[K[?25h[?2026l[?2026h[?25l[A[1Gpulling manifest [K
pulling 4824460d29f2:  34% ▕██████            ▏  14 GB/ 42 GB  119 MB/s   3m55s[K[?25h[?2026l[?2026h[?25l[A[1Gpulling manifest [K
pulling 4824460d29f2:  34% ▕██████            ▏  14 GB/ 42 GB  119 MB/s   3m55s[K[?25h[?2026l[?2026h[?25l[A[1Gpulling manifest [K
pulling 4824460d29f2:  34% ▕██████            ▏  14 GB/ 42 GB  119 MB/s   3m55s[K[?25h[?2026l[?2026h[?25l[A[1Gpulling manifest [K
pulling 4824460d29f2:  34% ▕██████            ▏  14 GB/ 42 GB  119 MB/s   3m55s[K[?25h[?2026l[?2026h[?25l[A[1Gpulling manifest [K
pulling 4824460d29f2:  34% ▕██████            ▏  14 GB/ 42 GB  119 MB/s   3m55s[K[?25h[?2026l[?2026h[?25l[A[1Gpulling manifest [K
pulling 4824460d29f2:  34% ▕██████            ▏  14 GB/ 42 GB  119 MB/s   3m54s[K[?25h[?2026l[?2026h[?25l[A[1Gpulling manifest [K
pulling 4824460d29f2:  34% ▕██████            ▏  14 GB/ 42 GB  119 MB/s   3m54s[K[?25h[?2026l[?2026h[?25l[A[1Gpulling manifest [K
pulling 4824460d29f2:  34% ▕██████            ▏  14 GB/ 42 GB  119 MB/s   3m54s[K[?25h[?2026l[?2026h[?25l[A[1Gpulling manifest [K
pulling 4824460d29f2:  34% ▕██████            ▏  14 GB/ 42 GB  119 MB/s   3m54s[K[?25h[?2026l[?2026h[?25l[A[1Gpulling manifest [K
pulling 4824460d29f2:  34% ▕██████            ▏  14 GB/ 42 GB  119 MB/s   3m54s[K[?25h[?2026l[?2026h[?25l[A[1Gpulling manifest [K
pulling 4824460d29f2:  34% ▕██████            ▏  14 GB/ 42 GB  119 MB/s   3m54s[K[?25h[?2026l[?2026h[?25l[A[1Gpulling manifest [K
pulling 4824460d29f2:  34% ▕██████            ▏  14 GB/ 42 GB  119 MB/s   3m54s[K[?25h[?2026l[?2026h[?25l[A[1Gpulling manifest [K
pulling 4824460d29f2:  34% ▕██████            ▏  14 GB/ 42 GB  119 MB/s   3m54s[K[?25h[?2026l[?2026h[?25l[A[1Gpulling manifest [K
pulling 4824460d29f2:  34% ▕██████            ▏  14 GB/ 42 GB  119 MB/s   3m54s[K[?25h[?2026l[?2026h[?25l[A[1Gpulling manifest [K
pulling 4824460d29f2:  34% ▕██████            ▏  14 GB/ 42 GB  119 MB/s   3m54s[K[?25h[?2026l[?2026h[?25l[A[1Gpulling manifest [K
pulling 4824460d29f2:  34% ▕██████            ▏  14 GB/ 42 GB  119 MB/s   3m54s[K[?25h[?2026l[?2026h[?25l[A[1Gpulling manifest [K
pulling 4824460d29f2:  34% ▕██████            ▏  14 GB/ 42 GB  119 MB/s   3m54s[K[?25h[?2026l[?2026h[?25l[A[1Gpulling manifest [K
pulling 4824460d29f2:  34% ▕██████            ▏  14 GB/ 42 GB  119 MB/s   3m54s[K[?25h[?2026l[?2026h[?25l[A[1Gpulling manifest [K
pulling 4824460d29f2:  34% ▕██████            ▏  14 GB/ 42 GB  119 MB/s   3m53s[K[?25h[?2026l[?2026h[?25l[A[1Gpulling manifest [K
pulling 4824460d29f2:  34% ▕██████            ▏  14 GB/ 42 GB  119 MB/s   3m53s[K[?25h[?2026l[?2026h[?25l[A[1Gpulling manifest [K
pulling 4824460d29f2:  34% ▕██████            ▏  14 GB/ 42 GB  119 MB/s   3m53s[K[?25h[?2026l[?2026h[?25l[A[1Gpulling manifest [K
pulling 4824460d29f2:  34% ▕██████            ▏  14 GB/ 42 GB  119 MB/s   3m53s[K[?25h[?2026l[?2026h[?25l[A[1Gpulling manifest [K
pulling 4824460d29f2:  34% ▕██████            ▏  14 GB/ 42 GB  119 MB/s   3m53s[K[?25h[?2026l[?2026h[?25l[A[1Gpulling manifest [K
pulling 4824460d29f2:  34% ▕██████            ▏  14 GB/ 42 GB  119 MB/s   3m53s[K[?25h[?2026l[?2026h[?25l[A[1Gpulling manifest [K
pulling 4824460d29f2:  34% ▕██████            ▏  14 GB/ 42 GB  119 MB/s   3m53s[K[?25h[?2026l[?2026h[?25l[A[1Gpulling manifest [K
pulling 4824460d29f2:  35% ▕██████            ▏  14 GB/ 42 GB  119 MB/s   3m52s[K[?25h[?2026l[?2026h[?25l[A[1Gpulling manifest [K
pulling 4824460d29f2:  35% ▕██████            ▏  14 GB/ 42 GB  119 MB/s   3m52s[K[?25h[?2026l[?2026h[?25l[A[1Gpulling manifest [K
pulling 4824460d29f2:  35% ▕██████            ▏  14 GB/ 42 GB  119 MB/s   3m52s[K[?25h[?2026l[?2026h[?25l[A[1Gpulling manifest [K
pulling 4824460d29f2:  35% ▕██████            ▏  14 GB/ 42 GB  119 MB/s   3m52s[K[?25h[?2026l[?2026h[?25l[A[1Gpulling manifest [K
pulling 4824460d29f2:  35% ▕██████            ▏  14 GB/ 42 GB  119 MB/s   3m52s[K[?25h[?2026l[?2026h[?25l[A[1Gpulling manifest [K
pulling 4824460d29f2:  35% ▕██████            ▏  14 GB/ 42 GB  119 MB/s   3m52s[K[?25h[?2026l[?2026h[?25l[A[1Gpulling manifest [K
pulling 4824460d29f2:  35% ▕██████            ▏  14 GB/ 42 GB  119 MB/s   3m52s[K[?25h[?2026l[?2026h[?25l[A[1Gpulling manifest [K
pulling 4824460d29f2:  35% ▕██████            ▏  14 GB/ 42 GB  119 MB/s   3m52s[K[?25h[?2026l[?2026h[?25l[A[1Gpulling manifest [K
pulling 4824460d29f2:  35% ▕██████            ▏  14 GB/ 42 GB  119 MB/s   3m51s[K[?25h[?2026l[?2026h[?25l[A[1Gpulling manifest [K
pulling 4824460d29f2:  35% ▕██████            ▏  14 GB/ 42 GB  119 MB/s   3m51s[K[?25h[?2026l[?2026h[?25l[A[1Gpulling manifest [K
pulling 4824460d29f2:  35% ▕██████            ▏  14 GB/ 42 GB  119 MB/s   3m51s[K[?25h[?2026l[?2026h[?25l[A[1Gpulling manifest [K
pulling 4824460d29f2:  35% ▕██████            ▏  14 GB/ 42 GB  119 MB/s   3m51s[K[?25h[?2026l[?2026h[?25l[A[1Gpulling manifest [K
pulling 4824460d29f2:  35% ▕██████            ▏  14 GB/ 42 GB  119 MB/s   3m51s[K[?25h[?2026l[?2026h[?25l[A[1Gpulling manifest [K
pulling 4824460d29f2:  35% ▕██████            ▏  14 GB/ 42 GB  119 MB/s   3m51s[K[?25h[?2026l[?2026h[?25l[A[1Gpulling manifest [K
pulling 4824460d29f2:  35% ▕██████            ▏  14 GB/ 42 GB  119 MB/s   3m51s[K[?25h[?2026l[?2026h[?25l[A[1Gpulling manifest [K
pulling 4824460d29f2:  35% ▕██████            ▏  14 GB/ 42 GB  119 MB/s   3m51s[K[?25h[?2026l[?2026h[?25l[A[1Gpulling manifest [K
pulling 4824460d29f2:  35% ▕██████            ▏  14 GB/ 42 GB  119 MB/s   3m51s[K[?25h[?2026l[?2026h[?25l[A[1Gpulling manifest [K
pulling 4824460d29f2:  35% ▕██████            ▏  14 GB/ 42 GB  119 MB/s   3m51s[K[?25h[?2026l[?2026h[?25l[A[1Gpulling manifest [K
pulling 4824460d29f2:  35% ▕██████            ▏  14 GB/ 42 GB  119 MB/s   3m51s[K[?25h[?2026l[?2026h[?25l[A[1Gpulling manifest [K
pulling 4824460d29f2:  35% ▕██████            ▏  14 GB/ 42 GB  119 MB/s   3m51s[K[?25h[?2026l[?2026h[?25l[A[1Gpulling manifest [K
pulling 4824460d29f2:  35% ▕██████            ▏  14 GB/ 42 GB  119 MB/s   3m50s[K[?25h[?2026l[?2026h[?25l[A[1Gpulling manifest [K
pulling 4824460d29f2:  35% ▕██████            ▏  14 GB/ 42 GB  119 MB/s   3m50s[K[?25h[?2026l[?2026h[?25l[A[1Gpulling manifest [K
pulling 4824460d29f2:  35% ▕██████            ▏  14 GB/ 42 GB  119 MB/s   3m50s[K[?25h[?2026l[?2026h[?25l[A[1Gpulling manifest [K
pulling 4824460d29f2:  35% ▕██████            ▏  14 GB/ 42 GB  119 MB/s   3m50s[K[?25h[?2026l[?2026h[?25l[A[1Gpulling manifest [K
pulling 4824460d29f2:  35% ▕██████            ▏  14 GB/ 42 GB  119 MB/s   3m50s[K[?25h[?2026l[?2026h[?25l[A[1Gpulling manifest [K
pulling 4824460d29f2:  35% ▕██████            ▏  14 GB/ 42 GB  119 MB/s   3m50s[K[?25h[?2026l[?2026h[?25l[A[1Gpulling manifest [K
pulling 4824460d29f2:  35% ▕██████            ▏  14 GB/ 42 GB  119 MB/s   3m50s[K[?25h[?2026l[?2026h[?25l[A[1Gpulling manifest [K
pulling 4824460d29f2:  35% ▕██████            ▏  14 GB/ 42 GB  119 MB/s   3m50s[K[?25h[?2026l[?2026h[?25l[A[1Gpulling manifest [K
pulling 4824460d29f2:  35% ▕██████            ▏  14 GB/ 42 GB  119 MB/s   3m50s[K[?25h[?2026l[?2026h[?25l[A[1Gpulling manifest [K
pulling 4824460d29f2:  35% ▕██████            ▏  15 GB/ 42 GB  119 MB/s   3m50s[K[?25h[?2026l[?2026h[?25l[A[1Gpulling manifest [K
pulling 4824460d29f2:  35% ▕██████            ▏  15 GB/ 42 GB  119 MB/s   3m49s[K[?25h[?2026l[?2026h[?25l[A[1Gpulling manifest [K
pulling 4824460d29f2:  35% ▕██████            ▏  15 GB/ 42 GB  119 MB/s   3m50s[K[?25h[?2026l[?2026h[?25l[A[1Gpulling manifest [K
pulling 4824460d29f2:  35% ▕██████            ▏  15 GB/ 42 GB  119 MB/s   3m49s[K[?25h[?2026l[?2026h[?25l[A[1Gpulling manifest [K
pulling 4824460d29f2:  35% ▕██████            ▏  15 GB/ 42 GB  119 MB/s   3m49s[K[?25h[?2026l[?2026h[?25l[A[1Gpulling manifest [K
pulling 4824460d29f2:  35% ▕██████            ▏  15 GB/ 42 GB  119 MB/s   3m49s[K[?25h[?2026l[?2026h[?25l[A[1Gpulling manifest [K
pulling 4824460d29f2:  35% ▕██████            ▏  15 GB/ 42 GB  119 MB/s   3m49s[K[?25h[?2026l[?2026h[?25l[A[1Gpulling manifest [K
pulling 4824460d29f2:  36% ▕██████            ▏  15 GB/ 42 GB  119 MB/s   3m49s[K[?25h[?2026l[?2026h[?25l[A[1Gpulling manifest [K
pulling 4824460d29f2:  36% ▕██████            ▏  15 GB/ 42 GB  119 MB/s   3m49s[K[?25h[?2026l[?2026h[?25l[A[1Gpulling manifest [K
pulling 4824460d29f2:  36% ▕██████            ▏  15 GB/ 42 GB  119 MB/s   3m49s[K[?25h[?2026l[?2026h[?25l[A[1Gpulling manifest [K
pulling 4824460d29f2:  36% ▕██████            ▏  15 GB/ 42 GB  119 MB/s   3m49s[K[?25h[?2026l[?2026h[?25l[A[1Gpulling manifest [K
pulling 4824460d29f2:  36% ▕██████            ▏  15 GB/ 42 GB  119 MB/s   3m49s[K[?25h[?2026l[?2026h[?25l[A[1Gpulling manifest [K
pulling 4824460d29f2:  36% ▕██████            ▏  15 GB/ 42 GB  119 MB/s   3m49s[K[?25h[?2026l[?2026h[?25l[A[1Gpulling manifest [K
pulling 4824460d29f2:  36% ▕██████            ▏  15 GB/ 42 GB  119 MB/s   3m49s[K[?25h[?2026l[?2026h[?25l[A[1Gpulling manifest [K
pulling 4824460d29f2:  36% ▕██████            ▏  15 GB/ 42 GB  119 MB/s   3m48s[K[?25h[?2026l[?2026h[?25l[A[1Gpulling manifest [K
pulling 4824460d29f2:  36% ▕██████            ▏  15 GB/ 42 GB  119 MB/s   3m48s[K[?25h[?2026l[?2026h[?25l[A[1Gpulling manifest [K
pulling 4824460d29f2:  36% ▕██████            ▏  15 GB/ 42 GB  119 MB/s   3m48s[K[?25h[?2026l[?2026h[?25l[A[1Gpulling manifest [K
pulling 4824460d29f2:  36% ▕██████            ▏  15 GB/ 42 GB  119 MB/s   3m48s[K[?25h[?2026l[?2026h[?25l[A[1Gpulling manifest [K
pulling 4824460d29f2:  36% ▕██████            ▏  15 GB/ 42 GB  119 MB/s   3m48s[K[?25h[?2026l[?2026h[?25l[A[1Gpulling manifest [K
pulling 4824460d29f2:  36% ▕██████            ▏  15 GB/ 42 GB  119 MB/s   3m48s[K[?25h[?2026l[?2026h[?25l[A[1Gpulling manifest [K
pulling 4824460d29f2:  36% ▕██████            ▏  15 GB/ 42 GB  119 MB/s   3m48s[K[?25h[?2026l[?2026h[?25l[A[1Gpulling manifest [K
pulling 4824460d29f2:  36% ▕██████            ▏  15 GB/ 42 GB  119 MB/s   3m48s[K[?25h[?2026l[?2026h[?25l[A[1Gpulling manifest [K
pulling 4824460d29f2:  36% ▕██████            ▏  15 GB/ 42 GB  119 MB/s   3m48s[K[?25h[?2026l[?2026h[?25l[A[1Gpulling manifest [K
pulling 4824460d29f2:  36% ▕██████            ▏  15 GB/ 42 GB  119 MB/s   3m48s[K[?25h[?2026l[?2026h[?25l[A[1Gpulling manifest [K
pulling 4824460d29f2:  36% ▕██████            ▏  15 GB/ 42 GB  119 MB/s   3m47s[K[?25h[?2026l[?2026h[?25l[A[1Gpulling manifest [K
pulling 4824460d29f2:  36% ▕██████            ▏  15 GB/ 42 GB  119 MB/s   3m47s[K[?25h[?2026l[?2026h[?25l[A[1Gpulling manifest [K
pulling 4824460d29f2:  36% ▕██████            ▏  15 GB/ 42 GB  119 MB/s   3m47s[K[?25h[?2026l[?2026h[?25l[A[1Gpulling manifest [K
pulling 4824460d29f2:  36% ▕██████            ▏  15 GB/ 42 GB  119 MB/s   3m47s[K[?25h[?2026l[?2026h[?25l[A[1Gpulling manifest [K
pulling 4824460d29f2:  36% ▕██████            ▏  15 GB/ 42 GB  119 MB/s   3m47s[K[?25h[?2026l[?2026h[?25l[A[1Gpulling manifest [K
pulling 4824460d29f2:  36% ▕██████            ▏  15 GB/ 42 GB  119 MB/s   3m47s[K[?25h[?2026l[?2026h[?25l[A[1Gpulling manifest [K
pulling 4824460d29f2:  36% ▕██████            ▏  15 GB/ 42 GB  119 MB/s   3m47s[K[?25h[?2026l[?2026h[?25l[A[1Gpulling manifest [K
pulling 4824460d29f2:  36% ▕██████            ▏  15 GB/ 42 GB  119 MB/s   3m47s[K[?25h[?2026l[?2026h[?25l[A[1Gpulling manifest [K
pulling 4824460d29f2:  36% ▕██████            ▏  15 GB/ 42 GB  119 MB/s   3m47s[K[?25h[?2026l[?2026h[?25l[A[1Gpulling manifest [K
pulling 4824460d29f2:  36% ▕██████            ▏  15 GB/ 42 GB  119 MB/s   3m47s[K[?25h[?2026l[?2026h[?25l[A[1Gpulling manifest [K
pulling 4824460d29f2:  36% ▕██████            ▏  15 GB/ 42 GB  119 MB/s   3m46s[K[?25h[?2026l[?2026h[?25l[A[1Gpulling manifest [K
pulling 4824460d29f2:  36% ▕██████            ▏  15 GB/ 42 GB  119 MB/s   3m46s[K[?25h[?2026l[?2026h[?25l[A[1Gpulling manifest [K
pulling 4824460d29f2:  36% ▕██████            ▏  15 GB/ 42 GB  119 MB/s   3m46s[K[?25h[?2026l[?2026h[?25l[A[1Gpulling manifest [K
pulling 4824460d29f2:  36% ▕██████            ▏  15 GB/ 42 GB  119 MB/s   3m46s[K[?25h[?2026l[?2026h[?25l[A[1Gpulling manifest [K
pulling 4824460d29f2:  36% ▕██████            ▏  15 GB/ 42 GB  119 MB/s   3m46s[K[?25h[?2026l[?2026h[?25l[A[1Gpulling manifest [K
pulling 4824460d29f2:  36% ▕██████            ▏  15 GB/ 42 GB  119 MB/s   3m46s[K[?25h[?2026l[?2026h[?25l[A[1Gpulling manifest [K
pulling 4824460d29f2:  36% ▕██████            ▏  15 GB/ 42 GB  119 MB/s   3m46s[K[?25h[?2026l[?2026h[?25l[A[1Gpulling manifest [K
pulling 4824460d29f2:  36% ▕██████            ▏  15 GB/ 42 GB  119 MB/s   3m46s[K[?25h[?2026l[?2026h[?25l[A[1Gpulling manifest [K
pulling 4824460d29f2:  36% ▕██████            ▏  15 GB/ 42 GB  119 MB/s   3m46s[K[?25h[?2026l[?2026h[?25l[A[1Gpulling manifest [K
pulling 4824460d29f2:  37% ▕██████            ▏  15 GB/ 42 GB  119 MB/s   3m46s[K[?25h[?2026l[?2026h[?25l[A[1Gpulling manifest [K
pulling 4824460d29f2:  37% ▕██████            ▏  15 GB/ 42 GB  119 MB/s   3m45s[K[?25h[?2026l[?2026h[?25l[A[1Gpulling manifest [K
pulling 4824460d29f2:  37% ▕██████            ▏  15 GB/ 42 GB  119 MB/s   3m45s[K[?25h[?2026l[?2026h[?25l[A[1Gpulling manifest [K
pulling 4824460d29f2:  37% ▕██████            ▏  15 GB/ 42 GB  119 MB/s   3m45s[K[?25h[?2026l[?2026h[?25l[A[1Gpulling manifest [K
pulling 4824460d29f2:  37% ▕██████            ▏  15 GB/ 42 GB  119 MB/s   3m45s[K[?25h[?2026l[?2026h[?25l[A[1Gpulling manifest [K
pulling 4824460d29f2:  37% ▕██████            ▏  15 GB/ 42 GB  119 MB/s   3m45s[K[?25h[?2026l[?2026h[?25l[A[1Gpulling manifest [K
pulling 4824460d29f2:  37% ▕██████            ▏  15 GB/ 42 GB  119 MB/s   3m45s[K[?25h[?2026l[?2026h[?25l[A[1Gpulling manifest [K
pulling 4824460d29f2:  37% ▕██████            ▏  15 GB/ 42 GB  119 MB/s   3m45s[K[?25h[?2026l[?2026h[?25l[A[1Gpulling manifest [K
pulling 4824460d29f2:  37% ▕██████            ▏  15 GB/ 42 GB  119 MB/s   3m45s[K[?25h[?2026l[?2026h[?25l[A[1Gpulling manifest [K
pulling 4824460d29f2:  37% ▕██████            ▏  15 GB/ 42 GB  119 MB/s   3m45s[K[?25h[?2026l[?2026h[?25l[A[1Gpulling manifest [K
pulling 4824460d29f2:  37% ▕██████            ▏  15 GB/ 42 GB  119 MB/s   3m44s[K[?25h[?2026l[?2026h[?25l[A[1Gpulling manifest [K
pulling 4824460d29f2:  37% ▕██████            ▏  15 GB/ 42 GB  119 MB/s   3m44s[K[?25h[?2026l[?2026h[?25l[A[1Gpulling manifest [K
pulling 4824460d29f2:  37% ▕██████            ▏  15 GB/ 42 GB  119 MB/s   3m44s[K[?25h[?2026l[?2026h[?25l[A[1Gpulling manifest [K
pulling 4824460d29f2:  37% ▕██████            ▏  15 GB/ 42 GB  119 MB/s   3m44s[K[?25h[?2026l[?2026h[?25l[A[1Gpulling manifest [K
pulling 4824460d29f2:  37% ▕██████            ▏  15 GB/ 42 GB  119 MB/s   3m44s[K[?25h[?2026l[?2026h[?25l[A[1Gpulling manifest [K
pulling 4824460d29f2:  37% ▕██████            ▏  15 GB/ 42 GB  119 MB/s   3m44s[K[?25h[?2026l[?2026h[?25l[A[1Gpulling manifest [K
pulling 4824460d29f2:  37% ▕██████            ▏  15 GB/ 42 GB  119 MB/s   3m44s[K[?25h[?2026l[?2026h[?25l[A[1Gpulling manifest [K
pulling 4824460d29f2:  37% ▕██████            ▏  15 GB/ 42 GB  119 MB/s   3m44s[K[?25h[?2026l[?2026h[?25l[A[1Gpulling manifest [K
pulling 4824460d29f2:  37% ▕██████            ▏  15 GB/ 42 GB  119 MB/s   3m44s[K[?25h[?2026l[?2026h[?25l[A[1Gpulling manifest [K
pulling 4824460d29f2:  37% ▕██████            ▏  15 GB/ 42 GB  119 MB/s   3m44s[K[?25h[?2026l[?2026h[?25l[A[1Gpulling manifest [K
pulling 4824460d29f2:  37% ▕██████            ▏  15 GB/ 42 GB  119 MB/s   3m44s[K[?25h[?2026l[?2026h[?25l[A[1Gpulling manifest [K
pulling 4824460d29f2:  37% ▕██████            ▏  15 GB/ 42 GB  119 MB/s   3m44s[K[?25h[?2026l[?2026h[?25l[A[1Gpulling manifest [K
pulling 4824460d29f2:  37% ▕██████            ▏  15 GB/ 42 GB  119 MB/s   3m44s[K[?25h[?2026l[?2026h[?25l[A[1Gpulling manifest [K
pulling 4824460d29f2:  37% ▕██████            ▏  15 GB/ 42 GB  119 MB/s   3m44s[K[?25h[?2026l[?2026h[?25l[A[1Gpulling manifest [K
pulling 4824460d29f2:  37% ▕██████            ▏  15 GB/ 42 GB  119 MB/s   3m43s[K[?25h[?2026l[?2026h[?25l[A[1Gpulling manifest [K
pulling 4824460d29f2:  37% ▕██████            ▏  15 GB/ 42 GB  119 MB/s   3m43s[K[?25h[?2026l[?2026h[?25l[A[1Gpulling manifest [K
pulling 4824460d29f2:  37% ▕██████            ▏  15 GB/ 42 GB  119 MB/s   3m43s[K[?25h[?2026l[?2026h[?25l[A[1Gpulling manifest [K
pulling 4824460d29f2:  37% ▕██████            ▏  15 GB/ 42 GB  119 MB/s   3m43s[K[?25h[?2026l[?2026h[?25l[A[1Gpulling manifest [K
pulling 4824460d29f2:  37% ▕██████            ▏  15 GB/ 42 GB  119 MB/s   3m43s[K[?25h[?2026l[?2026h[?25l[A[1Gpulling manifest [K
pulling 4824460d29f2:  37% ▕██████            ▏  15 GB/ 42 GB  119 MB/s   3m43s[K[?25h[?2026l[?2026h[?25l[A[1Gpulling manifest [K
pulling 4824460d29f2:  37% ▕██████            ▏  15 GB/ 42 GB  119 MB/s   3m43s[K[?25h[?2026l[?2026h[?25l[A[1Gpulling manifest [K
pulling 4824460d29f2:  37% ▕██████            ▏  15 GB/ 42 GB  119 MB/s   3m43s[K[?25h[?2026l[?2026h[?25l[A[1Gpulling manifest [K
pulling 4824460d29f2:  37% ▕██████            ▏  15 GB/ 42 GB  119 MB/s   3m43s[K[?25h[?2026l[?2026h[?25l[A[1Gpulling manifest [K
pulling 4824460d29f2:  37% ▕██████            ▏  15 GB/ 42 GB  119 MB/s   3m43s[K[?25h[?2026l[?2026h[?25l[A[1Gpulling manifest [K
pulling 4824460d29f2:  37% ▕██████            ▏  15 GB/ 42 GB  119 MB/s   3m43s[K[?25h[?2026l[?2026h[?25l[A[1Gpulling manifest [K
pulling 4824460d29f2:  37% ▕██████            ▏  15 GB/ 42 GB  119 MB/s   3m43s[K[?25h[?2026l[?2026h[?25l[A[1Gpulling manifest [K
pulling 4824460d29f2:  37% ▕██████            ▏  15 GB/ 42 GB  119 MB/s   3m43s[K[?25h[?2026l[?2026h[?25l[A[1Gpulling manifest [K
pulling 4824460d29f2:  38% ▕██████            ▏  15 GB/ 42 GB  119 MB/s   3m43s[K[?25h[?2026l[?2026h[?25l[A[1Gpulling manifest [K
pulling 4824460d29f2:  38% ▕██████            ▏  15 GB/ 42 GB  119 MB/s   3m42s[K[?25h[?2026l[?2026h[?25l[A[1Gpulling manifest [K
pulling 4824460d29f2:  38% ▕██████            ▏  15 GB/ 42 GB  119 MB/s   3m42s[K[?25h[?2026l[?2026h[?25l[A[1Gpulling manifest [K
pulling 4824460d29f2:  38% ▕██████            ▏  15 GB/ 42 GB  119 MB/s   3m42s[K[?25h[?2026l[?2026h[?25l[A[1Gpulling manifest [K
pulling 4824460d29f2:  38% ▕██████            ▏  15 GB/ 42 GB  119 MB/s   3m42s[K[?25h[?2026l[?2026h[?25l[A[1Gpulling manifest [K
pulling 4824460d29f2:  38% ▕██████            ▏  16 GB/ 42 GB  119 MB/s   3m42s[K[?25h[?2026l[?2026h[?25l[A[1Gpulling manifest [K
pulling 4824460d29f2:  38% ▕██████            ▏  16 GB/ 42 GB  119 MB/s   3m42s[K[?25h[?2026l[?2026h[?25l[A[1Gpulling manifest [K
pulling 4824460d29f2:  38% ▕██████            ▏  16 GB/ 42 GB  119 MB/s   3m41s[K[?25h[?2026l[?2026h[?25l[A[1Gpulling manifest [K
pulling 4824460d29f2:  38% ▕██████            ▏  16 GB/ 42 GB  119 MB/s   3m41s[K[?25h[?2026l[?2026h[?25l[A[1Gpulling manifest [K
pulling 4824460d29f2:  38% ▕██████            ▏  16 GB/ 42 GB  119 MB/s   3m41s[K[?25h[?2026l[?2026h[?25l[A[1Gpulling manifest [K
pulling 4824460d29f2:  38% ▕██████            ▏  16 GB/ 42 GB  119 MB/s   3m41s[K[?25h[?2026l[?2026h[?25l[A[1Gpulling manifest [K
pulling 4824460d29f2:  38% ▕██████            ▏  16 GB/ 42 GB  119 MB/s   3m41s[K[?25h[?2026l[?2026h[?25l[A[1Gpulling manifest [K
pulling 4824460d29f2:  38% ▕██████            ▏  16 GB/ 42 GB  119 MB/s   3m41s[K[?25h[?2026l[?2026h[?25l[A[1Gpulling manifest [K
pulling 4824460d29f2:  38% ▕██████            ▏  16 GB/ 42 GB  119 MB/s   3m41s[K[?25h[?2026l[?2026h[?25l[A[1Gpulling manifest [K
pulling 4824460d29f2:  38% ▕██████            ▏  16 GB/ 42 GB  119 MB/s   3m41s[K[?25h[?2026l[?2026h[?25l[A[1Gpulling manifest [K
pulling 4824460d29f2:  38% ▕██████            ▏  16 GB/ 42 GB  119 MB/s   3m40s[K[?25h[?2026l[?2026h[?25l[A[1Gpulling manifest [K
pulling 4824460d29f2:  38% ▕██████            ▏  16 GB/ 42 GB  119 MB/s   3m40s[K[?25h[?2026l[?2026h[?25l[A[1Gpulling manifest [K
pulling 4824460d29f2:  38% ▕██████            ▏  16 GB/ 42 GB  119 MB/s   3m40s[K[?25h[?2026l[?2026h[?25l[A[1Gpulling manifest [K
pulling 4824460d29f2:  38% ▕██████            ▏  16 GB/ 42 GB  119 MB/s   3m40s[K[?25h[?2026l[?2026h[?25l[A[1Gpulling manifest [K
pulling 4824460d29f2:  38% ▕██████            ▏  16 GB/ 42 GB  119 MB/s   3m40s[K[?25h[?2026l[?2026h[?25l[A[1Gpulling manifest [K
pulling 4824460d29f2:  38% ▕██████            ▏  16 GB/ 42 GB  119 MB/s   3m40s[K[?25h[?2026l[?2026h[?25l[A[1Gpulling manifest [K
pulling 4824460d29f2:  38% ▕██████            ▏  16 GB/ 42 GB  119 MB/s   3m40s[K[?25h[?2026l[?2026h[?25l[A[1Gpulling manifest [K
pulling 4824460d29f2:  38% ▕██████            ▏  16 GB/ 42 GB  119 MB/s   3m40s[K[?25h[?2026l[?2026h[?25l[A[1Gpulling manifest [K
pulling 4824460d29f2:  38% ▕██████            ▏  16 GB/ 42 GB  119 MB/s   3m40s[K[?25h[?2026l[?2026h[?25l[A[1Gpulling manifest [K
pulling 4824460d29f2:  38% ▕██████            ▏  16 GB/ 42 GB  119 MB/s   3m40s[K[?25h[?2026l[?2026h[?25l[A[1Gpulling manifest [K
pulling 4824460d29f2:  38% ▕██████            ▏  16 GB/ 42 GB  119 MB/s   3m39s[K[?25h[?2026l[?2026h[?25l[A[1Gpulling manifest [K
pulling 4824460d29f2:  38% ▕██████            ▏  16 GB/ 42 GB  119 MB/s   3m39s[K[?25h[?2026l[?2026h[?25l[A[1Gpulling manifest [K
pulling 4824460d29f2:  38% ▕██████            ▏  16 GB/ 42 GB  119 MB/s   3m39s[K[?25h[?2026l[?2026h[?25l[A[1Gpulling manifest [K
pulling 4824460d29f2:  38% ▕██████            ▏  16 GB/ 42 GB  119 MB/s   3m39s[K[?25h[?2026l[?2026h[?25l[A[1Gpulling manifest [K
pulling 4824460d29f2:  38% ▕██████            ▏  16 GB/ 42 GB  119 MB/s   3m39s[K[?25h[?2026l[?2026h[?25l[A[1Gpulling manifest [K
pulling 4824460d29f2:  38% ▕██████            ▏  16 GB/ 42 GB  119 MB/s   3m39s[K[?25h[?2026l[?2026h[?25l[A[1Gpulling manifest [K
pulling 4824460d29f2:  38% ▕██████            ▏  16 GB/ 42 GB  119 MB/s   3m39s[K[?25h[?2026l[?2026h[?25l[A[1Gpulling manifest [K
pulling 4824460d29f2:  38% ▕██████            ▏  16 GB/ 42 GB  119 MB/s   3m39s[K[?25h[?2026l[?2026h[?25l[A[1Gpulling manifest [K
pulling 4824460d29f2:  38% ▕██████            ▏  16 GB/ 42 GB  119 MB/s   3m39s[K[?25h[?2026l[?2026h[?25l[A[1Gpulling manifest [K
pulling 4824460d29f2:  38% ▕██████            ▏  16 GB/ 42 GB  119 MB/s   3m39s[K[?25h[?2026l[?2026h[?25l[A[1Gpulling manifest [K
pulling 4824460d29f2:  38% ▕██████            ▏  16 GB/ 42 GB  119 MB/s   3m39s[K[?25h[?2026l[?2026h[?25l[A[1Gpulling manifest [K
pulling 4824460d29f2:  38% ▕██████            ▏  16 GB/ 42 GB  119 MB/s   3m39s[K[?25h[?2026l[?2026h[?25l[A[1Gpulling manifest [K
pulling 4824460d29f2:  39% ▕██████            ▏  16 GB/ 42 GB  119 MB/s   3m39s[K[?25h[?2026l[?2026h[?25l[A[1Gpulling manifest [K
pulling 4824460d29f2:  39% ▕██████            ▏  16 GB/ 42 GB  119 MB/s   3m39s[K[?25h[?2026l[?2026h[?25l[A[1Gpulling manifest [K
pulling 4824460d29f2:  39% ▕██████            ▏  16 GB/ 42 GB  119 MB/s   3m39s[K[?25h[?2026l[?2026h[?25l[A[1Gpulling manifest [K
pulling 4824460d29f2:  39% ▕██████            ▏  16 GB/ 42 GB  119 MB/s   3m39s[K[?25h[?2026l[?2026h[?25l[A[1Gpulling manifest [K
pulling 4824460d29f2:  39% ▕██████            ▏  16 GB/ 42 GB  119 MB/s   3m38s[K[?25h[?2026l[?2026h[?25l[A[1Gpulling manifest [K
pulling 4824460d29f2:  39% ▕██████            ▏  16 GB/ 42 GB  119 MB/s   3m38s[K[?25h[?2026l[?2026h[?25l[A[1Gpulling manifest [K
pulling 4824460d29f2:  39% ▕██████            ▏  16 GB/ 42 GB  119 MB/s   3m38s[K[?25h[?2026l[?2026h[?25l[A[1Gpulling manifest [K
pulling 4824460d29f2:  39% ▕██████            ▏  16 GB/ 42 GB  119 MB/s   3m38s[K[?25h[?2026l[?2026h[?25l[A[1Gpulling manifest [K
pulling 4824460d29f2:  39% ▕██████            ▏  16 GB/ 42 GB  119 MB/s   3m38s[K[?25h[?2026l[?2026h[?25l[A[1Gpulling manifest [K
pulling 4824460d29f2:  39% ▕██████            ▏  16 GB/ 42 GB  119 MB/s   3m38s[K[?25h[?2026l[?2026h[?25l[A[1Gpulling manifest [K
pulling 4824460d29f2:  39% ▕██████            ▏  16 GB/ 42 GB  119 MB/s   3m37s[K[?25h[?2026l[?2026h[?25l[A[1Gpulling manifest [K
pulling 4824460d29f2:  39% ▕██████            ▏  16 GB/ 42 GB  119 MB/s   3m37s[K[?25h[?2026l[?2026h[?25l[A[1Gpulling manifest [K
pulling 4824460d29f2:  39% ▕██████            ▏  16 GB/ 42 GB  119 MB/s   3m37s[K[?25h[?2026l[?2026h[?25l[A[1Gpulling manifest [K
pulling 4824460d29f2:  39% ▕███████           ▏  16 GB/ 42 GB  119 MB/s   3m37s[K[?25h[?2026l[?2026h[?25l[A[1Gpulling manifest [K
pulling 4824460d29f2:  39% ▕███████           ▏  16 GB/ 42 GB  119 MB/s   3m37s[K[?25h[?2026l[?2026h[?25l[A[1Gpulling manifest [K
pulling 4824460d29f2:  39% ▕███████           ▏  16 GB/ 42 GB  119 MB/s   3m37s[K[?25h[?2026l[?2026h[?25l[A[1Gpulling manifest [K
pulling 4824460d29f2:  39% ▕███████           ▏  16 GB/ 42 GB  119 MB/s   3m37s[K[?25h[?2026l[?2026h[?25l[A[1Gpulling manifest [K
pulling 4824460d29f2:  39% ▕███████           ▏  16 GB/ 42 GB  119 MB/s   3m37s[K[?25h[?2026l[?2026h[?25l[A[1Gpulling manifest [K
pulling 4824460d29f2:  39% ▕███████           ▏  16 GB/ 42 GB  119 MB/s   3m37s[K[?25h[?2026l[?2026h[?25l[A[1Gpulling manifest [K
pulling 4824460d29f2:  39% ▕███████           ▏  16 GB/ 42 GB  119 MB/s   3m37s[K[?25h[?2026l[?2026h[?25l[A[1Gpulling manifest [K
pulling 4824460d29f2:  39% ▕███████           ▏  16 GB/ 42 GB  119 MB/s   3m37s[K[?25h[?2026l[?2026h[?25l[A[1Gpulling manifest [K
pulling 4824460d29f2:  39% ▕███████           ▏  16 GB/ 42 GB  119 MB/s   3m36s[K[?25h[?2026l[?2026h[?25l[A[1Gpulling manifest [K
pulling 4824460d29f2:  39% ▕███████           ▏  16 GB/ 42 GB  119 MB/s   3m36s[K[?25h[?2026l[?2026h[?25l[A[1Gpulling manifest [K
pulling 4824460d29f2:  39% ▕███████           ▏  16 GB/ 42 GB  119 MB/s   3m36s[K[?25h[?2026l[?2026h[?25l[A[1Gpulling manifest [K
pulling 4824460d29f2:  39% ▕███████           ▏  16 GB/ 42 GB  119 MB/s   3m36s[K[?25h[?2026l[?2026h[?25l[A[1Gpulling manifest [K
pulling 4824460d29f2:  39% ▕███████           ▏  16 GB/ 42 GB  119 MB/s   3m36s[K[?25h[?2026l[?2026h[?25l[A[1Gpulling manifest [K
pulling 4824460d29f2:  39% ▕███████           ▏  16 GB/ 42 GB  119 MB/s   3m36s[K[?25h[?2026l[?2026h[?25l[A[1Gpulling manifest [K
pulling 4824460d29f2:  39% ▕███████           ▏  16 GB/ 42 GB  119 MB/s   3m36s[K[?25h[?2026l[?2026h[?25l[A[1Gpulling manifest [K
pulling 4824460d29f2:  39% ▕███████           ▏  16 GB/ 42 GB  119 MB/s   3m35s[K[?25h[?2026l[?2026h[?25l[A[1Gpulling manifest [K
pulling 4824460d29f2:  39% ▕███████           ▏  16 GB/ 42 GB  119 MB/s   3m35s[K[?25h[?2026l[?2026h[?25l[A[1Gpulling manifest [K
pulling 4824460d29f2:  39% ▕███████           ▏  16 GB/ 42 GB  119 MB/s   3m35s[K[?25h[?2026l[?2026h[?25l[A[1Gpulling manifest [K
pulling 4824460d29f2:  39% ▕███████           ▏  16 GB/ 42 GB  119 MB/s   3m35s[K[?25h[?2026l[?2026h[?25l[A[1Gpulling manifest [K
pulling 4824460d29f2:  39% ▕███████           ▏  16 GB/ 42 GB  119 MB/s   3m35s[K[?25h[?2026l[?2026h[?25l[A[1Gpulling manifest [K
pulling 4824460d29f2:  39% ▕███████           ▏  16 GB/ 42 GB  119 MB/s   3m35s[K[?25h[?2026l[?2026h[?25l[A[1Gpulling manifest [K
pulling 4824460d29f2:  39% ▕███████           ▏  16 GB/ 42 GB  119 MB/s   3m35s[K[?25h[?2026l[?2026h[?25l[A[1Gpulling manifest [K
pulling 4824460d29f2:  39% ▕███████           ▏  16 GB/ 42 GB  119 MB/s   3m35s[K[?25h[?2026l[?2026h[?25l[A[1Gpulling manifest [K
pulling 4824460d29f2:  40% ▕███████           ▏  16 GB/ 42 GB  119 MB/s   3m35s[K[?25h[?2026l[?2026h[?25l[A[1Gpulling manifest [K
pulling 4824460d29f2:  40% ▕███████           ▏  16 GB/ 42 GB  119 MB/s   3m35s[K[?25h[?2026l[?2026h[?25l[A[1Gpulling manifest [K
pulling 4824460d29f2:  40% ▕███████           ▏  16 GB/ 42 GB  119 MB/s   3m34s[K[?25h[?2026l[?2026h[?25l[A[1Gpulling manifest [K
pulling 4824460d29f2:  40% ▕███████           ▏  16 GB/ 42 GB  119 MB/s   3m34s[K[?25h[?2026l[?2026h[?25l[A[1Gpulling manifest [K
pulling 4824460d29f2:  40% ▕███████           ▏  16 GB/ 42 GB  119 MB/s   3m34s[K[?25h[?2026l[?2026h[?25l[A[1Gpulling manifest [K
pulling 4824460d29f2:  40% ▕███████           ▏  16 GB/ 42 GB  119 MB/s   3m34s[K[?25h[?2026l[?2026h[?25l[A[1Gpulling manifest [K
pulling 4824460d29f2:  40% ▕███████           ▏  16 GB/ 42 GB  119 MB/s   3m34s[K[?25h[?2026l[?2026h[?25l[A[1Gpulling manifest [K
pulling 4824460d29f2:  40% ▕███████           ▏  16 GB/ 42 GB  119 MB/s   3m34s[K[?25h[?2026l[?2026h[?25l[A[1Gpulling manifest [K
pulling 4824460d29f2:  40% ▕███████           ▏  16 GB/ 42 GB  119 MB/s   3m34s[K[?25h[?2026l[?2026h[?25l[A[1Gpulling manifest [K
pulling 4824460d29f2:  40% ▕███████           ▏  16 GB/ 42 GB  119 MB/s   3m33s[K[?25h[?2026l[?2026h[?25l[A[1Gpulling manifest [K
pulling 4824460d29f2:  40% ▕███████           ▏  16 GB/ 42 GB  119 MB/s   3m33s[K[?25h[?2026l[?2026h[?25l[A[1Gpulling manifest [K
pulling 4824460d29f2:  40% ▕███████           ▏  16 GB/ 42 GB  119 MB/s   3m33s[K[?25h[?2026l[?2026h[?25l[A[1Gpulling manifest [K
pulling 4824460d29f2:  40% ▕███████           ▏  16 GB/ 42 GB  119 MB/s   3m34s[K[?25h[?2026l[?2026h[?25l[A[1Gpulling manifest [K
pulling 4824460d29f2:  40% ▕███████           ▏  16 GB/ 42 GB  119 MB/s   3m34s[K[?25h[?2026l[?2026h[?25l[A[1Gpulling manifest [K
pulling 4824460d29f2:  40% ▕███████           ▏  16 GB/ 42 GB  119 MB/s   3m34s[K[?25h[?2026l[?2026h[?25l[A[1Gpulling manifest [K
pulling 4824460d29f2:  40% ▕███████           ▏  16 GB/ 42 GB  119 MB/s   3m33s[K[?25h[?2026l[?2026h[?25l[A[1Gpulling manifest [K
pulling 4824460d29f2:  40% ▕███████           ▏  16 GB/ 42 GB  119 MB/s   3m33s[K[?25h[?2026l[?2026h[?25l[A[1Gpulling manifest [K
pulling 4824460d29f2:  40% ▕███████           ▏  17 GB/ 42 GB  119 MB/s   3m33s[K[?25h[?2026l[?2026h[?25l[A[1Gpulling manifest [K
pulling 4824460d29f2:  40% ▕███████           ▏  17 GB/ 42 GB  119 MB/s   3m33s[K[?25h[?2026l[?2026h[?25l[A[1Gpulling manifest [K
pulling 4824460d29f2:  40% ▕███████           ▏  17 GB/ 42 GB  119 MB/s   3m33s[K[?25h[?2026l[?2026h[?25l[A[1Gpulling manifest [K
pulling 4824460d29f2:  40% ▕███████           ▏  17 GB/ 42 GB  119 MB/s   3m33s[K[?25h[?2026l[?2026h[?25l[A[1Gpulling manifest [K
pulling 4824460d29f2:  40% ▕███████           ▏  17 GB/ 42 GB  119 MB/s   3m33s[K[?25h[?2026l[?2026h[?25l[A[1Gpulling manifest [K
pulling 4824460d29f2:  40% ▕███████           ▏  17 GB/ 42 GB  119 MB/s   3m33s[K[?25h[?2026l[?2026h[?25l[A[1Gpulling manifest [K
pulling 4824460d29f2:  40% ▕███████           ▏  17 GB/ 42 GB  119 MB/s   3m33s[K[?25h[?2026l[?2026h[?25l[A[1Gpulling manifest [K
pulling 4824460d29f2:  40% ▕███████           ▏  17 GB/ 42 GB  119 MB/s   3m32s[K[?25h[?2026l[?2026h[?25l[A[1Gpulling manifest [K
pulling 4824460d29f2:  40% ▕███████           ▏  17 GB/ 42 GB  119 MB/s   3m32s[K[?25h[?2026l[?2026h[?25l[A[1Gpulling manifest [K
pulling 4824460d29f2:  40% ▕███████           ▏  17 GB/ 42 GB  119 MB/s   3m32s[K[?25h[?2026l[?2026h[?25l[A[1Gpulling manifest [K
pulling 4824460d29f2:  40% ▕███████           ▏  17 GB/ 42 GB  119 MB/s   3m32s[K[?25h[?2026l[?2026h[?25l[A[1Gpulling manifest [K
pulling 4824460d29f2:  40% ▕███████           ▏  17 GB/ 42 GB  119 MB/s   3m32s[K[?25h[?2026l[?2026h[?25l[A[1Gpulling manifest [K
pulling 4824460d29f2:  40% ▕███████           ▏  17 GB/ 42 GB  119 MB/s   3m32s[K[?25h[?2026l[?2026h[?25l[A[1Gpulling manifest [K
pulling 4824460d29f2:  40% ▕███████           ▏  17 GB/ 42 GB  119 MB/s   3m32s[K[?25h[?2026l[?2026h[?25l[A[1Gpulling manifest [K
pulling 4824460d29f2:  40% ▕███████           ▏  17 GB/ 42 GB  119 MB/s   3m32s[K[?25h[?2026l[?2026h[?25l[A[1Gpulling manifest [K
pulling 4824460d29f2:  40% ▕███████           ▏  17 GB/ 42 GB  119 MB/s   3m32s[K[?25h[?2026l[?2026h[?25l[A[1Gpulling manifest [K
pulling 4824460d29f2:  40% ▕███████           ▏  17 GB/ 42 GB  119 MB/s   3m32s[K[?25h[?2026l[?2026h[?25l[A[1Gpulling manifest [K
pulling 4824460d29f2:  40% ▕███████           ▏  17 GB/ 42 GB  119 MB/s   3m31s[K[?25h[?2026l[?2026h[?25l[A[1Gpulling manifest [K
pulling 4824460d29f2:  40% ▕███████           ▏  17 GB/ 42 GB  119 MB/s   3m31s[K[?25h[?2026l[?2026h[?25l[A[1Gpulling manifest [K
pulling 4824460d29f2:  41% ▕███████           ▏  17 GB/ 42 GB  119 MB/s   3m31s[K[?25h[?2026l[?2026h[?25l[A[1Gpulling manifest [K
pulling 4824460d29f2:  41% ▕███████           ▏  17 GB/ 42 GB  119 MB/s   3m31s[K[?25h[?2026l[?2026h[?25l[A[1Gpulling manifest [K
pulling 4824460d29f2:  41% ▕███████           ▏  17 GB/ 42 GB  119 MB/s   3m31s[K[?25h[?2026l[?2026h[?25l[A[1Gpulling manifest [K
pulling 4824460d29f2:  41% ▕███████           ▏  17 GB/ 42 GB  119 MB/s   3m31s[K[?25h[?2026l[?2026h[?25l[A[1Gpulling manifest [K
pulling 4824460d29f2:  41% ▕███████           ▏  17 GB/ 42 GB  119 MB/s   3m31s[K[?25h[?2026l[?2026h[?25l[A[1Gpulling manifest [K
pulling 4824460d29f2:  41% ▕███████           ▏  17 GB/ 42 GB  119 MB/s   3m31s[K[?25h[?2026l[?2026h[?25l[A[1Gpulling manifest [K
pulling 4824460d29f2:  41% ▕███████           ▏  17 GB/ 42 GB  119 MB/s   3m31s[K[?25h[?2026l[?2026h[?25l[A[1Gpulling manifest [K
pulling 4824460d29f2:  41% ▕███████           ▏  17 GB/ 42 GB  119 MB/s   3m31s[K[?25h[?2026l[?2026h[?25l[A[1Gpulling manifest [K
pulling 4824460d29f2:  41% ▕███████           ▏  17 GB/ 42 GB  119 MB/s   3m31s[K[?25h[?2026l[?2026h[?25l[A[1Gpulling manifest [K
pulling 4824460d29f2:  41% ▕███████           ▏  17 GB/ 42 GB  119 MB/s   3m31s[K[?25h[?2026l[?2026h[?25l[A[1Gpulling manifest [K
pulling 4824460d29f2:  41% ▕███████           ▏  17 GB/ 42 GB  119 MB/s   3m31s[K[?25h[?2026l[?2026h[?25l[A[1Gpulling manifest [K
pulling 4824460d29f2:  41% ▕███████           ▏  17 GB/ 42 GB  119 MB/s   3m31s[K[?25h[?2026l[?2026h[?25l[A[1Gpulling manifest [K
pulling 4824460d29f2:  41% ▕███████           ▏  17 GB/ 42 GB  119 MB/s   3m30s[K[?25h[?2026l[?2026h[?25l[A[1Gpulling manifest [K
pulling 4824460d29f2:  41% ▕███████           ▏  17 GB/ 42 GB  119 MB/s   3m30s[K[?25h[?2026l[?2026h[?25l[A[1Gpulling manifest [K
pulling 4824460d29f2:  41% ▕███████           ▏  17 GB/ 42 GB  119 MB/s   3m30s[K[?25h[?2026l[?2026h[?25l[A[1Gpulling manifest [K
pulling 4824460d29f2:  41% ▕███████           ▏  17 GB/ 42 GB  119 MB/s   3m30s[K[?25h[?2026l[?2026h[?25l[A[1Gpulling manifest [K
pulling 4824460d29f2:  41% ▕███████           ▏  17 GB/ 42 GB  119 MB/s   3m30s[K[?25h[?2026l[?2026h[?25l[A[1Gpulling manifest [K
pulling 4824460d29f2:  41% ▕███████           ▏  17 GB/ 42 GB  119 MB/s   3m29s[K[?25h[?2026l[?2026h[?25l[A[1Gpulling manifest [K
pulling 4824460d29f2:  41% ▕███████           ▏  17 GB/ 42 GB  119 MB/s   3m29s[K[?25h[?2026l[?2026h[?25l[A[1Gpulling manifest [K
pulling 4824460d29f2:  41% ▕███████           ▏  17 GB/ 42 GB  119 MB/s   3m29s[K[?25h[?2026l[?2026h[?25l[A[1Gpulling manifest [K
pulling 4824460d29f2:  41% ▕███████           ▏  17 GB/ 42 GB  119 MB/s   3m29s[K[?25h[?2026l[?2026h[?25l[A[1Gpulling manifest [K
pulling 4824460d29f2:  41% ▕███████           ▏  17 GB/ 42 GB  119 MB/s   3m29s[K[?25h[?2026l[?2026h[?25l[A[1Gpulling manifest [K
pulling 4824460d29f2:  41% ▕███████           ▏  17 GB/ 42 GB  119 MB/s   3m29s[K[?25h[?2026l[?2026h[?25l[A[1Gpulling manifest [K
pulling 4824460d29f2:  41% ▕███████           ▏  17 GB/ 42 GB  119 MB/s   3m29s[K[?25h[?2026l[?2026h[?25l[A[1Gpulling manifest [K
pulling 4824460d29f2:  41% ▕███████           ▏  17 GB/ 42 GB  119 MB/s   3m29s[K[?25h[?2026l[?2026h[?25l[A[1Gpulling manifest [K
pulling 4824460d29f2:  41% ▕███████           ▏  17 GB/ 42 GB  119 MB/s   3m29s[K[?25h[?2026l[?2026h[?25l[A[1Gpulling manifest [K
pulling 4824460d29f2:  41% ▕███████           ▏  17 GB/ 42 GB  119 MB/s   3m29s[K[?25h[?2026l[?2026h[?25l[A[1Gpulling manifest [K
pulling 4824460d29f2:  41% ▕███████           ▏  17 GB/ 42 GB  119 MB/s   3m29s[K[?25h[?2026l[?2026h[?25l[A[1Gpulling manifest [K
pulling 4824460d29f2:  41% ▕███████           ▏  17 GB/ 42 GB  119 MB/s   3m28s[K[?25h[?2026l[?2026h[?25l[A[1Gpulling manifest [K
pulling 4824460d29f2:  41% ▕███████           ▏  17 GB/ 42 GB  119 MB/s   3m28s[K[?25h[?2026l[?2026h[?25l[A[1Gpulling manifest [K
pulling 4824460d29f2:  41% ▕███████           ▏  17 GB/ 42 GB  119 MB/s   3m28s[K[?25h[?2026l[?2026h[?25l[A[1Gpulling manifest [K
pulling 4824460d29f2:  41% ▕███████           ▏  17 GB/ 42 GB  119 MB/s   3m28s[K[?25h[?2026l[?2026h[?25l[A[1Gpulling manifest [K
pulling 4824460d29f2:  41% ▕███████           ▏  17 GB/ 42 GB  119 MB/s   3m28s[K[?25h[?2026l[?2026h[?25l[A[1Gpulling manifest [K
pulling 4824460d29f2:  41% ▕███████           ▏  17 GB/ 42 GB  119 MB/s   3m28s[K[?25h[?2026l[?2026h[?25l[A[1Gpulling manifest [K
pulling 4824460d29f2:  41% ▕███████           ▏  17 GB/ 42 GB  119 MB/s   3m28s[K[?25h[?2026l[?2026h[?25l[A[1Gpulling manifest [K
pulling 4824460d29f2:  41% ▕███████           ▏  17 GB/ 42 GB  119 MB/s   3m28s[K[?25h[?2026l[?2026h[?25l[A[1Gpulling manifest [K
pulling 4824460d29f2:  42% ▕███████           ▏  17 GB/ 42 GB  119 MB/s   3m28s[K[?25h[?2026l[?2026h[?25l[A[1Gpulling manifest [K
pulling 4824460d29f2:  42% ▕███████           ▏  17 GB/ 42 GB  119 MB/s   3m28s[K[?25h[?2026l[?2026h[?25l[A[1Gpulling manifest [K
pulling 4824460d29f2:  42% ▕███████           ▏  17 GB/ 42 GB  119 MB/s   3m28s[K[?25h[?2026l[?2026h[?25l[A[1Gpulling manifest [K
pulling 4824460d29f2:  42% ▕███████           ▏  17 GB/ 42 GB  119 MB/s   3m28s[K[?25h[?2026l[?2026h[?25l[A[1Gpulling manifest [K
pulling 4824460d29f2:  42% ▕███████           ▏  17 GB/ 42 GB  119 MB/s   3m28s[K[?25h[?2026l[?2026h[?25l[A[1Gpulling manifest [K
pulling 4824460d29f2:  42% ▕███████           ▏  17 GB/ 42 GB  119 MB/s   3m27s[K[?25h[?2026l[?2026h[?25l[A[1Gpulling manifest [K
pulling 4824460d29f2:  42% ▕███████           ▏  17 GB/ 42 GB  119 MB/s   3m27s[K[?25h[?2026l[?2026h[?25l[A[1Gpulling manifest [K
pulling 4824460d29f2:  42% ▕███████           ▏  17 GB/ 42 GB  119 MB/s   3m27s[K[?25h[?2026l[?2026h[?25l[A[1Gpulling manifest [K
pulling 4824460d29f2:  42% ▕███████           ▏  17 GB/ 42 GB  119 MB/s   3m27s[K[?25h[?2026l[?2026h[?25l[A[1Gpulling manifest [K
pulling 4824460d29f2:  42% ▕███████           ▏  17 GB/ 42 GB  119 MB/s   3m27s[K[?25h[?2026l[?2026h[?25l[A[1Gpulling manifest [K
pulling 4824460d29f2:  42% ▕███████           ▏  17 GB/ 42 GB  119 MB/s   3m27s[K[?25h[?2026l[?2026h[?25l[A[1Gpulling manifest [K
pulling 4824460d29f2:  42% ▕███████           ▏  17 GB/ 42 GB  119 MB/s   3m27s[K[?25h[?2026l[?2026h[?25l[A[1Gpulling manifest [K
pulling 4824460d29f2:  42% ▕███████           ▏  17 GB/ 42 GB  119 MB/s   3m27s[K[?25h[?2026l[?2026h[?25l[A[1Gpulling manifest [K
pulling 4824460d29f2:  42% ▕███████           ▏  17 GB/ 42 GB  119 MB/s   3m27s[K[?25h[?2026l[?2026h[?25l[A[1Gpulling manifest [K
pulling 4824460d29f2:  42% ▕███████           ▏  17 GB/ 42 GB  119 MB/s   3m27s[K[?25h[?2026l[?2026h[?25l[A[1Gpulling manifest [K
pulling 4824460d29f2:  42% ▕███████           ▏  17 GB/ 42 GB  119 MB/s   3m27s[K[?25h[?2026l[?2026h[?25l[A[1Gpulling manifest [K
pulling 4824460d29f2:  42% ▕███████           ▏  17 GB/ 42 GB  119 MB/s   3m27s[K[?25h[?2026l[?2026h[?25l[A[1Gpulling manifest [K
pulling 4824460d29f2:  42% ▕███████           ▏  17 GB/ 42 GB  119 MB/s   3m27s[K[?25h[?2026l[?2026h[?25l[A[1Gpulling manifest [K
pulling 4824460d29f2:  42% ▕███████           ▏  17 GB/ 42 GB  119 MB/s   3m27s[K[?25h[?2026l[?2026h[?25l[A[1Gpulling manifest [K
pulling 4824460d29f2:  42% ▕███████           ▏  17 GB/ 42 GB  119 MB/s   3m27s[K[?25h[?2026l[?2026h[?25l[A[1Gpulling manifest [K
pulling 4824460d29f2:  42% ▕███████           ▏  17 GB/ 42 GB  119 MB/s   3m26s[K[?25h[?2026l[?2026h[?25l[A[1Gpulling manifest [K
pulling 4824460d29f2:  42% ▕███████           ▏  17 GB/ 42 GB  119 MB/s   3m26s[K[?25h[?2026l[?2026h[?25l[A[1Gpulling manifest [K
pulling 4824460d29f2:  42% ▕███████           ▏  17 GB/ 42 GB  119 MB/s   3m26s[K[?25h[?2026l[?2026h[?25l[A[1Gpulling manifest [K
pulling 4824460d29f2:  42% ▕███████           ▏  17 GB/ 42 GB  119 MB/s   3m26s[K[?25h[?2026l[?2026h[?25l[A[1Gpulling manifest [K
pulling 4824460d29f2:  42% ▕███████           ▏  17 GB/ 42 GB  119 MB/s   3m26s[K[?25h[?2026l[?2026h[?25l[A[1Gpulling manifest [K
pulling 4824460d29f2:  42% ▕███████           ▏  17 GB/ 42 GB  119 MB/s   3m26s[K[?25h[?2026l[?2026h[?25l[A[1Gpulling manifest [K
pulling 4824460d29f2:  42% ▕███████           ▏  17 GB/ 42 GB  119 MB/s   3m26s[K[?25h[?2026l[?2026h[?25l[A[1Gpulling manifest [K
pulling 4824460d29f2:  42% ▕███████           ▏  17 GB/ 42 GB  119 MB/s   3m26s[K[?25h[?2026l[?2026h[?25l[A[1Gpulling manifest [K
pulling 4824460d29f2:  42% ▕███████           ▏  17 GB/ 42 GB  119 MB/s   3m26s[K[?25h[?2026l[?2026h[?25l[A[1Gpulling manifest [K
pulling 4824460d29f2:  42% ▕███████           ▏  17 GB/ 42 GB  119 MB/s   3m26s[K[?25h[?2026l[?2026h[?25l[A[1Gpulling manifest [K
pulling 4824460d29f2:  42% ▕███████           ▏  18 GB/ 42 GB  119 MB/s   3m25s[K[?25h[?2026l[?2026h[?25l[A[1Gpulling manifest [K
pulling 4824460d29f2:  42% ▕███████           ▏  18 GB/ 42 GB  119 MB/s   3m25s[K[?25h[?2026l[?2026h[?25l[A[1Gpulling manifest [K
pulling 4824460d29f2:  42% ▕███████           ▏  18 GB/ 42 GB  119 MB/s   3m24s[K[?25h[?2026l[?2026h[?25l[A[1Gpulling manifest [K
pulling 4824460d29f2:  42% ▕███████           ▏  18 GB/ 42 GB  119 MB/s   3m24s[K[?25h[?2026l[?2026h[?25l[A[1Gpulling manifest [K
pulling 4824460d29f2:  42% ▕███████           ▏  18 GB/ 42 GB  119 MB/s   3m24s[K[?25h[?2026l[?2026h[?25l[A[1Gpulling manifest [K
pulling 4824460d29f2:  42% ▕███████           ▏  18 GB/ 42 GB  119 MB/s   3m24s[K[?25h[?2026l[?2026h[?25l[A[1Gpulling manifest [K
pulling 4824460d29f2:  42% ▕███████           ▏  18 GB/ 42 GB  119 MB/s   3m24s[K[?25h[?2026l[?2026h[?25l[A[1Gpulling manifest [K
pulling 4824460d29f2:  43% ▕███████           ▏  18 GB/ 42 GB  119 MB/s   3m24s[K[?25h[?2026l[?2026h[?25l[A[1Gpulling manifest [K
pulling 4824460d29f2:  43% ▕███████           ▏  18 GB/ 42 GB  119 MB/s   3m24s[K[?25h[?2026l[?2026h[?25l[A[1Gpulling manifest [K
pulling 4824460d29f2:  43% ▕███████           ▏  18 GB/ 42 GB  119 MB/s   3m24s[K[?25h[?2026l[?2026h[?25l[A[1Gpulling manifest [K
pulling 4824460d29f2:  43% ▕███████           ▏  18 GB/ 42 GB  119 MB/s   3m23s[K[?25h[?2026l[?2026h[?25l[A[1Gpulling manifest [K
pulling 4824460d29f2:  43% ▕███████           ▏  18 GB/ 42 GB  119 MB/s   3m23s[K[?25h[?2026l[?2026h[?25l[A[1Gpulling manifest [K
pulling 4824460d29f2:  43% ▕███████           ▏  18 GB/ 42 GB  119 MB/s   3m24s[K[?25h[?2026l[?2026h[?25l[A[1Gpulling manifest [K
pulling 4824460d29f2:  43% ▕███████           ▏  18 GB/ 42 GB  119 MB/s   3m23s[K[?25h[?2026l[?2026h[?25l[A[1Gpulling manifest [K
pulling 4824460d29f2:  43% ▕███████           ▏  18 GB/ 42 GB  119 MB/s   3m23s[K[?25h[?2026l[?2026h[?25l[A[1Gpulling manifest [K
pulling 4824460d29f2:  43% ▕███████           ▏  18 GB/ 42 GB  119 MB/s   3m23s[K[?25h[?2026l[?2026h[?25l[A[1Gpulling manifest [K
pulling 4824460d29f2:  43% ▕███████           ▏  18 GB/ 42 GB  119 MB/s   3m23s[K[?25h[?2026l[?2026h[?25l[A[1Gpulling manifest [K
pulling 4824460d29f2:  43% ▕███████           ▏  18 GB/ 42 GB  119 MB/s   3m23s[K[?25h[?2026l[?2026h[?25l[A[1Gpulling manifest [K
pulling 4824460d29f2:  43% ▕███████           ▏  18 GB/ 42 GB  119 MB/s   3m23s[K[?25h[?2026l[?2026h[?25l[A[1Gpulling manifest [K
pulling 4824460d29f2:  43% ▕███████           ▏  18 GB/ 42 GB  119 MB/s   3m23s[K[?25h[?2026l[?2026h[?25l[A[1Gpulling manifest [K
pulling 4824460d29f2:  43% ▕███████           ▏  18 GB/ 42 GB  119 MB/s   3m23s[K[?25h[?2026l[?2026h[?25l[A[1Gpulling manifest [K
pulling 4824460d29f2:  43% ▕███████           ▏  18 GB/ 42 GB  119 MB/s   3m23s[K[?25h[?2026l[?2026h[?25l[A[1Gpulling manifest [K
pulling 4824460d29f2:  43% ▕███████           ▏  18 GB/ 42 GB  119 MB/s   3m23s[K[?25h[?2026l[?2026h[?25l[A[1Gpulling manifest [K
pulling 4824460d29f2:  43% ▕███████           ▏  18 GB/ 42 GB  119 MB/s   3m23s[K[?25h[?2026l[?2026h[?25l[A[1Gpulling manifest [K
pulling 4824460d29f2:  43% ▕███████           ▏  18 GB/ 42 GB  119 MB/s   3m23s[K[?25h[?2026l[?2026h[?25l[A[1Gpulling manifest [K
pulling 4824460d29f2:  43% ▕███████           ▏  18 GB/ 42 GB  119 MB/s   3m23s[K[?25h[?2026l[?2026h[?25l[A[1Gpulling manifest [K
pulling 4824460d29f2:  43% ▕███████           ▏  18 GB/ 42 GB  119 MB/s   3m22s[K[?25h[?2026l[?2026h[?25l[A[1Gpulling manifest [K
pulling 4824460d29f2:  43% ▕███████           ▏  18 GB/ 42 GB  119 MB/s   3m22s[K[?25h[?2026l[?2026h[?25l[A[1Gpulling manifest [K
pulling 4824460d29f2:  43% ▕███████           ▏  18 GB/ 42 GB  119 MB/s   3m22s[K[?25h[?2026l[?2026h[?25l[A[1Gpulling manifest [K
pulling 4824460d29f2:  43% ▕███████           ▏  18 GB/ 42 GB  119 MB/s   3m22s[K[?25h[?2026l[?2026h[?25l[A[1Gpulling manifest [K
pulling 4824460d29f2:  43% ▕███████           ▏  18 GB/ 42 GB  119 MB/s   3m22s[K[?25h[?2026l[?2026h[?25l[A[1Gpulling manifest [K
pulling 4824460d29f2:  43% ▕███████           ▏  18 GB/ 42 GB  119 MB/s   3m22s[K[?25h[?2026l[?2026h[?25l[A[1Gpulling manifest [K
pulling 4824460d29f2:  43% ▕███████           ▏  18 GB/ 42 GB  119 MB/s   3m22s[K[?25h[?2026l[?2026h[?25l[A[1Gpulling manifest [K
pulling 4824460d29f2:  43% ▕███████           ▏  18 GB/ 42 GB  119 MB/s   3m21s[K[?25h[?2026l[?2026h[?25l[A[1Gpulling manifest [K
pulling 4824460d29f2:  43% ▕███████           ▏  18 GB/ 42 GB  119 MB/s   3m21s[K[?25h[?2026l[?2026h[?25l[A[1Gpulling manifest [K
pulling 4824460d29f2:  43% ▕███████           ▏  18 GB/ 42 GB  119 MB/s   3m21s[K[?25h[?2026l[?2026h[?25l[A[1Gpulling manifest [K
pulling 4824460d29f2:  43% ▕███████           ▏  18 GB/ 42 GB  119 MB/s   3m21s[K[?25h[?2026l[?2026h[?25l[A[1Gpulling manifest [K
pulling 4824460d29f2:  43% ▕███████           ▏  18 GB/ 42 GB  119 MB/s   3m21s[K[?25h[?2026l[?2026h[?25l[A[1Gpulling manifest [K
pulling 4824460d29f2:  43% ▕███████           ▏  18 GB/ 42 GB  119 MB/s   3m21s[K[?25h[?2026l[?2026h[?25l[A[1Gpulling manifest [K
pulling 4824460d29f2:  43% ▕███████           ▏  18 GB/ 42 GB  119 MB/s   3m21s[K[?25h[?2026l[?2026h[?25l[A[1Gpulling manifest [K
pulling 4824460d29f2:  43% ▕███████           ▏  18 GB/ 42 GB  119 MB/s   3m21s[K[?25h[?2026l[?2026h[?25l[A[1Gpulling manifest [K
pulling 4824460d29f2:  43% ▕███████           ▏  18 GB/ 42 GB  119 MB/s   3m21s[K[?25h[?2026l[?2026h[?25l[A[1Gpulling manifest [K
pulling 4824460d29f2:  43% ▕███████           ▏  18 GB/ 42 GB  119 MB/s   3m20s[K[?25h[?2026l[?2026h[?25l[A[1Gpulling manifest [K
pulling 4824460d29f2:  44% ▕███████           ▏  18 GB/ 42 GB  119 MB/s   3m21s[K[?25h[?2026l[?2026h[?25l[A[1Gpulling manifest [K
pulling 4824460d29f2:  44% ▕███████           ▏  18 GB/ 42 GB  119 MB/s   3m21s[K[?25h[?2026l[?2026h[?25l[A[1Gpulling manifest [K
pulling 4824460d29f2:  44% ▕███████           ▏  18 GB/ 42 GB  119 MB/s   3m21s[K[?25h[?2026l[?2026h[?25l[A[1Gpulling manifest [K
pulling 4824460d29f2:  44% ▕███████           ▏  18 GB/ 42 GB  119 MB/s   3m20s[K[?25h[?2026l[?2026h[?25l[A[1Gpulling manifest [K
pulling 4824460d29f2:  44% ▕███████           ▏  18 GB/ 42 GB  119 MB/s   3m20s[K[?25h[?2026l[?2026h[?25l[A[1Gpulling manifest [K
pulling 4824460d29f2:  44% ▕███████           ▏  18 GB/ 42 GB  119 MB/s   3m20s[K[?25h[?2026l[?2026h[?25l[A[1Gpulling manifest [K
pulling 4824460d29f2:  44% ▕███████           ▏  18 GB/ 42 GB  119 MB/s   3m20s[K[?25h[?2026l[?2026h[?25l[A[1Gpulling manifest [K
pulling 4824460d29f2:  44% ▕███████           ▏  18 GB/ 42 GB  119 MB/s   3m20s[K[?25h[?2026l[?2026h[?25l[A[1Gpulling manifest [K
pulling 4824460d29f2:  44% ▕███████           ▏  18 GB/ 42 GB  119 MB/s   3m20s[K[?25h[?2026l[?2026h[?25l[A[1Gpulling manifest [K
pulling 4824460d29f2:  44% ▕███████           ▏  18 GB/ 42 GB  119 MB/s   3m20s[K[?25h[?2026l[?2026h[?25l[A[1Gpulling manifest [K
pulling 4824460d29f2:  44% ▕███████           ▏  18 GB/ 42 GB  119 MB/s   3m20s[K[?25h[?2026l[?2026h[?25l[A[1Gpulling manifest [K
pulling 4824460d29f2:  44% ▕███████           ▏  18 GB/ 42 GB  119 MB/s   3m20s[K[?25h[?2026l[?2026h[?25l[A[1Gpulling manifest [K
pulling 4824460d29f2:  44% ▕███████           ▏  18 GB/ 42 GB  119 MB/s   3m20s[K[?25h[?2026l[?2026h[?25l[A[1Gpulling manifest [K
pulling 4824460d29f2:  44% ▕███████           ▏  18 GB/ 42 GB  119 MB/s   3m19s[K[?25h[?2026l[?2026h[?25l[A[1Gpulling manifest [K
pulling 4824460d29f2:  44% ▕███████           ▏  18 GB/ 42 GB  119 MB/s   3m19s[K[?25h[?2026l[?2026h[?25l[A[1Gpulling manifest [K
pulling 4824460d29f2:  44% ▕███████           ▏  18 GB/ 42 GB  119 MB/s   3m19s[K[?25h[?2026l[?2026h[?25l[A[1Gpulling manifest [K
pulling 4824460d29f2:  44% ▕███████           ▏  18 GB/ 42 GB  119 MB/s   3m19s[K[?25h[?2026l[?2026h[?25l[A[1Gpulling manifest [K
pulling 4824460d29f2:  44% ▕███████           ▏  18 GB/ 42 GB  119 MB/s   3m19s[K[?25h[?2026l[?2026h[?25l[A[1Gpulling manifest [K
pulling 4824460d29f2:  44% ▕███████           ▏  18 GB/ 42 GB  119 MB/s   3m19s[K[?25h[?2026l[?2026h[?25l[A[1Gpulling manifest [K
pulling 4824460d29f2:  44% ▕███████           ▏  18 GB/ 42 GB  119 MB/s   3m19s[K[?25h[?2026l[?2026h[?25l[A[1Gpulling manifest [K
pulling 4824460d29f2:  44% ▕███████           ▏  18 GB/ 42 GB  119 MB/s   3m18s[K[?25h[?2026l[?2026h[?25l[A[1Gpulling manifest [K
pulling 4824460d29f2:  44% ▕███████           ▏  18 GB/ 42 GB  119 MB/s   3m18s[K[?25h[?2026l[?2026h[?25l[A[1Gpulling manifest [K
pulling 4824460d29f2:  44% ▕███████           ▏  18 GB/ 42 GB  119 MB/s   3m18s[K[?25h[?2026l[?2026h[?25l[A[1Gpulling manifest [K
pulling 4824460d29f2:  44% ▕███████           ▏  18 GB/ 42 GB  119 MB/s   3m18s[K[?25h[?2026l[?2026h[?25l[A[1Gpulling manifest [K
pulling 4824460d29f2:  44% ▕███████           ▏  18 GB/ 42 GB  119 MB/s   3m18s[K[?25h[?2026l[?2026h[?25l[A[1Gpulling manifest [K
pulling 4824460d29f2:  44% ▕███████           ▏  18 GB/ 42 GB  119 MB/s   3m18s[K[?25h[?2026l[?2026h[?25l[A[1Gpulling manifest [K
pulling 4824460d29f2:  44% ▕███████           ▏  18 GB/ 42 GB  119 MB/s   3m18s[K[?25h[?2026l[?2026h[?25l[A[1Gpulling manifest [K
pulling 4824460d29f2:  44% ▕███████           ▏  18 GB/ 42 GB  119 MB/s   3m18s[K[?25h[?2026l[?2026h[?25l[A[1Gpulling manifest [K
pulling 4824460d29f2:  44% ▕███████           ▏  18 GB/ 42 GB  119 MB/s   3m18s[K[?25h[?2026l[?2026h[?25l[A[1Gpulling manifest [K
pulling 4824460d29f2:  44% ▕███████           ▏  18 GB/ 42 GB  119 MB/s   3m17s[K[?25h[?2026l[?2026h[?25l[A[1Gpulling manifest [K
pulling 4824460d29f2:  44% ▕███████           ▏  18 GB/ 42 GB  119 MB/s   3m18s[K[?25h[?2026l[?2026h[?25l[A[1Gpulling manifest [K
pulling 4824460d29f2:  44% ▕███████           ▏  18 GB/ 42 GB  119 MB/s   3m17s[K[?25h[?2026l[?2026h[?25l[A[1Gpulling manifest [K
pulling 4824460d29f2:  44% ▕███████           ▏  18 GB/ 42 GB  119 MB/s   3m17s[K[?25h[?2026l[?2026h[?25l[A[1Gpulling manifest [K
pulling 4824460d29f2:  44% ▕███████           ▏  18 GB/ 42 GB  119 MB/s   3m17s[K[?25h[?2026l[?2026h[?25l[A[1Gpulling manifest [K
pulling 4824460d29f2:  44% ▕████████          ▏  18 GB/ 42 GB  119 MB/s   3m17s[K[?25h[?2026l[?2026h[?25l[A[1Gpulling manifest [K
pulling 4824460d29f2:  44% ▕████████          ▏  18 GB/ 42 GB  119 MB/s   3m17s[K[?25h[?2026l[?2026h[?25l[A[1Gpulling manifest [K
pulling 4824460d29f2:  45% ▕████████          ▏  18 GB/ 42 GB  119 MB/s   3m17s[K[?25h[?2026l[?2026h[?25l[A[1Gpulling manifest [K
pulling 4824460d29f2:  45% ▕████████          ▏  18 GB/ 42 GB  119 MB/s   3m17s[K[?25h[?2026l[?2026h[?25l[A[1Gpulling manifest [K
pulling 4824460d29f2:  45% ▕████████          ▏  18 GB/ 42 GB  119 MB/s   3m17s[K[?25h[?2026l[?2026h[?25l[A[1Gpulling manifest [K
pulling 4824460d29f2:  45% ▕████████          ▏  18 GB/ 42 GB  119 MB/s   3m17s[K[?25h[?2026l[?2026h[?25l[A[1Gpulling manifest [K
pulling 4824460d29f2:  45% ▕████████          ▏  18 GB/ 42 GB  119 MB/s   3m17s[K[?25h[?2026l[?2026h[?25l[A[1Gpulling manifest [K
pulling 4824460d29f2:  45% ▕████████          ▏  18 GB/ 42 GB  119 MB/s   3m16s[K[?25h[?2026l[?2026h[?25l[A[1Gpulling manifest [K
pulling 4824460d29f2:  45% ▕████████          ▏  18 GB/ 42 GB  119 MB/s   3m16s[K[?25h[?2026l[?2026h[?25l[A[1Gpulling manifest [K
pulling 4824460d29f2:  45% ▕████████          ▏  19 GB/ 42 GB  119 MB/s   3m16s[K[?25h[?2026l[?2026h[?25l[A[1Gpulling manifest [K
pulling 4824460d29f2:  45% ▕████████          ▏  19 GB/ 42 GB  119 MB/s   3m16s[K[?25h[?2026l[?2026h[?25l[A[1Gpulling manifest [K
pulling 4824460d29f2:  45% ▕████████          ▏  19 GB/ 42 GB  119 MB/s   3m16s[K[?25h[?2026l[?2026h[?25l[A[1Gpulling manifest [K
pulling 4824460d29f2:  45% ▕████████          ▏  19 GB/ 42 GB  119 MB/s   3m16s[K[?25h[?2026l[?2026h[?25l[A[1Gpulling manifest [K
pulling 4824460d29f2:  45% ▕████████          ▏  19 GB/ 42 GB  119 MB/s   3m16s[K[?25h[?2026l[?2026h[?25l[A[1Gpulling manifest [K
pulling 4824460d29f2:  45% ▕████████          ▏  19 GB/ 42 GB  119 MB/s   3m16s[K[?25h[?2026l[?2026h[?25l[A[1Gpulling manifest [K
pulling 4824460d29f2:  45% ▕████████          ▏  19 GB/ 42 GB  119 MB/s   3m16s[K[?25h[?2026l[?2026h[?25l[A[1Gpulling manifest [K
pulling 4824460d29f2:  45% ▕████████          ▏  19 GB/ 42 GB  119 MB/s   3m15s[K[?25h[?2026l[?2026h[?25l[A[1Gpulling manifest [K
pulling 4824460d29f2:  45% ▕████████          ▏  19 GB/ 42 GB  119 MB/s   3m16s[K[?25h[?2026l[?2026h[?25l[A[1Gpulling manifest [K
pulling 4824460d29f2:  45% ▕████████          ▏  19 GB/ 42 GB  119 MB/s   3m16s[K[?25h[?2026l[?2026h[?25l[A[1Gpulling manifest [K
pulling 4824460d29f2:  45% ▕████████          ▏  19 GB/ 42 GB  119 MB/s   3m16s[K[?25h[?2026l[?2026h[?25l[A[1Gpulling manifest [K
pulling 4824460d29f2:  45% ▕████████          ▏  19 GB/ 42 GB  119 MB/s   3m16s[K[?25h[?2026l[?2026h[?25l[A[1Gpulling manifest [K
pulling 4824460d29f2:  45% ▕████████          ▏  19 GB/ 42 GB  119 MB/s   3m16s[K[?25h[?2026l[?2026h[?25l[A[1Gpulling manifest [K
pulling 4824460d29f2:  45% ▕████████          ▏  19 GB/ 42 GB  119 MB/s   3m15s[K[?25h[?2026l[?2026h[?25l[A[1Gpulling manifest [K
pulling 4824460d29f2:  45% ▕████████          ▏  19 GB/ 42 GB  119 MB/s   3m15s[K[?25h[?2026l[?2026h[?25l[A[1Gpulling manifest [K
pulling 4824460d29f2:  45% ▕████████          ▏  19 GB/ 42 GB  119 MB/s   3m15s[K[?25h[?2026l[?2026h[?25l[A[1Gpulling manifest [K
pulling 4824460d29f2:  45% ▕████████          ▏  19 GB/ 42 GB  119 MB/s   3m15s[K[?25h[?2026l[?2026h[?25l[A[1Gpulling manifest [K
pulling 4824460d29f2:  45% ▕████████          ▏  19 GB/ 42 GB  119 MB/s   3m15s[K[?25h[?2026l[?2026h[?25l[A[1Gpulling manifest [K
pulling 4824460d29f2:  45% ▕████████          ▏  19 GB/ 42 GB  119 MB/s   3m15s[K[?25h[?2026l[?2026h[?25l[A[1Gpulling manifest [K
pulling 4824460d29f2:  45% ▕████████          ▏  19 GB/ 42 GB  119 MB/s   3m14s[K[?25h[?2026l[?2026h[?25l[A[1Gpulling manifest [K
pulling 4824460d29f2:  45% ▕████████          ▏  19 GB/ 42 GB  119 MB/s   3m14s[K[?25h[?2026l[?2026h[?25l[A[1Gpulling manifest [K
pulling 4824460d29f2:  45% ▕████████          ▏  19 GB/ 42 GB  119 MB/s   3m14s[K[?25h[?2026l[?2026h[?25l[A[1Gpulling manifest [K
pulling 4824460d29f2:  45% ▕████████          ▏  19 GB/ 42 GB  119 MB/s   3m14s[K[?25h[?2026l[?2026h[?25l[A[1Gpulling manifest [K
pulling 4824460d29f2:  45% ▕████████          ▏  19 GB/ 42 GB  119 MB/s   3m14s[K[?25h[?2026l[?2026h[?25l[A[1Gpulling manifest [K
pulling 4824460d29f2:  45% ▕████████          ▏  19 GB/ 42 GB  119 MB/s   3m14s[K[?25h[?2026l[?2026h[?25l[A[1Gpulling manifest [K
pulling 4824460d29f2:  45% ▕████████          ▏  19 GB/ 42 GB  119 MB/s   3m14s[K[?25h[?2026l[?2026h[?25l[A[1Gpulling manifest [K
pulling 4824460d29f2:  45% ▕████████          ▏  19 GB/ 42 GB  119 MB/s   3m14s[K[?25h[?2026l[?2026h[?25l[A[1Gpulling manifest [K
pulling 4824460d29f2:  45% ▕████████          ▏  19 GB/ 42 GB  119 MB/s   3m14s[K[?25h[?2026l[?2026h[?25l[A[1Gpulling manifest [K
pulling 4824460d29f2:  45% ▕████████          ▏  19 GB/ 42 GB  119 MB/s   3m13s[K[?25h[?2026l[?2026h[?25l[A[1Gpulling manifest [K
pulling 4824460d29f2:  46% ▕████████          ▏  19 GB/ 42 GB  119 MB/s   3m13s[K[?25h[?2026l[?2026h[?25l[A[1Gpulling manifest [K
pulling 4824460d29f2:  46% ▕████████          ▏  19 GB/ 42 GB  119 MB/s   3m13s[K[?25h[?2026l[?2026h[?25l[A[1Gpulling manifest [K
pulling 4824460d29f2:  46% ▕████████          ▏  19 GB/ 42 GB  119 MB/s   3m13s[K[?25h[?2026l[?2026h[?25l[A[1Gpulling manifest [K
pulling 4824460d29f2:  46% ▕████████          ▏  19 GB/ 42 GB  119 MB/s   3m13s[K[?25h[?2026l[?2026h[?25l[A[1Gpulling manifest [K
pulling 4824460d29f2:  46% ▕████████          ▏  19 GB/ 42 GB  119 MB/s   3m13s[K[?25h[?2026l[?2026h[?25l[A[1Gpulling manifest [K
pulling 4824460d29f2:  46% ▕████████          ▏  19 GB/ 42 GB  119 MB/s   3m13s[K[?25h[?2026l[?2026h[?25l[A[1Gpulling manifest [K
pulling 4824460d29f2:  46% ▕████████          ▏  19 GB/ 42 GB  119 MB/s   3m13s[K[?25h[?2026l[?2026h[?25l[A[1Gpulling manifest [K
pulling 4824460d29f2:  46% ▕████████          ▏  19 GB/ 42 GB  119 MB/s   3m13s[K[?25h[?2026l[?2026h[?25l[A[1Gpulling manifest [K
pulling 4824460d29f2:  46% ▕████████          ▏  19 GB/ 42 GB  119 MB/s   3m12s[K[?25h[?2026l[?2026h[?25l[A[1Gpulling manifest [K
pulling 4824460d29f2:  46% ▕████████          ▏  19 GB/ 42 GB  119 MB/s   3m13s[K[?25h[?2026l[?2026h[?25l[A[1Gpulling manifest [K
pulling 4824460d29f2:  46% ▕████████          ▏  19 GB/ 42 GB  119 MB/s   3m13s[K[?25h[?2026l[?2026h[?25l[A[1Gpulling manifest [K
pulling 4824460d29f2:  46% ▕████████          ▏  19 GB/ 42 GB  119 MB/s   3m13s[K[?25h[?2026l[?2026h[?25l[A[1Gpulling manifest [K
pulling 4824460d29f2:  46% ▕████████          ▏  19 GB/ 42 GB  119 MB/s   3m12s[K[?25h[?2026l[?2026h[?25l[A[1Gpulling manifest [K
pulling 4824460d29f2:  46% ▕████████          ▏  19 GB/ 42 GB  119 MB/s   3m12s[K[?25h[?2026l[?2026h[?25l[A[1Gpulling manifest [K
pulling 4824460d29f2:  46% ▕████████          ▏  19 GB/ 42 GB  119 MB/s   3m12s[K[?25h[?2026l[?2026h[?25l[A[1Gpulling manifest [K
pulling 4824460d29f2:  46% ▕████████          ▏  19 GB/ 42 GB  119 MB/s   3m12s[K[?25h[?2026l[?2026h[?25l[A[1Gpulling manifest [K
pulling 4824460d29f2:  46% ▕████████          ▏  19 GB/ 42 GB  119 MB/s   3m12s[K[?25h[?2026l[?2026h[?25l[A[1Gpulling manifest [K
pulling 4824460d29f2:  46% ▕████████          ▏  19 GB/ 42 GB  119 MB/s   3m12s[K[?25h[?2026l[?2026h[?25l[A[1Gpulling manifest [K
pulling 4824460d29f2:  46% ▕████████          ▏  19 GB/ 42 GB  119 MB/s   3m12s[K[?25h[?2026l[?2026h[?25l[A[1Gpulling manifest [K
pulling 4824460d29f2:  46% ▕████████          ▏  19 GB/ 42 GB  119 MB/s   3m12s[K[?25h[?2026l[?2026h[?25l[A[1Gpulling manifest [K
pulling 4824460d29f2:  46% ▕████████          ▏  19 GB/ 42 GB  119 MB/s   3m12s[K[?25h[?2026l[?2026h[?25l[A[1Gpulling manifest [K
pulling 4824460d29f2:  46% ▕████████          ▏  19 GB/ 42 GB  119 MB/s   3m11s[K[?25h[?2026l[?2026h[?25l[A[1Gpulling manifest [K
pulling 4824460d29f2:  46% ▕████████          ▏  19 GB/ 42 GB  119 MB/s   3m11s[K[?25h[?2026l[?2026h[?25l[A[1Gpulling manifest [K
pulling 4824460d29f2:  46% ▕████████          ▏  19 GB/ 42 GB  119 MB/s   3m11s[K[?25h[?2026l[?2026h[?25l[A[1Gpulling manifest [K
pulling 4824460d29f2:  46% ▕████████          ▏  19 GB/ 42 GB  119 MB/s   3m11s[K[?25h[?2026l[?2026h[?25l[A[1Gpulling manifest [K
pulling 4824460d29f2:  46% ▕████████          ▏  19 GB/ 42 GB  119 MB/s   3m11s[K[?25h[?2026l[?2026h[?25l[A[1Gpulling manifest [K
pulling 4824460d29f2:  46% ▕████████          ▏  19 GB/ 42 GB  119 MB/s   3m11s[K[?25h[?2026l[?2026h[?25l[A[1Gpulling manifest [K
pulling 4824460d29f2:  46% ▕████████          ▏  19 GB/ 42 GB  119 MB/s   3m11s[K[?25h[?2026l[?2026h[?25l[A[1Gpulling manifest [K
pulling 4824460d29f2:  46% ▕████████          ▏  19 GB/ 42 GB  119 MB/s   3m11s[K[?25h[?2026l[?2026h[?25l[A[1Gpulling manifest [K
pulling 4824460d29f2:  46% ▕████████          ▏  19 GB/ 42 GB  119 MB/s   3m11s[K[?25h[?2026l[?2026h[?25l[A[1Gpulling manifest [K
pulling 4824460d29f2:  46% ▕████████          ▏  19 GB/ 42 GB  119 MB/s   3m11s[K[?25h[?2026l[?2026h[?25l[A[1Gpulling manifest [K
pulling 4824460d29f2:  46% ▕████████          ▏  19 GB/ 42 GB  119 MB/s   3m11s[K[?25h[?2026l[?2026h[?25l[A[1Gpulling manifest [K
pulling 4824460d29f2:  46% ▕████████          ▏  19 GB/ 42 GB  119 MB/s   3m10s[K[?25h[?2026l[?2026h[?25l[A[1Gpulling manifest [K
pulling 4824460d29f2:  46% ▕████████          ▏  19 GB/ 42 GB  119 MB/s   3m10s[K[?25h[?2026l[?2026h[?25l[A[1Gpulling manifest [K
pulling 4824460d29f2:  46% ▕████████          ▏  19 GB/ 42 GB  119 MB/s   3m10s[K[?25h[?2026l[?2026h[?25l[A[1Gpulling manifest [K
pulling 4824460d29f2:  46% ▕████████          ▏  19 GB/ 42 GB  119 MB/s   3m10s[K[?25h[?2026l[?2026h[?25l[A[1Gpulling manifest [K
pulling 4824460d29f2:  46% ▕████████          ▏  19 GB/ 42 GB  119 MB/s   3m10s[K[?25h[?2026l[?2026h[?25l[A[1Gpulling manifest [K
pulling 4824460d29f2:  47% ▕████████          ▏  19 GB/ 42 GB  119 MB/s   3m10s[K[?25h[?2026l[?2026h[?25l[A[1Gpulling manifest [K
pulling 4824460d29f2:  47% ▕████████          ▏  19 GB/ 42 GB  119 MB/s   3m10s[K[?25h[?2026l[?2026h[?25l[A[1Gpulling manifest [K
pulling 4824460d29f2:  47% ▕████████          ▏  19 GB/ 42 GB  119 MB/s   3m10s[K[?25h[?2026l[?2026h[?25l[A[1Gpulling manifest [K
pulling 4824460d29f2:  47% ▕████████          ▏  19 GB/ 42 GB  119 MB/s    3m9s[K[?25h[?2026l[?2026h[?25l[A[1Gpulling manifest [K
pulling 4824460d29f2:  47% ▕████████          ▏  19 GB/ 42 GB  119 MB/s    3m9s[K[?25h[?2026l[?2026h[?25l[A[1Gpulling manifest [K
pulling 4824460d29f2:  47% ▕████████          ▏  19 GB/ 42 GB  119 MB/s    3m9s[K[?25h[?2026l[?2026h[?25l[A[1Gpulling manifest [K
pulling 4824460d29f2:  47% ▕████████          ▏  19 GB/ 42 GB  119 MB/s    3m9s[K[?25h[?2026l[?2026h[?25l[A[1Gpulling manifest [K
pulling 4824460d29f2:  47% ▕████████          ▏  19 GB/ 42 GB  119 MB/s    3m9s[K[?25h[?2026l[?2026h[?25l[A[1Gpulling manifest [K
pulling 4824460d29f2:  47% ▕████████          ▏  19 GB/ 42 GB  119 MB/s    3m9s[K[?25h[?2026l[?2026h[?25l[A[1Gpulling manifest [K
pulling 4824460d29f2:  47% ▕████████          ▏  19 GB/ 42 GB  119 MB/s    3m9s[K[?25h[?2026l[?2026h[?25l[A[1Gpulling manifest [K
pulling 4824460d29f2:  47% ▕████████          ▏  19 GB/ 42 GB  119 MB/s    3m9s[K[?25h[?2026l[?2026h[?25l[A[1Gpulling manifest [K
pulling 4824460d29f2:  47% ▕████████          ▏  19 GB/ 42 GB  119 MB/s    3m9s[K[?25h[?2026l[?2026h[?25l[A[1Gpulling manifest [K
pulling 4824460d29f2:  47% ▕████████          ▏  19 GB/ 42 GB  119 MB/s    3m9s[K[?25h[?2026l[?2026h[?25l[A[1Gpulling manifest [K
pulling 4824460d29f2:  47% ▕████████          ▏  19 GB/ 42 GB  119 MB/s    3m8s[K[?25h[?2026l[?2026h[?25l[A[1Gpulling manifest [K
pulling 4824460d29f2:  47% ▕████████          ▏  19 GB/ 42 GB  119 MB/s    3m8s[K[?25h[?2026l[?2026h[?25l[A[1Gpulling manifest [K
pulling 4824460d29f2:  47% ▕████████          ▏  19 GB/ 42 GB  119 MB/s    3m8s[K[?25h[?2026l[?2026h[?25l[A[1Gpulling manifest [K
pulling 4824460d29f2:  47% ▕████████          ▏  19 GB/ 42 GB  119 MB/s    3m8s[K[?25h[?2026l[?2026h[?25l[A[1Gpulling manifest [K
pulling 4824460d29f2:  47% ▕████████          ▏  19 GB/ 42 GB  119 MB/s    3m8s[K[?25h[?2026l[?2026h[?25l[A[1Gpulling manifest [K
pulling 4824460d29f2:  47% ▕████████          ▏  19 GB/ 42 GB  119 MB/s    3m8s[K[?25h[?2026l[?2026h[?25l[A[1Gpulling manifest [K
pulling 4824460d29f2:  47% ▕████████          ▏  20 GB/ 42 GB  119 MB/s    3m8s[K[?25h[?2026l[?2026h[?25l[A[1Gpulling manifest [K
pulling 4824460d29f2:  47% ▕████████          ▏  20 GB/ 42 GB  119 MB/s    3m8s[K[?25h[?2026l[?2026h[?25l[A[1Gpulling manifest [K
pulling 4824460d29f2:  47% ▕████████          ▏  20 GB/ 42 GB  119 MB/s    3m8s[K[?25h[?2026l[?2026h[?25l[A[1Gpulling manifest [K
pulling 4824460d29f2:  47% ▕████████          ▏  20 GB/ 42 GB  119 MB/s    3m8s[K[?25h[?2026l[?2026h[?25l[A[1Gpulling manifest [K
pulling 4824460d29f2:  47% ▕████████          ▏  20 GB/ 42 GB  119 MB/s    3m7s[K[?25h[?2026l[?2026h[?25l[A[1Gpulling manifest [K
pulling 4824460d29f2:  47% ▕████████          ▏  20 GB/ 42 GB  119 MB/s    3m7s[K[?25h[?2026l[?2026h[?25l[A[1Gpulling manifest [K
pulling 4824460d29f2:  47% ▕████████          ▏  20 GB/ 42 GB  119 MB/s    3m7s[K[?25h[?2026l[?2026h[?25l[A[1Gpulling manifest [K
pulling 4824460d29f2:  47% ▕████████          ▏  20 GB/ 42 GB  119 MB/s    3m7s[K[?25h[?2026l[?2026h[?25l[A[1Gpulling manifest [K
pulling 4824460d29f2:  47% ▕████████          ▏  20 GB/ 42 GB  119 MB/s    3m7s[K[?25h[?2026l[?2026h[?25l[A[1Gpulling manifest [K
pulling 4824460d29f2:  47% ▕████████          ▏  20 GB/ 42 GB  119 MB/s    3m7s[K[?25h[?2026l[?2026h[?25l[A[1Gpulling manifest [K
pulling 4824460d29f2:  47% ▕████████          ▏  20 GB/ 42 GB  119 MB/s    3m7s[K[?25h[?2026l[?2026h[?25l[A[1Gpulling manifest [K
pulling 4824460d29f2:  47% ▕████████          ▏  20 GB/ 42 GB  119 MB/s    3m7s[K[?25h[?2026l[?2026h[?25l[A[1Gpulling manifest [K
pulling 4824460d29f2:  47% ▕████████          ▏  20 GB/ 42 GB  119 MB/s    3m7s[K[?25h[?2026l[?2026h[?25l[A[1Gpulling manifest [K
pulling 4824460d29f2:  47% ▕████████          ▏  20 GB/ 42 GB  119 MB/s    3m7s[K[?25h[?2026l[?2026h[?25l[A[1Gpulling manifest [K
pulling 4824460d29f2:  47% ▕████████          ▏  20 GB/ 42 GB  119 MB/s    3m7s[K[?25h[?2026l[?2026h[?25l[A[1Gpulling manifest [K
pulling 4824460d29f2:  47% ▕████████          ▏  20 GB/ 42 GB  119 MB/s    3m6s[K[?25h[?2026l[?2026h[?25l[A[1Gpulling manifest [K
pulling 4824460d29f2:  47% ▕████████          ▏  20 GB/ 42 GB  119 MB/s    3m6s[K[?25h[?2026l[?2026h[?25l[A[1Gpulling manifest [K
pulling 4824460d29f2:  48% ▕████████          ▏  20 GB/ 42 GB  119 MB/s    3m6s[K[?25h[?2026l[?2026h[?25l[A[1Gpulling manifest [K
pulling 4824460d29f2:  48% ▕████████          ▏  20 GB/ 42 GB  119 MB/s    3m6s[K[?25h[?2026l[?2026h[?25l[A[1Gpulling manifest [K
pulling 4824460d29f2:  48% ▕████████          ▏  20 GB/ 42 GB  119 MB/s    3m6s[K[?25h[?2026l[?2026h[?25l[A[1Gpulling manifest [K
pulling 4824460d29f2:  48% ▕████████          ▏  20 GB/ 42 GB  119 MB/s    3m6s[K[?25h[?2026l[?2026h[?25l[A[1Gpulling manifest [K
pulling 4824460d29f2:  48% ▕████████          ▏  20 GB/ 42 GB  119 MB/s    3m6s[K[?25h[?2026l[?2026h[?25l[A[1Gpulling manifest [K
pulling 4824460d29f2:  48% ▕████████          ▏  20 GB/ 42 GB  119 MB/s    3m6s[K[?25h[?2026l[?2026h[?25l[A[1Gpulling manifest [K
pulling 4824460d29f2:  48% ▕████████          ▏  20 GB/ 42 GB  119 MB/s    3m6s[K[?25h[?2026l[?2026h[?25l[A[1Gpulling manifest [K
pulling 4824460d29f2:  48% ▕████████          ▏  20 GB/ 42 GB  119 MB/s    3m5s[K[?25h[?2026l[?2026h[?25l[A[1Gpulling manifest [K
pulling 4824460d29f2:  48% ▕████████          ▏  20 GB/ 42 GB  119 MB/s    3m6s[K[?25h[?2026l[?2026h[?25l[A[1Gpulling manifest [K
pulling 4824460d29f2:  48% ▕████████          ▏  20 GB/ 42 GB  119 MB/s    3m6s[K[?25h[?2026l[?2026h[?25l[A[1Gpulling manifest [K
pulling 4824460d29f2:  48% ▕████████          ▏  20 GB/ 42 GB  119 MB/s    3m6s[K[?25h[?2026l[?2026h[?25l[A[1Gpulling manifest [K
pulling 4824460d29f2:  48% ▕████████          ▏  20 GB/ 42 GB  119 MB/s    3m6s[K[?25h[?2026l[?2026h[?25l[A[1Gpulling manifest [K
pulling 4824460d29f2:  48% ▕████████          ▏  20 GB/ 42 GB  119 MB/s    3m5s[K[?25h[?2026l[?2026h[?25l[A[1Gpulling manifest [K
pulling 4824460d29f2:  48% ▕████████          ▏  20 GB/ 42 GB  119 MB/s    3m5s[K[?25h[?2026l[?2026h[?25l[A[1Gpulling manifest [K
pulling 4824460d29f2:  48% ▕████████          ▏  20 GB/ 42 GB  119 MB/s    3m5s[K[?25h[?2026l[?2026h[?25l[A[1Gpulling manifest [K
pulling 4824460d29f2:  48% ▕████████          ▏  20 GB/ 42 GB  119 MB/s    3m5s[K[?25h[?2026l[?2026h[?25l[A[1Gpulling manifest [K
pulling 4824460d29f2:  48% ▕████████          ▏  20 GB/ 42 GB  119 MB/s    3m5s[K[?25h[?2026l[?2026h[?25l[A[1Gpulling manifest [K
pulling 4824460d29f2:  48% ▕████████          ▏  20 GB/ 42 GB  119 MB/s    3m5s[K[?25h[?2026l[?2026h[?25l[A[1Gpulling manifest [K
pulling 4824460d29f2:  48% ▕████████          ▏  20 GB/ 42 GB  119 MB/s    3m4s[K[?25h[?2026l[?2026h[?25l[A[1Gpulling manifest [K
pulling 4824460d29f2:  48% ▕████████          ▏  20 GB/ 42 GB  119 MB/s    3m4s[K[?25h[?2026l[?2026h[?25l[A[1Gpulling manifest [K
pulling 4824460d29f2:  48% ▕████████          ▏  20 GB/ 42 GB  119 MB/s    3m4s[K[?25h[?2026l[?2026h[?25l[A[1Gpulling manifest [K
pulling 4824460d29f2:  48% ▕████████          ▏  20 GB/ 42 GB  119 MB/s    3m4s[K[?25h[?2026l[?2026h[?25l[A[1Gpulling manifest [K
pulling 4824460d29f2:  48% ▕████████          ▏  20 GB/ 42 GB  119 MB/s    3m4s[K[?25h[?2026l[?2026h[?25l[A[1Gpulling manifest [K
pulling 4824460d29f2:  48% ▕████████          ▏  20 GB/ 42 GB  119 MB/s    3m4s[K[?25h[?2026l[?2026h[?25l[A[1Gpulling manifest [K
pulling 4824460d29f2:  48% ▕████████          ▏  20 GB/ 42 GB  119 MB/s    3m4s[K[?25h[?2026l[?2026h[?25l[A[1Gpulling manifest [K
pulling 4824460d29f2:  48% ▕████████          ▏  20 GB/ 42 GB  119 MB/s    3m4s[K[?25h[?2026l[?2026h[?25l[A[1Gpulling manifest [K
pulling 4824460d29f2:  48% ▕████████          ▏  20 GB/ 42 GB  119 MB/s    3m4s[K[?25h[?2026l[?2026h[?25l[A[1Gpulling manifest [K
pulling 4824460d29f2:  48% ▕████████          ▏  20 GB/ 42 GB  119 MB/s    3m4s[K[?25h[?2026l[?2026h[?25l[A[1Gpulling manifest [K
pulling 4824460d29f2:  48% ▕████████          ▏  20 GB/ 42 GB  119 MB/s    3m4s[K[?25h[?2026l[?2026h[?25l[A[1Gpulling manifest [K
pulling 4824460d29f2:  48% ▕████████          ▏  20 GB/ 42 GB  119 MB/s    3m4s[K[?25h[?2026l[?2026h[?25l[A[1Gpulling manifest [K
pulling 4824460d29f2:  48% ▕████████          ▏  20 GB/ 42 GB  119 MB/s    3m3s[K[?25h[?2026l[?2026h[?25l[A[1Gpulling manifest [K
pulling 4824460d29f2:  48% ▕████████          ▏  20 GB/ 42 GB  119 MB/s    3m3s[K[?25h[?2026l[?2026h[?25l[A[1Gpulling manifest [K
pulling 4824460d29f2:  48% ▕████████          ▏  20 GB/ 42 GB  119 MB/s    3m3s[K[?25h[?2026l[?2026h[?25l[A[1Gpulling manifest [K
pulling 4824460d29f2:  48% ▕████████          ▏  20 GB/ 42 GB  119 MB/s    3m3s[K[?25h[?2026l[?2026h[?25l[A[1Gpulling manifest [K
pulling 4824460d29f2:  48% ▕████████          ▏  20 GB/ 42 GB  119 MB/s    3m3s[K[?25h[?2026l[?2026h[?25l[A[1Gpulling manifest [K
pulling 4824460d29f2:  48% ▕████████          ▏  20 GB/ 42 GB  119 MB/s    3m3s[K[?25h[?2026l[?2026h[?25l[A[1Gpulling manifest [K
pulling 4824460d29f2:  48% ▕████████          ▏  20 GB/ 42 GB  119 MB/s    3m3s[K[?25h[?2026l[?2026h[?25l[A[1Gpulling manifest [K
pulling 4824460d29f2:  49% ▕████████          ▏  20 GB/ 42 GB  119 MB/s    3m3s[K[?25h[?2026l[?2026h[?25l[A[1Gpulling manifest [K
pulling 4824460d29f2:  49% ▕████████          ▏  20 GB/ 42 GB  119 MB/s    3m3s[K[?25h[?2026l[?2026h[?25l[A[1Gpulling manifest [K
pulling 4824460d29f2:  49% ▕████████          ▏  20 GB/ 42 GB  119 MB/s    3m3s[K[?25h[?2026l[?2026h[?25l[A[1Gpulling manifest [K
pulling 4824460d29f2:  49% ▕████████          ▏  20 GB/ 42 GB  119 MB/s    3m3s[K[?25h[?2026l[?2026h[?25l[A[1Gpulling manifest [K
pulling 4824460d29f2:  49% ▕████████          ▏  20 GB/ 42 GB  119 MB/s    3m3s[K[?25h[?2026l[?2026h[?25l[A[1Gpulling manifest [K
pulling 4824460d29f2:  49% ▕████████          ▏  20 GB/ 42 GB  119 MB/s    3m2s[K[?25h[?2026l[?2026h[?25l[A[1Gpulling manifest [K
pulling 4824460d29f2:  49% ▕████████          ▏  20 GB/ 42 GB  119 MB/s    3m2s[K[?25h[?2026l[?2026h[?25l[A[1Gpulling manifest [K
pulling 4824460d29f2:  49% ▕████████          ▏  20 GB/ 42 GB  119 MB/s    3m2s[K[?25h[?2026l[?2026h[?25l[A[1Gpulling manifest [K
pulling 4824460d29f2:  49% ▕████████          ▏  20 GB/ 42 GB  119 MB/s    3m2s[K[?25h[?2026l[?2026h[?25l[A[1Gpulling manifest [K
pulling 4824460d29f2:  49% ▕████████          ▏  20 GB/ 42 GB  119 MB/s    3m2s[K[?25h[?2026l[?2026h[?25l[A[1Gpulling manifest [K
pulling 4824460d29f2:  49% ▕████████          ▏  20 GB/ 42 GB  119 MB/s    3m2s[K[?25h[?2026l[?2026h[?25l[A[1Gpulling manifest [K
pulling 4824460d29f2:  49% ▕████████          ▏  20 GB/ 42 GB  119 MB/s    3m2s[K[?25h[?2026l[?2026h[?25l[A[1Gpulling manifest [K
pulling 4824460d29f2:  49% ▕████████          ▏  20 GB/ 42 GB  119 MB/s    3m1s[K[?25h[?2026l[?2026h[?25l[A[1Gpulling manifest [K
pulling 4824460d29f2:  49% ▕████████          ▏  20 GB/ 42 GB  119 MB/s    3m1s[K[?25h[?2026l[?2026h[?25l[A[1Gpulling manifest [K
pulling 4824460d29f2:  49% ▕████████          ▏  20 GB/ 42 GB  119 MB/s    3m1s[K[?25h[?2026l[?2026h[?25l[A[1Gpulling manifest [K
pulling 4824460d29f2:  49% ▕████████          ▏  20 GB/ 42 GB  119 MB/s    3m1s[K[?25h[?2026l[?2026h[?25l[A[1Gpulling manifest [K
pulling 4824460d29f2:  49% ▕████████          ▏  20 GB/ 42 GB  119 MB/s    3m1s[K[?25h[?2026l[?2026h[?25l[A[1Gpulling manifest [K
pulling 4824460d29f2:  49% ▕████████          ▏  20 GB/ 42 GB  119 MB/s    3m1s[K[?25h[?2026l[?2026h[?25l[A[1Gpulling manifest [K
pulling 4824460d29f2:  49% ▕████████          ▏  20 GB/ 42 GB  119 MB/s    3m1s[K[?25h[?2026l[?2026h[?25l[A[1Gpulling manifest [K
pulling 4824460d29f2:  49% ▕████████          ▏  20 GB/ 42 GB  119 MB/s    3m1s[K[?25h[?2026l[?2026h[?25l[A[1Gpulling manifest [K
pulling 4824460d29f2:  49% ▕████████          ▏  20 GB/ 42 GB  119 MB/s    3m1s[K[?25h[?2026l[?2026h[?25l[A[1Gpulling manifest [K
pulling 4824460d29f2:  49% ▕████████          ▏  20 GB/ 42 GB  119 MB/s    3m1s[K[?25h[?2026l[?2026h[?25l[A[1Gpulling manifest [K
pulling 4824460d29f2:  49% ▕████████          ▏  20 GB/ 42 GB  119 MB/s    3m1s[K[?25h[?2026l[?2026h[?25l[A[1Gpulling manifest [K
pulling 4824460d29f2:  49% ▕████████          ▏  20 GB/ 42 GB  119 MB/s    3m1s[K[?25h[?2026l[?2026h[?25l[A[1Gpulling manifest [K
pulling 4824460d29f2:  49% ▕████████          ▏  20 GB/ 42 GB  119 MB/s    3m1s[K[?25h[?2026l[?2026h[?25l[A[1Gpulling manifest [K
pulling 4824460d29f2:  49% ▕████████          ▏  20 GB/ 42 GB  119 MB/s    3m1s[K[?25h[?2026l[?2026h[?25l[A[1Gpulling manifest [K
pulling 4824460d29f2:  49% ▕████████          ▏  20 GB/ 42 GB  119 MB/s    3m1s[K[?25h[?2026l[?2026h[?25l[A[1Gpulling manifest [K
pulling 4824460d29f2:  49% ▕████████          ▏  20 GB/ 42 GB  119 MB/s    3m1s[K[?25h[?2026l[?2026h[?25l[A[1Gpulling manifest [K
pulling 4824460d29f2:  49% ▕████████          ▏  20 GB/ 42 GB  119 MB/s    3m0s[K[?25h[?2026l[?2026h[?25l[A[1Gpulling manifest [K
pulling 4824460d29f2:  49% ▕████████          ▏  20 GB/ 42 GB  119 MB/s    3m0s[K[?25h[?2026l[?2026h[?25l[A[1Gpulling manifest [K
pulling 4824460d29f2:  49% ▕████████          ▏  20 GB/ 42 GB  119 MB/s    3m0s[K[?25h[?2026l[?2026h[?25l[A[1Gpulling manifest [K
pulling 4824460d29f2:  49% ▕████████          ▏  20 GB/ 42 GB  119 MB/s    3m0s[K[?25h[?2026l[?2026h[?25l[A[1Gpulling manifest [K
pulling 4824460d29f2:  49% ▕████████          ▏  21 GB/ 42 GB  119 MB/s    3m0s[K[?25h[?2026l[?2026h[?25l[A[1Gpulling manifest [K
pulling 4824460d29f2:  49% ▕████████          ▏  21 GB/ 42 GB  119 MB/s    3m0s[K[?25h[?2026l[?2026h[?25l[A[1Gpulling manifest [K
pulling 4824460d29f2:  49% ▕████████          ▏  21 GB/ 42 GB  119 MB/s    3m0s[K[?25h[?2026l[?2026h[?25l[A[1Gpulling manifest [K
pulling 4824460d29f2:  49% ▕████████          ▏  21 GB/ 42 GB  119 MB/s   2m59s[K[?25h[?2026l[?2026h[?25l[A[1Gpulling manifest [K
pulling 4824460d29f2:  50% ▕████████          ▏  21 GB/ 42 GB  119 MB/s   2m59s[K[?25h[?2026l[?2026h[?25l[A[1Gpulling manifest [K
pulling 4824460d29f2:  50% ▕████████          ▏  21 GB/ 42 GB  119 MB/s   2m59s[K[?25h[?2026l[?2026h[?25l[A[1Gpulling manifest [K
pulling 4824460d29f2:  50% ▕████████          ▏  21 GB/ 42 GB  119 MB/s   2m59s[K[?25h[?2026l[?2026h[?25l[A[1Gpulling manifest [K
pulling 4824460d29f2:  50% ▕████████          ▏  21 GB/ 42 GB  119 MB/s   2m59s[K[?25h[?2026l[?2026h[?25l[A[1Gpulling manifest [K
pulling 4824460d29f2:  50% ▕████████          ▏  21 GB/ 42 GB  119 MB/s   2m59s[K[?25h[?2026l[?2026h[?25l[A[1Gpulling manifest [K
pulling 4824460d29f2:  50% ▕████████          ▏  21 GB/ 42 GB  119 MB/s   2m59s[K[?25h[?2026l[?2026h[?25l[A[1Gpulling manifest [K
pulling 4824460d29f2:  50% ▕████████          ▏  21 GB/ 42 GB  119 MB/s   2m59s[K[?25h[?2026l[?2026h[?25l[A[1Gpulling manifest [K
pulling 4824460d29f2:  50% ▕████████          ▏  21 GB/ 42 GB  119 MB/s   2m59s[K[?25h[?2026l[?2026h[?25l[A[1Gpulling manifest [K
pulling 4824460d29f2:  50% ▕████████          ▏  21 GB/ 42 GB  119 MB/s   2m59s[K[?25h[?2026l[?2026h[?25l[A[1Gpulling manifest [K
pulling 4824460d29f2:  50% ▕████████          ▏  21 GB/ 42 GB  119 MB/s   2m59s[K[?25h[?2026l[?2026h[?25l[A[1Gpulling manifest [K
pulling 4824460d29f2:  50% ▕████████          ▏  21 GB/ 42 GB  119 MB/s   2m58s[K[?25h[?2026l[?2026h[?25l[A[1Gpulling manifest [K
pulling 4824460d29f2:  50% ▕████████          ▏  21 GB/ 42 GB  119 MB/s   2m58s[K[?25h[?2026l[?2026h[?25l[A[1Gpulling manifest [K
pulling 4824460d29f2:  50% ▕████████          ▏  21 GB/ 42 GB  119 MB/s   2m58s[K[?25h[?2026l[?2026h[?25l[A[1Gpulling manifest [K
pulling 4824460d29f2:  50% ▕████████          ▏  21 GB/ 42 GB  119 MB/s   2m58s[K[?25h[?2026l[?2026h[?25l[A[1Gpulling manifest [K
pulling 4824460d29f2:  50% ▕████████          ▏  21 GB/ 42 GB  119 MB/s   2m58s[K[?25h[?2026l[?2026h[?25l[A[1Gpulling manifest [K
pulling 4824460d29f2:  50% ▕████████          ▏  21 GB/ 42 GB  119 MB/s   2m58s[K[?25h[?2026l[?2026h[?25l[A[1Gpulling manifest [K
pulling 4824460d29f2:  50% ▕████████          ▏  21 GB/ 42 GB  119 MB/s   2m58s[K[?25h[?2026l[?2026h[?25l[A[1Gpulling manifest [K
pulling 4824460d29f2:  50% ▕████████          ▏  21 GB/ 42 GB  119 MB/s   2m58s[K[?25h[?2026l[?2026h[?25l[A[1Gpulling manifest [K
pulling 4824460d29f2:  50% ▕█████████         ▏  21 GB/ 42 GB  119 MB/s   2m57s[K[?25h[?2026l[?2026h[?25l[A[1Gpulling manifest [K
pulling 4824460d29f2:  50% ▕█████████         ▏  21 GB/ 42 GB  119 MB/s   2m57s[K[?25h[?2026l[?2026h[?25l[A[1Gpulling manifest [K
pulling 4824460d29f2:  50% ▕█████████         ▏  21 GB/ 42 GB  119 MB/s   2m57s[K[?25h[?2026l[?2026h[?25l[A[1Gpulling manifest [K
pulling 4824460d29f2:  50% ▕█████████         ▏  21 GB/ 42 GB  119 MB/s   2m57s[K[?25h[?2026l[?2026h[?25l[A[1Gpulling manifest [K
pulling 4824460d29f2:  50% ▕█████████         ▏  21 GB/ 42 GB  119 MB/s   2m57s[K[?25h[?2026l[?2026h[?25l[A[1Gpulling manifest [K
pulling 4824460d29f2:  50% ▕█████████         ▏  21 GB/ 42 GB  119 MB/s   2m57s[K[?25h[?2026l[?2026h[?25l[A[1Gpulling manifest [K
pulling 4824460d29f2:  50% ▕█████████         ▏  21 GB/ 42 GB  119 MB/s   2m57s[K[?25h[?2026l[?2026h[?25l[A[1Gpulling manifest [K
pulling 4824460d29f2:  50% ▕█████████         ▏  21 GB/ 42 GB  119 MB/s   2m57s[K[?25h[?2026l[?2026h[?25l[A[1Gpulling manifest [K
pulling 4824460d29f2:  50% ▕█████████         ▏  21 GB/ 42 GB  119 MB/s   2m57s[K[?25h[?2026l[?2026h[?25l[A[1Gpulling manifest [K
pulling 4824460d29f2:  50% ▕█████████         ▏  21 GB/ 42 GB  119 MB/s   2m56s[K[?25h[?2026l[?2026h[?25l[A[1Gpulling manifest [K
pulling 4824460d29f2:  50% ▕█████████         ▏  21 GB/ 42 GB  119 MB/s   2m56s[K[?25h[?2026l[?2026h[?25l[A[1Gpulling manifest [K
pulling 4824460d29f2:  50% ▕█████████         ▏  21 GB/ 42 GB  119 MB/s   2m56s[K[?25h[?2026l[?2026h[?25l[A[1Gpulling manifest [K
pulling 4824460d29f2:  50% ▕█████████         ▏  21 GB/ 42 GB  119 MB/s   2m56s[K[?25h[?2026l[?2026h[?25l[A[1Gpulling manifest [K
pulling 4824460d29f2:  50% ▕█████████         ▏  21 GB/ 42 GB  119 MB/s   2m56s[K[?25h[?2026l[?2026h[?25l[A[1Gpulling manifest [K
pulling 4824460d29f2:  50% ▕█████████         ▏  21 GB/ 42 GB  119 MB/s   2m56s[K[?25h[?2026l[?2026h[?25l[A[1Gpulling manifest [K
pulling 4824460d29f2:  50% ▕█████████         ▏  21 GB/ 42 GB  119 MB/s   2m56s[K[?25h[?2026l[?2026h[?25l[A[1Gpulling manifest [K
pulling 4824460d29f2:  50% ▕█████████         ▏  21 GB/ 42 GB  119 MB/s   2m56s[K[?25h[?2026l[?2026h[?25l[A[1Gpulling manifest [K
pulling 4824460d29f2:  50% ▕█████████         ▏  21 GB/ 42 GB  119 MB/s   2m56s[K[?25h[?2026l[?2026h[?25l[A[1Gpulling manifest [K
pulling 4824460d29f2:  51% ▕█████████         ▏  21 GB/ 42 GB  119 MB/s   2m56s[K[?25h[?2026l[?2026h[?25l[A[1Gpulling manifest [K
pulling 4824460d29f2:  51% ▕█████████         ▏  21 GB/ 42 GB  119 MB/s   2m56s[K[?25h[?2026l[?2026h[?25l[A[1Gpulling manifest [K
pulling 4824460d29f2:  51% ▕█████████         ▏  21 GB/ 42 GB  119 MB/s   2m56s[K[?25h[?2026l[?2026h[?25l[A[1Gpulling manifest [K
pulling 4824460d29f2:  51% ▕█████████         ▏  21 GB/ 42 GB  119 MB/s   2m56s[K[?25h[?2026l[?2026h[?25l[A[1Gpulling manifest [K
pulling 4824460d29f2:  51% ▕█████████         ▏  21 GB/ 42 GB  119 MB/s   2m56s[K[?25h[?2026l[?2026h[?25l[A[1Gpulling manifest [K
pulling 4824460d29f2:  51% ▕█████████         ▏  21 GB/ 42 GB  119 MB/s   2m56s[K[?25h[?2026l[?2026h[?25l[A[1Gpulling manifest [K
pulling 4824460d29f2:  51% ▕█████████         ▏  21 GB/ 42 GB  119 MB/s   2m55s[K[?25h[?2026l[?2026h[?25l[A[1Gpulling manifest [K
pulling 4824460d29f2:  51% ▕█████████         ▏  21 GB/ 42 GB  119 MB/s   2m55s[K[?25h[?2026l[?2026h[?25l[A[1Gpulling manifest [K
pulling 4824460d29f2:  51% ▕█████████         ▏  21 GB/ 42 GB  119 MB/s   2m55s[K[?25h[?2026l[?2026h[?25l[A[1Gpulling manifest [K
pulling 4824460d29f2:  51% ▕█████████         ▏  21 GB/ 42 GB  119 MB/s   2m55s[K[?25h[?2026l[?2026h[?25l[A[1Gpulling manifest [K
pulling 4824460d29f2:  51% ▕█████████         ▏  21 GB/ 42 GB  119 MB/s   2m55s[K[?25h[?2026l[?2026h[?25l[A[1Gpulling manifest [K
pulling 4824460d29f2:  51% ▕█████████         ▏  21 GB/ 42 GB  119 MB/s   2m54s[K[?25h[?2026l[?2026h[?25l[A[1Gpulling manifest [K
pulling 4824460d29f2:  51% ▕█████████         ▏  21 GB/ 42 GB  119 MB/s   2m54s[K[?25h[?2026l[?2026h[?25l[A[1Gpulling manifest [K
pulling 4824460d29f2:  51% ▕█████████         ▏  21 GB/ 42 GB  119 MB/s   2m54s[K[?25h[?2026l[?2026h[?25l[A[1Gpulling manifest [K
pulling 4824460d29f2:  51% ▕█████████         ▏  21 GB/ 42 GB  119 MB/s   2m54s[K[?25h[?2026l[?2026h[?25l[A[1Gpulling manifest [K
pulling 4824460d29f2:  51% ▕█████████         ▏  21 GB/ 42 GB  119 MB/s   2m54s[K[?25h[?2026l[?2026h[?25l[A[1Gpulling manifest [K
pulling 4824460d29f2:  51% ▕█████████         ▏  21 GB/ 42 GB  119 MB/s   2m54s[K[?25h[?2026l[?2026h[?25l[A[1Gpulling manifest [K
pulling 4824460d29f2:  51% ▕█████████         ▏  21 GB/ 42 GB  119 MB/s   2m54s[K[?25h[?2026l[?2026h[?25l[A[1Gpulling manifest [K
pulling 4824460d29f2:  51% ▕█████████         ▏  21 GB/ 42 GB  119 MB/s   2m54s[K[?25h[?2026l[?2026h[?25l[A[1Gpulling manifest [K
pulling 4824460d29f2:  51% ▕█████████         ▏  21 GB/ 42 GB  119 MB/s   2m53s[K[?25h[?2026l[?2026h[?25l[A[1Gpulling manifest [K
pulling 4824460d29f2:  51% ▕█████████         ▏  21 GB/ 42 GB  119 MB/s   2m53s[K[?25h[?2026l[?2026h[?25l[A[1Gpulling manifest [K
pulling 4824460d29f2:  51% ▕█████████         ▏  21 GB/ 42 GB  119 MB/s   2m53s[K[?25h[?2026l[?2026h[?25l[A[1Gpulling manifest [K
pulling 4824460d29f2:  51% ▕█████████         ▏  21 GB/ 42 GB  119 MB/s   2m53s[K[?25h[?2026l[?2026h[?25l[A[1Gpulling manifest [K
pulling 4824460d29f2:  51% ▕█████████         ▏  21 GB/ 42 GB  119 MB/s   2m53s[K[?25h[?2026l[?2026h[?25l[A[1Gpulling manifest [K
pulling 4824460d29f2:  51% ▕█████████         ▏  21 GB/ 42 GB  119 MB/s   2m53s[K[?25h[?2026l[?2026h[?25l[A[1Gpulling manifest [K
pulling 4824460d29f2:  51% ▕█████████         ▏  21 GB/ 42 GB  119 MB/s   2m53s[K[?25h[?2026l[?2026h[?25l[A[1Gpulling manifest [K
pulling 4824460d29f2:  51% ▕█████████         ▏  21 GB/ 42 GB  119 MB/s   2m53s[K[?25h[?2026l[?2026h[?25l[A[1Gpulling manifest [K
pulling 4824460d29f2:  51% ▕█████████         ▏  21 GB/ 42 GB  119 MB/s   2m53s[K[?25h[?2026l[?2026h[?25l[A[1Gpulling manifest [K
pulling 4824460d29f2:  51% ▕█████████         ▏  21 GB/ 42 GB  119 MB/s   2m52s[K[?25h[?2026l[?2026h[?25l[A[1Gpulling manifest [K
pulling 4824460d29f2:  51% ▕█████████         ▏  21 GB/ 42 GB  119 MB/s   2m52s[K[?25h[?2026l[?2026h[?25l[A[1Gpulling manifest [K
pulling 4824460d29f2:  51% ▕█████████         ▏  21 GB/ 42 GB  119 MB/s   2m52s[K[?25h[?2026l[?2026h[?25l[A[1Gpulling manifest [K
pulling 4824460d29f2:  51% ▕█████████         ▏  21 GB/ 42 GB  119 MB/s   2m53s[K[?25h[?2026l[?2026h[?25l[A[1Gpulling manifest [K
pulling 4824460d29f2:  51% ▕█████████         ▏  21 GB/ 42 GB  119 MB/s   2m53s[K[?25h[?2026l[?2026h[?25l[A[1Gpulling manifest [K
pulling 4824460d29f2:  51% ▕█████████         ▏  21 GB/ 42 GB  119 MB/s   2m52s[K[?25h[?2026l[?2026h[?25l[A[1Gpulling manifest [K
pulling 4824460d29f2:  51% ▕█████████         ▏  21 GB/ 42 GB  119 MB/s   2m52s[K[?25h[?2026l[?2026h[?25l[A[1Gpulling manifest [K
pulling 4824460d29f2:  51% ▕█████████         ▏  21 GB/ 42 GB  119 MB/s   2m52s[K[?25h[?2026l[?2026h[?25l[A[1Gpulling manifest [K
pulling 4824460d29f2:  52% ▕█████████         ▏  21 GB/ 42 GB  119 MB/s   2m52s[K[?25h[?2026l[?2026h[?25l[A[1Gpulling manifest [K
pulling 4824460d29f2:  52% ▕█████████         ▏  21 GB/ 42 GB  119 MB/s   2m52s[K[?25h[?2026l[?2026h[?25l[A[1Gpulling manifest [K
pulling 4824460d29f2:  52% ▕█████████         ▏  21 GB/ 42 GB  119 MB/s   2m52s[K[?25h[?2026l[?2026h[?25l[A[1Gpulling manifest [K
pulling 4824460d29f2:  52% ▕█████████         ▏  21 GB/ 42 GB  119 MB/s   2m52s[K[?25h[?2026l[?2026h[?25l[A[1Gpulling manifest [K
pulling 4824460d29f2:  52% ▕█████████         ▏  21 GB/ 42 GB  119 MB/s   2m52s[K[?25h[?2026l[?2026h[?25l[A[1Gpulling manifest [K
pulling 4824460d29f2:  52% ▕█████████         ▏  21 GB/ 42 GB  119 MB/s   2m52s[K[?25h[?2026l[?2026h[?25l[A[1Gpulling manifest [K
pulling 4824460d29f2:  52% ▕█████████         ▏  21 GB/ 42 GB  119 MB/s   2m51s[K[?25h[?2026l[?2026h[?25l[A[1Gpulling manifest [K
pulling 4824460d29f2:  52% ▕█████████         ▏  21 GB/ 42 GB  119 MB/s   2m51s[K[?25h[?2026l[?2026h[?25l[A[1Gpulling manifest [K
pulling 4824460d29f2:  52% ▕█████████         ▏  21 GB/ 42 GB  119 MB/s   2m51s[K[?25h[?2026l[?2026h[?25l[A[1Gpulling manifest [K
pulling 4824460d29f2:  52% ▕█████████         ▏  22 GB/ 42 GB  119 MB/s   2m51s[K[?25h[?2026l[?2026h[?25l[A[1Gpulling manifest [K
pulling 4824460d29f2:  52% ▕█████████         ▏  22 GB/ 42 GB  119 MB/s   2m51s[K[?25h[?2026l[?2026h[?25l[A[1Gpulling manifest [K
pulling 4824460d29f2:  52% ▕█████████         ▏  22 GB/ 42 GB  119 MB/s   2m51s[K[?25h[?2026l[?2026h[?25l[A[1Gpulling manifest [K
pulling 4824460d29f2:  52% ▕█████████         ▏  22 GB/ 42 GB  119 MB/s   2m51s[K[?25h[?2026l[?2026h[?25l[A[1Gpulling manifest [K
pulling 4824460d29f2:  52% ▕█████████         ▏  22 GB/ 42 GB  119 MB/s   2m50s[K[?25h[?2026l[?2026h[?25l[A[1Gpulling manifest [K
pulling 4824460d29f2:  52% ▕█████████         ▏  22 GB/ 42 GB  119 MB/s   2m50s[K[?25h[?2026l[?2026h[?25l[A[1Gpulling manifest [K
pulling 4824460d29f2:  52% ▕█████████         ▏  22 GB/ 42 GB  119 MB/s   2m50s[K[?25h[?2026l[?2026h[?25l[A[1Gpulling manifest [K
pulling 4824460d29f2:  52% ▕█████████         ▏  22 GB/ 42 GB  119 MB/s   2m50s[K[?25h[?2026l[?2026h[?25l[A[1Gpulling manifest [K
pulling 4824460d29f2:  52% ▕█████████         ▏  22 GB/ 42 GB  119 MB/s   2m50s[K[?25h[?2026l[?2026h[?25l[A[1Gpulling manifest [K
pulling 4824460d29f2:  52% ▕█████████         ▏  22 GB/ 42 GB  119 MB/s   2m50s[K[?25h[?2026l[?2026h[?25l[A[1Gpulling manifest [K
pulling 4824460d29f2:  52% ▕█████████         ▏  22 GB/ 42 GB  119 MB/s   2m50s[K[?25h[?2026l[?2026h[?25l[A[1Gpulling manifest [K
pulling 4824460d29f2:  52% ▕█████████         ▏  22 GB/ 42 GB  119 MB/s   2m50s[K[?25h[?2026l[?2026h[?25l[A[1Gpulling manifest [K
pulling 4824460d29f2:  52% ▕█████████         ▏  22 GB/ 42 GB  119 MB/s   2m50s[K[?25h[?2026l[?2026h[?25l[A[1Gpulling manifest [K
pulling 4824460d29f2:  52% ▕█████████         ▏  22 GB/ 42 GB  119 MB/s   2m50s[K[?25h[?2026l[?2026h[?25l[A[1Gpulling manifest [K
pulling 4824460d29f2:  52% ▕█████████         ▏  22 GB/ 42 GB  119 MB/s   2m50s[K[?25h[?2026l[?2026h[?25l[A[1Gpulling manifest [K
pulling 4824460d29f2:  52% ▕█████████         ▏  22 GB/ 42 GB  119 MB/s   2m50s[K[?25h[?2026l[?2026h[?25l[A[1Gpulling manifest [K
pulling 4824460d29f2:  52% ▕█████████         ▏  22 GB/ 42 GB  119 MB/s   2m50s[K[?25h[?2026l[?2026h[?25l[A[1Gpulling manifest [K
pulling 4824460d29f2:  52% ▕█████████         ▏  22 GB/ 42 GB  119 MB/s   2m49s[K[?25h[?2026l[?2026h[?25l[A[1Gpulling manifest [K
pulling 4824460d29f2:  52% ▕█████████         ▏  22 GB/ 42 GB  119 MB/s   2m49s[K[?25h[?2026l[?2026h[?25l[A[1Gpulling manifest [K
pulling 4824460d29f2:  52% ▕█████████         ▏  22 GB/ 42 GB  119 MB/s   2m49s[K[?25h[?2026l[?2026h[?25l[A[1Gpulling manifest [K
pulling 4824460d29f2:  52% ▕█████████         ▏  22 GB/ 42 GB  119 MB/s   2m49s[K[?25h[?2026l[?2026h[?25l[A[1Gpulling manifest [K
pulling 4824460d29f2:  52% ▕█████████         ▏  22 GB/ 42 GB  119 MB/s   2m49s[K[?25h[?2026l[?2026h[?25l[A[1Gpulling manifest [K
pulling 4824460d29f2:  52% ▕█████████         ▏  22 GB/ 42 GB  119 MB/s   2m49s[K[?25h[?2026l[?2026h[?25l[A[1Gpulling manifest [K
pulling 4824460d29f2:  52% ▕█████████         ▏  22 GB/ 42 GB  119 MB/s   2m49s[K[?25h[?2026l[?2026h[?25l[A[1Gpulling manifest [K
pulling 4824460d29f2:  52% ▕█████████         ▏  22 GB/ 42 GB  119 MB/s   2m49s[K[?25h[?2026l[?2026h[?25l[A[1Gpulling manifest [K
pulling 4824460d29f2:  52% ▕█████████         ▏  22 GB/ 42 GB  119 MB/s   2m49s[K[?25h[?2026l[?2026h[?25l[A[1Gpulling manifest [K
pulling 4824460d29f2:  52% ▕█████████         ▏  22 GB/ 42 GB  119 MB/s   2m49s[K[?25h[?2026l[?2026h[?25l[A[1Gpulling manifest [K
pulling 4824460d29f2:  52% ▕█████████         ▏  22 GB/ 42 GB  119 MB/s   2m49s[K[?25h[?2026l[?2026h[?25l[A[1Gpulling manifest [K
pulling 4824460d29f2:  53% ▕█████████         ▏  22 GB/ 42 GB  119 MB/s   2m48s[K[?25h[?2026l[?2026h[?25l[A[1Gpulling manifest [K
pulling 4824460d29f2:  53% ▕█████████         ▏  22 GB/ 42 GB  119 MB/s   2m48s[K[?25h[?2026l[?2026h[?25l[A[1Gpulling manifest [K
pulling 4824460d29f2:  53% ▕█████████         ▏  22 GB/ 42 GB  119 MB/s   2m48s[K[?25h[?2026l[?2026h[?25l[A[1Gpulling manifest [K
pulling 4824460d29f2:  53% ▕█████████         ▏  22 GB/ 42 GB  119 MB/s   2m48s[K[?25h[?2026l[?2026h[?25l[A[1Gpulling manifest [K
pulling 4824460d29f2:  53% ▕█████████         ▏  22 GB/ 42 GB  119 MB/s   2m48s[K[?25h[?2026l[?2026h[?25l[A[1Gpulling manifest [K
pulling 4824460d29f2:  53% ▕█████████         ▏  22 GB/ 42 GB  119 MB/s   2m48s[K[?25h[?2026l[?2026h[?25l[A[1Gpulling manifest [K
pulling 4824460d29f2:  53% ▕█████████         ▏  22 GB/ 42 GB  119 MB/s   2m48s[K[?25h[?2026l[?2026h[?25l[A[1Gpulling manifest [K
pulling 4824460d29f2:  53% ▕█████████         ▏  22 GB/ 42 GB  119 MB/s   2m48s[K[?25h[?2026l[?2026h[?25l[A[1Gpulling manifest [K
pulling 4824460d29f2:  53% ▕█████████         ▏  22 GB/ 42 GB  119 MB/s   2m48s[K[?25h[?2026l[?2026h[?25l[A[1Gpulling manifest [K
pulling 4824460d29f2:  53% ▕█████████         ▏  22 GB/ 42 GB  119 MB/s   2m47s[K[?25h[?2026l[?2026h[?25l[A[1Gpulling manifest [K
pulling 4824460d29f2:  53% ▕█████████         ▏  22 GB/ 42 GB  119 MB/s   2m47s[K[?25h[?2026l[?2026h[?25l[A[1Gpulling manifest [K
pulling 4824460d29f2:  53% ▕█████████         ▏  22 GB/ 42 GB  119 MB/s   2m47s[K[?25h[?2026l[?2026h[?25l[A[1Gpulling manifest [K
pulling 4824460d29f2:  53% ▕█████████         ▏  22 GB/ 42 GB  119 MB/s   2m47s[K[?25h[?2026l[?2026h[?25l[A[1Gpulling manifest [K
pulling 4824460d29f2:  53% ▕█████████         ▏  22 GB/ 42 GB  119 MB/s   2m47s[K[?25h[?2026l[?2026h[?25l[A[1Gpulling manifest [K
pulling 4824460d29f2:  53% ▕█████████         ▏  22 GB/ 42 GB  119 MB/s   2m47s[K[?25h[?2026l[?2026h[?25l[A[1Gpulling manifest [K
pulling 4824460d29f2:  53% ▕█████████         ▏  22 GB/ 42 GB  119 MB/s   2m47s[K[?25h[?2026l[?2026h[?25l[A[1Gpulling manifest [K
pulling 4824460d29f2:  53% ▕█████████         ▏  22 GB/ 42 GB  119 MB/s   2m47s[K[?25h[?2026l[?2026h[?25l[A[1Gpulling manifest [K
pulling 4824460d29f2:  53% ▕█████████         ▏  22 GB/ 42 GB  119 MB/s   2m47s[K[?25h[?2026l[?2026h[?25l[A[1Gpulling manifest [K
pulling 4824460d29f2:  53% ▕█████████         ▏  22 GB/ 42 GB  119 MB/s   2m47s[K[?25h[?2026l[?2026h[?25l[A[1Gpulling manifest [K
pulling 4824460d29f2:  53% ▕█████████         ▏  22 GB/ 42 GB  119 MB/s   2m47s[K[?25h[?2026l[?2026h[?25l[A[1Gpulling manifest [K
pulling 4824460d29f2:  53% ▕█████████         ▏  22 GB/ 42 GB  119 MB/s   2m46s[K[?25h[?2026l[?2026h[?25l[A[1Gpulling manifest [K
pulling 4824460d29f2:  53% ▕█████████         ▏  22 GB/ 42 GB  119 MB/s   2m46s[K[?25h[?2026l[?2026h[?25l[A[1Gpulling manifest [K
pulling 4824460d29f2:  53% ▕█████████         ▏  22 GB/ 42 GB  119 MB/s   2m46s[K[?25h[?2026l[?2026h[?25l[A[1Gpulling manifest [K
pulling 4824460d29f2:  53% ▕█████████         ▏  22 GB/ 42 GB  119 MB/s   2m46s[K[?25h[?2026l[?2026h[?25l[A[1Gpulling manifest [K
pulling 4824460d29f2:  53% ▕█████████         ▏  22 GB/ 42 GB  119 MB/s   2m46s[K[?25h[?2026l[?2026h[?25l[A[1Gpulling manifest [K
pulling 4824460d29f2:  53% ▕█████████         ▏  22 GB/ 42 GB  119 MB/s   2m46s[K[?25h[?2026l[?2026h[?25l[A[1Gpulling manifest [K
pulling 4824460d29f2:  53% ▕█████████         ▏  22 GB/ 42 GB  119 MB/s   2m46s[K[?25h[?2026l[?2026h[?25l[A[1Gpulling manifest [K
pulling 4824460d29f2:  53% ▕█████████         ▏  22 GB/ 42 GB  119 MB/s   2m46s[K[?25h[?2026l[?2026h[?25l[A[1Gpulling manifest [K
pulling 4824460d29f2:  53% ▕█████████         ▏  22 GB/ 42 GB  119 MB/s   2m46s[K[?25h[?2026l[?2026h[?25l[A[1Gpulling manifest [K
pulling 4824460d29f2:  53% ▕█████████         ▏  22 GB/ 42 GB  119 MB/s   2m45s[K[?25h[?2026l[?2026h[?25l[A[1Gpulling manifest [K
pulling 4824460d29f2:  53% ▕█████████         ▏  22 GB/ 42 GB  119 MB/s   2m46s[K[?25h[?2026l[?2026h[?25l[A[1Gpulling manifest [K
pulling 4824460d29f2:  53% ▕█████████         ▏  22 GB/ 42 GB  119 MB/s   2m46s[K[?25h[?2026l[?2026h[?25l[A[1Gpulling manifest [K
pulling 4824460d29f2:  53% ▕█████████         ▏  22 GB/ 42 GB  119 MB/s   2m46s[K[?25h[?2026l[?2026h[?25l[A[1Gpulling manifest [K
pulling 4824460d29f2:  53% ▕█████████         ▏  22 GB/ 42 GB  119 MB/s   2m45s[K[?25h[?2026l[?2026h[?25l[A[1Gpulling manifest [K
pulling 4824460d29f2:  53% ▕█████████         ▏  22 GB/ 42 GB  119 MB/s   2m45s[K[?25h[?2026l[?2026h[?25l[A[1Gpulling manifest [K
pulling 4824460d29f2:  53% ▕█████████         ▏  22 GB/ 42 GB  119 MB/s   2m45s[K[?25h[?2026l[?2026h[?25l[A[1Gpulling manifest [K
pulling 4824460d29f2:  54% ▕█████████         ▏  22 GB/ 42 GB  119 MB/s   2m45s[K[?25h[?2026l[?2026h[?25l[A[1Gpulling manifest [K
pulling 4824460d29f2:  54% ▕█████████         ▏  22 GB/ 42 GB  119 MB/s   2m45s[K[?25h[?2026l[?2026h[?25l[A[1Gpulling manifest [K
pulling 4824460d29f2:  54% ▕█████████         ▏  22 GB/ 42 GB  119 MB/s   2m45s[K[?25h[?2026l[?2026h[?25l[A[1Gpulling manifest [K
pulling 4824460d29f2:  54% ▕█████████         ▏  22 GB/ 42 GB  119 MB/s   2m45s[K[?25h[?2026l[?2026h[?25l[A[1Gpulling manifest [K
pulling 4824460d29f2:  54% ▕█████████         ▏  22 GB/ 42 GB  119 MB/s   2m45s[K[?25h[?2026l[?2026h[?25l[A[1Gpulling manifest [K
pulling 4824460d29f2:  54% ▕█████████         ▏  22 GB/ 42 GB  119 MB/s   2m45s[K[?25h[?2026l[?2026h[?25l[A[1Gpulling manifest [K
pulling 4824460d29f2:  54% ▕█████████         ▏  22 GB/ 42 GB  119 MB/s   2m45s[K[?25h[?2026l[?2026h[?25l[A[1Gpulling manifest [K
pulling 4824460d29f2:  54% ▕█████████         ▏  22 GB/ 42 GB  119 MB/s   2m45s[K[?25h[?2026l[?2026h[?25l[A[1Gpulling manifest [K
pulling 4824460d29f2:  54% ▕█████████         ▏  22 GB/ 42 GB  119 MB/s   2m44s[K[?25h[?2026l[?2026h[?25l[A[1Gpulling manifest [K
pulling 4824460d29f2:  54% ▕█████████         ▏  22 GB/ 42 GB  119 MB/s   2m44s[K[?25h[?2026l[?2026h[?25l[A[1Gpulling manifest [K
pulling 4824460d29f2:  54% ▕█████████         ▏  22 GB/ 42 GB  119 MB/s   2m44s[K[?25h[?2026l[?2026h[?25l[A[1Gpulling manifest [K
pulling 4824460d29f2:  54% ▕█████████         ▏  22 GB/ 42 GB  119 MB/s   2m44s[K[?25h[?2026l[?2026h[?25l[A[1Gpulling manifest [K
pulling 4824460d29f2:  54% ▕█████████         ▏  22 GB/ 42 GB  119 MB/s   2m44s[K[?25h[?2026l[?2026h[?25l[A[1Gpulling manifest [K
pulling 4824460d29f2:  54% ▕█████████         ▏  22 GB/ 42 GB  119 MB/s   2m44s[K[?25h[?2026l[?2026h[?25l[A[1Gpulling manifest [K
pulling 4824460d29f2:  54% ▕█████████         ▏  22 GB/ 42 GB  119 MB/s   2m44s[K[?25h[?2026l[?2026h[?25l[A[1Gpulling manifest [K
pulling 4824460d29f2:  54% ▕█████████         ▏  22 GB/ 42 GB  119 MB/s   2m44s[K[?25h[?2026l[?2026h[?25l[A[1Gpulling manifest [K
pulling 4824460d29f2:  54% ▕█████████         ▏  22 GB/ 42 GB  119 MB/s   2m44s[K[?25h[?2026l[?2026h[?25l[A[1Gpulling manifest [K
pulling 4824460d29f2:  54% ▕█████████         ▏  22 GB/ 42 GB  119 MB/s   2m43s[K[?25h[?2026l[?2026h[?25l[A[1Gpulling manifest [K
pulling 4824460d29f2:  54% ▕█████████         ▏  22 GB/ 42 GB  119 MB/s   2m43s[K[?25h[?2026l[?2026h[?25l[A[1Gpulling manifest [K
pulling 4824460d29f2:  54% ▕█████████         ▏  22 GB/ 42 GB  119 MB/s   2m43s[K[?25h[?2026l[?2026h[?25l[A[1Gpulling manifest [K
pulling 4824460d29f2:  54% ▕█████████         ▏  22 GB/ 42 GB  119 MB/s   2m43s[K[?25h[?2026l[?2026h[?25l[A[1Gpulling manifest [K
pulling 4824460d29f2:  54% ▕█████████         ▏  23 GB/ 42 GB  119 MB/s   2m43s[K[?25h[?2026l[?2026h[?25l[A[1Gpulling manifest [K
pulling 4824460d29f2:  54% ▕█████████         ▏  23 GB/ 42 GB  119 MB/s   2m43s[K[?25h[?2026l[?2026h[?25l[A[1Gpulling manifest [K
pulling 4824460d29f2:  54% ▕█████████         ▏  23 GB/ 42 GB  119 MB/s   2m43s[K[?25h[?2026l[?2026h[?25l[A[1Gpulling manifest [K
pulling 4824460d29f2:  54% ▕█████████         ▏  23 GB/ 42 GB  119 MB/s   2m43s[K[?25h[?2026l[?2026h[?25l[A[1Gpulling manifest [K
pulling 4824460d29f2:  54% ▕█████████         ▏  23 GB/ 42 GB  119 MB/s   2m43s[K[?25h[?2026l[?2026h[?25l[A[1Gpulling manifest [K
pulling 4824460d29f2:  54% ▕█████████         ▏  23 GB/ 42 GB  119 MB/s   2m43s[K[?25h[?2026l[?2026h[?25l[A[1Gpulling manifest [K
pulling 4824460d29f2:  54% ▕█████████         ▏  23 GB/ 42 GB  119 MB/s   2m42s[K[?25h[?2026l[?2026h[?25l[A[1Gpulling manifest [K
pulling 4824460d29f2:  54% ▕█████████         ▏  23 GB/ 42 GB  119 MB/s   2m42s[K[?25h[?2026l[?2026h[?25l[A[1Gpulling manifest [K
pulling 4824460d29f2:  54% ▕█████████         ▏  23 GB/ 42 GB  119 MB/s   2m42s[K[?25h[?2026l[?2026h[?25l[A[1Gpulling manifest [K
pulling 4824460d29f2:  54% ▕█████████         ▏  23 GB/ 42 GB  119 MB/s   2m42s[K[?25h[?2026l[?2026h[?25l[A[1Gpulling manifest [K
pulling 4824460d29f2:  54% ▕█████████         ▏  23 GB/ 42 GB  119 MB/s   2m42s[K[?25h[?2026l[?2026h[?25l[A[1Gpulling manifest [K
pulling 4824460d29f2:  54% ▕█████████         ▏  23 GB/ 42 GB  119 MB/s   2m42s[K[?25h[?2026l[?2026h[?25l[A[1Gpulling manifest [K
pulling 4824460d29f2:  54% ▕█████████         ▏  23 GB/ 42 GB  119 MB/s   2m42s[K[?25h[?2026l[?2026h[?25l[A[1Gpulling manifest [K
pulling 4824460d29f2:  54% ▕█████████         ▏  23 GB/ 42 GB  119 MB/s   2m42s[K[?25h[?2026l[?2026h[?25l[A[1Gpulling manifest [K
pulling 4824460d29f2:  54% ▕█████████         ▏  23 GB/ 42 GB  119 MB/s   2m42s[K[?25h[?2026l[?2026h[?25l[A[1Gpulling manifest [K
pulling 4824460d29f2:  55% ▕█████████         ▏  23 GB/ 42 GB  119 MB/s   2m41s[K[?25h[?2026l[?2026h[?25l[A[1Gpulling manifest [K
pulling 4824460d29f2:  55% ▕█████████         ▏  23 GB/ 42 GB  119 MB/s   2m41s[K[?25h[?2026l[?2026h[?25l[A[1Gpulling manifest [K
pulling 4824460d29f2:  55% ▕█████████         ▏  23 GB/ 42 GB  119 MB/s   2m41s[K[?25h[?2026l[?2026h[?25l[A[1Gpulling manifest [K
pulling 4824460d29f2:  55% ▕█████████         ▏  23 GB/ 42 GB  119 MB/s   2m41s[K[?25h[?2026l[?2026h[?25l[A[1Gpulling manifest [K
pulling 4824460d29f2:  55% ▕█████████         ▏  23 GB/ 42 GB  119 MB/s   2m41s[K[?25h[?2026l[?2026h[?25l[A[1Gpulling manifest [K
pulling 4824460d29f2:  55% ▕█████████         ▏  23 GB/ 42 GB  119 MB/s   2m41s[K[?25h[?2026l[?2026h[?25l[A[1Gpulling manifest [K
pulling 4824460d29f2:  55% ▕█████████         ▏  23 GB/ 42 GB  119 MB/s   2m41s[K[?25h[?2026l[?2026h[?25l[A[1Gpulling manifest [K
pulling 4824460d29f2:  55% ▕█████████         ▏  23 GB/ 42 GB  119 MB/s   2m41s[K[?25h[?2026l[?2026h[?25l[A[1Gpulling manifest [K
pulling 4824460d29f2:  55% ▕█████████         ▏  23 GB/ 42 GB  119 MB/s   2m41s[K[?25h[?2026l[?2026h[?25l[A[1Gpulling manifest [K
pulling 4824460d29f2:  55% ▕█████████         ▏  23 GB/ 42 GB  119 MB/s   2m41s[K[?25h[?2026l[?2026h[?25l[A[1Gpulling manifest [K
pulling 4824460d29f2:  55% ▕█████████         ▏  23 GB/ 42 GB  119 MB/s   2m41s[K[?25h[?2026l[?2026h[?25l[A[1Gpulling manifest [K
pulling 4824460d29f2:  55% ▕█████████         ▏  23 GB/ 42 GB  119 MB/s   2m41s[K[?25h[?2026l[?2026h[?25l[A[1Gpulling manifest [K
pulling 4824460d29f2:  55% ▕█████████         ▏  23 GB/ 42 GB  119 MB/s   2m40s[K[?25h[?2026l[?2026h[?25l[A[1Gpulling manifest [K
pulling 4824460d29f2:  55% ▕█████████         ▏  23 GB/ 42 GB  119 MB/s   2m40s[K[?25h[?2026l[?2026h[?25l[A[1Gpulling manifest [K
pulling 4824460d29f2:  55% ▕█████████         ▏  23 GB/ 42 GB  119 MB/s   2m40s[K[?25h[?2026l[?2026h[?25l[A[1Gpulling manifest [K
pulling 4824460d29f2:  55% ▕█████████         ▏  23 GB/ 42 GB  119 MB/s   2m40s[K[?25h[?2026l[?2026h[?25l[A[1Gpulling manifest [K
pulling 4824460d29f2:  55% ▕█████████         ▏  23 GB/ 42 GB  119 MB/s   2m40s[K[?25h[?2026l[?2026h[?25l[A[1Gpulling manifest [K
pulling 4824460d29f2:  55% ▕█████████         ▏  23 GB/ 42 GB  119 MB/s   2m40s[K[?25h[?2026l[?2026h[?25l[A[1Gpulling manifest [K
pulling 4824460d29f2:  55% ▕█████████         ▏  23 GB/ 42 GB  119 MB/s   2m40s[K[?25h[?2026l[?2026h[?25l[A[1Gpulling manifest [K
pulling 4824460d29f2:  55% ▕█████████         ▏  23 GB/ 42 GB  119 MB/s   2m40s[K[?25h[?2026l[?2026h[?25l[A[1Gpulling manifest [K
pulling 4824460d29f2:  55% ▕█████████         ▏  23 GB/ 42 GB  119 MB/s   2m40s[K[?25h[?2026l[?2026h[?25l[A[1Gpulling manifest [K
pulling 4824460d29f2:  55% ▕█████████         ▏  23 GB/ 42 GB  119 MB/s   2m39s[K[?25h[?2026l[?2026h[?25l[A[1Gpulling manifest [K
pulling 4824460d29f2:  55% ▕█████████         ▏  23 GB/ 42 GB  119 MB/s   2m39s[K[?25h[?2026l[?2026h[?25l[A[1Gpulling manifest [K
pulling 4824460d29f2:  55% ▕█████████         ▏  23 GB/ 42 GB  119 MB/s   2m39s[K[?25h[?2026l[?2026h[?25l[A[1Gpulling manifest [K
pulling 4824460d29f2:  55% ▕█████████         ▏  23 GB/ 42 GB  119 MB/s   2m39s[K[?25h[?2026l[?2026h[?25l[A[1Gpulling manifest [K
pulling 4824460d29f2:  55% ▕█████████         ▏  23 GB/ 42 GB  119 MB/s   2m39s[K[?25h[?2026l[?2026h[?25l[A[1Gpulling manifest [K
pulling 4824460d29f2:  55% ▕█████████         ▏  23 GB/ 42 GB  119 MB/s   2m39s[K[?25h[?2026l[?2026h[?25l[A[1Gpulling manifest [K
pulling 4824460d29f2:  55% ▕█████████         ▏  23 GB/ 42 GB  119 MB/s   2m39s[K[?25h[?2026l[?2026h[?25l[A[1Gpulling manifest [K
pulling 4824460d29f2:  55% ▕█████████         ▏  23 GB/ 42 GB  119 MB/s   2m39s[K[?25h[?2026l[?2026h[?25l[A[1Gpulling manifest [K
pulling 4824460d29f2:  55% ▕█████████         ▏  23 GB/ 42 GB  119 MB/s   2m39s[K[?25h[?2026l[?2026h[?25l[A[1Gpulling manifest [K
pulling 4824460d29f2:  55% ▕█████████         ▏  23 GB/ 42 GB  119 MB/s   2m39s[K[?25h[?2026l[?2026h[?25l[A[1Gpulling manifest [K
pulling 4824460d29f2:  55% ▕█████████         ▏  23 GB/ 42 GB  119 MB/s   2m38s[K[?25h[?2026l[?2026h[?25l[A[1Gpulling manifest [K
pulling 4824460d29f2:  55% ▕█████████         ▏  23 GB/ 42 GB  119 MB/s   2m38s[K[?25h[?2026l[?2026h[?25l[A[1Gpulling manifest [K
pulling 4824460d29f2:  55% ▕█████████         ▏  23 GB/ 42 GB  119 MB/s   2m38s[K[?25h[?2026l[?2026h[?25l[A[1Gpulling manifest [K
pulling 4824460d29f2:  55% ▕█████████         ▏  23 GB/ 42 GB  119 MB/s   2m38s[K[?25h[?2026l[?2026h[?25l[A[1Gpulling manifest [K
pulling 4824460d29f2:  55% ▕█████████         ▏  23 GB/ 42 GB  119 MB/s   2m38s[K[?25h[?2026l[?2026h[?25l[A[1Gpulling manifest [K
pulling 4824460d29f2:  56% ▕█████████         ▏  23 GB/ 42 GB  119 MB/s   2m38s[K[?25h[?2026l[?2026h[?25l[A[1Gpulling manifest [K
pulling 4824460d29f2:  56% ▕█████████         ▏  23 GB/ 42 GB  119 MB/s   2m38s[K[?25h[?2026l[?2026h[?25l[A[1Gpulling manifest [K
pulling 4824460d29f2:  56% ▕█████████         ▏  23 GB/ 42 GB  119 MB/s   2m38s[K[?25h[?2026l[?2026h[?25l[A[1Gpulling manifest [K
pulling 4824460d29f2:  56% ▕██████████        ▏  23 GB/ 42 GB  119 MB/s   2m38s[K[?25h[?2026l[?2026h[?25l[A[1Gpulling manifest [K
pulling 4824460d29f2:  56% ▕██████████        ▏  23 GB/ 42 GB  119 MB/s   2m38s[K[?25h[?2026l[?2026h[?25l[A[1Gpulling manifest [K
pulling 4824460d29f2:  56% ▕██████████        ▏  23 GB/ 42 GB  119 MB/s   2m37s[K[?25h[?2026l[?2026h[?25l[A[1Gpulling manifest [K
pulling 4824460d29f2:  56% ▕██████████        ▏  23 GB/ 42 GB  119 MB/s   2m37s[K[?25h[?2026l[?2026h[?25l[A[1Gpulling manifest [K
pulling 4824460d29f2:  56% ▕██████████        ▏  23 GB/ 42 GB  119 MB/s   2m37s[K[?25h[?2026l[?2026h[?25l[A[1Gpulling manifest [K
pulling 4824460d29f2:  56% ▕██████████        ▏  23 GB/ 42 GB  119 MB/s   2m37s[K[?25h[?2026l[?2026h[?25l[A[1Gpulling manifest [K
pulling 4824460d29f2:  56% ▕██████████        ▏  23 GB/ 42 GB  119 MB/s   2m37s[K[?25h[?2026l[?2026h[?25l[A[1Gpulling manifest [K
pulling 4824460d29f2:  56% ▕██████████        ▏  23 GB/ 42 GB  119 MB/s   2m37s[K[?25h[?2026l[?2026h[?25l[A[1Gpulling manifest [K
pulling 4824460d29f2:  56% ▕██████████        ▏  23 GB/ 42 GB  119 MB/s   2m37s[K[?25h[?2026l[?2026h[?25l[A[1Gpulling manifest [K
pulling 4824460d29f2:  56% ▕██████████        ▏  23 GB/ 42 GB  119 MB/s   2m37s[K[?25h[?2026l[?2026h[?25l[A[1Gpulling manifest [K
pulling 4824460d29f2:  56% ▕██████████        ▏  23 GB/ 42 GB  119 MB/s   2m37s[K[?25h[?2026l[?2026h[?25l[A[1Gpulling manifest [K
pulling 4824460d29f2:  56% ▕██████████        ▏  23 GB/ 42 GB  119 MB/s   2m37s[K[?25h[?2026l[?2026h[?25l[A[1Gpulling manifest [K
pulling 4824460d29f2:  56% ▕██████████        ▏  23 GB/ 42 GB  119 MB/s   2m37s[K[?25h[?2026l[?2026h[?25l[A[1Gpulling manifest [K
pulling 4824460d29f2:  56% ▕██████████        ▏  23 GB/ 42 GB  119 MB/s   2m36s[K[?25h[?2026l[?2026h[?25l[A[1Gpulling manifest [K
pulling 4824460d29f2:  56% ▕██████████        ▏  23 GB/ 42 GB  119 MB/s   2m36s[K[?25h[?2026l[?2026h[?25l[A[1Gpulling manifest [K
pulling 4824460d29f2:  56% ▕██████████        ▏  23 GB/ 42 GB  119 MB/s   2m36s[K[?25h[?2026l[?2026h[?25l[A[1Gpulling manifest [K
pulling 4824460d29f2:  56% ▕██████████        ▏  23 GB/ 42 GB  119 MB/s   2m36s[K[?25h[?2026l[?2026h[?25l[A[1Gpulling manifest [K
pulling 4824460d29f2:  56% ▕██████████        ▏  23 GB/ 42 GB  119 MB/s   2m36s[K[?25h[?2026l[?2026h[?25l[A[1Gpulling manifest [K
pulling 4824460d29f2:  56% ▕██████████        ▏  23 GB/ 42 GB  119 MB/s   2m36s[K[?25h[?2026l[?2026h[?25l[A[1Gpulling manifest [K
pulling 4824460d29f2:  56% ▕██████████        ▏  23 GB/ 42 GB  119 MB/s   2m36s[K[?25h[?2026l[?2026h[?25l[A[1Gpulling manifest [K
pulling 4824460d29f2:  56% ▕██████████        ▏  23 GB/ 42 GB  119 MB/s   2m36s[K[?25h[?2026l[?2026h[?25l[A[1Gpulling manifest [K
pulling 4824460d29f2:  56% ▕██████████        ▏  23 GB/ 42 GB  119 MB/s   2m36s[K[?25h[?2026l[?2026h[?25l[A[1Gpulling manifest [K
pulling 4824460d29f2:  56% ▕██████████        ▏  23 GB/ 42 GB  119 MB/s   2m35s[K[?25h[?2026l[?2026h[?25l[A[1Gpulling manifest [K
pulling 4824460d29f2:  56% ▕██████████        ▏  23 GB/ 42 GB  119 MB/s   2m35s[K[?25h[?2026l[?2026h[?25l[A[1Gpulling manifest [K
pulling 4824460d29f2:  56% ▕██████████        ▏  23 GB/ 42 GB  119 MB/s   2m35s[K[?25h[?2026l[?2026h[?25l[A[1Gpulling manifest [K
pulling 4824460d29f2:  56% ▕██████████        ▏  23 GB/ 42 GB  119 MB/s   2m35s[K[?25h[?2026l[?2026h[?25l[A[1Gpulling manifest [K
pulling 4824460d29f2:  56% ▕██████████        ▏  23 GB/ 42 GB  119 MB/s   2m35s[K[?25h[?2026l[?2026h[?25l[A[1Gpulling manifest [K
pulling 4824460d29f2:  56% ▕██████████        ▏  23 GB/ 42 GB  119 MB/s   2m35s[K[?25h[?2026l[?2026h[?25l[A[1Gpulling manifest [K
pulling 4824460d29f2:  56% ▕██████████        ▏  23 GB/ 42 GB  119 MB/s   2m35s[K[?25h[?2026l[?2026h[?25l[A[1Gpulling manifest [K
pulling 4824460d29f2:  56% ▕██████████        ▏  23 GB/ 42 GB  119 MB/s   2m35s[K[?25h[?2026l[?2026h[?25l[A[1Gpulling manifest [K
pulling 4824460d29f2:  56% ▕██████████        ▏  23 GB/ 42 GB  119 MB/s   2m35s[K[?25h[?2026l[?2026h[?25l[A[1Gpulling manifest [K
pulling 4824460d29f2:  56% ▕██████████        ▏  23 GB/ 42 GB  119 MB/s   2m34s[K[?25h[?2026l[?2026h[?25l[A[1Gpulling manifest [K
pulling 4824460d29f2:  56% ▕██████████        ▏  24 GB/ 42 GB  119 MB/s   2m34s[K[?25h[?2026l[?2026h[?25l[A[1Gpulling manifest [K
pulling 4824460d29f2:  56% ▕██████████        ▏  24 GB/ 42 GB  119 MB/s   2m34s[K[?25h[?2026l[?2026h[?25l[A[1Gpulling manifest [K
pulling 4824460d29f2:  57% ▕██████████        ▏  24 GB/ 42 GB  119 MB/s   2m34s[K[?25h[?2026l[?2026h[?25l[A[1Gpulling manifest [K
pulling 4824460d29f2:  57% ▕██████████        ▏  24 GB/ 42 GB  119 MB/s   2m34s[K[?25h[?2026l[?2026h[?25l[A[1Gpulling manifest [K
pulling 4824460d29f2:  57% ▕██████████        ▏  24 GB/ 42 GB  119 MB/s   2m34s[K[?25h[?2026l[?2026h[?25l[A[1Gpulling manifest [K
pulling 4824460d29f2:  57% ▕██████████        ▏  24 GB/ 42 GB  119 MB/s   2m34s[K[?25h[?2026l[?2026h[?25l[A[1Gpulling manifest [K
pulling 4824460d29f2:  57% ▕██████████        ▏  24 GB/ 42 GB  119 MB/s   2m34s[K[?25h[?2026l[?2026h[?25l[A[1Gpulling manifest [K
pulling 4824460d29f2:  57% ▕██████████        ▏  24 GB/ 42 GB  119 MB/s   2m33s[K[?25h[?2026l[?2026h[?25l[A[1Gpulling manifest [K
pulling 4824460d29f2:  57% ▕██████████        ▏  24 GB/ 42 GB  119 MB/s   2m33s[K[?25h[?2026l[?2026h[?25l[A[1Gpulling manifest [K
pulling 4824460d29f2:  57% ▕██████████        ▏  24 GB/ 42 GB  119 MB/s   2m34s[K[?25h[?2026l[?2026h[?25l[A[1Gpulling manifest [K
pulling 4824460d29f2:  57% ▕██████████        ▏  24 GB/ 42 GB  119 MB/s   2m33s[K[?25h[?2026l[?2026h[?25l[A[1Gpulling manifest [K
pulling 4824460d29f2:  57% ▕██████████        ▏  24 GB/ 42 GB  119 MB/s   2m33s[K[?25h[?2026l[?2026h[?25l[A[1Gpulling manifest [K
pulling 4824460d29f2:  57% ▕██████████        ▏  24 GB/ 42 GB  119 MB/s   2m33s[K[?25h[?2026l[?2026h[?25l[A[1Gpulling manifest [K
pulling 4824460d29f2:  57% ▕██████████        ▏  24 GB/ 42 GB  119 MB/s   2m33s[K[?25h[?2026l[?2026h[?25l[A[1Gpulling manifest [K
pulling 4824460d29f2:  57% ▕██████████        ▏  24 GB/ 42 GB  119 MB/s   2m33s[K[?25h[?2026l[?2026h[?25l[A[1Gpulling manifest [K
pulling 4824460d29f2:  57% ▕██████████        ▏  24 GB/ 42 GB  119 MB/s   2m33s[K[?25h[?2026l[?2026h[?25l[A[1Gpulling manifest [K
pulling 4824460d29f2:  57% ▕██████████        ▏  24 GB/ 42 GB  119 MB/s   2m33s[K[?25h[?2026l[?2026h[?25l[A[1Gpulling manifest [K
pulling 4824460d29f2:  57% ▕██████████        ▏  24 GB/ 42 GB  119 MB/s   2m33s[K[?25h[?2026l[?2026h[?25l[A[1Gpulling manifest [K
pulling 4824460d29f2:  57% ▕██████████        ▏  24 GB/ 42 GB  119 MB/s   2m33s[K[?25h[?2026l[?2026h[?25l[A[1Gpulling manifest [K
pulling 4824460d29f2:  57% ▕██████████        ▏  24 GB/ 42 GB  119 MB/s   2m32s[K[?25h[?2026l[?2026h[?25l[A[1Gpulling manifest [K
pulling 4824460d29f2:  57% ▕██████████        ▏  24 GB/ 42 GB  119 MB/s   2m32s[K[?25h[?2026l[?2026h[?25l[A[1Gpulling manifest [K
pulling 4824460d29f2:  57% ▕██████████        ▏  24 GB/ 42 GB  119 MB/s   2m32s[K[?25h[?2026l[?2026h[?25l[A[1Gpulling manifest [K
pulling 4824460d29f2:  57% ▕██████████        ▏  24 GB/ 42 GB  119 MB/s   2m32s[K[?25h[?2026l[?2026h[?25l[A[1Gpulling manifest [K
pulling 4824460d29f2:  57% ▕██████████        ▏  24 GB/ 42 GB  119 MB/s   2m32s[K[?25h[?2026l[?2026h[?25l[A[1Gpulling manifest [K
pulling 4824460d29f2:  57% ▕██████████        ▏  24 GB/ 42 GB  119 MB/s   2m32s[K[?25h[?2026l[?2026h[?25l[A[1Gpulling manifest [K
pulling 4824460d29f2:  57% ▕██████████        ▏  24 GB/ 42 GB  119 MB/s   2m32s[K[?25h[?2026l[?2026h[?25l[A[1Gpulling manifest [K
pulling 4824460d29f2:  57% ▕██████████        ▏  24 GB/ 42 GB  119 MB/s   2m32s[K[?25h[?2026l[?2026h[?25l[A[1Gpulling manifest [K
pulling 4824460d29f2:  57% ▕██████████        ▏  24 GB/ 42 GB  119 MB/s   2m32s[K[?25h[?2026l[?2026h[?25l[A[1Gpulling manifest [K
pulling 4824460d29f2:  57% ▕██████████        ▏  24 GB/ 42 GB  119 MB/s   2m32s[K[?25h[?2026l[?2026h[?25l[A[1Gpulling manifest [K
pulling 4824460d29f2:  57% ▕██████████        ▏  24 GB/ 42 GB  119 MB/s   2m32s[K[?25h[?2026l[?2026h[?25l[A[1Gpulling manifest [K
pulling 4824460d29f2:  57% ▕██████████        ▏  24 GB/ 42 GB  119 MB/s   2m31s[K[?25h[?2026l[?2026h[?25l[A[1Gpulling manifest [K
pulling 4824460d29f2:  57% ▕██████████        ▏  24 GB/ 42 GB  119 MB/s   2m31s[K[?25h[?2026l[?2026h[?25l[A[1Gpulling manifest [K
pulling 4824460d29f2:  57% ▕██████████        ▏  24 GB/ 42 GB  119 MB/s   2m31s[K[?25h[?2026l[?2026h[?25l[A[1Gpulling manifest [K
pulling 4824460d29f2:  57% ▕██████████        ▏  24 GB/ 42 GB  119 MB/s   2m31s[K[?25h[?2026l[?2026h[?25l[A[1Gpulling manifest [K
pulling 4824460d29f2:  57% ▕██████████        ▏  24 GB/ 42 GB  119 MB/s   2m31s[K[?25h[?2026l[?2026h[?25l[A[1Gpulling manifest [K
pulling 4824460d29f2:  57% ▕██████████        ▏  24 GB/ 42 GB  119 MB/s   2m31s[K[?25h[?2026l[?2026h[?25l[A[1Gpulling manifest [K
pulling 4824460d29f2:  57% ▕██████████        ▏  24 GB/ 42 GB  119 MB/s   2m31s[K[?25h[?2026l[?2026h[?25l[A[1Gpulling manifest [K
pulling 4824460d29f2:  57% ▕██████████        ▏  24 GB/ 42 GB  119 MB/s   2m31s[K[?25h[?2026l[?2026h[?25l[A[1Gpulling manifest [K
pulling 4824460d29f2:  58% ▕██████████        ▏  24 GB/ 42 GB  119 MB/s   2m30s[K[?25h[?2026l[?2026h[?25l[A[1Gpulling manifest [K
pulling 4824460d29f2:  58% ▕██████████        ▏  24 GB/ 42 GB  119 MB/s   2m30s[K[?25h[?2026l[?2026h[?25l[A[1Gpulling manifest [K
pulling 4824460d29f2:  58% ▕██████████        ▏  24 GB/ 42 GB  119 MB/s   2m31s[K[?25h[?2026l[?2026h[?25l[A[1Gpulling manifest [K
pulling 4824460d29f2:  58% ▕██████████        ▏  24 GB/ 42 GB  119 MB/s   2m31s[K[?25h[?2026l[?2026h[?25l[A[1Gpulling manifest [K
pulling 4824460d29f2:  58% ▕██████████        ▏  24 GB/ 42 GB  119 MB/s   2m31s[K[?25h[?2026l[?2026h[?25l[A[1Gpulling manifest [K
pulling 4824460d29f2:  58% ▕██████████        ▏  24 GB/ 42 GB  119 MB/s   2m30s[K[?25h[?2026l[?2026h[?25l[A[1Gpulling manifest [K
pulling 4824460d29f2:  58% ▕██████████        ▏  24 GB/ 42 GB  119 MB/s   2m30s[K[?25h[?2026l[?2026h[?25l[A[1Gpulling manifest [K
pulling 4824460d29f2:  58% ▕██████████        ▏  24 GB/ 42 GB  119 MB/s   2m30s[K[?25h[?2026l[?2026h[?25l[A[1Gpulling manifest [K
pulling 4824460d29f2:  58% ▕██████████        ▏  24 GB/ 42 GB  119 MB/s   2m30s[K[?25h[?2026l[?2026h[?25l[A[1Gpulling manifest [K
pulling 4824460d29f2:  58% ▕██████████        ▏  24 GB/ 42 GB  119 MB/s   2m30s[K[?25h[?2026l[?2026h[?25l[A[1Gpulling manifest [K
pulling 4824460d29f2:  58% ▕██████████        ▏  24 GB/ 42 GB  119 MB/s   2m30s[K[?25h[?2026l[?2026h[?25l[A[1Gpulling manifest [K
pulling 4824460d29f2:  58% ▕██████████        ▏  24 GB/ 42 GB  119 MB/s   2m30s[K[?25h[?2026l[?2026h[?25l[A[1Gpulling manifest [K
pulling 4824460d29f2:  58% ▕██████████        ▏  24 GB/ 42 GB  119 MB/s   2m30s[K[?25h[?2026l[?2026h[?25l[A[1Gpulling manifest [K
pulling 4824460d29f2:  58% ▕██████████        ▏  24 GB/ 42 GB  119 MB/s   2m30s[K[?25h[?2026l[?2026h[?25l[A[1Gpulling manifest [K
pulling 4824460d29f2:  58% ▕██████████        ▏  24 GB/ 42 GB  119 MB/s   2m29s[K[?25h[?2026l[?2026h[?25l[A[1Gpulling manifest [K
pulling 4824460d29f2:  58% ▕██████████        ▏  24 GB/ 42 GB  119 MB/s   2m29s[K[?25h[?2026l[?2026h[?25l[A[1Gpulling manifest [K
pulling 4824460d29f2:  58% ▕██████████        ▏  24 GB/ 42 GB  119 MB/s   2m29s[K[?25h[?2026l[?2026h[?25l[A[1Gpulling manifest [K
pulling 4824460d29f2:  58% ▕██████████        ▏  24 GB/ 42 GB  119 MB/s   2m29s[K[?25h[?2026l[?2026h[?25l[A[1Gpulling manifest [K
pulling 4824460d29f2:  58% ▕██████████        ▏  24 GB/ 42 GB  119 MB/s   2m29s[K[?25h[?2026l[?2026h[?25l[A[1Gpulling manifest [K
pulling 4824460d29f2:  58% ▕██████████        ▏  24 GB/ 42 GB  119 MB/s   2m29s[K[?25h[?2026l[?2026h[?25l[A[1Gpulling manifest [K
pulling 4824460d29f2:  58% ▕██████████        ▏  24 GB/ 42 GB  119 MB/s   2m29s[K[?25h[?2026l[?2026h[?25l[A[1Gpulling manifest [K
pulling 4824460d29f2:  58% ▕██████████        ▏  24 GB/ 42 GB  119 MB/s   2m29s[K[?25h[?2026l[?2026h[?25l[A[1Gpulling manifest [K
pulling 4824460d29f2:  58% ▕██████████        ▏  24 GB/ 42 GB  119 MB/s   2m29s[K[?25h[?2026l[?2026h[?25l[A[1Gpulling manifest [K
pulling 4824460d29f2:  58% ▕██████████        ▏  24 GB/ 42 GB  119 MB/s   2m29s[K[?25h[?2026l[?2026h[?25l[A[1Gpulling manifest [K
pulling 4824460d29f2:  58% ▕██████████        ▏  24 GB/ 42 GB  119 MB/s   2m28s[K[?25h[?2026l[?2026h[?25l[A[1Gpulling manifest [K
pulling 4824460d29f2:  58% ▕██████████        ▏  24 GB/ 42 GB  119 MB/s   2m28s[K[?25h[?2026l[?2026h[?25l[A[1Gpulling manifest [K
pulling 4824460d29f2:  58% ▕██████████        ▏  24 GB/ 42 GB  119 MB/s   2m28s[K[?25h[?2026l[?2026h[?25l[A[1Gpulling manifest [K
pulling 4824460d29f2:  58% ▕██████████        ▏  24 GB/ 42 GB  119 MB/s   2m28s[K[?25h[?2026l[?2026h[?25l[A[1Gpulling manifest [K
pulling 4824460d29f2:  58% ▕██████████        ▏  24 GB/ 42 GB  119 MB/s   2m28s[K[?25h[?2026l[?2026h[?25l[A[1Gpulling manifest [K
pulling 4824460d29f2:  58% ▕██████████        ▏  24 GB/ 42 GB  119 MB/s   2m28s[K[?25h[?2026l[?2026h[?25l[A[1Gpulling manifest [K
pulling 4824460d29f2:  58% ▕██████████        ▏  24 GB/ 42 GB  119 MB/s   2m28s[K[?25h[?2026l[?2026h[?25l[A[1Gpulling manifest [K
pulling 4824460d29f2:  58% ▕██████████        ▏  24 GB/ 42 GB  119 MB/s   2m28s[K[?25h[?2026l[?2026h[?25l[A[1Gpulling manifest [K
pulling 4824460d29f2:  58% ▕██████████        ▏  24 GB/ 42 GB  119 MB/s   2m28s[K[?25h[?2026l[?2026h[?25l[A[1Gpulling manifest [K
pulling 4824460d29f2:  58% ▕██████████        ▏  24 GB/ 42 GB  119 MB/s   2m28s[K[?25h[?2026l[?2026h[?25l[A[1Gpulling manifest [K
pulling 4824460d29f2:  58% ▕██████████        ▏  24 GB/ 42 GB  119 MB/s   2m27s[K[?25h[?2026l[?2026h[?25l[A[1Gpulling manifest [K
pulling 4824460d29f2:  58% ▕██████████        ▏  24 GB/ 42 GB  119 MB/s   2m27s[K[?25h[?2026l[?2026h[?25l[A[1Gpulling manifest [K
pulling 4824460d29f2:  58% ▕██████████        ▏  24 GB/ 42 GB  119 MB/s   2m27s[K[?25h[?2026l[?2026h[?25l[A[1Gpulling manifest [K
pulling 4824460d29f2:  59% ▕██████████        ▏  24 GB/ 42 GB  119 MB/s   2m27s[K[?25h[?2026l[?2026h[?25l[A[1Gpulling manifest [K
pulling 4824460d29f2:  59% ▕██████████        ▏  24 GB/ 42 GB  119 MB/s   2m27s[K[?25h[?2026l[?2026h[?25l[A[1Gpulling manifest [K
pulling 4824460d29f2:  59% ▕██████████        ▏  24 GB/ 42 GB  119 MB/s   2m27s[K[?25h[?2026l[?2026h[?25l[A[1Gpulling manifest [K
pulling 4824460d29f2:  59% ▕██████████        ▏  24 GB/ 42 GB  119 MB/s   2m27s[K[?25h[?2026l[?2026h[?25l[A[1Gpulling manifest [K
pulling 4824460d29f2:  59% ▕██████████        ▏  24 GB/ 42 GB  119 MB/s   2m27s[K[?25h[?2026l[?2026h[?25l[A[1Gpulling manifest [K
pulling 4824460d29f2:  59% ▕██████████        ▏  24 GB/ 42 GB  119 MB/s   2m27s[K[?25h[?2026l[?2026h[?25l[A[1Gpulling manifest [K
pulling 4824460d29f2:  59% ▕██████████        ▏  24 GB/ 42 GB  119 MB/s   2m26s[K[?25h[?2026l[?2026h[?25l[A[1Gpulling manifest [K
pulling 4824460d29f2:  59% ▕██████████        ▏  24 GB/ 42 GB  119 MB/s   2m26s[K[?25h[?2026l[?2026h[?25l[A[1Gpulling manifest [K
pulling 4824460d29f2:  59% ▕██████████        ▏  24 GB/ 42 GB  119 MB/s   2m26s[K[?25h[?2026l[?2026h[?25l[A[1Gpulling manifest [K
pulling 4824460d29f2:  59% ▕██████████        ▏  24 GB/ 42 GB  119 MB/s   2m26s[K[?25h[?2026l[?2026h[?25l[A[1Gpulling manifest [K
pulling 4824460d29f2:  59% ▕██████████        ▏  25 GB/ 42 GB  119 MB/s   2m26s[K[?25h[?2026l[?2026h[?25l[A[1Gpulling manifest [K
pulling 4824460d29f2:  59% ▕██████████        ▏  25 GB/ 42 GB  119 MB/s   2m26s[K[?25h[?2026l[?2026h[?25l[A[1Gpulling manifest [K
pulling 4824460d29f2:  59% ▕██████████        ▏  25 GB/ 42 GB  119 MB/s   2m26s[K[?25h[?2026l[?2026h[?25l[A[1Gpulling manifest [K
pulling 4824460d29f2:  59% ▕██████████        ▏  25 GB/ 42 GB  119 MB/s   2m26s[K[?25h[?2026l[?2026h[?25l[A[1Gpulling manifest [K
pulling 4824460d29f2:  59% ▕██████████        ▏  25 GB/ 42 GB  119 MB/s   2m26s[K[?25h[?2026l[?2026h[?25l[A[1Gpulling manifest [K
pulling 4824460d29f2:  59% ▕██████████        ▏  25 GB/ 42 GB  119 MB/s   2m26s[K[?25h[?2026l[?2026h[?25l[A[1Gpulling manifest [K
pulling 4824460d29f2:  59% ▕██████████        ▏  25 GB/ 42 GB  119 MB/s   2m26s[K[?25h[?2026l[?2026h[?25l[A[1Gpulling manifest [K
pulling 4824460d29f2:  59% ▕██████████        ▏  25 GB/ 42 GB  119 MB/s   2m26s[K[?25h[?2026l[?2026h[?25l[A[1Gpulling manifest [K
pulling 4824460d29f2:  59% ▕██████████        ▏  25 GB/ 42 GB  119 MB/s   2m25s[K[?25h[?2026l[?2026h[?25l[A[1Gpulling manifest [K
pulling 4824460d29f2:  59% ▕██████████        ▏  25 GB/ 42 GB  119 MB/s   2m25s[K[?25h[?2026l[?2026h[?25l[A[1Gpulling manifest [K
pulling 4824460d29f2:  59% ▕██████████        ▏  25 GB/ 42 GB  119 MB/s   2m25s[K[?25h[?2026l[?2026h[?25l[A[1Gpulling manifest [K
pulling 4824460d29f2:  59% ▕██████████        ▏  25 GB/ 42 GB  119 MB/s   2m25s[K[?25h[?2026l[?2026h[?25l[A[1Gpulling manifest [K
pulling 4824460d29f2:  59% ▕██████████        ▏  25 GB/ 42 GB  119 MB/s   2m25s[K[?25h[?2026l[?2026h[?25l[A[1Gpulling manifest [K
pulling 4824460d29f2:  59% ▕██████████        ▏  25 GB/ 42 GB  119 MB/s   2m25s[K[?25h[?2026l[?2026h[?25l[A[1Gpulling manifest [K
pulling 4824460d29f2:  59% ▕██████████        ▏  25 GB/ 42 GB  119 MB/s   2m25s[K[?25h[?2026l[?2026h[?25l[A[1Gpulling manifest [K
pulling 4824460d29f2:  59% ▕██████████        ▏  25 GB/ 42 GB  119 MB/s   2m25s[K[?25h[?2026l[?2026h[?25l[A[1Gpulling manifest [K
pulling 4824460d29f2:  59% ▕██████████        ▏  25 GB/ 42 GB  119 MB/s   2m24s[K[?25h[?2026l[?2026h[?25l[A[1Gpulling manifest [K
pulling 4824460d29f2:  59% ▕██████████        ▏  25 GB/ 42 GB  119 MB/s   2m24s[K[?25h[?2026l[?2026h[?25l[A[1Gpulling manifest [K
pulling 4824460d29f2:  59% ▕██████████        ▏  25 GB/ 42 GB  119 MB/s   2m24s[K[?25h[?2026l[?2026h[?25l[A[1Gpulling manifest [K
pulling 4824460d29f2:  59% ▕██████████        ▏  25 GB/ 42 GB  119 MB/s   2m24s[K[?25h[?2026l[?2026h[?25l[A[1Gpulling manifest [K
pulling 4824460d29f2:  59% ▕██████████        ▏  25 GB/ 42 GB  119 MB/s   2m24s[K[?25h[?2026l[?2026h[?25l[A[1Gpulling manifest [K
pulling 4824460d29f2:  59% ▕██████████        ▏  25 GB/ 42 GB  119 MB/s   2m24s[K[?25h[?2026l[?2026h[?25l[A[1Gpulling manifest [K
pulling 4824460d29f2:  59% ▕██████████        ▏  25 GB/ 42 GB  119 MB/s   2m24s[K[?25h[?2026l[?2026h[?25l[A[1Gpulling manifest [K
pulling 4824460d29f2:  59% ▕██████████        ▏  25 GB/ 42 GB  119 MB/s   2m24s[K[?25h[?2026l[?2026h[?25l[A[1Gpulling manifest [K
pulling 4824460d29f2:  59% ▕██████████        ▏  25 GB/ 42 GB  119 MB/s   2m24s[K[?25h[?2026l[?2026h[?25l[A[1Gpulling manifest [K
pulling 4824460d29f2:  59% ▕██████████        ▏  25 GB/ 42 GB  119 MB/s   2m24s[K[?25h[?2026l[?2026h[?25l[A[1Gpulling manifest [K
pulling 4824460d29f2:  60% ▕██████████        ▏  25 GB/ 42 GB  119 MB/s   2m24s[K[?25h[?2026l[?2026h[?25l[A[1Gpulling manifest [K
pulling 4824460d29f2:  60% ▕██████████        ▏  25 GB/ 42 GB  119 MB/s   2m23s[K[?25h[?2026l[?2026h[?25l[A[1Gpulling manifest [K
pulling 4824460d29f2:  60% ▕██████████        ▏  25 GB/ 42 GB  119 MB/s   2m23s[K[?25h[?2026l[?2026h[?25l[A[1Gpulling manifest [K
pulling 4824460d29f2:  60% ▕██████████        ▏  25 GB/ 42 GB  119 MB/s   2m23s[K[?25h[?2026l[?2026h[?25l[A[1Gpulling manifest [K
pulling 4824460d29f2:  60% ▕██████████        ▏  25 GB/ 42 GB  119 MB/s   2m23s[K[?25h[?2026l[?2026h[?25l[A[1Gpulling manifest [K
pulling 4824460d29f2:  60% ▕██████████        ▏  25 GB/ 42 GB  119 MB/s   2m23s[K[?25h[?2026l[?2026h[?25l[A[1Gpulling manifest [K
pulling 4824460d29f2:  60% ▕██████████        ▏  25 GB/ 42 GB  119 MB/s   2m23s[K[?25h[?2026l[?2026h[?25l[A[1Gpulling manifest [K
pulling 4824460d29f2:  60% ▕██████████        ▏  25 GB/ 42 GB  119 MB/s   2m23s[K[?25h[?2026l[?2026h[?25l[A[1Gpulling manifest [K
pulling 4824460d29f2:  60% ▕██████████        ▏  25 GB/ 42 GB  119 MB/s   2m23s[K[?25h[?2026l[?2026h[?25l[A[1Gpulling manifest [K
pulling 4824460d29f2:  60% ▕██████████        ▏  25 GB/ 42 GB  119 MB/s   2m23s[K[?25h[?2026l[?2026h[?25l[A[1Gpulling manifest [K
pulling 4824460d29f2:  60% ▕██████████        ▏  25 GB/ 42 GB  119 MB/s   2m23s[K[?25h[?2026l[?2026h[?25l[A[1Gpulling manifest [K
pulling 4824460d29f2:  60% ▕██████████        ▏  25 GB/ 42 GB  119 MB/s   2m23s[K[?25h[?2026l[?2026h[?25l[A[1Gpulling manifest [K
pulling 4824460d29f2:  60% ▕██████████        ▏  25 GB/ 42 GB  119 MB/s   2m23s[K[?25h[?2026l[?2026h[?25l[A[1Gpulling manifest [K
pulling 4824460d29f2:  60% ▕██████████        ▏  25 GB/ 42 GB  119 MB/s   2m22s[K[?25h[?2026l[?2026h[?25l[A[1Gpulling manifest [K
pulling 4824460d29f2:  60% ▕██████████        ▏  25 GB/ 42 GB  119 MB/s   2m22s[K[?25h[?2026l[?2026h[?25l[A[1Gpulling manifest [K
pulling 4824460d29f2:  60% ▕██████████        ▏  25 GB/ 42 GB  119 MB/s   2m22s[K[?25h[?2026l[?2026h[?25l[A[1Gpulling manifest [K
pulling 4824460d29f2:  60% ▕██████████        ▏  25 GB/ 42 GB  119 MB/s   2m22s[K[?25h[?2026l[?2026h[?25l[A[1Gpulling manifest [K
pulling 4824460d29f2:  60% ▕██████████        ▏  25 GB/ 42 GB  119 MB/s   2m22s[K[?25h[?2026l[?2026h[?25l[A[1Gpulling manifest [K
pulling 4824460d29f2:  60% ▕██████████        ▏  25 GB/ 42 GB  119 MB/s   2m22s[K[?25h[?2026l[?2026h[?25l[A[1Gpulling manifest [K
pulling 4824460d29f2:  60% ▕██████████        ▏  25 GB/ 42 GB  119 MB/s   2m22s[K[?25h[?2026l[?2026h[?25l[A[1Gpulling manifest [K
pulling 4824460d29f2:  60% ▕██████████        ▏  25 GB/ 42 GB  119 MB/s   2m22s[K[?25h[?2026l[?2026h[?25l[A[1Gpulling manifest [K
pulling 4824460d29f2:  60% ▕██████████        ▏  25 GB/ 42 GB  119 MB/s   2m21s[K[?25h[?2026l[?2026h[?25l[A[1Gpulling manifest [K
pulling 4824460d29f2:  60% ▕██████████        ▏  25 GB/ 42 GB  119 MB/s   2m21s[K[?25h[?2026l[?2026h[?25l[A[1Gpulling manifest [K
pulling 4824460d29f2:  60% ▕██████████        ▏  25 GB/ 42 GB  119 MB/s   2m21s[K[?25h[?2026l[?2026h[?25l[A[1Gpulling manifest [K
pulling 4824460d29f2:  60% ▕██████████        ▏  25 GB/ 42 GB  119 MB/s   2m21s[K[?25h[?2026l[?2026h[?25l[A[1Gpulling manifest [K
pulling 4824460d29f2:  60% ▕██████████        ▏  25 GB/ 42 GB  119 MB/s   2m21s[K[?25h[?2026l[?2026h[?25l[A[1Gpulling manifest [K
pulling 4824460d29f2:  60% ▕██████████        ▏  25 GB/ 42 GB  119 MB/s   2m21s[K[?25h[?2026l[?2026h[?25l[A[1Gpulling manifest [K
pulling 4824460d29f2:  60% ▕██████████        ▏  25 GB/ 42 GB  119 MB/s   2m21s[K[?25h[?2026l[?2026h[?25l[A[1Gpulling manifest [K
pulling 4824460d29f2:  60% ▕██████████        ▏  25 GB/ 42 GB  119 MB/s   2m21s[K[?25h[?2026l[?2026h[?25l[A[1Gpulling manifest [K
pulling 4824460d29f2:  60% ▕██████████        ▏  25 GB/ 42 GB  119 MB/s   2m21s[K[?25h[?2026l[?2026h[?25l[A[1Gpulling manifest [K
pulling 4824460d29f2:  60% ▕██████████        ▏  25 GB/ 42 GB  119 MB/s   2m21s[K[?25h[?2026l[?2026h[?25l[A[1Gpulling manifest [K
pulling 4824460d29f2:  60% ▕██████████        ▏  25 GB/ 42 GB  119 MB/s   2m20s[K[?25h[?2026l[?2026h[?25l[A[1Gpulling manifest [K
pulling 4824460d29f2:  60% ▕██████████        ▏  25 GB/ 42 GB  119 MB/s   2m20s[K[?25h[?2026l[?2026h[?25l[A[1Gpulling manifest [K
pulling 4824460d29f2:  60% ▕██████████        ▏  25 GB/ 42 GB  119 MB/s   2m20s[K[?25h[?2026l[?2026h[?25l[A[1Gpulling manifest [K
pulling 4824460d29f2:  60% ▕██████████        ▏  25 GB/ 42 GB  119 MB/s   2m20s[K[?25h[?2026l[?2026h[?25l[A[1Gpulling manifest [K
pulling 4824460d29f2:  60% ▕██████████        ▏  25 GB/ 42 GB  119 MB/s   2m20s[K[?25h[?2026l[?2026h[?25l[A[1Gpulling manifest [K
pulling 4824460d29f2:  61% ▕██████████        ▏  25 GB/ 42 GB  119 MB/s   2m20s[K[?25h[?2026l[?2026h[?25l[A[1Gpulling manifest [K
pulling 4824460d29f2:  61% ▕██████████        ▏  25 GB/ 42 GB  119 MB/s   2m20s[K[?25h[?2026l[?2026h[?25l[A[1Gpulling manifest [K
pulling 4824460d29f2:  61% ▕██████████        ▏  25 GB/ 42 GB  119 MB/s   2m20s[K[?25h[?2026l[?2026h[?25l[A[1Gpulling manifest [K
pulling 4824460d29f2:  61% ▕██████████        ▏  25 GB/ 42 GB  119 MB/s   2m19s[K[?25h[?2026l[?2026h[?25l[A[1Gpulling manifest [K
pulling 4824460d29f2:  61% ▕██████████        ▏  25 GB/ 42 GB  119 MB/s   2m19s[K[?25h[?2026l[?2026h[?25l[A[1Gpulling manifest [K
pulling 4824460d29f2:  61% ▕██████████        ▏  25 GB/ 42 GB  119 MB/s   2m19s[K[?25h[?2026l[?2026h[?25l[A[1Gpulling manifest [K
pulling 4824460d29f2:  61% ▕██████████        ▏  25 GB/ 42 GB  119 MB/s   2m19s[K[?25h[?2026l[?2026h[?25l[A[1Gpulling manifest [K
pulling 4824460d29f2:  61% ▕██████████        ▏  25 GB/ 42 GB  119 MB/s   2m19s[K[?25h[?2026l[?2026h[?25l[A[1Gpulling manifest [K
pulling 4824460d29f2:  61% ▕██████████        ▏  25 GB/ 42 GB  119 MB/s   2m19s[K[?25h[?2026l[?2026h[?25l[A[1Gpulling manifest [K
pulling 4824460d29f2:  61% ▕██████████        ▏  25 GB/ 42 GB  119 MB/s   2m19s[K[?25h[?2026l[?2026h[?25l[A[1Gpulling manifest [K
pulling 4824460d29f2:  61% ▕██████████        ▏  25 GB/ 42 GB  119 MB/s   2m19s[K[?25h[?2026l[?2026h[?25l[A[1Gpulling manifest [K
pulling 4824460d29f2:  61% ▕██████████        ▏  25 GB/ 42 GB  119 MB/s   2m19s[K[?25h[?2026l[?2026h[?25l[A[1Gpulling manifest [K
pulling 4824460d29f2:  61% ▕██████████        ▏  25 GB/ 42 GB  119 MB/s   2m19s[K[?25h[?2026l[?2026h[?25l[A[1Gpulling manifest [K
pulling 4824460d29f2:  61% ▕██████████        ▏  25 GB/ 42 GB  119 MB/s   2m19s[K[?25h[?2026l[?2026h[?25l[A[1Gpulling manifest [K
pulling 4824460d29f2:  61% ▕██████████        ▏  25 GB/ 42 GB  119 MB/s   2m19s[K[?25h[?2026l[?2026h[?25l[A[1Gpulling manifest [K
pulling 4824460d29f2:  61% ▕██████████        ▏  25 GB/ 42 GB  119 MB/s   2m18s[K[?25h[?2026l[?2026h[?25l[A[1Gpulling manifest [K
pulling 4824460d29f2:  61% ▕██████████        ▏  25 GB/ 42 GB  119 MB/s   2m18s[K[?25h[?2026l[?2026h[?25l[A[1Gpulling manifest [K
pulling 4824460d29f2:  61% ▕██████████        ▏  25 GB/ 42 GB  119 MB/s   2m18s[K[?25h[?2026l[?2026h[?25l[A[1Gpulling manifest [K
pulling 4824460d29f2:  61% ▕██████████        ▏  25 GB/ 42 GB  119 MB/s   2m18s[K[?25h[?2026l[?2026h[?25l[A[1Gpulling manifest [K
pulling 4824460d29f2:  61% ▕██████████        ▏  25 GB/ 42 GB  119 MB/s   2m18s[K[?25h[?2026l[?2026h[?25l[A[1Gpulling manifest [K
pulling 4824460d29f2:  61% ▕██████████        ▏  25 GB/ 42 GB  119 MB/s   2m18s[K[?25h[?2026l[?2026h[?25l[A[1Gpulling manifest [K
pulling 4824460d29f2:  61% ▕██████████        ▏  25 GB/ 42 GB  119 MB/s   2m18s[K[?25h[?2026l[?2026h[?25l[A[1Gpulling manifest [K
pulling 4824460d29f2:  61% ▕███████████       ▏  25 GB/ 42 GB  119 MB/s   2m18s[K[?25h[?2026l[?2026h[?25l[A[1Gpulling manifest [K
pulling 4824460d29f2:  61% ▕███████████       ▏  25 GB/ 42 GB  119 MB/s   2m18s[K[?25h[?2026l[?2026h[?25l[A[1Gpulling manifest [K
pulling 4824460d29f2:  61% ▕███████████       ▏  26 GB/ 42 GB  119 MB/s   2m18s[K[?25h[?2026l[?2026h[?25l[A[1Gpulling manifest [K
pulling 4824460d29f2:  61% ▕███████████       ▏  26 GB/ 42 GB  119 MB/s   2m18s[K[?25h[?2026l[?2026h[?25l[A[1Gpulling manifest [K
pulling 4824460d29f2:  61% ▕███████████       ▏  26 GB/ 42 GB  119 MB/s   2m18s[K[?25h[?2026l[?2026h[?25l[A[1Gpulling manifest [K
pulling 4824460d29f2:  61% ▕███████████       ▏  26 GB/ 42 GB  119 MB/s   2m17s[K[?25h[?2026l[?2026h[?25l[A[1Gpulling manifest [K
pulling 4824460d29f2:  61% ▕███████████       ▏  26 GB/ 42 GB  119 MB/s   2m17s[K[?25h[?2026l[?2026h[?25l[A[1Gpulling manifest [K
pulling 4824460d29f2:  61% ▕███████████       ▏  26 GB/ 42 GB  119 MB/s   2m17s[K[?25h[?2026l[?2026h[?25l[A[1Gpulling manifest [K
pulling 4824460d29f2:  61% ▕███████████       ▏  26 GB/ 42 GB  119 MB/s   2m17s[K[?25h[?2026l[?2026h[?25l[A[1Gpulling manifest [K
pulling 4824460d29f2:  61% ▕███████████       ▏  26 GB/ 42 GB  119 MB/s   2m17s[K[?25h[?2026l[?2026h[?25l[A[1Gpulling manifest [K
pulling 4824460d29f2:  61% ▕███████████       ▏  26 GB/ 42 GB  119 MB/s   2m17s[K[?25h[?2026l[?2026h[?25l[A[1Gpulling manifest [K
pulling 4824460d29f2:  61% ▕███████████       ▏  26 GB/ 42 GB  119 MB/s   2m17s[K[?25h[?2026l[?2026h[?25l[A[1Gpulling manifest [K
pulling 4824460d29f2:  61% ▕███████████       ▏  26 GB/ 42 GB  119 MB/s   2m17s[K[?25h[?2026l[?2026h[?25l[A[1Gpulling manifest [K
pulling 4824460d29f2:  61% ▕███████████       ▏  26 GB/ 42 GB  119 MB/s   2m17s[K[?25h[?2026l[?2026h[?25l[A[1Gpulling manifest [K
pulling 4824460d29f2:  61% ▕███████████       ▏  26 GB/ 42 GB  119 MB/s   2m17s[K[?25h[?2026l[?2026h[?25l[A[1Gpulling manifest [K
pulling 4824460d29f2:  62% ▕███████████       ▏  26 GB/ 42 GB  119 MB/s   2m16s[K[?25h[?2026l[?2026h[?25l[A[1Gpulling manifest [K
pulling 4824460d29f2:  62% ▕███████████       ▏  26 GB/ 42 GB  119 MB/s   2m16s[K[?25h[?2026l[?2026h[?25l[A[1Gpulling manifest [K
pulling 4824460d29f2:  62% ▕███████████       ▏  26 GB/ 42 GB  119 MB/s   2m16s[K[?25h[?2026l[?2026h[?25l[A[1Gpulling manifest [K
pulling 4824460d29f2:  62% ▕███████████       ▏  26 GB/ 42 GB  119 MB/s   2m16s[K[?25h[?2026l[?2026h[?25l[A[1Gpulling manifest [K
pulling 4824460d29f2:  62% ▕███████████       ▏  26 GB/ 42 GB  119 MB/s   2m16s[K[?25h[?2026l[?2026h[?25l[A[1Gpulling manifest [K
pulling 4824460d29f2:  62% ▕███████████       ▏  26 GB/ 42 GB  119 MB/s   2m16s[K[?25h[?2026l[?2026h[?25l[A[1Gpulling manifest [K
pulling 4824460d29f2:  62% ▕███████████       ▏  26 GB/ 42 GB  119 MB/s   2m16s[K[?25h[?2026l[?2026h[?25l[A[1Gpulling manifest [K
pulling 4824460d29f2:  62% ▕███████████       ▏  26 GB/ 42 GB  119 MB/s   2m16s[K[?25h[?2026l[?2026h[?25l[A[1Gpulling manifest [K
pulling 4824460d29f2:  62% ▕███████████       ▏  26 GB/ 42 GB  119 MB/s   2m16s[K[?25h[?2026l[?2026h[?25l[A[1Gpulling manifest [K
pulling 4824460d29f2:  62% ▕███████████       ▏  26 GB/ 42 GB  119 MB/s   2m16s[K[?25h[?2026l[?2026h[?25l[A[1Gpulling manifest [K
pulling 4824460d29f2:  62% ▕███████████       ▏  26 GB/ 42 GB  119 MB/s   2m16s[K[?25h[?2026l[?2026h[?25l[A[1Gpulling manifest [K
pulling 4824460d29f2:  62% ▕███████████       ▏  26 GB/ 42 GB  119 MB/s   2m16s[K[?25h[?2026l[?2026h[?25l[A[1Gpulling manifest [K
pulling 4824460d29f2:  62% ▕███████████       ▏  26 GB/ 42 GB  119 MB/s   2m15s[K[?25h[?2026l[?2026h[?25l[A[1Gpulling manifest [K
pulling 4824460d29f2:  62% ▕███████████       ▏  26 GB/ 42 GB  119 MB/s   2m15s[K[?25h[?2026l[?2026h[?25l[A[1Gpulling manifest [K
pulling 4824460d29f2:  62% ▕███████████       ▏  26 GB/ 42 GB  119 MB/s   2m15s[K[?25h[?2026l[?2026h[?25l[A[1Gpulling manifest [K
pulling 4824460d29f2:  62% ▕███████████       ▏  26 GB/ 42 GB  119 MB/s   2m15s[K[?25h[?2026l[?2026h[?25l[A[1Gpulling manifest [K
pulling 4824460d29f2:  62% ▕███████████       ▏  26 GB/ 42 GB  119 MB/s   2m15s[K[?25h[?2026l[?2026h[?25l[A[1Gpulling manifest [K
pulling 4824460d29f2:  62% ▕███████████       ▏  26 GB/ 42 GB  119 MB/s   2m15s[K[?25h[?2026l[?2026h[?25l[A[1Gpulling manifest [K
pulling 4824460d29f2:  62% ▕███████████       ▏  26 GB/ 42 GB  119 MB/s   2m15s[K[?25h[?2026l[?2026h[?25l[A[1Gpulling manifest [K
pulling 4824460d29f2:  62% ▕███████████       ▏  26 GB/ 42 GB  119 MB/s   2m15s[K[?25h[?2026l[?2026h[?25l[A[1Gpulling manifest [K
pulling 4824460d29f2:  62% ▕███████████       ▏  26 GB/ 42 GB  119 MB/s   2m15s[K[?25h[?2026l[?2026h[?25l[A[1Gpulling manifest [K
pulling 4824460d29f2:  62% ▕███████████       ▏  26 GB/ 42 GB  119 MB/s   2m14s[K[?25h[?2026l[?2026h[?25l[A[1Gpulling manifest [K
pulling 4824460d29f2:  62% ▕███████████       ▏  26 GB/ 42 GB  119 MB/s   2m14s[K[?25h[?2026l[?2026h[?25l[A[1Gpulling manifest [K
pulling 4824460d29f2:  62% ▕███████████       ▏  26 GB/ 42 GB  119 MB/s   2m14s[K[?25h[?2026l[?2026h[?25l[A[1Gpulling manifest [K
pulling 4824460d29f2:  62% ▕███████████       ▏  26 GB/ 42 GB  119 MB/s   2m14s[K[?25h[?2026l[?2026h[?25l[A[1Gpulling manifest [K
pulling 4824460d29f2:  62% ▕███████████       ▏  26 GB/ 42 GB  119 MB/s   2m14s[K[?25h[?2026l[?2026h[?25l[A[1Gpulling manifest [K
pulling 4824460d29f2:  62% ▕███████████       ▏  26 GB/ 42 GB  119 MB/s   2m14s[K[?25h[?2026l[?2026h[?25l[A[1Gpulling manifest [K
pulling 4824460d29f2:  62% ▕███████████       ▏  26 GB/ 42 GB  119 MB/s   2m14s[K[?25h[?2026l[?2026h[?25l[A[1Gpulling manifest [K
pulling 4824460d29f2:  62% ▕███████████       ▏  26 GB/ 42 GB  119 MB/s   2m14s[K[?25h[?2026l[?2026h[?25l[A[1Gpulling manifest [K
pulling 4824460d29f2:  62% ▕███████████       ▏  26 GB/ 42 GB  119 MB/s   2m14s[K[?25h[?2026l[?2026h[?25l[A[1Gpulling manifest [K
pulling 4824460d29f2:  62% ▕███████████       ▏  26 GB/ 42 GB  119 MB/s   2m14s[K[?25h[?2026l[?2026h[?25l[A[1Gpulling manifest [K
pulling 4824460d29f2:  62% ▕███████████       ▏  26 GB/ 42 GB  119 MB/s   2m13s[K[?25h[?2026l[?2026h[?25l[A[1Gpulling manifest [K
pulling 4824460d29f2:  62% ▕███████████       ▏  26 GB/ 42 GB  119 MB/s   2m13s[K[?25h[?2026l[?2026h[?25l[A[1Gpulling manifest [K
pulling 4824460d29f2:  62% ▕███████████       ▏  26 GB/ 42 GB  119 MB/s   2m13s[K[?25h[?2026l[?2026h[?25l[A[1Gpulling manifest [K
pulling 4824460d29f2:  62% ▕███████████       ▏  26 GB/ 42 GB  119 MB/s   2m13s[K[?25h[?2026l[?2026h[?25l[A[1Gpulling manifest [K
pulling 4824460d29f2:  62% ▕███████████       ▏  26 GB/ 42 GB  119 MB/s   2m13s[K[?25h[?2026l[?2026h[?25l[A[1Gpulling manifest [K
pulling 4824460d29f2:  63% ▕███████████       ▏  26 GB/ 42 GB  119 MB/s   2m13s[K[?25h[?2026l[?2026h[?25l[A[1Gpulling manifest [K
pulling 4824460d29f2:  63% ▕███████████       ▏  26 GB/ 42 GB  119 MB/s   2m13s[K[?25h[?2026l[?2026h[?25l[A[1Gpulling manifest [K
pulling 4824460d29f2:  63% ▕███████████       ▏  26 GB/ 42 GB  119 MB/s   2m13s[K[?25h[?2026l[?2026h[?25l[A[1Gpulling manifest [K
pulling 4824460d29f2:  63% ▕███████████       ▏  26 GB/ 42 GB  119 MB/s   2m12s[K[?25h[?2026l[?2026h[?25l[A[1Gpulling manifest [K
pulling 4824460d29f2:  63% ▕███████████       ▏  26 GB/ 42 GB  119 MB/s   2m12s[K[?25h[?2026l[?2026h[?25l[A[1Gpulling manifest [K
pulling 4824460d29f2:  63% ▕███████████       ▏  26 GB/ 42 GB  119 MB/s   2m12s[K[?25h[?2026l[?2026h[?25l[A[1Gpulling manifest [K
pulling 4824460d29f2:  63% ▕███████████       ▏  26 GB/ 42 GB  119 MB/s   2m12s[K[?25h[?2026l[?2026h[?25l[A[1Gpulling manifest [K
pulling 4824460d29f2:  63% ▕███████████       ▏  26 GB/ 42 GB  119 MB/s   2m12s[K[?25h[?2026l[?2026h[?25l[A[1Gpulling manifest [K
pulling 4824460d29f2:  63% ▕███████████       ▏  26 GB/ 42 GB  119 MB/s   2m12s[K[?25h[?2026l[?2026h[?25l[A[1Gpulling manifest [K
pulling 4824460d29f2:  63% ▕███████████       ▏  26 GB/ 42 GB  119 MB/s   2m12s[K[?25h[?2026l[?2026h[?25l[A[1Gpulling manifest [K
pulling 4824460d29f2:  63% ▕███████████       ▏  26 GB/ 42 GB  119 MB/s   2m12s[K[?25h[?2026l[?2026h[?25l[A[1Gpulling manifest [K
pulling 4824460d29f2:  63% ▕███████████       ▏  26 GB/ 42 GB  119 MB/s   2m12s[K[?25h[?2026l[?2026h[?25l[A[1Gpulling manifest [K
pulling 4824460d29f2:  63% ▕███████████       ▏  26 GB/ 42 GB  119 MB/s   2m12s[K[?25h[?2026l[?2026h[?25l[A[1Gpulling manifest [K
pulling 4824460d29f2:  63% ▕███████████       ▏  26 GB/ 42 GB  119 MB/s   2m12s[K[?25h[?2026l[?2026h[?25l[A[1Gpulling manifest [K
pulling 4824460d29f2:  63% ▕███████████       ▏  26 GB/ 42 GB  119 MB/s   2m12s[K[?25h[?2026l[?2026h[?25l[A[1Gpulling manifest [K
pulling 4824460d29f2:  63% ▕███████████       ▏  26 GB/ 42 GB  119 MB/s   2m12s[K[?25h[?2026l[?2026h[?25l[A[1Gpulling manifest [K
pulling 4824460d29f2:  63% ▕███████████       ▏  26 GB/ 42 GB  119 MB/s   2m12s[K[?25h[?2026l[?2026h[?25l[A[1Gpulling manifest [K
pulling 4824460d29f2:  63% ▕███████████       ▏  26 GB/ 42 GB  119 MB/s   2m11s[K[?25h[?2026l[?2026h[?25l[A[1Gpulling manifest [K
pulling 4824460d29f2:  63% ▕███████████       ▏  26 GB/ 42 GB  119 MB/s   2m11s[K[?25h[?2026l[?2026h[?25l[A[1Gpulling manifest [K
pulling 4824460d29f2:  63% ▕███████████       ▏  26 GB/ 42 GB  119 MB/s   2m11s[K[?25h[?2026l[?2026h[?25l[A[1Gpulling manifest [K
pulling 4824460d29f2:  63% ▕███████████       ▏  26 GB/ 42 GB  119 MB/s   2m11s[K[?25h[?2026l[?2026h[?25l[A[1Gpulling manifest [K
pulling 4824460d29f2:  63% ▕███████████       ▏  26 GB/ 42 GB  119 MB/s   2m11s[K[?25h[?2026l[?2026h[?25l[A[1Gpulling manifest [K
pulling 4824460d29f2:  63% ▕███████████       ▏  26 GB/ 42 GB  119 MB/s   2m11s[K[?25h[?2026l[?2026h[?25l[A[1Gpulling manifest [K
pulling 4824460d29f2:  63% ▕███████████       ▏  26 GB/ 42 GB  119 MB/s   2m11s[K[?25h[?2026l[?2026h[?25l[A[1Gpulling manifest [K
pulling 4824460d29f2:  63% ▕███████████       ▏  26 GB/ 42 GB  119 MB/s   2m10s[K[?25h[?2026l[?2026h[?25l[A[1Gpulling manifest [K
pulling 4824460d29f2:  63% ▕███████████       ▏  26 GB/ 42 GB  119 MB/s   2m10s[K[?25h[?2026l[?2026h[?25l[A[1Gpulling manifest [K
pulling 4824460d29f2:  63% ▕███████████       ▏  26 GB/ 42 GB  119 MB/s   2m10s[K[?25h[?2026l[?2026h[?25l[A[1Gpulling manifest [K
pulling 4824460d29f2:  63% ▕███████████       ▏  26 GB/ 42 GB  119 MB/s   2m10s[K[?25h[?2026l[?2026h[?25l[A[1Gpulling manifest [K
pulling 4824460d29f2:  63% ▕███████████       ▏  26 GB/ 42 GB  119 MB/s   2m10s[K[?25h[?2026l[?2026h[?25l[A[1Gpulling manifest [K
pulling 4824460d29f2:  63% ▕███████████       ▏  26 GB/ 42 GB  119 MB/s   2m10s[K[?25h[?2026l[?2026h[?25l[A[1Gpulling manifest [K
pulling 4824460d29f2:  63% ▕███████████       ▏  26 GB/ 42 GB  119 MB/s   2m10s[K[?25h[?2026l[?2026h[?25l[A[1Gpulling manifest [K
pulling 4824460d29f2:  63% ▕███████████       ▏  26 GB/ 42 GB  119 MB/s   2m10s[K[?25h[?2026l[?2026h[?25l[A[1Gpulling manifest [K
pulling 4824460d29f2:  63% ▕███████████       ▏  26 GB/ 42 GB  119 MB/s   2m10s[K[?25h[?2026l[?2026h[?25l[A[1Gpulling manifest [K
pulling 4824460d29f2:  63% ▕███████████       ▏  26 GB/ 42 GB  119 MB/s   2m10s[K[?25h[?2026l[?2026h[?25l[A[1Gpulling manifest [K
pulling 4824460d29f2:  63% ▕███████████       ▏  26 GB/ 42 GB  119 MB/s   2m10s[K[?25h[?2026l[?2026h[?25l[A[1Gpulling manifest [K
pulling 4824460d29f2:  63% ▕███████████       ▏  26 GB/ 42 GB  119 MB/s   2m10s[K[?25h[?2026l[?2026h[?25l[A[1Gpulling manifest [K
pulling 4824460d29f2:  64% ▕███████████       ▏  27 GB/ 42 GB  119 MB/s    2m9s[K[?25h[?2026l[?2026h[?25l[A[1Gpulling manifest [K
pulling 4824460d29f2:  64% ▕███████████       ▏  27 GB/ 42 GB  119 MB/s    2m9s[K[?25h[?2026l[?2026h[?25l[A[1Gpulling manifest [K
pulling 4824460d29f2:  64% ▕███████████       ▏  27 GB/ 42 GB  119 MB/s    2m9s[K[?25h[?2026l[?2026h[?25l[A[1Gpulling manifest [K
pulling 4824460d29f2:  64% ▕███████████       ▏  27 GB/ 42 GB  119 MB/s    2m9s[K[?25h[?2026l[?2026h[?25l[A[1Gpulling manifest [K
pulling 4824460d29f2:  64% ▕███████████       ▏  27 GB/ 42 GB  119 MB/s    2m9s[K[?25h[?2026l[?2026h[?25l[A[1Gpulling manifest [K
pulling 4824460d29f2:  64% ▕███████████       ▏  27 GB/ 42 GB  119 MB/s    2m9s[K[?25h[?2026l[?2026h[?25l[A[1Gpulling manifest [K
pulling 4824460d29f2:  64% ▕███████████       ▏  27 GB/ 42 GB  119 MB/s    2m9s[K[?25h[?2026l[?2026h[?25l[A[1Gpulling manifest [K
pulling 4824460d29f2:  64% ▕███████████       ▏  27 GB/ 42 GB  119 MB/s    2m9s[K[?25h[?2026l[?2026h[?25l[A[1Gpulling manifest [K
pulling 4824460d29f2:  64% ▕███████████       ▏  27 GB/ 42 GB  119 MB/s    2m9s[K[?25h[?2026l[?2026h[?25l[A[1Gpulling manifest [K
pulling 4824460d29f2:  64% ▕███████████       ▏  27 GB/ 42 GB  119 MB/s    2m8s[K[?25h[?2026l[?2026h[?25l[A[1Gpulling manifest [K
pulling 4824460d29f2:  64% ▕███████████       ▏  27 GB/ 42 GB  119 MB/s    2m8s[K[?25h[?2026l[?2026h[?25l[A[1Gpulling manifest [K
pulling 4824460d29f2:  64% ▕███████████       ▏  27 GB/ 42 GB  119 MB/s    2m8s[K[?25h[?2026l[?2026h[?25l[A[1Gpulling manifest [K
pulling 4824460d29f2:  64% ▕███████████       ▏  27 GB/ 42 GB  119 MB/s    2m8s[K[?25h[?2026l[?2026h[?25l[A[1Gpulling manifest [K
pulling 4824460d29f2:  64% ▕███████████       ▏  27 GB/ 42 GB  119 MB/s    2m8s[K[?25h[?2026l[?2026h[?25l[A[1Gpulling manifest [K
pulling 4824460d29f2:  64% ▕███████████       ▏  27 GB/ 42 GB  119 MB/s    2m8s[K[?25h[?2026l[?2026h[?25l[A[1Gpulling manifest [K
pulling 4824460d29f2:  64% ▕███████████       ▏  27 GB/ 42 GB  119 MB/s    2m8s[K[?25h[?2026l[?2026h[?25l[A[1Gpulling manifest [K
pulling 4824460d29f2:  64% ▕███████████       ▏  27 GB/ 42 GB  119 MB/s    2m8s[K[?25h[?2026l[?2026h[?25l[A[1Gpulling manifest [K
pulling 4824460d29f2:  64% ▕███████████       ▏  27 GB/ 42 GB  119 MB/s    2m8s[K[?25h[?2026l[?2026h[?25l[A[1Gpulling manifest [K
pulling 4824460d29f2:  64% ▕███████████       ▏  27 GB/ 42 GB  119 MB/s    2m8s[K[?25h[?2026l[?2026h[?25l[A[1Gpulling manifest [K
pulling 4824460d29f2:  64% ▕███████████       ▏  27 GB/ 42 GB  119 MB/s    2m7s[K[?25h[?2026l[?2026h[?25l[A[1Gpulling manifest [K
pulling 4824460d29f2:  64% ▕███████████       ▏  27 GB/ 42 GB  119 MB/s    2m7s[K[?25h[?2026l[?2026h[?25l[A[1Gpulling manifest [K
pulling 4824460d29f2:  64% ▕███████████       ▏  27 GB/ 42 GB  119 MB/s    2m7s[K[?25h[?2026l[?2026h[?25l[A[1Gpulling manifest [K
pulling 4824460d29f2:  64% ▕███████████       ▏  27 GB/ 42 GB  119 MB/s    2m7s[K[?25h[?2026l[?2026h[?25l[A[1Gpulling manifest [K
pulling 4824460d29f2:  64% ▕███████████       ▏  27 GB/ 42 GB  119 MB/s    2m7s[K[?25h[?2026l[?2026h[?25l[A[1Gpulling manifest [K
pulling 4824460d29f2:  64% ▕███████████       ▏  27 GB/ 42 GB  119 MB/s    2m7s[K[?25h[?2026l[?2026h[?25l[A[1Gpulling manifest [K
pulling 4824460d29f2:  64% ▕███████████       ▏  27 GB/ 42 GB  119 MB/s    2m7s[K[?25h[?2026l[?2026h[?25l[A[1Gpulling manifest [K
pulling 4824460d29f2:  64% ▕███████████       ▏  27 GB/ 42 GB  119 MB/s    2m7s[K[?25h[?2026l[?2026h[?25l[A[1Gpulling manifest [K
pulling 4824460d29f2:  64% ▕███████████       ▏  27 GB/ 42 GB  119 MB/s    2m7s[K[?25h[?2026l[?2026h[?25l[A[1Gpulling manifest [K
pulling 4824460d29f2:  64% ▕███████████       ▏  27 GB/ 42 GB  119 MB/s    2m7s[K[?25h[?2026l[?2026h[?25l[A[1Gpulling manifest [K
pulling 4824460d29f2:  64% ▕███████████       ▏  27 GB/ 42 GB  119 MB/s    2m6s[K[?25h[?2026l[?2026h[?25l[A[1Gpulling manifest [K
pulling 4824460d29f2:  64% ▕███████████       ▏  27 GB/ 42 GB  119 MB/s    2m6s[K[?25h[?2026l[?2026h[?25l[A[1Gpulling manifest [K
pulling 4824460d29f2:  64% ▕███████████       ▏  27 GB/ 42 GB  119 MB/s    2m6s[K[?25h[?2026l[?2026h[?25l[A[1Gpulling manifest [K
pulling 4824460d29f2:  64% ▕███████████       ▏  27 GB/ 42 GB  119 MB/s    2m6s[K[?25h[?2026l[?2026h[?25l[A[1Gpulling manifest [K
pulling 4824460d29f2:  64% ▕███████████       ▏  27 GB/ 42 GB  119 MB/s    2m6s[K[?25h[?2026l[?2026h[?25l[A[1Gpulling manifest [K
pulling 4824460d29f2:  64% ▕███████████       ▏  27 GB/ 42 GB  119 MB/s    2m6s[K[?25h[?2026l[?2026h[?25l[A[1Gpulling manifest [K
pulling 4824460d29f2:  64% ▕███████████       ▏  27 GB/ 42 GB  119 MB/s    2m6s[K[?25h[?2026l[?2026h[?25l[A[1Gpulling manifest [K
pulling 4824460d29f2:  65% ▕███████████       ▏  27 GB/ 42 GB  119 MB/s    2m6s[K[?25h[?2026l[?2026h[?25l[A[1Gpulling manifest [K
pulling 4824460d29f2:  65% ▕███████████       ▏  27 GB/ 42 GB  119 MB/s    2m6s[K[?25h[?2026l[?2026h[?25l[A[1Gpulling manifest [K
pulling 4824460d29f2:  65% ▕███████████       ▏  27 GB/ 42 GB  119 MB/s    2m6s[K[?25h[?2026l[?2026h[?25l[A[1Gpulling manifest [K
pulling 4824460d29f2:  65% ▕███████████       ▏  27 GB/ 42 GB  119 MB/s    2m6s[K[?25h[?2026l[?2026h[?25l[A[1Gpulling manifest [K
pulling 4824460d29f2:  65% ▕███████████       ▏  27 GB/ 42 GB  119 MB/s    2m6s[K[?25h[?2026l[?2026h[?25l[A[1Gpulling manifest [K
pulling 4824460d29f2:  65% ▕███████████       ▏  27 GB/ 42 GB  119 MB/s    2m5s[K[?25h[?2026l[?2026h[?25l[A[1Gpulling manifest [K
pulling 4824460d29f2:  65% ▕███████████       ▏  27 GB/ 42 GB  119 MB/s    2m5s[K[?25h[?2026l[?2026h[?25l[A[1Gpulling manifest [K
pulling 4824460d29f2:  65% ▕███████████       ▏  27 GB/ 42 GB  119 MB/s    2m5s[K[?25h[?2026l[?2026h[?25l[A[1Gpulling manifest [K
pulling 4824460d29f2:  65% ▕███████████       ▏  27 GB/ 42 GB  119 MB/s    2m5s[K[?25h[?2026l[?2026h[?25l[A[1Gpulling manifest [K
pulling 4824460d29f2:  65% ▕███████████       ▏  27 GB/ 42 GB  119 MB/s    2m5s[K[?25h[?2026l[?2026h[?25l[A[1Gpulling manifest [K
pulling 4824460d29f2:  65% ▕███████████       ▏  27 GB/ 42 GB  119 MB/s    2m5s[K[?25h[?2026l[?2026h[?25l[A[1Gpulling manifest [K
pulling 4824460d29f2:  65% ▕███████████       ▏  27 GB/ 42 GB  119 MB/s    2m5s[K[?25h[?2026l[?2026h[?25l[A[1Gpulling manifest [K
pulling 4824460d29f2:  65% ▕███████████       ▏  27 GB/ 42 GB  119 MB/s    2m5s[K[?25h[?2026l[?2026h[?25l[A[1Gpulling manifest [K
pulling 4824460d29f2:  65% ▕███████████       ▏  27 GB/ 42 GB  119 MB/s    2m4s[K[?25h[?2026l[?2026h[?25l[A[1Gpulling manifest [K
pulling 4824460d29f2:  65% ▕███████████       ▏  27 GB/ 42 GB  119 MB/s    2m4s[K[?25h[?2026l[?2026h[?25l[A[1Gpulling manifest [K
pulling 4824460d29f2:  65% ▕███████████       ▏  27 GB/ 42 GB  119 MB/s    2m4s[K[?25h[?2026l[?2026h[?25l[A[1Gpulling manifest [K
pulling 4824460d29f2:  65% ▕███████████       ▏  27 GB/ 42 GB  119 MB/s    2m4s[K[?25h[?2026l[?2026h[?25l[A[1Gpulling manifest [K
pulling 4824460d29f2:  65% ▕███████████       ▏  27 GB/ 42 GB  119 MB/s    2m4s[K[?25h[?2026l[?2026h[?25l[A[1Gpulling manifest [K
pulling 4824460d29f2:  65% ▕███████████       ▏  27 GB/ 42 GB  119 MB/s    2m4s[K[?25h[?2026l[?2026h[?25l[A[1Gpulling manifest [K
pulling 4824460d29f2:  65% ▕███████████       ▏  27 GB/ 42 GB  119 MB/s    2m4s[K[?25h[?2026l[?2026h[?25l[A[1Gpulling manifest [K
pulling 4824460d29f2:  65% ▕███████████       ▏  27 GB/ 42 GB  119 MB/s    2m4s[K[?25h[?2026l[?2026h[?25l[A[1Gpulling manifest [K
pulling 4824460d29f2:  65% ▕███████████       ▏  27 GB/ 42 GB  119 MB/s    2m4s[K[?25h[?2026l[?2026h[?25l[A[1Gpulling manifest [K
pulling 4824460d29f2:  65% ▕███████████       ▏  27 GB/ 42 GB  119 MB/s    2m4s[K[?25h[?2026l[?2026h[?25l[A[1Gpulling manifest [K
pulling 4824460d29f2:  65% ▕███████████       ▏  27 GB/ 42 GB  119 MB/s    2m4s[K[?25h[?2026l[?2026h[?25l[A[1Gpulling manifest [K
pulling 4824460d29f2:  65% ▕███████████       ▏  27 GB/ 42 GB  119 MB/s    2m3s[K[?25h[?2026l[?2026h[?25l[A[1Gpulling manifest [K
pulling 4824460d29f2:  65% ▕███████████       ▏  27 GB/ 42 GB  119 MB/s    2m3s[K[?25h[?2026l[?2026h[?25l[A[1Gpulling manifest [K
pulling 4824460d29f2:  65% ▕███████████       ▏  27 GB/ 42 GB  119 MB/s    2m3s[K[?25h[?2026l[?2026h[?25l[A[1Gpulling manifest [K
pulling 4824460d29f2:  65% ▕███████████       ▏  27 GB/ 42 GB  119 MB/s    2m3s[K[?25h[?2026l[?2026h[?25l[A[1Gpulling manifest [K
pulling 4824460d29f2:  65% ▕███████████       ▏  27 GB/ 42 GB  119 MB/s    2m3s[K[?25h[?2026l[?2026h[?25l[A[1Gpulling manifest [K
pulling 4824460d29f2:  65% ▕███████████       ▏  27 GB/ 42 GB  119 MB/s    2m3s[K[?25h[?2026l[?2026h[?25l[A[1Gpulling manifest [K
pulling 4824460d29f2:  65% ▕███████████       ▏  27 GB/ 42 GB  119 MB/s    2m3s[K[?25h[?2026l[?2026h[?25l[A[1Gpulling manifest [K
pulling 4824460d29f2:  65% ▕███████████       ▏  27 GB/ 42 GB  119 MB/s    2m3s[K[?25h[?2026l[?2026h[?25l[A[1Gpulling manifest [K
pulling 4824460d29f2:  65% ▕███████████       ▏  27 GB/ 42 GB  119 MB/s    2m3s[K[?25h[?2026l[?2026h[?25l[A[1Gpulling manifest [K
pulling 4824460d29f2:  65% ▕███████████       ▏  27 GB/ 42 GB  119 MB/s    2m3s[K[?25h[?2026l[?2026h[?25l[A[1Gpulling manifest [K
pulling 4824460d29f2:  65% ▕███████████       ▏  27 GB/ 42 GB  119 MB/s    2m3s[K[?25h[?2026l[?2026h[?25l[A[1Gpulling manifest [K
pulling 4824460d29f2:  65% ▕███████████       ▏  27 GB/ 42 GB  119 MB/s    2m2s[K[?25h[?2026l[?2026h[?25l[A[1Gpulling manifest [K
pulling 4824460d29f2:  66% ▕███████████       ▏  27 GB/ 42 GB  119 MB/s    2m2s[K[?25h[?2026l[?2026h[?25l[A[1Gpulling manifest [K
pulling 4824460d29f2:  66% ▕███████████       ▏  27 GB/ 42 GB  119 MB/s    2m2s[K[?25h[?2026l[?2026h[?25l[A[1Gpulling manifest [K
pulling 4824460d29f2:  66% ▕███████████       ▏  27 GB/ 42 GB  119 MB/s    2m2s[K[?25h[?2026l[?2026h[?25l[A[1Gpulling manifest [K
pulling 4824460d29f2:  66% ▕███████████       ▏  27 GB/ 42 GB  119 MB/s    2m2s[K[?25h[?2026l[?2026h[?25l[A[1Gpulling manifest [K
pulling 4824460d29f2:  66% ▕███████████       ▏  27 GB/ 42 GB  119 MB/s    2m2s[K[?25h[?2026l[?2026h[?25l[A[1Gpulling manifest [K
pulling 4824460d29f2:  66% ▕███████████       ▏  27 GB/ 42 GB  119 MB/s    2m2s[K[?25h[?2026l[?2026h[?25l[A[1Gpulling manifest [K
pulling 4824460d29f2:  66% ▕███████████       ▏  27 GB/ 42 GB  119 MB/s    2m2s[K[?25h[?2026l[?2026h[?25l[A[1Gpulling manifest [K
pulling 4824460d29f2:  66% ▕███████████       ▏  27 GB/ 42 GB  119 MB/s    2m2s[K[?25h[?2026l[?2026h[?25l[A[1Gpulling manifest [K
pulling 4824460d29f2:  66% ▕███████████       ▏  27 GB/ 42 GB  119 MB/s    2m2s[K[?25h[?2026l[?2026h[?25l[A[1Gpulling manifest [K
pulling 4824460d29f2:  66% ▕███████████       ▏  27 GB/ 42 GB  119 MB/s    2m2s[K[?25h[?2026l[?2026h[?25l[A[1Gpulling manifest [K
pulling 4824460d29f2:  66% ▕███████████       ▏  27 GB/ 42 GB  119 MB/s    2m2s[K[?25h[?2026l[?2026h[?25l[A[1Gpulling manifest [K
pulling 4824460d29f2:  66% ▕███████████       ▏  27 GB/ 42 GB  119 MB/s    2m1s[K[?25h[?2026l[?2026h[?25l[A[1Gpulling manifest [K
pulling 4824460d29f2:  66% ▕███████████       ▏  27 GB/ 42 GB  119 MB/s    2m1s[K[?25h[?2026l[?2026h[?25l[A[1Gpulling manifest [K
pulling 4824460d29f2:  66% ▕███████████       ▏  28 GB/ 42 GB  119 MB/s    2m1s[K[?25h[?2026l[?2026h[?25l[A[1Gpulling manifest [K
pulling 4824460d29f2:  66% ▕███████████       ▏  28 GB/ 42 GB  119 MB/s    2m1s[K[?25h[?2026l[?2026h[?25l[A[1Gpulling manifest [K
pulling 4824460d29f2:  66% ▕███████████       ▏  28 GB/ 42 GB  119 MB/s    2m1s[K[?25h[?2026l[?2026h[?25l[A[1Gpulling manifest [K
pulling 4824460d29f2:  66% ▕███████████       ▏  28 GB/ 42 GB  119 MB/s    2m1s[K[?25h[?2026l[?2026h[?25l[A[1Gpulling manifest [K
pulling 4824460d29f2:  66% ▕███████████       ▏  28 GB/ 42 GB  119 MB/s    2m1s[K[?25h[?2026l[?2026h[?25l[A[1Gpulling manifest [K
pulling 4824460d29f2:  66% ▕███████████       ▏  28 GB/ 42 GB  119 MB/s    2m0s[K[?25h[?2026l[?2026h[?25l[A[1Gpulling manifest [K
pulling 4824460d29f2:  66% ▕███████████       ▏  28 GB/ 42 GB  119 MB/s    2m0s[K[?25h[?2026l[?2026h[?25l[A[1Gpulling manifest [K
pulling 4824460d29f2:  66% ▕███████████       ▏  28 GB/ 42 GB  119 MB/s    2m0s[K[?25h[?2026l[?2026h[?25l[A[1Gpulling manifest [K
pulling 4824460d29f2:  66% ▕███████████       ▏  28 GB/ 42 GB  119 MB/s    2m0s[K[?25h[?2026l[?2026h[?25l[A[1Gpulling manifest [K
pulling 4824460d29f2:  66% ▕███████████       ▏  28 GB/ 42 GB  119 MB/s    2m0s[K[?25h[?2026l[?2026h[?25l[A[1Gpulling manifest [K
pulling 4824460d29f2:  66% ▕███████████       ▏  28 GB/ 42 GB  119 MB/s    2m0s[K[?25h[?2026l[?2026h[?25l[A[1Gpulling manifest [K
pulling 4824460d29f2:  66% ▕███████████       ▏  28 GB/ 42 GB  119 MB/s    2m0s[K[?25h[?2026l[?2026h[?25l[A[1Gpulling manifest [K
pulling 4824460d29f2:  66% ▕███████████       ▏  28 GB/ 42 GB  119 MB/s    2m0s[K[?25h[?2026l[?2026h[?25l[A[1Gpulling manifest [K
pulling 4824460d29f2:  66% ▕███████████       ▏  28 GB/ 42 GB  119 MB/s    2m0s[K[?25h[?2026l[?2026h[?25l[A[1Gpulling manifest [K
pulling 4824460d29f2:  66% ▕███████████       ▏  28 GB/ 42 GB  119 MB/s    2m0s[K[?25h[?2026l[?2026h[?25l[A[1Gpulling manifest [K
pulling 4824460d29f2:  66% ▕███████████       ▏  28 GB/ 42 GB  119 MB/s    2m0s[K[?25h[?2026l[?2026h[?25l[A[1Gpulling manifest [K
pulling 4824460d29f2:  66% ▕███████████       ▏  28 GB/ 42 GB  119 MB/s    2m0s[K[?25h[?2026l[?2026h[?25l[A[1Gpulling manifest [K
pulling 4824460d29f2:  66% ▕███████████       ▏  28 GB/ 42 GB  119 MB/s   1m59s[K[?25h[?2026l[?2026h[?25l[A[1Gpulling manifest [K
pulling 4824460d29f2:  66% ▕███████████       ▏  28 GB/ 42 GB  119 MB/s   1m59s[K[?25h[?2026l[?2026h[?25l[A[1Gpulling manifest [K
pulling 4824460d29f2:  66% ▕███████████       ▏  28 GB/ 42 GB  119 MB/s   1m59s[K[?25h[?2026l[?2026h[?25l[A[1Gpulling manifest [K
pulling 4824460d29f2:  66% ▕███████████       ▏  28 GB/ 42 GB  119 MB/s   1m59s[K[?25h[?2026l[?2026h[?25l[A[1Gpulling manifest [K
pulling 4824460d29f2:  66% ▕███████████       ▏  28 GB/ 42 GB  119 MB/s   1m59s[K[?25h[?2026l[?2026h[?25l[A[1Gpulling manifest [K
pulling 4824460d29f2:  66% ▕███████████       ▏  28 GB/ 42 GB  119 MB/s   1m59s[K[?25h[?2026l[?2026h[?25l[A[1Gpulling manifest [K
pulling 4824460d29f2:  66% ▕███████████       ▏  28 GB/ 42 GB  119 MB/s   1m59s[K[?25h[?2026l[?2026h[?25l[A[1Gpulling manifest [K
pulling 4824460d29f2:  67% ▕███████████       ▏  28 GB/ 42 GB  119 MB/s   1m59s[K[?25h[?2026l[?2026h[?25l[A[1Gpulling manifest [K
pulling 4824460d29f2:  67% ▕███████████       ▏  28 GB/ 42 GB  119 MB/s   1m59s[K[?25h[?2026l[?2026h[?25l[A[1Gpulling manifest [K
pulling 4824460d29f2:  67% ▕███████████       ▏  28 GB/ 42 GB  119 MB/s   1m59s[K[?25h[?2026l[?2026h[?25l[A[1Gpulling manifest [K
pulling 4824460d29f2:  67% ▕███████████       ▏  28 GB/ 42 GB  119 MB/s   1m58s[K[?25h[?2026l[?2026h[?25l[A[1Gpulling manifest [K
pulling 4824460d29f2:  67% ▕███████████       ▏  28 GB/ 42 GB  119 MB/s   1m58s[K[?25h[?2026l[?2026h[?25l[A[1Gpulling manifest [K
pulling 4824460d29f2:  67% ▕███████████       ▏  28 GB/ 42 GB  119 MB/s   1m58s[K[?25h[?2026l[?2026h[?25l[A[1Gpulling manifest [K
pulling 4824460d29f2:  67% ▕████████████      ▏  28 GB/ 42 GB  119 MB/s   1m58s[K[?25h[?2026l[?2026h[?25l[A[1Gpulling manifest [K
pulling 4824460d29f2:  67% ▕████████████      ▏  28 GB/ 42 GB  119 MB/s   1m58s[K[?25h[?2026l[?2026h[?25l[A[1Gpulling manifest [K
pulling 4824460d29f2:  67% ▕████████████      ▏  28 GB/ 42 GB  119 MB/s   1m58s[K[?25h[?2026l[?2026h[?25l[A[1Gpulling manifest [K
pulling 4824460d29f2:  67% ▕████████████      ▏  28 GB/ 42 GB  119 MB/s   1m58s[K[?25h[?2026l[?2026h[?25l[A[1Gpulling manifest [K
pulling 4824460d29f2:  67% ▕████████████      ▏  28 GB/ 42 GB  119 MB/s   1m58s[K[?25h[?2026l[?2026h[?25l[A[1Gpulling manifest [K
pulling 4824460d29f2:  67% ▕████████████      ▏  28 GB/ 42 GB  119 MB/s   1m58s[K[?25h[?2026l[?2026h[?25l[A[1Gpulling manifest [K
pulling 4824460d29f2:  67% ▕████████████      ▏  28 GB/ 42 GB  119 MB/s   1m58s[K[?25h[?2026l[?2026h[?25l[A[1Gpulling manifest [K
pulling 4824460d29f2:  67% ▕████████████      ▏  28 GB/ 42 GB  119 MB/s   1m58s[K[?25h[?2026l[?2026h[?25l[A[1Gpulling manifest [K
pulling 4824460d29f2:  67% ▕████████████      ▏  28 GB/ 42 GB  119 MB/s   1m57s[K[?25h[?2026l[?2026h[?25l[A[1Gpulling manifest [K
pulling 4824460d29f2:  67% ▕████████████      ▏  28 GB/ 42 GB  119 MB/s   1m57s[K[?25h[?2026l[?2026h[?25l[A[1Gpulling manifest [K
pulling 4824460d29f2:  67% ▕████████████      ▏  28 GB/ 42 GB  119 MB/s   1m57s[K[?25h[?2026l[?2026h[?25l[A[1Gpulling manifest [K
pulling 4824460d29f2:  67% ▕████████████      ▏  28 GB/ 42 GB  119 MB/s   1m57s[K[?25h[?2026l[?2026h[?25l[A[1Gpulling manifest [K
pulling 4824460d29f2:  67% ▕████████████      ▏  28 GB/ 42 GB  119 MB/s   1m57s[K[?25h[?2026l[?2026h[?25l[A[1Gpulling manifest [K
pulling 4824460d29f2:  67% ▕████████████      ▏  28 GB/ 42 GB  119 MB/s   1m57s[K[?25h[?2026l[?2026h[?25l[A[1Gpulling manifest [K
pulling 4824460d29f2:  67% ▕████████████      ▏  28 GB/ 42 GB  119 MB/s   1m57s[K[?25h[?2026l[?2026h[?25l[A[1Gpulling manifest [K
pulling 4824460d29f2:  67% ▕████████████      ▏  28 GB/ 42 GB  119 MB/s   1m57s[K[?25h[?2026l[?2026h[?25l[A[1Gpulling manifest [K
pulling 4824460d29f2:  67% ▕████████████      ▏  28 GB/ 42 GB  119 MB/s   1m56s[K[?25h[?2026l[?2026h[?25l[A[1Gpulling manifest [K
pulling 4824460d29f2:  67% ▕████████████      ▏  28 GB/ 42 GB  119 MB/s   1m56s[K[?25h[?2026l[?2026h[?25l[A[1Gpulling manifest [K
pulling 4824460d29f2:  67% ▕████████████      ▏  28 GB/ 42 GB  119 MB/s   1m56s[K[?25h[?2026l[?2026h[?25l[A[1Gpulling manifest [K
pulling 4824460d29f2:  67% ▕████████████      ▏  28 GB/ 42 GB  119 MB/s   1m56s[K[?25h[?2026l[?2026h[?25l[A[1Gpulling manifest [K
pulling 4824460d29f2:  67% ▕████████████      ▏  28 GB/ 42 GB  119 MB/s   1m56s[K[?25h[?2026l[?2026h[?25l[A[1Gpulling manifest [K
pulling 4824460d29f2:  67% ▕████████████      ▏  28 GB/ 42 GB  119 MB/s   1m56s[K[?25h[?2026l[?2026h[?25l[A[1Gpulling manifest [K
pulling 4824460d29f2:  67% ▕████████████      ▏  28 GB/ 42 GB  119 MB/s   1m56s[K[?25h[?2026l[?2026h[?25l[A[1Gpulling manifest [K
pulling 4824460d29f2:  67% ▕████████████      ▏  28 GB/ 42 GB  119 MB/s   1m56s[K[?25h[?2026l[?2026h[?25l[A[1Gpulling manifest [K
pulling 4824460d29f2:  67% ▕████████████      ▏  28 GB/ 42 GB  119 MB/s   1m56s[K[?25h[?2026l[?2026h[?25l[A[1Gpulling manifest [K
pulling 4824460d29f2:  67% ▕████████████      ▏  28 GB/ 42 GB  119 MB/s   1m56s[K[?25h[?2026l[?2026h[?25l[A[1Gpulling manifest [K
pulling 4824460d29f2:  67% ▕████████████      ▏  28 GB/ 42 GB  119 MB/s   1m56s[K[?25h[?2026l[?2026h[?25l[A[1Gpulling manifest [K
pulling 4824460d29f2:  67% ▕████████████      ▏  28 GB/ 42 GB  119 MB/s   1m56s[K[?25h[?2026l[?2026h[?25l[A[1Gpulling manifest [K
pulling 4824460d29f2:  67% ▕████████████      ▏  28 GB/ 42 GB  119 MB/s   1m55s[K[?25h[?2026l[?2026h[?25l[A[1Gpulling manifest [K
pulling 4824460d29f2:  67% ▕████████████      ▏  28 GB/ 42 GB  119 MB/s   1m55s[K[?25h[?2026l[?2026h[?25l[A[1Gpulling manifest [K
pulling 4824460d29f2:  68% ▕████████████      ▏  28 GB/ 42 GB  119 MB/s   1m55s[K[?25h[?2026l[?2026h[?25l[A[1Gpulling manifest [K
pulling 4824460d29f2:  68% ▕████████████      ▏  28 GB/ 42 GB  119 MB/s   1m55s[K[?25h[?2026l[?2026h[?25l[A[1Gpulling manifest [K
pulling 4824460d29f2:  68% ▕████████████      ▏  28 GB/ 42 GB  119 MB/s   1m55s[K[?25h[?2026l[?2026h[?25l[A[1Gpulling manifest [K
pulling 4824460d29f2:  68% ▕████████████      ▏  28 GB/ 42 GB  119 MB/s   1m55s[K[?25h[?2026l[?2026h[?25l[A[1Gpulling manifest [K
pulling 4824460d29f2:  68% ▕████████████      ▏  28 GB/ 42 GB  119 MB/s   1m55s[K[?25h[?2026l[?2026h[?25l[A[1Gpulling manifest [K
pulling 4824460d29f2:  68% ▕████████████      ▏  28 GB/ 42 GB  119 MB/s   1m55s[K[?25h[?2026l[?2026h[?25l[A[1Gpulling manifest [K
pulling 4824460d29f2:  68% ▕████████████      ▏  28 GB/ 42 GB  119 MB/s   1m55s[K[?25h[?2026l[?2026h[?25l[A[1Gpulling manifest [K
pulling 4824460d29f2:  68% ▕████████████      ▏  28 GB/ 42 GB  119 MB/s   1m55s[K[?25h[?2026l[?2026h[?25l[A[1Gpulling manifest [K
pulling 4824460d29f2:  68% ▕████████████      ▏  28 GB/ 42 GB  119 MB/s   1m54s[K[?25h[?2026l[?2026h[?25l[A[1Gpulling manifest [K
pulling 4824460d29f2:  68% ▕████████████      ▏  28 GB/ 42 GB  119 MB/s   1m54s[K[?25h[?2026l[?2026h[?25l[A[1Gpulling manifest [K
pulling 4824460d29f2:  68% ▕████████████      ▏  28 GB/ 42 GB  119 MB/s   1m54s[K[?25h[?2026l[?2026h[?25l[A[1Gpulling manifest [K
pulling 4824460d29f2:  68% ▕████████████      ▏  28 GB/ 42 GB  119 MB/s   1m54s[K[?25h[?2026l[?2026h[?25l[A[1Gpulling manifest [K
pulling 4824460d29f2:  68% ▕████████████      ▏  28 GB/ 42 GB  119 MB/s   1m54s[K[?25h[?2026l[?2026h[?25l[A[1Gpulling manifest [K
pulling 4824460d29f2:  68% ▕████████████      ▏  28 GB/ 42 GB  119 MB/s   1m54s[K[?25h[?2026l[?2026h[?25l[A[1Gpulling manifest [K
pulling 4824460d29f2:  68% ▕████████████      ▏  28 GB/ 42 GB  119 MB/s   1m54s[K[?25h[?2026l[?2026h[?25l[A[1Gpulling manifest [K
pulling 4824460d29f2:  68% ▕████████████      ▏  28 GB/ 42 GB  119 MB/s   1m54s[K[?25h[?2026l[?2026h[?25l[A[1Gpulling manifest [K
pulling 4824460d29f2:  68% ▕████████████      ▏  28 GB/ 42 GB  119 MB/s   1m54s[K[?25h[?2026l[?2026h[?25l[A[1Gpulling manifest [K
pulling 4824460d29f2:  68% ▕████████████      ▏  28 GB/ 42 GB  119 MB/s   1m53s[K[?25h[?2026l[?2026h[?25l[A[1Gpulling manifest [K
pulling 4824460d29f2:  68% ▕████████████      ▏  28 GB/ 42 GB  119 MB/s   1m53s[K[?25h[?2026l[?2026h[?25l[A[1Gpulling manifest [K
pulling 4824460d29f2:  68% ▕████████████      ▏  28 GB/ 42 GB  119 MB/s   1m53s[K[?25h[?2026l[?2026h[?25l[A[1Gpulling manifest [K
pulling 4824460d29f2:  68% ▕████████████      ▏  28 GB/ 42 GB  119 MB/s   1m53s[K[?25h[?2026l[?2026h[?25l[A[1Gpulling manifest [K
pulling 4824460d29f2:  68% ▕████████████      ▏  28 GB/ 42 GB  119 MB/s   1m53s[K[?25h[?2026l[?2026h[?25l[A[1Gpulling manifest [K
pulling 4824460d29f2:  68% ▕████████████      ▏  28 GB/ 42 GB  119 MB/s   1m53s[K[?25h[?2026l[?2026h[?25l[A[1Gpulling manifest [K
pulling 4824460d29f2:  68% ▕████████████      ▏  28 GB/ 42 GB  119 MB/s   1m53s[K[?25h[?2026l[?2026h[?25l[A[1Gpulling manifest [K
pulling 4824460d29f2:  68% ▕████████████      ▏  28 GB/ 42 GB  119 MB/s   1m53s[K[?25h[?2026l[?2026h[?25l[A[1Gpulling manifest [K
pulling 4824460d29f2:  68% ▕████████████      ▏  28 GB/ 42 GB  119 MB/s   1m53s[K[?25h[?2026l[?2026h[?25l[A[1Gpulling manifest [K
pulling 4824460d29f2:  68% ▕████████████      ▏  29 GB/ 42 GB  119 MB/s   1m53s[K[?25h[?2026l[?2026h[?25l[A[1Gpulling manifest [K
pulling 4824460d29f2:  68% ▕████████████      ▏  29 GB/ 42 GB  119 MB/s   1m53s[K[?25h[?2026l[?2026h[?25l[A[1Gpulling manifest [K
pulling 4824460d29f2:  68% ▕████████████      ▏  29 GB/ 42 GB  119 MB/s   1m52s[K[?25h[?2026l[?2026h[?25l[A[1Gpulling manifest [K
pulling 4824460d29f2:  68% ▕████████████      ▏  29 GB/ 42 GB  119 MB/s   1m52s[K[?25h[?2026l[?2026h[?25l[A[1Gpulling manifest [K
pulling 4824460d29f2:  68% ▕████████████      ▏  29 GB/ 42 GB  119 MB/s   1m52s[K[?25h[?2026l[?2026h[?25l[A[1Gpulling manifest [K
pulling 4824460d29f2:  68% ▕████████████      ▏  29 GB/ 42 GB  119 MB/s   1m52s[K[?25h[?2026l[?2026h[?25l[A[1Gpulling manifest [K
pulling 4824460d29f2:  68% ▕████████████      ▏  29 GB/ 42 GB  119 MB/s   1m52s[K[?25h[?2026l[?2026h[?25l[A[1Gpulling manifest [K
pulling 4824460d29f2:  68% ▕████████████      ▏  29 GB/ 42 GB  119 MB/s   1m52s[K[?25h[?2026l[?2026h[?25l[A[1Gpulling manifest [K
pulling 4824460d29f2:  68% ▕████████████      ▏  29 GB/ 42 GB  119 MB/s   1m52s[K[?25h[?2026l[?2026h[?25l[A[1Gpulling manifest [K
pulling 4824460d29f2:  68% ▕████████████      ▏  29 GB/ 42 GB  119 MB/s   1m52s[K[?25h[?2026l[?2026h[?25l[A[1Gpulling manifest [K
pulling 4824460d29f2:  68% ▕████████████      ▏  29 GB/ 42 GB  119 MB/s   1m52s[K[?25h[?2026l[?2026h[?25l[A[1Gpulling manifest [K
pulling 4824460d29f2:  69% ▕████████████      ▏  29 GB/ 42 GB  119 MB/s   1m52s[K[?25h[?2026l[?2026h[?25l[A[1Gpulling manifest [K
pulling 4824460d29f2:  69% ▕████████████      ▏  29 GB/ 42 GB  119 MB/s   1m51s[K[?25h[?2026l[?2026h[?25l[A[1Gpulling manifest [K
pulling 4824460d29f2:  69% ▕████████████      ▏  29 GB/ 42 GB  119 MB/s   1m51s[K[?25h[?2026l[?2026h[?25l[A[1Gpulling manifest [K
pulling 4824460d29f2:  69% ▕████████████      ▏  29 GB/ 42 GB  119 MB/s   1m51s[K[?25h[?2026l[?2026h[?25l[A[1Gpulling manifest [K
pulling 4824460d29f2:  69% ▕████████████      ▏  29 GB/ 42 GB  119 MB/s   1m51s[K[?25h[?2026l[?2026h[?25l[A[1Gpulling manifest [K
pulling 4824460d29f2:  69% ▕████████████      ▏  29 GB/ 42 GB  119 MB/s   1m51s[K[?25h[?2026l[?2026h[?25l[A[1Gpulling manifest [K
pulling 4824460d29f2:  69% ▕████████████      ▏  29 GB/ 42 GB  119 MB/s   1m51s[K[?25h[?2026l[?2026h[?25l[A[1Gpulling manifest [K
pulling 4824460d29f2:  69% ▕████████████      ▏  29 GB/ 42 GB  119 MB/s   1m51s[K[?25h[?2026l[?2026h[?25l[A[1Gpulling manifest [K
pulling 4824460d29f2:  69% ▕████████████      ▏  29 GB/ 42 GB  119 MB/s   1m51s[K[?25h[?2026l[?2026h[?25l[A[1Gpulling manifest [K
pulling 4824460d29f2:  69% ▕████████████      ▏  29 GB/ 42 GB  119 MB/s   1m51s[K[?25h[?2026l[?2026h[?25l[A[1Gpulling manifest [K
pulling 4824460d29f2:  69% ▕████████████      ▏  29 GB/ 42 GB  119 MB/s   1m50s[K[?25h[?2026l[?2026h[?25l[A[1Gpulling manifest [K
pulling 4824460d29f2:  69% ▕████████████      ▏  29 GB/ 42 GB  119 MB/s   1m50s[K[?25h[?2026l[?2026h[?25l[A[1Gpulling manifest [K
pulling 4824460d29f2:  69% ▕████████████      ▏  29 GB/ 42 GB  119 MB/s   1m50s[K[?25h[?2026l[?2026h[?25l[A[1Gpulling manifest [K
pulling 4824460d29f2:  69% ▕████████████      ▏  29 GB/ 42 GB  119 MB/s   1m50s[K[?25h[?2026l[?2026h[?25l[A[1Gpulling manifest [K
pulling 4824460d29f2:  69% ▕████████████      ▏  29 GB/ 42 GB  119 MB/s   1m50s[K[?25h[?2026l[?2026h[?25l[A[1Gpulling manifest [K
pulling 4824460d29f2:  69% ▕████████████      ▏  29 GB/ 42 GB  119 MB/s   1m50s[K[?25h[?2026l[?2026h[?25l[A[1Gpulling manifest [K
pulling 4824460d29f2:  69% ▕████████████      ▏  29 GB/ 42 GB  119 MB/s   1m50s[K[?25h[?2026l[?2026h[?25l[A[1Gpulling manifest [K
pulling 4824460d29f2:  69% ▕████████████      ▏  29 GB/ 42 GB  119 MB/s   1m50s[K[?25h[?2026l[?2026h[?25l[A[1Gpulling manifest [K
pulling 4824460d29f2:  69% ▕████████████      ▏  29 GB/ 42 GB  119 MB/s   1m50s[K[?25h[?2026l[?2026h[?25l[A[1Gpulling manifest [K
pulling 4824460d29f2:  69% ▕████████████      ▏  29 GB/ 42 GB  119 MB/s   1m50s[K[?25h[?2026l[?2026h[?25l[A[1Gpulling manifest [K
pulling 4824460d29f2:  69% ▕████████████      ▏  29 GB/ 42 GB  119 MB/s   1m50s[K[?25h[?2026l[?2026h[?25l[A[1Gpulling manifest [K
pulling 4824460d29f2:  69% ▕████████████      ▏  29 GB/ 42 GB  119 MB/s   1m49s[K[?25h[?2026l[?2026h[?25l[A[1Gpulling manifest [K
pulling 4824460d29f2:  69% ▕████████████      ▏  29 GB/ 42 GB  119 MB/s   1m49s[K[?25h[?2026l[?2026h[?25l[A[1Gpulling manifest [K
pulling 4824460d29f2:  69% ▕████████████      ▏  29 GB/ 42 GB  119 MB/s   1m49s[K[?25h[?2026l[?2026h[?25l[A[1Gpulling manifest [K
pulling 4824460d29f2:  69% ▕████████████      ▏  29 GB/ 42 GB  119 MB/s   1m49s[K[?25h[?2026l[?2026h[?25l[A[1Gpulling manifest [K
pulling 4824460d29f2:  69% ▕████████████      ▏  29 GB/ 42 GB  119 MB/s   1m49s[K[?25h[?2026l[?2026h[?25l[A[1Gpulling manifest [K
pulling 4824460d29f2:  69% ▕████████████      ▏  29 GB/ 42 GB  119 MB/s   1m49s[K[?25h[?2026l[?2026h[?25l[A[1Gpulling manifest [K
pulling 4824460d29f2:  69% ▕████████████      ▏  29 GB/ 42 GB  119 MB/s   1m49s[K[?25h[?2026l[?2026h[?25l[A[1Gpulling manifest [K
pulling 4824460d29f2:  69% ▕████████████      ▏  29 GB/ 42 GB  119 MB/s   1m49s[K[?25h[?2026l[?2026h[?25l[A[1Gpulling manifest [K
pulling 4824460d29f2:  69% ▕████████████      ▏  29 GB/ 42 GB  119 MB/s   1m49s[K[?25h[?2026l[?2026h[?25l[A[1Gpulling manifest [K
pulling 4824460d29f2:  69% ▕████████████      ▏  29 GB/ 42 GB  119 MB/s   1m49s[K[?25h[?2026l[?2026h[?25l[A[1Gpulling manifest [K
pulling 4824460d29f2:  69% ▕████████████      ▏  29 GB/ 42 GB  119 MB/s   1m48s[K[?25h[?2026l[?2026h[?25l[A[1Gpulling manifest [K
pulling 4824460d29f2:  69% ▕████████████      ▏  29 GB/ 42 GB  119 MB/s   1m48s[K[?25h[?2026l[?2026h[?25l[A[1Gpulling manifest [K
pulling 4824460d29f2:  69% ▕████████████      ▏  29 GB/ 42 GB  119 MB/s   1m48s[K[?25h[?2026l[?2026h[?25l[A[1Gpulling manifest [K
pulling 4824460d29f2:  69% ▕████████████      ▏  29 GB/ 42 GB  119 MB/s   1m48s[K[?25h[?2026l[?2026h[?25l[A[1Gpulling manifest [K
pulling 4824460d29f2:  69% ▕████████████      ▏  29 GB/ 42 GB  119 MB/s   1m48s[K[?25h[?2026l[?2026h[?25l[A[1Gpulling manifest [K
pulling 4824460d29f2:  70% ▕████████████      ▏  29 GB/ 42 GB  119 MB/s   1m48s[K[?25h[?2026l[?2026h[?25l[A[1Gpulling manifest [K
pulling 4824460d29f2:  70% ▕████████████      ▏  29 GB/ 42 GB  119 MB/s   1m48s[K[?25h[?2026l[?2026h[?25l[A[1Gpulling manifest [K
pulling 4824460d29f2:  70% ▕████████████      ▏  29 GB/ 42 GB  119 MB/s   1m48s[K[?25h[?2026l[?2026h[?25l[A[1Gpulling manifest [K
pulling 4824460d29f2:  70% ▕████████████      ▏  29 GB/ 42 GB  119 MB/s   1m48s[K[?25h[?2026l[?2026h[?25l[A[1Gpulling manifest [K
pulling 4824460d29f2:  70% ▕████████████      ▏  29 GB/ 42 GB  119 MB/s   1m48s[K[?25h[?2026l[?2026h[?25l[A[1Gpulling manifest [K
pulling 4824460d29f2:  70% ▕████████████      ▏  29 GB/ 42 GB  119 MB/s   1m48s[K[?25h[?2026l[?2026h[?25l[A[1Gpulling manifest [K
pulling 4824460d29f2:  70% ▕████████████      ▏  29 GB/ 42 GB  119 MB/s   1m47s[K[?25h[?2026l[?2026h[?25l[A[1Gpulling manifest [K
pulling 4824460d29f2:  70% ▕████████████      ▏  29 GB/ 42 GB  119 MB/s   1m47s[K[?25h[?2026l[?2026h[?25l[A[1Gpulling manifest [K
pulling 4824460d29f2:  70% ▕████████████      ▏  29 GB/ 42 GB  119 MB/s   1m47s[K[?25h[?2026l[?2026h[?25l[A[1Gpulling manifest [K
pulling 4824460d29f2:  70% ▕████████████      ▏  29 GB/ 42 GB  119 MB/s   1m47s[K[?25h[?2026l[?2026h[?25l[A[1Gpulling manifest [K
pulling 4824460d29f2:  70% ▕████████████      ▏  29 GB/ 42 GB  119 MB/s   1m47s[K[?25h[?2026l[?2026h[?25l[A[1Gpulling manifest [K
pulling 4824460d29f2:  70% ▕████████████      ▏  29 GB/ 42 GB  119 MB/s   1m47s[K[?25h[?2026l[?2026h[?25l[A[1Gpulling manifest [K
pulling 4824460d29f2:  70% ▕████████████      ▏  29 GB/ 42 GB  119 MB/s   1m47s[K[?25h[?2026l[?2026h[?25l[A[1Gpulling manifest [K
pulling 4824460d29f2:  70% ▕████████████      ▏  29 GB/ 42 GB  119 MB/s   1m47s[K[?25h[?2026l[?2026h[?25l[A[1Gpulling manifest [K
pulling 4824460d29f2:  70% ▕████████████      ▏  29 GB/ 42 GB  119 MB/s   1m47s[K[?25h[?2026l[?2026h[?25l[A[1Gpulling manifest [K
pulling 4824460d29f2:  70% ▕████████████      ▏  29 GB/ 42 GB  119 MB/s   1m47s[K[?25h[?2026l[?2026h[?25l[A[1Gpulling manifest [K
pulling 4824460d29f2:  70% ▕████████████      ▏  29 GB/ 42 GB  119 MB/s   1m46s[K[?25h[?2026l[?2026h[?25l[A[1Gpulling manifest [K
pulling 4824460d29f2:  70% ▕████████████      ▏  29 GB/ 42 GB  119 MB/s   1m46s[K[?25h[?2026l[?2026h[?25l[A[1Gpulling manifest [K
pulling 4824460d29f2:  70% ▕████████████      ▏  29 GB/ 42 GB  119 MB/s   1m46s[K[?25h[?2026l[?2026h[?25l[A[1Gpulling manifest [K
pulling 4824460d29f2:  70% ▕████████████      ▏  29 GB/ 42 GB  119 MB/s   1m46s[K[?25h[?2026l[?2026h[?25l[A[1Gpulling manifest [K
pulling 4824460d29f2:  70% ▕████████████      ▏  29 GB/ 42 GB  119 MB/s   1m46s[K[?25h[?2026l[?2026h[?25l[A[1Gpulling manifest [K
pulling 4824460d29f2:  70% ▕████████████      ▏  29 GB/ 42 GB  119 MB/s   1m46s[K[?25h[?2026l[?2026h[?25l[A[1Gpulling manifest [K
pulling 4824460d29f2:  70% ▕████████████      ▏  29 GB/ 42 GB  119 MB/s   1m46s[K[?25h[?2026l[?2026h[?25l[A[1Gpulling manifest [K
pulling 4824460d29f2:  70% ▕████████████      ▏  29 GB/ 42 GB  119 MB/s   1m46s[K[?25h[?2026l[?2026h[?25l[A[1Gpulling manifest [K
pulling 4824460d29f2:  70% ▕████████████      ▏  29 GB/ 42 GB  119 MB/s   1m46s[K[?25h[?2026l[?2026h[?25l[A[1Gpulling manifest [K
pulling 4824460d29f2:  70% ▕████████████      ▏  29 GB/ 42 GB  119 MB/s   1m46s[K[?25h[?2026l[?2026h[?25l[A[1Gpulling manifest [K
pulling 4824460d29f2:  70% ▕████████████      ▏  29 GB/ 42 GB  119 MB/s   1m46s[K[?25h[?2026l[?2026h[?25l[A[1Gpulling manifest [K
pulling 4824460d29f2:  70% ▕████████████      ▏  29 GB/ 42 GB  119 MB/s   1m45s[K[?25h[?2026l[?2026h[?25l[A[1Gpulling manifest [K
pulling 4824460d29f2:  70% ▕████████████      ▏  29 GB/ 42 GB  119 MB/s   1m45s[K[?25h[?2026l[?2026h[?25l[A[1Gpulling manifest [K
pulling 4824460d29f2:  70% ▕████████████      ▏  29 GB/ 42 GB  119 MB/s   1m45s[K[?25h[?2026l[?2026h[?25l[A[1Gpulling manifest [K
pulling 4824460d29f2:  70% ▕████████████      ▏  29 GB/ 42 GB  119 MB/s   1m45s[K[?25h[?2026l[?2026h[?25l[A[1Gpulling manifest [K
pulling 4824460d29f2:  70% ▕████████████      ▏  29 GB/ 42 GB  119 MB/s   1m45s[K[?25h[?2026l[?2026h[?25l[A[1Gpulling manifest [K
pulling 4824460d29f2:  70% ▕████████████      ▏  29 GB/ 42 GB  119 MB/s   1m45s[K[?25h[?2026l[?2026h[?25l[A[1Gpulling manifest [K
pulling 4824460d29f2:  70% ▕████████████      ▏  29 GB/ 42 GB  119 MB/s   1m45s[K[?25h[?2026l[?2026h[?25l[A[1Gpulling manifest [K
pulling 4824460d29f2:  70% ▕████████████      ▏  29 GB/ 42 GB  119 MB/s   1m45s[K[?25h[?2026l[?2026h[?25l[A[1Gpulling manifest [K
pulling 4824460d29f2:  70% ▕████████████      ▏  29 GB/ 42 GB  119 MB/s   1m45s[K[?25h[?2026l[?2026h[?25l[A[1Gpulling manifest [K
pulling 4824460d29f2:  71% ▕████████████      ▏  29 GB/ 42 GB  119 MB/s   1m44s[K[?25h[?2026l[?2026h[?25l[A[1Gpulling manifest [K
pulling 4824460d29f2:  71% ▕████████████      ▏  29 GB/ 42 GB  119 MB/s   1m44s[K[?25h[?2026l[?2026h[?25l[A[1Gpulling manifest [K
pulling 4824460d29f2:  71% ▕████████████      ▏  30 GB/ 42 GB  119 MB/s   1m44s[K[?25h[?2026l[?2026h[?25l[A[1Gpulling manifest [K
pulling 4824460d29f2:  71% ▕████████████      ▏  30 GB/ 42 GB  119 MB/s   1m44s[K[?25h[?2026l[?2026h[?25l[A[1Gpulling manifest [K
pulling 4824460d29f2:  71% ▕████████████      ▏  30 GB/ 42 GB  119 MB/s   1m44s[K[?25h[?2026l[?2026h[?25l[A[1Gpulling manifest [K
pulling 4824460d29f2:  71% ▕████████████      ▏  30 GB/ 42 GB  119 MB/s   1m44s[K[?25h[?2026l[?2026h[?25l[A[1Gpulling manifest [K
pulling 4824460d29f2:  71% ▕████████████      ▏  30 GB/ 42 GB  119 MB/s   1m44s[K[?25h[?2026l[?2026h[?25l[A[1Gpulling manifest [K
pulling 4824460d29f2:  71% ▕████████████      ▏  30 GB/ 42 GB  119 MB/s   1m44s[K[?25h[?2026l[?2026h[?25l[A[1Gpulling manifest [K
pulling 4824460d29f2:  71% ▕████████████      ▏  30 GB/ 42 GB  119 MB/s   1m44s[K[?25h[?2026l[?2026h[?25l[A[1Gpulling manifest [K
pulling 4824460d29f2:  71% ▕████████████      ▏  30 GB/ 42 GB  119 MB/s   1m44s[K[?25h[?2026l[?2026h[?25l[A[1Gpulling manifest [K
pulling 4824460d29f2:  71% ▕████████████      ▏  30 GB/ 42 GB  119 MB/s   1m43s[K[?25h[?2026l[?2026h[?25l[A[1Gpulling manifest [K
pulling 4824460d29f2:  71% ▕████████████      ▏  30 GB/ 42 GB  119 MB/s   1m43s[K[?25h[?2026l[?2026h[?25l[A[1Gpulling manifest [K
pulling 4824460d29f2:  71% ▕████████████      ▏  30 GB/ 42 GB  119 MB/s   1m43s[K[?25h[?2026l[?2026h[?25l[A[1Gpulling manifest [K
pulling 4824460d29f2:  71% ▕████████████      ▏  30 GB/ 42 GB  119 MB/s   1m43s[K[?25h[?2026l[?2026h[?25l[A[1Gpulling manifest [K
pulling 4824460d29f2:  71% ▕████████████      ▏  30 GB/ 42 GB  119 MB/s   1m43s[K[?25h[?2026l[?2026h[?25l[A[1Gpulling manifest [K
pulling 4824460d29f2:  71% ▕████████████      ▏  30 GB/ 42 GB  119 MB/s   1m43s[K[?25h[?2026l[?2026h[?25l[A[1Gpulling manifest [K
pulling 4824460d29f2:  71% ▕████████████      ▏  30 GB/ 42 GB  119 MB/s   1m43s[K[?25h[?2026l[?2026h[?25l[A[1Gpulling manifest [K
pulling 4824460d29f2:  71% ▕████████████      ▏  30 GB/ 42 GB  119 MB/s   1m43s[K[?25h[?2026l[?2026h[?25l[A[1Gpulling manifest [K
pulling 4824460d29f2:  71% ▕████████████      ▏  30 GB/ 42 GB  119 MB/s   1m43s[K[?25h[?2026l[?2026h[?25l[A[1Gpulling manifest [K
pulling 4824460d29f2:  71% ▕████████████      ▏  30 GB/ 42 GB  119 MB/s   1m43s[K[?25h[?2026l[?2026h[?25l[A[1Gpulling manifest [K
pulling 4824460d29f2:  71% ▕████████████      ▏  30 GB/ 42 GB  119 MB/s   1m43s[K[?25h[?2026l[?2026h[?25l[A[1Gpulling manifest [K
pulling 4824460d29f2:  71% ▕████████████      ▏  30 GB/ 42 GB  119 MB/s   1m42s[K[?25h[?2026l[?2026h[?25l[A[1Gpulling manifest [K
pulling 4824460d29f2:  71% ▕████████████      ▏  30 GB/ 42 GB  119 MB/s   1m42s[K[?25h[?2026l[?2026h[?25l[A[1Gpulling manifest [K
pulling 4824460d29f2:  71% ▕████████████      ▏  30 GB/ 42 GB  119 MB/s   1m42s[K[?25h[?2026l[?2026h[?25l[A[1Gpulling manifest [K
pulling 4824460d29f2:  71% ▕████████████      ▏  30 GB/ 42 GB  119 MB/s   1m42s[K[?25h[?2026l[?2026h[?25l[A[1Gpulling manifest [K
pulling 4824460d29f2:  71% ▕████████████      ▏  30 GB/ 42 GB  119 MB/s   1m42s[K[?25h[?2026l[?2026h[?25l[A[1Gpulling manifest [K
pulling 4824460d29f2:  71% ▕████████████      ▏  30 GB/ 42 GB  119 MB/s   1m42s[K[?25h[?2026l[?2026h[?25l[A[1Gpulling manifest [K
pulling 4824460d29f2:  71% ▕████████████      ▏  30 GB/ 42 GB  119 MB/s   1m42s[K[?25h[?2026l[?2026h[?25l[A[1Gpulling manifest [K
pulling 4824460d29f2:  71% ▕████████████      ▏  30 GB/ 42 GB  119 MB/s   1m42s[K[?25h[?2026l[?2026h[?25l[A[1Gpulling manifest [K
pulling 4824460d29f2:  71% ▕████████████      ▏  30 GB/ 42 GB  119 MB/s   1m42s[K[?25h[?2026l[?2026h[?25l[A[1Gpulling manifest [K
pulling 4824460d29f2:  71% ▕████████████      ▏  30 GB/ 42 GB  119 MB/s   1m42s[K[?25h[?2026l[?2026h[?25l[A[1Gpulling manifest [K
pulling 4824460d29f2:  71% ▕████████████      ▏  30 GB/ 42 GB  119 MB/s   1m42s[K[?25h[?2026l[?2026h[?25l[A[1Gpulling manifest [K
pulling 4824460d29f2:  71% ▕████████████      ▏  30 GB/ 42 GB  119 MB/s   1m41s[K[?25h[?2026l[?2026h[?25l[A[1Gpulling manifest [K
pulling 4824460d29f2:  71% ▕████████████      ▏  30 GB/ 42 GB  119 MB/s   1m41s[K[?25h[?2026l[?2026h[?25l[A[1Gpulling manifest [K
pulling 4824460d29f2:  71% ▕████████████      ▏  30 GB/ 42 GB  119 MB/s   1m41s[K[?25h[?2026l[?2026h[?25l[A[1Gpulling manifest [K
pulling 4824460d29f2:  71% ▕████████████      ▏  30 GB/ 42 GB  119 MB/s   1m41s[K[?25h[?2026l[?2026h[?25l[A[1Gpulling manifest [K
pulling 4824460d29f2:  72% ▕████████████      ▏  30 GB/ 42 GB  119 MB/s   1m41s[K[?25h[?2026l[?2026h[?25l[A[1Gpulling manifest [K
pulling 4824460d29f2:  72% ▕████████████      ▏  30 GB/ 42 GB  119 MB/s   1m41s[K[?25h[?2026l[?2026h[?25l[A[1Gpulling manifest [K
pulling 4824460d29f2:  72% ▕████████████      ▏  30 GB/ 42 GB  119 MB/s   1m41s[K[?25h[?2026l[?2026h[?25l[A[1Gpulling manifest [K
pulling 4824460d29f2:  72% ▕████████████      ▏  30 GB/ 42 GB  119 MB/s   1m41s[K[?25h[?2026l[?2026h[?25l[A[1Gpulling manifest [K
pulling 4824460d29f2:  72% ▕████████████      ▏  30 GB/ 42 GB  119 MB/s   1m41s[K[?25h[?2026l[?2026h[?25l[A[1Gpulling manifest [K
pulling 4824460d29f2:  72% ▕████████████      ▏  30 GB/ 42 GB  119 MB/s   1m41s[K[?25h[?2026l[?2026h[?25l[A[1Gpulling manifest [K
pulling 4824460d29f2:  72% ▕████████████      ▏  30 GB/ 42 GB  119 MB/s   1m40s[K[?25h[?2026l[?2026h[?25l[A[1Gpulling manifest [K
pulling 4824460d29f2:  72% ▕████████████      ▏  30 GB/ 42 GB  119 MB/s   1m40s[K[?25h[?2026l[?2026h[?25l[A[1Gpulling manifest [K
pulling 4824460d29f2:  72% ▕████████████      ▏  30 GB/ 42 GB  119 MB/s   1m40s[K[?25h[?2026l[?2026h[?25l[A[1Gpulling manifest [K
pulling 4824460d29f2:  72% ▕████████████      ▏  30 GB/ 42 GB  119 MB/s   1m40s[K[?25h[?2026l[?2026h[?25l[A[1Gpulling manifest [K
pulling 4824460d29f2:  72% ▕████████████      ▏  30 GB/ 42 GB  119 MB/s   1m40s[K[?25h[?2026l[?2026h[?25l[A[1Gpulling manifest [K
pulling 4824460d29f2:  72% ▕████████████      ▏  30 GB/ 42 GB  119 MB/s   1m40s[K[?25h[?2026l[?2026h[?25l[A[1Gpulling manifest [K
pulling 4824460d29f2:  72% ▕████████████      ▏  30 GB/ 42 GB  119 MB/s   1m40s[K[?25h[?2026l[?2026h[?25l[A[1Gpulling manifest [K
pulling 4824460d29f2:  72% ▕████████████      ▏  30 GB/ 42 GB  119 MB/s   1m40s[K[?25h[?2026l[?2026h[?25l[A[1Gpulling manifest [K
pulling 4824460d29f2:  72% ▕████████████      ▏  30 GB/ 42 GB  119 MB/s   1m40s[K[?25h[?2026l[?2026h[?25l[A[1Gpulling manifest [K
pulling 4824460d29f2:  72% ▕████████████      ▏  30 GB/ 42 GB  119 MB/s   1m40s[K[?25h[?2026l[?2026h[?25l[A[1Gpulling manifest [K
pulling 4824460d29f2:  72% ▕████████████      ▏  30 GB/ 42 GB  119 MB/s   1m39s[K[?25h[?2026l[?2026h[?25l[A[1Gpulling manifest [K
pulling 4824460d29f2:  72% ▕████████████      ▏  30 GB/ 42 GB  119 MB/s   1m39s[K[?25h[?2026l[?2026h[?25l[A[1Gpulling manifest [K
pulling 4824460d29f2:  72% ▕████████████      ▏  30 GB/ 42 GB  119 MB/s   1m39s[K[?25h[?2026l[?2026h[?25l[A[1Gpulling manifest [K
pulling 4824460d29f2:  72% ▕████████████      ▏  30 GB/ 42 GB  119 MB/s   1m39s[K[?25h[?2026l[?2026h[?25l[A[1Gpulling manifest [K
pulling 4824460d29f2:  72% ▕████████████      ▏  30 GB/ 42 GB  119 MB/s   1m39s[K[?25h[?2026l[?2026h[?25l[A[1Gpulling manifest [K
pulling 4824460d29f2:  72% ▕████████████      ▏  30 GB/ 42 GB  119 MB/s   1m39s[K[?25h[?2026l[?2026h[?25l[A[1Gpulling manifest [K
pulling 4824460d29f2:  72% ▕████████████      ▏  30 GB/ 42 GB  119 MB/s   1m39s[K[?25h[?2026l[?2026h[?25l[A[1Gpulling manifest [K
pulling 4824460d29f2:  72% ▕████████████      ▏  30 GB/ 42 GB  119 MB/s   1m39s[K[?25h[?2026l[?2026h[?25l[A[1Gpulling manifest [K
pulling 4824460d29f2:  72% ▕████████████      ▏  30 GB/ 42 GB  119 MB/s   1m39s[K[?25h[?2026l[?2026h[?25l[A[1Gpulling manifest [K
pulling 4824460d29f2:  72% ▕████████████      ▏  30 GB/ 42 GB  119 MB/s   1m39s[K[?25h[?2026l[?2026h[?25l[A[1Gpulling manifest [K
pulling 4824460d29f2:  72% ▕████████████      ▏  30 GB/ 42 GB  119 MB/s   1m39s[K[?25h[?2026l[?2026h[?25l[A[1Gpulling manifest [K
pulling 4824460d29f2:  72% ▕█████████████     ▏  30 GB/ 42 GB  119 MB/s   1m39s[K[?25h[?2026l[?2026h[?25l[A[1Gpulling manifest [K
pulling 4824460d29f2:  72% ▕█████████████     ▏  30 GB/ 42 GB  119 MB/s   1m38s[K[?25h[?2026l[?2026h[?25l[A[1Gpulling manifest [K
pulling 4824460d29f2:  72% ▕█████████████     ▏  30 GB/ 42 GB  119 MB/s   1m38s[K[?25h[?2026l[?2026h[?25l[A[1Gpulling manifest [K
pulling 4824460d29f2:  72% ▕█████████████     ▏  30 GB/ 42 GB  119 MB/s   1m38s[K[?25h[?2026l[?2026h[?25l[A[1Gpulling manifest [K
pulling 4824460d29f2:  72% ▕█████████████     ▏  30 GB/ 42 GB  119 MB/s   1m38s[K[?25h[?2026l[?2026h[?25l[A[1Gpulling manifest [K
pulling 4824460d29f2:  72% ▕█████████████     ▏  30 GB/ 42 GB  119 MB/s   1m38s[K[?25h[?2026l[?2026h[?25l[A[1Gpulling manifest [K
pulling 4824460d29f2:  72% ▕█████████████     ▏  30 GB/ 42 GB  119 MB/s   1m38s[K[?25h[?2026l[?2026h[?25l[A[1Gpulling manifest [K
pulling 4824460d29f2:  72% ▕█████████████     ▏  30 GB/ 42 GB  119 MB/s   1m38s[K[?25h[?2026l[?2026h[?25l[A[1Gpulling manifest [K
pulling 4824460d29f2:  72% ▕█████████████     ▏  30 GB/ 42 GB  119 MB/s   1m38s[K[?25h[?2026l[?2026h[?25l[A[1Gpulling manifest [K
pulling 4824460d29f2:  72% ▕█████████████     ▏  30 GB/ 42 GB  119 MB/s   1m38s[K[?25h[?2026l[?2026h[?25l[A[1Gpulling manifest [K
pulling 4824460d29f2:  73% ▕█████████████     ▏  30 GB/ 42 GB  119 MB/s   1m37s[K[?25h[?2026l[?2026h[?25l[A[1Gpulling manifest [K
pulling 4824460d29f2:  73% ▕█████████████     ▏  30 GB/ 42 GB  119 MB/s   1m37s[K[?25h[?2026l[?2026h[?25l[A[1Gpulling manifest [K
pulling 4824460d29f2:  73% ▕█████████████     ▏  30 GB/ 42 GB  119 MB/s   1m37s[K[?25h[?2026l[?2026h[?25l[A[1Gpulling manifest [K
pulling 4824460d29f2:  73% ▕█████████████     ▏  30 GB/ 42 GB  119 MB/s   1m37s[K[?25h[?2026l[?2026h[?25l[A[1Gpulling manifest [K
pulling 4824460d29f2:  73% ▕█████████████     ▏  30 GB/ 42 GB  119 MB/s   1m37s[K[?25h[?2026l[?2026h[?25l[A[1Gpulling manifest [K
pulling 4824460d29f2:  73% ▕█████████████     ▏  30 GB/ 42 GB  119 MB/s   1m37s[K[?25h[?2026l[?2026h[?25l[A[1Gpulling manifest [K
pulling 4824460d29f2:  73% ▕█████████████     ▏  30 GB/ 42 GB  119 MB/s   1m37s[K[?25h[?2026l[?2026h[?25l[A[1Gpulling manifest [K
pulling 4824460d29f2:  73% ▕█████████████     ▏  30 GB/ 42 GB  119 MB/s   1m37s[K[?25h[?2026l[?2026h[?25l[A[1Gpulling manifest [K
pulling 4824460d29f2:  73% ▕█████████████     ▏  30 GB/ 42 GB  119 MB/s   1m37s[K[?25h[?2026l[?2026h[?25l[A[1Gpulling manifest [K
pulling 4824460d29f2:  73% ▕█████████████     ▏  30 GB/ 42 GB  119 MB/s   1m37s[K[?25h[?2026l[?2026h[?25l[A[1Gpulling manifest [K
pulling 4824460d29f2:  73% ▕█████████████     ▏  30 GB/ 42 GB  119 MB/s   1m37s[K[?25h[?2026l[?2026h[?25l[A[1Gpulling manifest [K
pulling 4824460d29f2:  73% ▕█████████████     ▏  30 GB/ 42 GB  119 MB/s   1m36s[K[?25h[?2026l[?2026h[?25l[A[1Gpulling manifest [K
pulling 4824460d29f2:  73% ▕█████████████     ▏  30 GB/ 42 GB  119 MB/s   1m36s[K[?25h[?2026l[?2026h[?25l[A[1Gpulling manifest [K
pulling 4824460d29f2:  73% ▕█████████████     ▏  30 GB/ 42 GB  119 MB/s   1m36s[K[?25h[?2026l[?2026h[?25l[A[1Gpulling manifest [K
pulling 4824460d29f2:  73% ▕█████████████     ▏  30 GB/ 42 GB  119 MB/s   1m36s[K[?25h[?2026l[?2026h[?25l[A[1Gpulling manifest [K
pulling 4824460d29f2:  73% ▕█████████████     ▏  31 GB/ 42 GB  119 MB/s   1m36s[K[?25h[?2026l[?2026h[?25l[A[1Gpulling manifest [K
pulling 4824460d29f2:  73% ▕█████████████     ▏  31 GB/ 42 GB  119 MB/s   1m36s[K[?25h[?2026l[?2026h[?25l[A[1Gpulling manifest [K
pulling 4824460d29f2:  73% ▕█████████████     ▏  31 GB/ 42 GB  119 MB/s   1m36s[K[?25h[?2026l[?2026h[?25l[A[1Gpulling manifest [K
pulling 4824460d29f2:  73% ▕█████████████     ▏  31 GB/ 42 GB  119 MB/s   1m36s[K[?25h[?2026l[?2026h[?25l[A[1Gpulling manifest [K
pulling 4824460d29f2:  73% ▕█████████████     ▏  31 GB/ 42 GB  119 MB/s   1m36s[K[?25h[?2026l[?2026h[?25l[A[1Gpulling manifest [K
pulling 4824460d29f2:  73% ▕█████████████     ▏  31 GB/ 42 GB  119 MB/s   1m36s[K[?25h[?2026l[?2026h[?25l[A[1Gpulling manifest [K
pulling 4824460d29f2:  73% ▕█████████████     ▏  31 GB/ 42 GB  119 MB/s   1m35s[K[?25h[?2026l[?2026h[?25l[A[1Gpulling manifest [K
pulling 4824460d29f2:  73% ▕█████████████     ▏  31 GB/ 42 GB  119 MB/s   1m35s[K[?25h[?2026l[?2026h[?25l[A[1Gpulling manifest [K
pulling 4824460d29f2:  73% ▕█████████████     ▏  31 GB/ 42 GB  119 MB/s   1m35s[K[?25h[?2026l[?2026h[?25l[A[1Gpulling manifest [K
pulling 4824460d29f2:  73% ▕█████████████     ▏  31 GB/ 42 GB  119 MB/s   1m35s[K[?25h[?2026l[?2026h[?25l[A[1Gpulling manifest [K
pulling 4824460d29f2:  73% ▕█████████████     ▏  31 GB/ 42 GB  119 MB/s   1m35s[K[?25h[?2026l[?2026h[?25l[A[1Gpulling manifest [K
pulling 4824460d29f2:  73% ▕█████████████     ▏  31 GB/ 42 GB  119 MB/s   1m35s[K[?25h[?2026l[?2026h[?25l[A[1Gpulling manifest [K
pulling 4824460d29f2:  73% ▕█████████████     ▏  31 GB/ 42 GB  119 MB/s   1m35s[K[?25h[?2026l[?2026h[?25l[A[1Gpulling manifest [K
pulling 4824460d29f2:  73% ▕█████████████     ▏  31 GB/ 42 GB  119 MB/s   1m35s[K[?25h[?2026l[?2026h[?25l[A[1Gpulling manifest [K
pulling 4824460d29f2:  73% ▕█████████████     ▏  31 GB/ 42 GB  119 MB/s   1m35s[K[?25h[?2026l[?2026h[?25l[A[1Gpulling manifest [K
pulling 4824460d29f2:  73% ▕█████████████     ▏  31 GB/ 42 GB  119 MB/s   1m34s[K[?25h[?2026l[?2026h[?25l[A[1Gpulling manifest [K
pulling 4824460d29f2:  73% ▕█████████████     ▏  31 GB/ 42 GB  119 MB/s   1m34s[K[?25h[?2026l[?2026h[?25l[A[1Gpulling manifest [K
pulling 4824460d29f2:  73% ▕█████████████     ▏  31 GB/ 42 GB  119 MB/s   1m34s[K[?25h[?2026l[?2026h[?25l[A[1Gpulling manifest [K
pulling 4824460d29f2:  73% ▕█████████████     ▏  31 GB/ 42 GB  119 MB/s   1m34s[K[?25h[?2026l[?2026h[?25l[A[1Gpulling manifest [K
pulling 4824460d29f2:  73% ▕█████████████     ▏  31 GB/ 42 GB  119 MB/s   1m34s[K[?25h[?2026l[?2026h[?25l[A[1Gpulling manifest [K
pulling 4824460d29f2:  73% ▕█████████████     ▏  31 GB/ 42 GB  119 MB/s   1m34s[K[?25h[?2026l[?2026h[?25l[A[1Gpulling manifest [K
pulling 4824460d29f2:  74% ▕█████████████     ▏  31 GB/ 42 GB  119 MB/s   1m34s[K[?25h[?2026l[?2026h[?25l[A[1Gpulling manifest [K
pulling 4824460d29f2:  74% ▕█████████████     ▏  31 GB/ 42 GB  119 MB/s   1m34s[K[?25h[?2026l[?2026h[?25l[A[1Gpulling manifest [K
pulling 4824460d29f2:  74% ▕█████████████     ▏  31 GB/ 42 GB  119 MB/s   1m34s[K[?25h[?2026l[?2026h[?25l[A[1Gpulling manifest [K
pulling 4824460d29f2:  74% ▕█████████████     ▏  31 GB/ 42 GB  119 MB/s   1m34s[K[?25h[?2026l[?2026h[?25l[A[1Gpulling manifest [K
pulling 4824460d29f2:  74% ▕█████████████     ▏  31 GB/ 42 GB  119 MB/s   1m34s[K[?25h[?2026l[?2026h[?25l[A[1Gpulling manifest [K
pulling 4824460d29f2:  74% ▕█████████████     ▏  31 GB/ 42 GB  119 MB/s   1m33s[K[?25h[?2026l[?2026h[?25l[A[1Gpulling manifest [K
pulling 4824460d29f2:  74% ▕█████████████     ▏  31 GB/ 42 GB  119 MB/s   1m33s[K[?25h[?2026l[?2026h[?25l[A[1Gpulling manifest [K
pulling 4824460d29f2:  74% ▕█████████████     ▏  31 GB/ 42 GB  119 MB/s   1m33s[K[?25h[?2026l[?2026h[?25l[A[1Gpulling manifest [K
pulling 4824460d29f2:  74% ▕█████████████     ▏  31 GB/ 42 GB  119 MB/s   1m33s[K[?25h[?2026l[?2026h[?25l[A[1Gpulling manifest [K
pulling 4824460d29f2:  74% ▕█████████████     ▏  31 GB/ 42 GB  119 MB/s   1m33s[K[?25h[?2026l[?2026h[?25l[A[1Gpulling manifest [K
pulling 4824460d29f2:  74% ▕█████████████     ▏  31 GB/ 42 GB  119 MB/s   1m33s[K[?25h[?2026l[?2026h[?25l[A[1Gpulling manifest [K
pulling 4824460d29f2:  74% ▕█████████████     ▏  31 GB/ 42 GB  119 MB/s   1m33s[K[?25h[?2026l[?2026h[?25l[A[1Gpulling manifest [K
pulling 4824460d29f2:  74% ▕█████████████     ▏  31 GB/ 42 GB  119 MB/s   1m33s[K[?25h[?2026l[?2026h[?25l[A[1Gpulling manifest [K
pulling 4824460d29f2:  74% ▕█████████████     ▏  31 GB/ 42 GB  119 MB/s   1m33s[K[?25h[?2026l[?2026h[?25l[A[1Gpulling manifest [K
pulling 4824460d29f2:  74% ▕█████████████     ▏  31 GB/ 42 GB  119 MB/s   1m33s[K[?25h[?2026l[?2026h[?25l[A[1Gpulling manifest [K
pulling 4824460d29f2:  74% ▕█████████████     ▏  31 GB/ 42 GB  119 MB/s   1m32s[K[?25h[?2026l[?2026h[?25l[A[1Gpulling manifest [K
pulling 4824460d29f2:  74% ▕█████████████     ▏  31 GB/ 42 GB  119 MB/s   1m32s[K[?25h[?2026l[?2026h[?25l[A[1Gpulling manifest [K
pulling 4824460d29f2:  74% ▕█████████████     ▏  31 GB/ 42 GB  119 MB/s   1m32s[K[?25h[?2026l[?2026h[?25l[A[1Gpulling manifest [K
pulling 4824460d29f2:  74% ▕█████████████     ▏  31 GB/ 42 GB  119 MB/s   1m32s[K[?25h[?2026l[?2026h[?25l[A[1Gpulling manifest [K
pulling 4824460d29f2:  74% ▕█████████████     ▏  31 GB/ 42 GB  119 MB/s   1m32s[K[?25h[?2026l[?2026h[?25l[A[1Gpulling manifest [K
pulling 4824460d29f2:  74% ▕█████████████     ▏  31 GB/ 42 GB  119 MB/s   1m32s[K[?25h[?2026l[?2026h[?25l[A[1Gpulling manifest [K
pulling 4824460d29f2:  74% ▕█████████████     ▏  31 GB/ 42 GB  119 MB/s   1m32s[K[?25h[?2026l[?2026h[?25l[A[1Gpulling manifest [K
pulling 4824460d29f2:  74% ▕█████████████     ▏  31 GB/ 42 GB  119 MB/s   1m32s[K[?25h[?2026l[?2026h[?25l[A[1Gpulling manifest [K
pulling 4824460d29f2:  74% ▕█████████████     ▏  31 GB/ 42 GB  119 MB/s   1m32s[K[?25h[?2026l[?2026h[?25l[A[1Gpulling manifest [K
pulling 4824460d29f2:  74% ▕█████████████     ▏  31 GB/ 42 GB  119 MB/s   1m32s[K[?25h[?2026l[?2026h[?25l[A[1Gpulling manifest [K
pulling 4824460d29f2:  74% ▕█████████████     ▏  31 GB/ 42 GB  119 MB/s   1m31s[K[?25h[?2026l[?2026h[?25l[A[1Gpulling manifest [K
pulling 4824460d29f2:  74% ▕█████████████     ▏  31 GB/ 42 GB  119 MB/s   1m31s[K[?25h[?2026l[?2026h[?25l[A[1Gpulling manifest [K
pulling 4824460d29f2:  74% ▕█████████████     ▏  31 GB/ 42 GB  119 MB/s   1m31s[K[?25h[?2026l[?2026h[?25l[A[1Gpulling manifest [K
pulling 4824460d29f2:  74% ▕█████████████     ▏  31 GB/ 42 GB  119 MB/s   1m31s[K[?25h[?2026l[?2026h[?25l[A[1Gpulling manifest [K
pulling 4824460d29f2:  74% ▕█████████████     ▏  31 GB/ 42 GB  119 MB/s   1m31s[K[?25h[?2026l[?2026h[?25l[A[1Gpulling manifest [K
pulling 4824460d29f2:  74% ▕█████████████     ▏  31 GB/ 42 GB  119 MB/s   1m31s[K[?25h[?2026l[?2026h[?25l[A[1Gpulling manifest [K
pulling 4824460d29f2:  74% ▕█████████████     ▏  31 GB/ 42 GB  119 MB/s   1m31s[K[?25h[?2026l[?2026h[?25l[A[1Gpulling manifest [K
pulling 4824460d29f2:  74% ▕█████████████     ▏  31 GB/ 42 GB  119 MB/s   1m31s[K[?25h[?2026l[?2026h[?25l[A[1Gpulling manifest [K
pulling 4824460d29f2:  74% ▕█████████████     ▏  31 GB/ 42 GB  119 MB/s   1m31s[K[?25h[?2026l[?2026h[?25l[A[1Gpulling manifest [K
pulling 4824460d29f2:  74% ▕█████████████     ▏  31 GB/ 42 GB  119 MB/s   1m31s[K[?25h[?2026l[?2026h[?25l[A[1Gpulling manifest [K
pulling 4824460d29f2:  74% ▕█████████████     ▏  31 GB/ 42 GB  119 MB/s   1m30s[K[?25h[?2026l[?2026h[?25l[A[1Gpulling manifest [K
pulling 4824460d29f2:  75% ▕█████████████     ▏  31 GB/ 42 GB  119 MB/s   1m30s[K[?25h[?2026l[?2026h[?25l[A[1Gpulling manifest [K
pulling 4824460d29f2:  75% ▕█████████████     ▏  31 GB/ 42 GB  119 MB/s   1m30s[K[?25h[?2026l[?2026h[?25l[A[1Gpulling manifest [K
pulling 4824460d29f2:  75% ▕█████████████     ▏  31 GB/ 42 GB  119 MB/s   1m30s[K[?25h[?2026l[?2026h[?25l[A[1Gpulling manifest [K
pulling 4824460d29f2:  75% ▕█████████████     ▏  31 GB/ 42 GB  119 MB/s   1m30s[K[?25h[?2026l[?2026h[?25l[A[1Gpulling manifest [K
pulling 4824460d29f2:  75% ▕█████████████     ▏  31 GB/ 42 GB  119 MB/s   1m30s[K[?25h[?2026l[?2026h[?25l[A[1Gpulling manifest [K
pulling 4824460d29f2:  75% ▕█████████████     ▏  31 GB/ 42 GB  119 MB/s   1m30s[K[?25h[?2026l[?2026h[?25l[A[1Gpulling manifest [K
pulling 4824460d29f2:  75% ▕█████████████     ▏  31 GB/ 42 GB  119 MB/s   1m30s[K[?25h[?2026l[?2026h[?25l[A[1Gpulling manifest [K
pulling 4824460d29f2:  75% ▕█████████████     ▏  31 GB/ 42 GB  119 MB/s   1m30s[K[?25h[?2026l[?2026h[?25l[A[1Gpulling manifest [K
pulling 4824460d29f2:  75% ▕█████████████     ▏  31 GB/ 42 GB  119 MB/s   1m30s[K[?25h[?2026l[?2026h[?25l[A[1Gpulling manifest [K
pulling 4824460d29f2:  75% ▕█████████████     ▏  31 GB/ 42 GB  119 MB/s   1m29s[K[?25h[?2026l[?2026h[?25l[A[1Gpulling manifest [K
pulling 4824460d29f2:  75% ▕█████████████     ▏  31 GB/ 42 GB  119 MB/s   1m29s[K[?25h[?2026l[?2026h[?25l[A[1Gpulling manifest [K
pulling 4824460d29f2:  75% ▕█████████████     ▏  31 GB/ 42 GB  119 MB/s   1m29s[K[?25h[?2026l[?2026h[?25l[A[1Gpulling manifest [K
pulling 4824460d29f2:  75% ▕█████████████     ▏  31 GB/ 42 GB  119 MB/s   1m29s[K[?25h[?2026l[?2026h[?25l[A[1Gpulling manifest [K
pulling 4824460d29f2:  75% ▕█████████████     ▏  31 GB/ 42 GB  119 MB/s   1m29s[K[?25h[?2026l[?2026h[?25l[A[1Gpulling manifest [K
pulling 4824460d29f2:  75% ▕█████████████     ▏  31 GB/ 42 GB  119 MB/s   1m29s[K[?25h[?2026l[?2026h[?25l[A[1Gpulling manifest [K
pulling 4824460d29f2:  75% ▕█████████████     ▏  31 GB/ 42 GB  119 MB/s   1m29s[K[?25h[?2026l[?2026h[?25l[A[1Gpulling manifest [K
pulling 4824460d29f2:  75% ▕█████████████     ▏  31 GB/ 42 GB  119 MB/s   1m29s[K[?25h[?2026l[?2026h[?25l[A[1Gpulling manifest [K
pulling 4824460d29f2:  75% ▕█████████████     ▏  31 GB/ 42 GB  119 MB/s   1m29s[K[?25h[?2026l[?2026h[?25l[A[1Gpulling manifest [K
pulling 4824460d29f2:  75% ▕█████████████     ▏  31 GB/ 42 GB  119 MB/s   1m29s[K[?25h[?2026l[?2026h[?25l[A[1Gpulling manifest [K
pulling 4824460d29f2:  75% ▕█████████████     ▏  31 GB/ 42 GB  119 MB/s   1m29s[K[?25h[?2026l[?2026h[?25l[A[1Gpulling manifest [K
pulling 4824460d29f2:  75% ▕█████████████     ▏  31 GB/ 42 GB  119 MB/s   1m28s[K[?25h[?2026l[?2026h[?25l[A[1Gpulling manifest [K
pulling 4824460d29f2:  75% ▕█████████████     ▏  31 GB/ 42 GB  119 MB/s   1m28s[K[?25h[?2026l[?2026h[?25l[A[1Gpulling manifest [K
pulling 4824460d29f2:  75% ▕█████████████     ▏  31 GB/ 42 GB  119 MB/s   1m28s[K[?25h[?2026l[?2026h[?25l[A[1Gpulling manifest [K
pulling 4824460d29f2:  75% ▕█████████████     ▏  31 GB/ 42 GB  119 MB/s   1m28s[K[?25h[?2026l[?2026h[?25l[A[1Gpulling manifest [K
pulling 4824460d29f2:  75% ▕█████████████     ▏  31 GB/ 42 GB  119 MB/s   1m28s[K[?25h[?2026l[?2026h[?25l[A[1Gpulling manifest [K
pulling 4824460d29f2:  75% ▕█████████████     ▏  31 GB/ 42 GB  119 MB/s   1m28s[K[?25h[?2026l[?2026h[?25l[A[1Gpulling manifest [K
pulling 4824460d29f2:  75% ▕█████████████     ▏  31 GB/ 42 GB  119 MB/s   1m28s[K[?25h[?2026l[?2026h[?25l[A[1Gpulling manifest [K
pulling 4824460d29f2:  75% ▕█████████████     ▏  31 GB/ 42 GB  119 MB/s   1m28s[K[?25h[?2026l[?2026h[?25l[A[1Gpulling manifest [K
pulling 4824460d29f2:  75% ▕█████████████     ▏  32 GB/ 42 GB  119 MB/s   1m28s[K[?25h[?2026l[?2026h[?25l[A[1Gpulling manifest [K
pulling 4824460d29f2:  75% ▕█████████████     ▏  32 GB/ 42 GB  119 MB/s   1m27s[K[?25h[?2026l[?2026h[?25l[A[1Gpulling manifest [K
pulling 4824460d29f2:  75% ▕█████████████     ▏  32 GB/ 42 GB  119 MB/s   1m27s[K[?25h[?2026l[?2026h[?25l[A[1Gpulling manifest [K
pulling 4824460d29f2:  75% ▕█████████████     ▏  32 GB/ 42 GB  119 MB/s   1m27s[K[?25h[?2026l[?2026h[?25l[A[1Gpulling manifest [K
pulling 4824460d29f2:  75% ▕█████████████     ▏  32 GB/ 42 GB  119 MB/s   1m27s[K[?25h[?2026l[?2026h[?25l[A[1Gpulling manifest [K
pulling 4824460d29f2:  75% ▕█████████████     ▏  32 GB/ 42 GB  119 MB/s   1m27s[K[?25h[?2026l[?2026h[?25l[A[1Gpulling manifest [K
pulling 4824460d29f2:  75% ▕█████████████     ▏  32 GB/ 42 GB  119 MB/s   1m27s[K[?25h[?2026l[?2026h[?25l[A[1Gpulling manifest [K
pulling 4824460d29f2:  75% ▕█████████████     ▏  32 GB/ 42 GB  119 MB/s   1m27s[K[?25h[?2026l[?2026h[?25l[A[1Gpulling manifest [K
pulling 4824460d29f2:  75% ▕█████████████     ▏  32 GB/ 42 GB  119 MB/s   1m27s[K[?25h[?2026l[?2026h[?25l[A[1Gpulling manifest [K
pulling 4824460d29f2:  76% ▕█████████████     ▏  32 GB/ 42 GB  119 MB/s   1m27s[K[?25h[?2026l[?2026h[?25l[A[1Gpulling manifest [K
pulling 4824460d29f2:  76% ▕█████████████     ▏  32 GB/ 42 GB  119 MB/s   1m27s[K[?25h[?2026l[?2026h[?25l[A[1Gpulling manifest [K
pulling 4824460d29f2:  76% ▕█████████████     ▏  32 GB/ 42 GB  119 MB/s   1m27s[K[?25h[?2026l[?2026h[?25l[A[1Gpulling manifest [K
pulling 4824460d29f2:  76% ▕█████████████     ▏  32 GB/ 42 GB  119 MB/s   1m26s[K[?25h[?2026l[?2026h[?25l[A[1Gpulling manifest [K
pulling 4824460d29f2:  76% ▕█████████████     ▏  32 GB/ 42 GB  119 MB/s   1m26s[K[?25h[?2026l[?2026h[?25l[A[1Gpulling manifest [K
pulling 4824460d29f2:  76% ▕█████████████     ▏  32 GB/ 42 GB  119 MB/s   1m26s[K[?25h[?2026l[?2026h[?25l[A[1Gpulling manifest [K
pulling 4824460d29f2:  76% ▕█████████████     ▏  32 GB/ 42 GB  119 MB/s   1m26s[K[?25h[?2026l[?2026h[?25l[A[1Gpulling manifest [K
pulling 4824460d29f2:  76% ▕█████████████     ▏  32 GB/ 42 GB  119 MB/s   1m26s[K[?25h[?2026l[?2026h[?25l[A[1Gpulling manifest [K
pulling 4824460d29f2:  76% ▕█████████████     ▏  32 GB/ 42 GB  119 MB/s   1m26s[K[?25h[?2026l[?2026h[?25l[A[1Gpulling manifest [K
pulling 4824460d29f2:  76% ▕█████████████     ▏  32 GB/ 42 GB  119 MB/s   1m26s[K[?25h[?2026l[?2026h[?25l[A[1Gpulling manifest [K
pulling 4824460d29f2:  76% ▕█████████████     ▏  32 GB/ 42 GB  119 MB/s   1m26s[K[?25h[?2026l[?2026h[?25l[A[1Gpulling manifest [K
pulling 4824460d29f2:  76% ▕█████████████     ▏  32 GB/ 42 GB  119 MB/s   1m26s[K[?25h[?2026l[?2026h[?25l[A[1Gpulling manifest [K
pulling 4824460d29f2:  76% ▕█████████████     ▏  32 GB/ 42 GB  119 MB/s   1m26s[K[?25h[?2026l[?2026h[?25l[A[1Gpulling manifest [K
pulling 4824460d29f2:  76% ▕█████████████     ▏  32 GB/ 42 GB  119 MB/s   1m26s[K[?25h[?2026l[?2026h[?25l[A[1Gpulling manifest [K
pulling 4824460d29f2:  76% ▕█████████████     ▏  32 GB/ 42 GB  119 MB/s   1m25s[K[?25h[?2026l[?2026h[?25l[A[1Gpulling manifest [K
pulling 4824460d29f2:  76% ▕█████████████     ▏  32 GB/ 42 GB  119 MB/s   1m25s[K[?25h[?2026l[?2026h[?25l[A[1Gpulling manifest [K
pulling 4824460d29f2:  76% ▕█████████████     ▏  32 GB/ 42 GB  119 MB/s   1m25s[K[?25h[?2026l[?2026h[?25l[A[1Gpulling manifest [K
pulling 4824460d29f2:  76% ▕█████████████     ▏  32 GB/ 42 GB  119 MB/s   1m25s[K[?25h[?2026l[?2026h[?25l[A[1Gpulling manifest [K
pulling 4824460d29f2:  76% ▕█████████████     ▏  32 GB/ 42 GB  119 MB/s   1m25s[K[?25h[?2026l[?2026h[?25l[A[1Gpulling manifest [K
pulling 4824460d29f2:  76% ▕█████████████     ▏  32 GB/ 42 GB  119 MB/s   1m25s[K[?25h[?2026l[?2026h[?25l[A[1Gpulling manifest [K
pulling 4824460d29f2:  76% ▕█████████████     ▏  32 GB/ 42 GB  119 MB/s   1m25s[K[?25h[?2026l[?2026h[?25l[A[1Gpulling manifest [K
pulling 4824460d29f2:  76% ▕█████████████     ▏  32 GB/ 42 GB  119 MB/s   1m25s[K[?25h[?2026l[?2026h[?25l[A[1Gpulling manifest [K
pulling 4824460d29f2:  76% ▕█████████████     ▏  32 GB/ 42 GB  119 MB/s   1m25s[K[?25h[?2026l[?2026h[?25l[A[1Gpulling manifest [K
pulling 4824460d29f2:  76% ▕█████████████     ▏  32 GB/ 42 GB  119 MB/s   1m25s[K[?25h[?2026l[?2026h[?25l[A[1Gpulling manifest [K
pulling 4824460d29f2:  76% ▕█████████████     ▏  32 GB/ 42 GB  119 MB/s   1m24s[K[?25h[?2026l[?2026h[?25l[A[1Gpulling manifest [K
pulling 4824460d29f2:  76% ▕█████████████     ▏  32 GB/ 42 GB  119 MB/s   1m24s[K[?25h[?2026l[?2026h[?25l[A[1Gpulling manifest [K
pulling 4824460d29f2:  76% ▕█████████████     ▏  32 GB/ 42 GB  119 MB/s   1m24s[K[?25h[?2026l[?2026h[?25l[A[1Gpulling manifest [K
pulling 4824460d29f2:  76% ▕█████████████     ▏  32 GB/ 42 GB  119 MB/s   1m24s[K[?25h[?2026l[?2026h[?25l[A[1Gpulling manifest [K
pulling 4824460d29f2:  76% ▕█████████████     ▏  32 GB/ 42 GB  119 MB/s   1m24s[K[?25h[?2026l[?2026h[?25l[A[1Gpulling manifest [K
pulling 4824460d29f2:  76% ▕█████████████     ▏  32 GB/ 42 GB  119 MB/s   1m24s[K[?25h[?2026l[?2026h[?25l[A[1Gpulling manifest [K
pulling 4824460d29f2:  76% ▕█████████████     ▏  32 GB/ 42 GB  119 MB/s   1m24s[K[?25h[?2026l[?2026h[?25l[A[1Gpulling manifest [K
pulling 4824460d29f2:  76% ▕█████████████     ▏  32 GB/ 42 GB  119 MB/s   1m24s[K[?25h[?2026l[?2026h[?25l[A[1Gpulling manifest [K
pulling 4824460d29f2:  76% ▕█████████████     ▏  32 GB/ 42 GB  119 MB/s   1m23s[K[?25h[?2026l[?2026h[?25l[A[1Gpulling manifest [K
pulling 4824460d29f2:  76% ▕█████████████     ▏  32 GB/ 42 GB  119 MB/s   1m23s[K[?25h[?2026l[?2026h[?25l[A[1Gpulling manifest [K
pulling 4824460d29f2:  76% ▕█████████████     ▏  32 GB/ 42 GB  119 MB/s   1m23s[K[?25h[?2026l[?2026h[?25l[A[1Gpulling manifest [K
pulling 4824460d29f2:  76% ▕█████████████     ▏  32 GB/ 42 GB  119 MB/s   1m23s[K[?25h[?2026l[?2026h[?25l[A[1Gpulling manifest [K
pulling 4824460d29f2:  76% ▕█████████████     ▏  32 GB/ 42 GB  119 MB/s   1m23s[K[?25h[?2026l[?2026h[?25l[A[1Gpulling manifest [K
pulling 4824460d29f2:  77% ▕█████████████     ▏  32 GB/ 42 GB  119 MB/s   1m23s[K[?25h[?2026l[?2026h[?25l[A[1Gpulling manifest [K
pulling 4824460d29f2:  77% ▕█████████████     ▏  32 GB/ 42 GB  119 MB/s   1m23s[K[?25h[?2026l[?2026h[?25l[A[1Gpulling manifest [K
pulling 4824460d29f2:  77% ▕█████████████     ▏  32 GB/ 42 GB  119 MB/s   1m23s[K[?25h[?2026l[?2026h[?25l[A[1Gpulling manifest [K
pulling 4824460d29f2:  77% ▕█████████████     ▏  32 GB/ 42 GB  119 MB/s   1m23s[K[?25h[?2026l[?2026h[?25l[A[1Gpulling manifest [K
pulling 4824460d29f2:  77% ▕█████████████     ▏  32 GB/ 42 GB  119 MB/s   1m23s[K[?25h[?2026l[?2026h[?25l[A[1Gpulling manifest [K
pulling 4824460d29f2:  77% ▕█████████████     ▏  32 GB/ 42 GB  119 MB/s   1m23s[K[?25h[?2026l[?2026h[?25l[A[1Gpulling manifest [K
pulling 4824460d29f2:  77% ▕█████████████     ▏  32 GB/ 42 GB  119 MB/s   1m23s[K[?25h[?2026l[?2026h[?25l[A[1Gpulling manifest [K
pulling 4824460d29f2:  77% ▕█████████████     ▏  32 GB/ 42 GB  119 MB/s   1m22s[K[?25h[?2026l[?2026h[?25l[A[1Gpulling manifest [K
pulling 4824460d29f2:  77% ▕█████████████     ▏  32 GB/ 42 GB  119 MB/s   1m22s[K[?25h[?2026l[?2026h[?25l[A[1Gpulling manifest [K
pulling 4824460d29f2:  77% ▕█████████████     ▏  32 GB/ 42 GB  119 MB/s   1m22s[K[?25h[?2026l[?2026h[?25l[A[1Gpulling manifest [K
pulling 4824460d29f2:  77% ▕█████████████     ▏  32 GB/ 42 GB  119 MB/s   1m22s[K[?25h[?2026l[?2026h[?25l[A[1Gpulling manifest [K
pulling 4824460d29f2:  77% ▕█████████████     ▏  32 GB/ 42 GB  119 MB/s   1m22s[K[?25h[?2026l[?2026h[?25l[A[1Gpulling manifest [K
pulling 4824460d29f2:  77% ▕█████████████     ▏  32 GB/ 42 GB  119 MB/s   1m22s[K[?25h[?2026l[?2026h[?25l[A[1Gpulling manifest [K
pulling 4824460d29f2:  77% ▕█████████████     ▏  32 GB/ 42 GB  119 MB/s   1m22s[K[?25h[?2026l[?2026h[?25l[A[1Gpulling manifest [K
pulling 4824460d29f2:  77% ▕█████████████     ▏  32 GB/ 42 GB  119 MB/s   1m22s[K[?25h[?2026l[?2026h[?25l[A[1Gpulling manifest [K
pulling 4824460d29f2:  77% ▕█████████████     ▏  32 GB/ 42 GB  119 MB/s   1m22s[K[?25h[?2026l[?2026h[?25l[A[1Gpulling manifest [K
pulling 4824460d29f2:  77% ▕█████████████     ▏  32 GB/ 42 GB  119 MB/s   1m22s[K[?25h[?2026l[?2026h[?25l[A[1Gpulling manifest [K
pulling 4824460d29f2:  77% ▕█████████████     ▏  32 GB/ 42 GB  119 MB/s   1m22s[K[?25h[?2026l[?2026h[?25l[A[1Gpulling manifest [K
pulling 4824460d29f2:  77% ▕█████████████     ▏  32 GB/ 42 GB  119 MB/s   1m21s[K[?25h[?2026l[?2026h[?25l[A[1Gpulling manifest [K
pulling 4824460d29f2:  77% ▕█████████████     ▏  32 GB/ 42 GB  119 MB/s   1m21s[K[?25h[?2026l[?2026h[?25l[A[1Gpulling manifest [K
pulling 4824460d29f2:  77% ▕█████████████     ▏  32 GB/ 42 GB  119 MB/s   1m21s[K[?25h[?2026l[?2026h[?25l[A[1Gpulling manifest [K
pulling 4824460d29f2:  77% ▕█████████████     ▏  32 GB/ 42 GB  119 MB/s   1m21s[K[?25h[?2026l[?2026h[?25l[A[1Gpulling manifest [K
pulling 4824460d29f2:  77% ▕█████████████     ▏  32 GB/ 42 GB  119 MB/s   1m21s[K[?25h[?2026l[?2026h[?25l[A[1Gpulling manifest [K
pulling 4824460d29f2:  77% ▕█████████████     ▏  32 GB/ 42 GB  119 MB/s   1m21s[K[?25h[?2026l[?2026h[?25l[A[1Gpulling manifest [K
pulling 4824460d29f2:  77% ▕█████████████     ▏  32 GB/ 42 GB  119 MB/s   1m21s[K[?25h[?2026l[?2026h[?25l[A[1Gpulling manifest [K
pulling 4824460d29f2:  77% ▕█████████████     ▏  32 GB/ 42 GB  119 MB/s   1m21s[K[?25h[?2026l[?2026h[?25l[A[1Gpulling manifest [K
pulling 4824460d29f2:  77% ▕█████████████     ▏  32 GB/ 42 GB  119 MB/s   1m21s[K[?25h[?2026l[?2026h[?25l[A[1Gpulling manifest [K
pulling 4824460d29f2:  77% ▕█████████████     ▏  32 GB/ 42 GB  119 MB/s   1m20s[K[?25h[?2026l[?2026h[?25l[A[1Gpulling manifest [K
pulling 4824460d29f2:  77% ▕█████████████     ▏  32 GB/ 42 GB  119 MB/s   1m20s[K[?25h[?2026l[?2026h[?25l[A[1Gpulling manifest [K
pulling 4824460d29f2:  77% ▕█████████████     ▏  32 GB/ 42 GB  119 MB/s   1m20s[K[?25h[?2026l[?2026h[?25l[A[1Gpulling manifest [K
pulling 4824460d29f2:  77% ▕█████████████     ▏  32 GB/ 42 GB  119 MB/s   1m20s[K[?25h[?2026l[?2026h[?25l[A[1Gpulling manifest [K
pulling 4824460d29f2:  77% ▕█████████████     ▏  32 GB/ 42 GB  119 MB/s   1m20s[K[?25h[?2026l[?2026h[?25l[A[1Gpulling manifest [K
pulling 4824460d29f2:  77% ▕█████████████     ▏  32 GB/ 42 GB  119 MB/s   1m20s[K[?25h[?2026l[?2026h[?25l[A[1Gpulling manifest [K
pulling 4824460d29f2:  77% ▕█████████████     ▏  32 GB/ 42 GB  119 MB/s   1m20s[K[?25h[?2026l[?2026h[?25l[A[1Gpulling manifest [K
pulling 4824460d29f2:  77% ▕█████████████     ▏  32 GB/ 42 GB  119 MB/s   1m20s[K[?25h[?2026l[?2026h[?25l[A[1Gpulling manifest [K
pulling 4824460d29f2:  77% ▕█████████████     ▏  32 GB/ 42 GB  119 MB/s   1m20s[K[?25h[?2026l[?2026h[?25l[A[1Gpulling manifest [K
pulling 4824460d29f2:  78% ▕█████████████     ▏  32 GB/ 42 GB  119 MB/s   1m20s[K[?25h[?2026l[?2026h[?25l[A[1Gpulling manifest [K
pulling 4824460d29f2:  78% ▕█████████████     ▏  32 GB/ 42 GB  119 MB/s   1m19s[K[?25h[?2026l[?2026h[?25l[A[1Gpulling manifest [K
pulling 4824460d29f2:  78% ▕█████████████     ▏  32 GB/ 42 GB  119 MB/s   1m19s[K[?25h[?2026l[?2026h[?25l[A[1Gpulling manifest [K
pulling 4824460d29f2:  78% ▕█████████████     ▏  33 GB/ 42 GB  119 MB/s   1m19s[K[?25h[?2026l[?2026h[?25l[A[1Gpulling manifest [K
pulling 4824460d29f2:  78% ▕█████████████     ▏  33 GB/ 42 GB  119 MB/s   1m19s[K[?25h[?2026l[?2026h[?25l[A[1Gpulling manifest [K
pulling 4824460d29f2:  78% ▕█████████████     ▏  33 GB/ 42 GB  119 MB/s   1m19s[K[?25h[?2026l[?2026h[?25l[A[1Gpulling manifest [K
pulling 4824460d29f2:  78% ▕█████████████     ▏  33 GB/ 42 GB  119 MB/s   1m19s[K[?25h[?2026l[?2026h[?25l[A[1Gpulling manifest [K
pulling 4824460d29f2:  78% ▕█████████████     ▏  33 GB/ 42 GB  119 MB/s   1m19s[K[?25h[?2026l[?2026h[?25l[A[1Gpulling manifest [K
pulling 4824460d29f2:  78% ▕█████████████     ▏  33 GB/ 42 GB  119 MB/s   1m19s[K[?25h[?2026l[?2026h[?25l[A[1Gpulling manifest [K
pulling 4824460d29f2:  78% ▕█████████████     ▏  33 GB/ 42 GB  119 MB/s   1m19s[K[?25h[?2026l[?2026h[?25l[A[1Gpulling manifest [K
pulling 4824460d29f2:  78% ▕██████████████    ▏  33 GB/ 42 GB  119 MB/s   1m18s[K[?25h[?2026l[?2026h[?25l[A[1Gpulling manifest [K
pulling 4824460d29f2:  78% ▕██████████████    ▏  33 GB/ 42 GB  119 MB/s   1m18s[K[?25h[?2026l[?2026h[?25l[A[1Gpulling manifest [K
pulling 4824460d29f2:  78% ▕██████████████    ▏  33 GB/ 42 GB  119 MB/s   1m18s[K[?25h[?2026l[?2026h[?25l[A[1Gpulling manifest [K
pulling 4824460d29f2:  78% ▕██████████████    ▏  33 GB/ 42 GB  119 MB/s   1m18s[K[?25h[?2026l[?2026h[?25l[A[1Gpulling manifest [K
pulling 4824460d29f2:  78% ▕██████████████    ▏  33 GB/ 42 GB  119 MB/s   1m18s[K[?25h[?2026l[?2026h[?25l[A[1Gpulling manifest [K
pulling 4824460d29f2:  78% ▕██████████████    ▏  33 GB/ 42 GB  119 MB/s   1m18s[K[?25h[?2026l[?2026h[?25l[A[1Gpulling manifest [K
pulling 4824460d29f2:  78% ▕██████████████    ▏  33 GB/ 42 GB  119 MB/s   1m18s[K[?25h[?2026l[?2026h[?25l[A[1Gpulling manifest [K
pulling 4824460d29f2:  78% ▕██████████████    ▏  33 GB/ 42 GB  119 MB/s   1m18s[K[?25h[?2026l[?2026h[?25l[A[1Gpulling manifest [K
pulling 4824460d29f2:  78% ▕██████████████    ▏  33 GB/ 42 GB  119 MB/s   1m18s[K[?25h[?2026l[?2026h[?25l[A[1Gpulling manifest [K
pulling 4824460d29f2:  78% ▕██████████████    ▏  33 GB/ 42 GB  119 MB/s   1m18s[K[?25h[?2026l[?2026h[?25l[A[1Gpulling manifest [K
pulling 4824460d29f2:  78% ▕██████████████    ▏  33 GB/ 42 GB  119 MB/s   1m18s[K[?25h[?2026l[?2026h[?25l[A[1Gpulling manifest [K
pulling 4824460d29f2:  78% ▕██████████████    ▏  33 GB/ 42 GB  119 MB/s   1m18s[K[?25h[?2026l[?2026h[?25l[A[1Gpulling manifest [K
pulling 4824460d29f2:  78% ▕██████████████    ▏  33 GB/ 42 GB  119 MB/s   1m17s[K[?25h[?2026l[?2026h[?25l[A[1Gpulling manifest [K
pulling 4824460d29f2:  78% ▕██████████████    ▏  33 GB/ 42 GB  119 MB/s   1m17s[K[?25h[?2026l[?2026h[?25l[A[1Gpulling manifest [K
pulling 4824460d29f2:  78% ▕██████████████    ▏  33 GB/ 42 GB  119 MB/s   1m17s[K[?25h[?2026l[?2026h[?25l[A[1Gpulling manifest [K
pulling 4824460d29f2:  78% ▕██████████████    ▏  33 GB/ 42 GB  119 MB/s   1m17s[K[?25h[?2026l[?2026h[?25l[A[1Gpulling manifest [K
pulling 4824460d29f2:  78% ▕██████████████    ▏  33 GB/ 42 GB  119 MB/s   1m17s[K[?25h[?2026l[?2026h[?25l[A[1Gpulling manifest [K
pulling 4824460d29f2:  78% ▕██████████████    ▏  33 GB/ 42 GB  119 MB/s   1m17s[K[?25h[?2026l[?2026h[?25l[A[1Gpulling manifest [K
pulling 4824460d29f2:  78% ▕██████████████    ▏  33 GB/ 42 GB  119 MB/s   1m17s[K[?25h[?2026l[?2026h[?25l[A[1Gpulling manifest [K
pulling 4824460d29f2:  78% ▕██████████████    ▏  33 GB/ 42 GB  119 MB/s   1m17s[K[?25h[?2026l[?2026h[?25l[A[1Gpulling manifest [K
pulling 4824460d29f2:  78% ▕██████████████    ▏  33 GB/ 42 GB  119 MB/s   1m17s[K[?25h[?2026l[?2026h[?25l[A[1Gpulling manifest [K
pulling 4824460d29f2:  78% ▕██████████████    ▏  33 GB/ 42 GB  119 MB/s   1m17s[K[?25h[?2026l[?2026h[?25l[A[1Gpulling manifest [K
pulling 4824460d29f2:  78% ▕██████████████    ▏  33 GB/ 42 GB  119 MB/s   1m17s[K[?25h[?2026l[?2026h[?25l[A[1Gpulling manifest [K
pulling 4824460d29f2:  78% ▕██████████████    ▏  33 GB/ 42 GB  119 MB/s   1m16s[K[?25h[?2026l[?2026h[?25l[A[1Gpulling manifest [K
pulling 4824460d29f2:  78% ▕██████████████    ▏  33 GB/ 42 GB  119 MB/s   1m16s[K[?25h[?2026l[?2026h[?25l[A[1Gpulling manifest [K
pulling 4824460d29f2:  78% ▕██████████████    ▏  33 GB/ 42 GB  119 MB/s   1m16s[K[?25h[?2026l[?2026h[?25l[A[1Gpulling manifest [K
pulling 4824460d29f2:  79% ▕██████████████    ▏  33 GB/ 42 GB  119 MB/s   1m16s[K[?25h[?2026l[?2026h[?25l[A[1Gpulling manifest [K
pulling 4824460d29f2:  79% ▕██████████████    ▏  33 GB/ 42 GB  119 MB/s   1m16s[K[?25h[?2026l[?2026h[?25l[A[1Gpulling manifest [K
pulling 4824460d29f2:  79% ▕██████████████    ▏  33 GB/ 42 GB  119 MB/s   1m16s[K[?25h[?2026l[?2026h[?25l[A[1Gpulling manifest [K
pulling 4824460d29f2:  79% ▕██████████████    ▏  33 GB/ 42 GB  119 MB/s   1m16s[K[?25h[?2026l[?2026h[?25l[A[1Gpulling manifest [K
pulling 4824460d29f2:  79% ▕██████████████    ▏  33 GB/ 42 GB  119 MB/s   1m16s[K[?25h[?2026l[?2026h[?25l[A[1Gpulling manifest [K
pulling 4824460d29f2:  79% ▕██████████████    ▏  33 GB/ 42 GB  119 MB/s   1m16s[K[?25h[?2026l[?2026h[?25l[A[1Gpulling manifest [K
pulling 4824460d29f2:  79% ▕██████████████    ▏  33 GB/ 42 GB  119 MB/s   1m15s[K[?25h[?2026l[?2026h[?25l[A[1Gpulling manifest [K
pulling 4824460d29f2:  79% ▕██████████████    ▏  33 GB/ 42 GB  119 MB/s   1m15s[K[?25h[?2026l[?2026h[?25l[A[1Gpulling manifest [K
pulling 4824460d29f2:  79% ▕██████████████    ▏  33 GB/ 42 GB  119 MB/s   1m15s[K[?25h[?2026l[?2026h[?25l[A[1Gpulling manifest [K
pulling 4824460d29f2:  79% ▕██████████████    ▏  33 GB/ 42 GB  119 MB/s   1m15s[K[?25h[?2026l[?2026h[?25l[A[1Gpulling manifest [K
pulling 4824460d29f2:  79% ▕██████████████    ▏  33 GB/ 42 GB  119 MB/s   1m15s[K[?25h[?2026l[?2026h[?25l[A[1Gpulling manifest [K
pulling 4824460d29f2:  79% ▕██████████████    ▏  33 GB/ 42 GB  119 MB/s   1m15s[K[?25h[?2026l[?2026h[?25l[A[1Gpulling manifest [K
pulling 4824460d29f2:  79% ▕██████████████    ▏  33 GB/ 42 GB  119 MB/s   1m15s[K[?25h[?2026l[?2026h[?25l[A[1Gpulling manifest [K
pulling 4824460d29f2:  79% ▕██████████████    ▏  33 GB/ 42 GB  119 MB/s   1m15s[K[?25h[?2026l[?2026h[?25l[A[1Gpulling manifest [K
pulling 4824460d29f2:  79% ▕██████████████    ▏  33 GB/ 42 GB  119 MB/s   1m15s[K[?25h[?2026l[?2026h[?25l[A[1Gpulling manifest [K
pulling 4824460d29f2:  79% ▕██████████████    ▏  33 GB/ 42 GB  119 MB/s   1m15s[K[?25h[?2026l[?2026h[?25l[A[1Gpulling manifest [K
pulling 4824460d29f2:  79% ▕██████████████    ▏  33 GB/ 42 GB  119 MB/s   1m15s[K[?25h[?2026l[?2026h[?25l[A[1Gpulling manifest [K
pulling 4824460d29f2:  79% ▕██████████████    ▏  33 GB/ 42 GB  119 MB/s   1m14s[K[?25h[?2026l[?2026h[?25l[A[1Gpulling manifest [K
pulling 4824460d29f2:  79% ▕██████████████    ▏  33 GB/ 42 GB  119 MB/s   1m14s[K[?25h[?2026l[?2026h[?25l[A[1Gpulling manifest [K
pulling 4824460d29f2:  79% ▕██████████████    ▏  33 GB/ 42 GB  119 MB/s   1m14s[K[?25h[?2026l[?2026h[?25l[A[1Gpulling manifest [K
pulling 4824460d29f2:  79% ▕██████████████    ▏  33 GB/ 42 GB  119 MB/s   1m14s[K[?25h[?2026l[?2026h[?25l[A[1Gpulling manifest [K
pulling 4824460d29f2:  79% ▕██████████████    ▏  33 GB/ 42 GB  119 MB/s   1m14s[K[?25h[?2026l[?2026h[?25l[A[1Gpulling manifest [K
pulling 4824460d29f2:  79% ▕██████████████    ▏  33 GB/ 42 GB  119 MB/s   1m14s[K[?25h[?2026l[?2026h[?25l[A[1Gpulling manifest [K
pulling 4824460d29f2:  79% ▕██████████████    ▏  33 GB/ 42 GB  119 MB/s   1m14s[K[?25h[?2026l[?2026h[?25l[A[1Gpulling manifest [K
pulling 4824460d29f2:  79% ▕██████████████    ▏  33 GB/ 42 GB  119 MB/s   1m14s[K[?25h[?2026l[?2026h[?25l[A[1Gpulling manifest [K
pulling 4824460d29f2:  79% ▕██████████████    ▏  33 GB/ 42 GB  119 MB/s   1m14s[K[?25h[?2026l[?2026h[?25l[A[1Gpulling manifest [K
pulling 4824460d29f2:  79% ▕██████████████    ▏  33 GB/ 42 GB  119 MB/s   1m14s[K[?25h[?2026l[?2026h[?25l[A[1Gpulling manifest [K
pulling 4824460d29f2:  79% ▕██████████████    ▏  33 GB/ 42 GB  119 MB/s   1m13s[K[?25h[?2026l[?2026h[?25l[A[1Gpulling manifest [K
pulling 4824460d29f2:  79% ▕██████████████    ▏  33 GB/ 42 GB  119 MB/s   1m13s[K[?25h[?2026l[?2026h[?25l[A[1Gpulling manifest [K
pulling 4824460d29f2:  79% ▕██████████████    ▏  33 GB/ 42 GB  119 MB/s   1m13s[K[?25h[?2026l[?2026h[?25l[A[1Gpulling manifest [K
pulling 4824460d29f2:  79% ▕██████████████    ▏  33 GB/ 42 GB  119 MB/s   1m13s[K[?25h[?2026l[?2026h[?25l[A[1Gpulling manifest [K
pulling 4824460d29f2:  79% ▕██████████████    ▏  33 GB/ 42 GB  119 MB/s   1m13s[K[?25h[?2026l[?2026h[?25l[A[1Gpulling manifest [K
pulling 4824460d29f2:  79% ▕██████████████    ▏  33 GB/ 42 GB  119 MB/s   1m13s[K[?25h[?2026l[?2026h[?25l[A[1Gpulling manifest [K
pulling 4824460d29f2:  79% ▕██████████████    ▏  33 GB/ 42 GB  119 MB/s   1m13s[K[?25h[?2026l[?2026h[?25l[A[1Gpulling manifest [K
pulling 4824460d29f2:  79% ▕██████████████    ▏  33 GB/ 42 GB  119 MB/s   1m13s[K[?25h[?2026l[?2026h[?25l[A[1Gpulling manifest [K
pulling 4824460d29f2:  79% ▕██████████████    ▏  33 GB/ 42 GB  119 MB/s   1m13s[K[?25h[?2026l[?2026h[?25l[A[1Gpulling manifest [K
pulling 4824460d29f2:  80% ▕██████████████    ▏  33 GB/ 42 GB  119 MB/s   1m12s[K[?25h[?2026l[?2026h[?25l[A[1Gpulling manifest [K
pulling 4824460d29f2:  80% ▕██████████████    ▏  33 GB/ 42 GB  119 MB/s   1m12s[K[?25h[?2026l[?2026h[?25l[A[1Gpulling manifest [K
pulling 4824460d29f2:  80% ▕██████████████    ▏  33 GB/ 42 GB  119 MB/s   1m12s[K[?25h[?2026l[?2026h[?25l[A[1Gpulling manifest [K
pulling 4824460d29f2:  80% ▕██████████████    ▏  33 GB/ 42 GB  119 MB/s   1m12s[K[?25h[?2026l[?2026h[?25l[A[1Gpulling manifest [K
pulling 4824460d29f2:  80% ▕██████████████    ▏  33 GB/ 42 GB  119 MB/s   1m12s[K[?25h[?2026l[?2026h[?25l[A[1Gpulling manifest [K
pulling 4824460d29f2:  80% ▕██████████████    ▏  33 GB/ 42 GB  119 MB/s   1m12s[K[?25h[?2026l[?2026h[?25l[A[1Gpulling manifest [K
pulling 4824460d29f2:  80% ▕██████████████    ▏  33 GB/ 42 GB  119 MB/s   1m12s[K[?25h[?2026l[?2026h[?25l[A[1Gpulling manifest [K
pulling 4824460d29f2:  80% ▕██████████████    ▏  33 GB/ 42 GB  119 MB/s   1m12s[K[?25h[?2026l[?2026h[?25l[A[1Gpulling manifest [K
pulling 4824460d29f2:  80% ▕██████████████    ▏  33 GB/ 42 GB  119 MB/s   1m12s[K[?25h[?2026l[?2026h[?25l[A[1Gpulling manifest [K
pulling 4824460d29f2:  80% ▕██████████████    ▏  33 GB/ 42 GB  119 MB/s   1m12s[K[?25h[?2026l[?2026h[?25l[A[1Gpulling manifest [K
pulling 4824460d29f2:  80% ▕██████████████    ▏  33 GB/ 42 GB  119 MB/s   1m11s[K[?25h[?2026l[?2026h[?25l[A[1Gpulling manifest [K
pulling 4824460d29f2:  80% ▕██████████████    ▏  33 GB/ 42 GB  119 MB/s   1m11s[K[?25h[?2026l[?2026h[?25l[A[1Gpulling manifest [K
pulling 4824460d29f2:  80% ▕██████████████    ▏  33 GB/ 42 GB  119 MB/s   1m11s[K[?25h[?2026l[?2026h[?25l[A[1Gpulling manifest [K
pulling 4824460d29f2:  80% ▕██████████████    ▏  33 GB/ 42 GB  119 MB/s   1m11s[K[?25h[?2026l[?2026h[?25l[A[1Gpulling manifest [K
pulling 4824460d29f2:  80% ▕██████████████    ▏  33 GB/ 42 GB  119 MB/s   1m11s[K[?25h[?2026l[?2026h[?25l[A[1Gpulling manifest [K
pulling 4824460d29f2:  80% ▕██████████████    ▏  33 GB/ 42 GB  119 MB/s   1m11s[K[?25h[?2026l[?2026h[?25l[A[1Gpulling manifest [K
pulling 4824460d29f2:  80% ▕██████████████    ▏  33 GB/ 42 GB  119 MB/s   1m11s[K[?25h[?2026l[?2026h[?25l[A[1Gpulling manifest [K
pulling 4824460d29f2:  80% ▕██████████████    ▏  34 GB/ 42 GB  119 MB/s   1m11s[K[?25h[?2026l[?2026h[?25l[A[1Gpulling manifest [K
pulling 4824460d29f2:  80% ▕██████████████    ▏  34 GB/ 42 GB  119 MB/s   1m11s[K[?25h[?2026l[?2026h[?25l[A[1Gpulling manifest [K
pulling 4824460d29f2:  80% ▕██████████████    ▏  34 GB/ 42 GB  119 MB/s   1m11s[K[?25h[?2026l[?2026h[?25l[A[1Gpulling manifest [K
pulling 4824460d29f2:  80% ▕██████████████    ▏  34 GB/ 42 GB  119 MB/s   1m11s[K[?25h[?2026l[?2026h[?25l[A[1Gpulling manifest [K
pulling 4824460d29f2:  80% ▕██████████████    ▏  34 GB/ 42 GB  119 MB/s   1m11s[K[?25h[?2026l[?2026h[?25l[A[1Gpulling manifest [K
pulling 4824460d29f2:  80% ▕██████████████    ▏  34 GB/ 42 GB  119 MB/s   1m10s[K[?25h[?2026l[?2026h[?25l[A[1Gpulling manifest [K
pulling 4824460d29f2:  80% ▕██████████████    ▏  34 GB/ 42 GB  119 MB/s   1m10s[K[?25h[?2026l[?2026h[?25l[A[1Gpulling manifest [K
pulling 4824460d29f2:  80% ▕██████████████    ▏  34 GB/ 42 GB  119 MB/s   1m10s[K[?25h[?2026l[?2026h[?25l[A[1Gpulling manifest [K
pulling 4824460d29f2:  80% ▕██████████████    ▏  34 GB/ 42 GB  119 MB/s   1m10s[K[?25h[?2026l[?2026h[?25l[A[1Gpulling manifest [K
pulling 4824460d29f2:  80% ▕██████████████    ▏  34 GB/ 42 GB  119 MB/s   1m10s[K[?25h[?2026l[?2026h[?25l[A[1Gpulling manifest [K
pulling 4824460d29f2:  80% ▕██████████████    ▏  34 GB/ 42 GB  119 MB/s   1m10s[K[?25h[?2026l[?2026h[?25l[A[1Gpulling manifest [K
pulling 4824460d29f2:  80% ▕██████████████    ▏  34 GB/ 42 GB  119 MB/s   1m10s[K[?25h[?2026l[?2026h[?25l[A[1Gpulling manifest [K
pulling 4824460d29f2:  80% ▕██████████████    ▏  34 GB/ 42 GB  119 MB/s   1m10s[K[?25h[?2026l[?2026h[?25l[A[1Gpulling manifest [K
pulling 4824460d29f2:  80% ▕██████████████    ▏  34 GB/ 42 GB  119 MB/s   1m10s[K[?25h[?2026l[?2026h[?25l[A[1Gpulling manifest [K
pulling 4824460d29f2:  80% ▕██████████████    ▏  34 GB/ 42 GB  119 MB/s   1m10s[K[?25h[?2026l[?2026h[?25l[A[1Gpulling manifest [K
pulling 4824460d29f2:  80% ▕██████████████    ▏  34 GB/ 42 GB  119 MB/s   1m10s[K[?25h[?2026l[?2026h[?25l[A[1Gpulling manifest [K
pulling 4824460d29f2:  80% ▕██████████████    ▏  34 GB/ 42 GB  119 MB/s    1m9s[K[?25h[?2026l[?2026h[?25l[A[1Gpulling manifest [K
pulling 4824460d29f2:  80% ▕██████████████    ▏  34 GB/ 42 GB  119 MB/s    1m9s[K[?25h[?2026l[?2026h[?25l[A[1Gpulling manifest [K
pulling 4824460d29f2:  80% ▕██████████████    ▏  34 GB/ 42 GB  119 MB/s    1m9s[K[?25h[?2026l[?2026h[?25l[A[1Gpulling manifest [K
pulling 4824460d29f2:  80% ▕██████████████    ▏  34 GB/ 42 GB  119 MB/s    1m9s[K[?25h[?2026l[?2026h[?25l[A[1Gpulling manifest [K
pulling 4824460d29f2:  81% ▕██████████████    ▏  34 GB/ 42 GB  119 MB/s    1m9s[K[?25h[?2026l[?2026h[?25l[A[1Gpulling manifest [K
pulling 4824460d29f2:  81% ▕██████████████    ▏  34 GB/ 42 GB  119 MB/s    1m9s[K[?25h[?2026l[?2026h[?25l[A[1Gpulling manifest [K
pulling 4824460d29f2:  81% ▕██████████████    ▏  34 GB/ 42 GB  119 MB/s    1m9s[K[?25h[?2026l[?2026h[?25l[A[1Gpulling manifest [K
pulling 4824460d29f2:  81% ▕██████████████    ▏  34 GB/ 42 GB  119 MB/s    1m9s[K[?25h[?2026l[?2026h[?25l[A[1Gpulling manifest [K
pulling 4824460d29f2:  81% ▕██████████████    ▏  34 GB/ 42 GB  119 MB/s    1m8s[K[?25h[?2026l[?2026h[?25l[A[1Gpulling manifest [K
pulling 4824460d29f2:  81% ▕██████████████    ▏  34 GB/ 42 GB  119 MB/s    1m8s[K[?25h[?2026l[?2026h[?25l[A[1Gpulling manifest [K
pulling 4824460d29f2:  81% ▕██████████████    ▏  34 GB/ 42 GB  119 MB/s    1m8s[K[?25h[?2026l[?2026h[?25l[A[1Gpulling manifest [K
pulling 4824460d29f2:  81% ▕██████████████    ▏  34 GB/ 42 GB  119 MB/s    1m8s[K[?25h[?2026l[?2026h[?25l[A[1Gpulling manifest [K
pulling 4824460d29f2:  81% ▕██████████████    ▏  34 GB/ 42 GB  119 MB/s    1m8s[K[?25h[?2026l[?2026h[?25l[A[1Gpulling manifest [K
pulling 4824460d29f2:  81% ▕██████████████    ▏  34 GB/ 42 GB  119 MB/s    1m8s[K[?25h[?2026l[?2026h[?25l[A[1Gpulling manifest [K
pulling 4824460d29f2:  81% ▕██████████████    ▏  34 GB/ 42 GB  119 MB/s    1m8s[K[?25h[?2026l[?2026h[?25l[A[1Gpulling manifest [K
pulling 4824460d29f2:  81% ▕██████████████    ▏  34 GB/ 42 GB  119 MB/s    1m8s[K[?25h[?2026l[?2026h[?25l[A[1Gpulling manifest [K
pulling 4824460d29f2:  81% ▕██████████████    ▏  34 GB/ 42 GB  119 MB/s    1m8s[K[?25h[?2026l[?2026h[?25l[A[1Gpulling manifest [K
pulling 4824460d29f2:  81% ▕██████████████    ▏  34 GB/ 42 GB  119 MB/s    1m8s[K[?25h[?2026l[?2026h[?25l[A[1Gpulling manifest [K
pulling 4824460d29f2:  81% ▕██████████████    ▏  34 GB/ 42 GB  119 MB/s    1m8s[K[?25h[?2026l[?2026h[?25l[A[1Gpulling manifest [K
pulling 4824460d29f2:  81% ▕██████████████    ▏  34 GB/ 42 GB  119 MB/s    1m7s[K[?25h[?2026l[?2026h[?25l[A[1Gpulling manifest [K
pulling 4824460d29f2:  81% ▕██████████████    ▏  34 GB/ 42 GB  119 MB/s    1m7s[K[?25h[?2026l[?2026h[?25l[A[1Gpulling manifest [K
pulling 4824460d29f2:  81% ▕██████████████    ▏  34 GB/ 42 GB  119 MB/s    1m7s[K[?25h[?2026l[?2026h[?25l[A[1Gpulling manifest [K
pulling 4824460d29f2:  81% ▕██████████████    ▏  34 GB/ 42 GB  119 MB/s    1m7s[K[?25h[?2026l[?2026h[?25l[A[1Gpulling manifest [K
pulling 4824460d29f2:  81% ▕██████████████    ▏  34 GB/ 42 GB  119 MB/s    1m7s[K[?25h[?2026l[?2026h[?25l[A[1Gpulling manifest [K
pulling 4824460d29f2:  81% ▕██████████████    ▏  34 GB/ 42 GB  119 MB/s    1m7s[K[?25h[?2026l[?2026h[?25l[A[1Gpulling manifest [K
pulling 4824460d29f2:  81% ▕██████████████    ▏  34 GB/ 42 GB  119 MB/s    1m7s[K[?25h[?2026l[?2026h[?25l[A[1Gpulling manifest [K
pulling 4824460d29f2:  81% ▕██████████████    ▏  34 GB/ 42 GB  119 MB/s    1m7s[K[?25h[?2026l[?2026h[?25l[A[1Gpulling manifest [K
pulling 4824460d29f2:  81% ▕██████████████    ▏  34 GB/ 42 GB  119 MB/s    1m7s[K[?25h[?2026l[?2026h[?25l[A[1Gpulling manifest [K
pulling 4824460d29f2:  81% ▕██████████████    ▏  34 GB/ 42 GB  119 MB/s    1m7s[K[?25h[?2026l[?2026h[?25l[A[1Gpulling manifest [K
pulling 4824460d29f2:  81% ▕██████████████    ▏  34 GB/ 42 GB  119 MB/s    1m7s[K[?25h[?2026l[?2026h[?25l[A[1Gpulling manifest [K
pulling 4824460d29f2:  81% ▕██████████████    ▏  34 GB/ 42 GB  119 MB/s    1m6s[K[?25h[?2026l[?2026h[?25l[A[1Gpulling manifest [K
pulling 4824460d29f2:  81% ▕██████████████    ▏  34 GB/ 42 GB  119 MB/s    1m6s[K[?25h[?2026l[?2026h[?25l[A[1Gpulling manifest [K
pulling 4824460d29f2:  81% ▕██████████████    ▏  34 GB/ 42 GB  119 MB/s    1m6s[K[?25h[?2026l[?2026h[?25l[A[1Gpulling manifest [K
pulling 4824460d29f2:  81% ▕██████████████    ▏  34 GB/ 42 GB  119 MB/s    1m6s[K[?25h[?2026l[?2026h[?25l[A[1Gpulling manifest [K
pulling 4824460d29f2:  81% ▕██████████████    ▏  34 GB/ 42 GB  119 MB/s    1m6s[K[?25h[?2026l[?2026h[?25l[A[1Gpulling manifest [K
pulling 4824460d29f2:  81% ▕██████████████    ▏  34 GB/ 42 GB  119 MB/s    1m6s[K[?25h[?2026l[?2026h[?25l[A[1Gpulling manifest [K
pulling 4824460d29f2:  81% ▕██████████████    ▏  34 GB/ 42 GB  119 MB/s    1m6s[K[?25h[?2026l[?2026h[?25l[A[1Gpulling manifest [K
pulling 4824460d29f2:  81% ▕██████████████    ▏  34 GB/ 42 GB  119 MB/s    1m6s[K[?25h[?2026l[?2026h[?25l[A[1Gpulling manifest [K
pulling 4824460d29f2:  81% ▕██████████████    ▏  34 GB/ 42 GB  119 MB/s    1m6s[K[?25h[?2026l[?2026h[?25l[A[1Gpulling manifest [K
pulling 4824460d29f2:  81% ▕██████████████    ▏  34 GB/ 42 GB  119 MB/s    1m5s[K[?25h[?2026l[?2026h[?25l[A[1Gpulling manifest [K
pulling 4824460d29f2:  82% ▕██████████████    ▏  34 GB/ 42 GB  119 MB/s    1m5s[K[?25h[?2026l[?2026h[?25l[A[1Gpulling manifest [K
pulling 4824460d29f2:  82% ▕██████████████    ▏  34 GB/ 42 GB  119 MB/s    1m5s[K[?25h[?2026l[?2026h[?25l[A[1Gpulling manifest [K
pulling 4824460d29f2:  82% ▕██████████████    ▏  34 GB/ 42 GB  119 MB/s    1m5s[K[?25h[?2026l[?2026h[?25l[A[1Gpulling manifest [K
pulling 4824460d29f2:  82% ▕██████████████    ▏  34 GB/ 42 GB  119 MB/s    1m5s[K[?25h[?2026l[?2026h[?25l[A[1Gpulling manifest [K
pulling 4824460d29f2:  82% ▕██████████████    ▏  34 GB/ 42 GB  119 MB/s    1m5s[K[?25h[?2026l[?2026h[?25l[A[1Gpulling manifest [K
pulling 4824460d29f2:  82% ▕██████████████    ▏  34 GB/ 42 GB  119 MB/s    1m5s[K[?25h[?2026l[?2026h[?25l[A[1Gpulling manifest [K
pulling 4824460d29f2:  82% ▕██████████████    ▏  34 GB/ 42 GB  119 MB/s    1m5s[K[?25h[?2026l[?2026h[?25l[A[1Gpulling manifest [K
pulling 4824460d29f2:  82% ▕██████████████    ▏  34 GB/ 42 GB  119 MB/s    1m5s[K[?25h[?2026l[?2026h[?25l[A[1Gpulling manifest [K
pulling 4824460d29f2:  82% ▕██████████████    ▏  34 GB/ 42 GB  119 MB/s    1m5s[K[?25h[?2026l[?2026h[?25l[A[1Gpulling manifest [K
pulling 4824460d29f2:  82% ▕██████████████    ▏  34 GB/ 42 GB  119 MB/s    1m4s[K[?25h[?2026l[?2026h[?25l[A[1Gpulling manifest [K
pulling 4824460d29f2:  82% ▕██████████████    ▏  34 GB/ 42 GB  119 MB/s    1m4s[K[?25h[?2026l[?2026h[?25l[A[1Gpulling manifest [K
pulling 4824460d29f2:  82% ▕██████████████    ▏  34 GB/ 42 GB  119 MB/s    1m4s[K[?25h[?2026l[?2026h[?25l[A[1Gpulling manifest [K
pulling 4824460d29f2:  82% ▕██████████████    ▏  34 GB/ 42 GB  119 MB/s    1m4s[K[?25h[?2026l[?2026h[?25l[A[1Gpulling manifest [K
pulling 4824460d29f2:  82% ▕██████████████    ▏  34 GB/ 42 GB  119 MB/s    1m4s[K[?25h[?2026l[?2026h[?25l[A[1Gpulling manifest [K
pulling 4824460d29f2:  82% ▕██████████████    ▏  34 GB/ 42 GB  119 MB/s    1m4s[K[?25h[?2026l[?2026h[?25l[A[1Gpulling manifest [K
pulling 4824460d29f2:  82% ▕██████████████    ▏  34 GB/ 42 GB  119 MB/s    1m4s[K[?25h[?2026l[?2026h[?25l[A[1Gpulling manifest [K
pulling 4824460d29f2:  82% ▕██████████████    ▏  34 GB/ 42 GB  119 MB/s    1m4s[K[?25h[?2026l[?2026h[?25l[A[1Gpulling manifest [K
pulling 4824460d29f2:  82% ▕██████████████    ▏  34 GB/ 42 GB  119 MB/s    1m4s[K[?25h[?2026l[?2026h[?25l[A[1Gpulling manifest [K
pulling 4824460d29f2:  82% ▕██████████████    ▏  34 GB/ 42 GB  119 MB/s    1m4s[K[?25h[?2026l[?2026h[?25l[A[1Gpulling manifest [K
pulling 4824460d29f2:  82% ▕██████████████    ▏  34 GB/ 42 GB  119 MB/s    1m4s[K[?25h[?2026l[?2026h[?25l[A[1Gpulling manifest [K
pulling 4824460d29f2:  82% ▕██████████████    ▏  34 GB/ 42 GB  119 MB/s    1m3s[K[?25h[?2026l[?2026h[?25l[A[1Gpulling manifest [K
pulling 4824460d29f2:  82% ▕██████████████    ▏  34 GB/ 42 GB  119 MB/s    1m3s[K[?25h[?2026l[?2026h[?25l[A[1Gpulling manifest [K
pulling 4824460d29f2:  82% ▕██████████████    ▏  34 GB/ 42 GB  119 MB/s    1m3s[K[?25h[?2026l[?2026h[?25l[A[1Gpulling manifest [K
pulling 4824460d29f2:  82% ▕██████████████    ▏  34 GB/ 42 GB  119 MB/s    1m3s[K[?25h[?2026l[?2026h[?25l[A[1Gpulling manifest [K
pulling 4824460d29f2:  82% ▕██████████████    ▏  34 GB/ 42 GB  119 MB/s    1m3s[K[?25h[?2026l[?2026h[?25l[A[1Gpulling manifest [K
pulling 4824460d29f2:  82% ▕██████████████    ▏  34 GB/ 42 GB  119 MB/s    1m3s[K[?25h[?2026l[?2026h[?25l[A[1Gpulling manifest [K
pulling 4824460d29f2:  82% ▕██████████████    ▏  34 GB/ 42 GB  119 MB/s    1m3s[K[?25h[?2026l[?2026h[?25l[A[1Gpulling manifest [K
pulling 4824460d29f2:  82% ▕██████████████    ▏  34 GB/ 42 GB  119 MB/s    1m3s[K[?25h[?2026l[?2026h[?25l[A[1Gpulling manifest [K
pulling 4824460d29f2:  82% ▕██████████████    ▏  34 GB/ 42 GB  119 MB/s    1m3s[K[?25h[?2026l[?2026h[?25l[A[1Gpulling manifest [K
pulling 4824460d29f2:  82% ▕██████████████    ▏  34 GB/ 42 GB  119 MB/s    1m3s[K[?25h[?2026l[?2026h[?25l[A[1Gpulling manifest [K
pulling 4824460d29f2:  82% ▕██████████████    ▏  35 GB/ 42 GB  119 MB/s    1m2s[K[?25h[?2026l[?2026h[?25l[A[1Gpulling manifest [K
pulling 4824460d29f2:  82% ▕██████████████    ▏  35 GB/ 42 GB  119 MB/s    1m2s[K[?25h[?2026l[?2026h[?25l[A[1Gpulling manifest [K
pulling 4824460d29f2:  82% ▕██████████████    ▏  35 GB/ 42 GB  119 MB/s    1m2s[K[?25h[?2026l[?2026h[?25l[A[1Gpulling manifest [K
pulling 4824460d29f2:  82% ▕██████████████    ▏  35 GB/ 42 GB  119 MB/s    1m2s[K[?25h[?2026l[?2026h[?25l[A[1Gpulling manifest [K
pulling 4824460d29f2:  82% ▕██████████████    ▏  35 GB/ 42 GB  119 MB/s    1m2s[K[?25h[?2026l[?2026h[?25l[A[1Gpulling manifest [K
pulling 4824460d29f2:  82% ▕██████████████    ▏  35 GB/ 42 GB  119 MB/s    1m2s[K[?25h[?2026l[?2026h[?25l[A[1Gpulling manifest [K
pulling 4824460d29f2:  83% ▕██████████████    ▏  35 GB/ 42 GB  119 MB/s    1m2s[K[?25h[?2026l[?2026h[?25l[A[1Gpulling manifest [K
pulling 4824460d29f2:  83% ▕██████████████    ▏  35 GB/ 42 GB  119 MB/s    1m2s[K[?25h[?2026l[?2026h[?25l[A[1Gpulling manifest [K
pulling 4824460d29f2:  83% ▕██████████████    ▏  35 GB/ 42 GB  119 MB/s    1m2s[K[?25h[?2026l[?2026h[?25l[A[1Gpulling manifest [K
pulling 4824460d29f2:  83% ▕██████████████    ▏  35 GB/ 42 GB  119 MB/s    1m2s[K[?25h[?2026l[?2026h[?25l[A[1Gpulling manifest [K
pulling 4824460d29f2:  83% ▕██████████████    ▏  35 GB/ 42 GB  119 MB/s    1m1s[K[?25h[?2026l[?2026h[?25l[A[1Gpulling manifest [K
pulling 4824460d29f2:  83% ▕██████████████    ▏  35 GB/ 42 GB  119 MB/s    1m1s[K[?25h[?2026l[?2026h[?25l[A[1Gpulling manifest [K
pulling 4824460d29f2:  83% ▕██████████████    ▏  35 GB/ 42 GB  119 MB/s    1m1s[K[?25h[?2026l[?2026h[?25l[A[1Gpulling manifest [K
pulling 4824460d29f2:  83% ▕██████████████    ▏  35 GB/ 42 GB  119 MB/s    1m1s[K[?25h[?2026l[?2026h[?25l[A[1Gpulling manifest [K
pulling 4824460d29f2:  83% ▕██████████████    ▏  35 GB/ 42 GB  119 MB/s    1m1s[K[?25h[?2026l[?2026h[?25l[A[1Gpulling manifest [K
pulling 4824460d29f2:  83% ▕██████████████    ▏  35 GB/ 42 GB  119 MB/s    1m1s[K[?25h[?2026l[?2026h[?25l[A[1Gpulling manifest [K
pulling 4824460d29f2:  83% ▕██████████████    ▏  35 GB/ 42 GB  119 MB/s    1m1s[K[?25h[?2026l[?2026h[?25l[A[1Gpulling manifest [K
pulling 4824460d29f2:  83% ▕██████████████    ▏  35 GB/ 42 GB  119 MB/s    1m1s[K[?25h[?2026l[?2026h[?25l[A[1Gpulling manifest [K
pulling 4824460d29f2:  83% ▕██████████████    ▏  35 GB/ 42 GB  119 MB/s    1m1s[K[?25h[?2026l[?2026h[?25l[A[1Gpulling manifest [K
pulling 4824460d29f2:  83% ▕██████████████    ▏  35 GB/ 42 GB  119 MB/s    1m1s[K[?25h[?2026l[?2026h[?25l[A[1Gpulling manifest [K
pulling 4824460d29f2:  83% ▕██████████████    ▏  35 GB/ 42 GB  119 MB/s    1m0s[K[?25h[?2026l[?2026h[?25l[A[1Gpulling manifest [K
pulling 4824460d29f2:  83% ▕██████████████    ▏  35 GB/ 42 GB  119 MB/s    1m0s[K[?25h[?2026l[?2026h[?25l[A[1Gpulling manifest [K
pulling 4824460d29f2:  83% ▕██████████████    ▏  35 GB/ 42 GB  119 MB/s    1m0s[K[?25h[?2026l[?2026h[?25l[A[1Gpulling manifest [K
pulling 4824460d29f2:  83% ▕██████████████    ▏  35 GB/ 42 GB  119 MB/s    1m0s[K[?25h[?2026l[?2026h[?25l[A[1Gpulling manifest [K
pulling 4824460d29f2:  83% ▕██████████████    ▏  35 GB/ 42 GB  119 MB/s    1m0s[K[?25h[?2026l[?2026h[?25l[A[1Gpulling manifest [K
pulling 4824460d29f2:  83% ▕██████████████    ▏  35 GB/ 42 GB  119 MB/s    1m0s[K[?25h[?2026l[?2026h[?25l[A[1Gpulling manifest [K
pulling 4824460d29f2:  83% ▕██████████████    ▏  35 GB/ 42 GB  119 MB/s    1m0s[K[?25h[?2026l[?2026h[?25l[A[1Gpulling manifest [K
pulling 4824460d29f2:  83% ▕██████████████    ▏  35 GB/ 42 GB  119 MB/s    1m0s[K[?25h[?2026l[?2026h[?25l[A[1Gpulling manifest [K
pulling 4824460d29f2:  83% ▕██████████████    ▏  35 GB/ 42 GB  119 MB/s    1m0s[K[?25h[?2026l[?2026h[?25l[A[1Gpulling manifest [K
pulling 4824460d29f2:  83% ▕██████████████    ▏  35 GB/ 42 GB  119 MB/s    1m0s[K[?25h[?2026l[?2026h[?25l[A[1Gpulling manifest [K
pulling 4824460d29f2:  83% ▕██████████████    ▏  35 GB/ 42 GB  119 MB/s     59s[K[?25h[?2026l[?2026h[?25l[A[1Gpulling manifest [K
pulling 4824460d29f2:  83% ▕██████████████    ▏  35 GB/ 42 GB  119 MB/s     59s[K[?25h[?2026l[?2026h[?25l[A[1Gpulling manifest [K
pulling 4824460d29f2:  83% ▕██████████████    ▏  35 GB/ 42 GB  119 MB/s     59s[K[?25h[?2026l[?2026h[?25l[A[1Gpulling manifest [K
pulling 4824460d29f2:  83% ▕██████████████    ▏  35 GB/ 42 GB  119 MB/s     59s[K[?25h[?2026l[?2026h[?25l[A[1Gpulling manifest [K
pulling 4824460d29f2:  83% ▕██████████████    ▏  35 GB/ 42 GB  119 MB/s     59s[K[?25h[?2026l[?2026h[?25l[A[1Gpulling manifest [K
pulling 4824460d29f2:  83% ▕██████████████    ▏  35 GB/ 42 GB  119 MB/s     59s[K[?25h[?2026l[?2026h[?25l[A[1Gpulling manifest [K
pulling 4824460d29f2:  83% ▕███████████████   ▏  35 GB/ 42 GB  119 MB/s     59s[K[?25h[?2026l[?2026h[?25l[A[1Gpulling manifest [K
pulling 4824460d29f2:  83% ▕███████████████   ▏  35 GB/ 42 GB  119 MB/s     59s[K[?25h[?2026l[?2026h[?25l[A[1Gpulling manifest [K
pulling 4824460d29f2:  83% ▕███████████████   ▏  35 GB/ 42 GB  119 MB/s     59s[K[?25h[?2026l[?2026h[?25l[A[1Gpulling manifest [K
pulling 4824460d29f2:  83% ▕███████████████   ▏  35 GB/ 42 GB  119 MB/s     58s[K[?25h[?2026l[?2026h[?25l[A[1Gpulling manifest [K
pulling 4824460d29f2:  83% ▕███████████████   ▏  35 GB/ 42 GB  119 MB/s     58s[K[?25h[?2026l[?2026h[?25l[A[1Gpulling manifest [K
pulling 4824460d29f2:  83% ▕███████████████   ▏  35 GB/ 42 GB  119 MB/s     58s[K[?25h[?2026l[?2026h[?25l[A[1Gpulling manifest [K
pulling 4824460d29f2:  84% ▕███████████████   ▏  35 GB/ 42 GB  119 MB/s     58s[K[?25h[?2026l[?2026h[?25l[A[1Gpulling manifest [K
pulling 4824460d29f2:  84% ▕███████████████   ▏  35 GB/ 42 GB  119 MB/s     58s[K[?25h[?2026l[?2026h[?25l[A[1Gpulling manifest [K
pulling 4824460d29f2:  84% ▕███████████████   ▏  35 GB/ 42 GB  119 MB/s     58s[K[?25h[?2026l[?2026h[?25l[A[1Gpulling manifest [K
pulling 4824460d29f2:  84% ▕███████████████   ▏  35 GB/ 42 GB  119 MB/s     58s[K[?25h[?2026l[?2026h[?25l[A[1Gpulling manifest [K
pulling 4824460d29f2:  84% ▕███████████████   ▏  35 GB/ 42 GB  119 MB/s     58s[K[?25h[?2026l[?2026h[?25l[A[1Gpulling manifest [K
pulling 4824460d29f2:  84% ▕███████████████   ▏  35 GB/ 42 GB  119 MB/s     58s[K[?25h[?2026l[?2026h[?25l[A[1Gpulling manifest [K
pulling 4824460d29f2:  84% ▕███████████████   ▏  35 GB/ 42 GB  119 MB/s     58s[K[?25h[?2026l[?2026h[?25l[A[1Gpulling manifest [K
pulling 4824460d29f2:  84% ▕███████████████   ▏  35 GB/ 42 GB  119 MB/s     58s[K[?25h[?2026l[?2026h[?25l[A[1Gpulling manifest [K
pulling 4824460d29f2:  84% ▕███████████████   ▏  35 GB/ 42 GB  119 MB/s     57s[K[?25h[?2026l[?2026h[?25l[A[1Gpulling manifest [K
pulling 4824460d29f2:  84% ▕███████████████   ▏  35 GB/ 42 GB  119 MB/s     57s[K[?25h[?2026l[?2026h[?25l[A[1Gpulling manifest [K
pulling 4824460d29f2:  84% ▕███████████████   ▏  35 GB/ 42 GB  119 MB/s     57s[K[?25h[?2026l[?2026h[?25l[A[1Gpulling manifest [K
pulling 4824460d29f2:  84% ▕███████████████   ▏  35 GB/ 42 GB  119 MB/s     57s[K[?25h[?2026l[?2026h[?25l[A[1Gpulling manifest [K
pulling 4824460d29f2:  84% ▕███████████████   ▏  35 GB/ 42 GB  119 MB/s     57s[K[?25h[?2026l[?2026h[?25l[A[1Gpulling manifest [K
pulling 4824460d29f2:  84% ▕███████████████   ▏  35 GB/ 42 GB  119 MB/s     57s[K[?25h[?2026l[?2026h[?25l[A[1Gpulling manifest [K
pulling 4824460d29f2:  84% ▕███████████████   ▏  35 GB/ 42 GB  119 MB/s     57s[K[?25h[?2026l[?2026h[?25l[A[1Gpulling manifest [K
pulling 4824460d29f2:  84% ▕███████████████   ▏  35 GB/ 42 GB  119 MB/s     57s[K[?25h[?2026l[?2026h[?25l[A[1Gpulling manifest [K
pulling 4824460d29f2:  84% ▕███████████████   ▏  35 GB/ 42 GB  119 MB/s     57s[K[?25h[?2026l[?2026h[?25l[A[1Gpulling manifest [K
pulling 4824460d29f2:  84% ▕███████████████   ▏  35 GB/ 42 GB  119 MB/s     57s[K[?25h[?2026l[?2026h[?25l[A[1Gpulling manifest [K
pulling 4824460d29f2:  84% ▕███████████████   ▏  35 GB/ 42 GB  119 MB/s     56s[K[?25h[?2026l[?2026h[?25l[A[1Gpulling manifest [K
pulling 4824460d29f2:  84% ▕███████████████   ▏  35 GB/ 42 GB  119 MB/s     56s[K[?25h[?2026l[?2026h[?25l[A[1Gpulling manifest [K
pulling 4824460d29f2:  84% ▕███████████████   ▏  35 GB/ 42 GB  119 MB/s     56s[K[?25h[?2026l[?2026h[?25l[A[1Gpulling manifest [K
pulling 4824460d29f2:  84% ▕███████████████   ▏  35 GB/ 42 GB  119 MB/s     56s[K[?25h[?2026l[?2026h[?25l[A[1Gpulling manifest [K
pulling 4824460d29f2:  84% ▕███████████████   ▏  35 GB/ 42 GB  119 MB/s     56s[K[?25h[?2026l[?2026h[?25l[A[1Gpulling manifest [K
pulling 4824460d29f2:  84% ▕███████████████   ▏  35 GB/ 42 GB  119 MB/s     56s[K[?25h[?2026l[?2026h[?25l[A[1Gpulling manifest [K
pulling 4824460d29f2:  84% ▕███████████████   ▏  35 GB/ 42 GB  119 MB/s     56s[K[?25h[?2026l[?2026h[?25l[A[1Gpulling manifest [K
pulling 4824460d29f2:  84% ▕███████████████   ▏  35 GB/ 42 GB  119 MB/s     56s[K[?25h[?2026l[?2026h[?25l[A[1Gpulling manifest [K
pulling 4824460d29f2:  84% ▕███████████████   ▏  35 GB/ 42 GB  119 MB/s     56s[K[?25h[?2026l[?2026h[?25l[A[1Gpulling manifest [K
pulling 4824460d29f2:  84% ▕███████████████   ▏  35 GB/ 42 GB  119 MB/s     56s[K[?25h[?2026l[?2026h[?25l[A[1Gpulling manifest [K
pulling 4824460d29f2:  84% ▕███████████████   ▏  35 GB/ 42 GB  119 MB/s     56s[K[?25h[?2026l[?2026h[?25l[A[1Gpulling manifest [K
pulling 4824460d29f2:  84% ▕███████████████   ▏  35 GB/ 42 GB  119 MB/s     55s[K[?25h[?2026l[?2026h[?25l[A[1Gpulling manifest [K
pulling 4824460d29f2:  84% ▕███████████████   ▏  35 GB/ 42 GB  119 MB/s     55s[K[?25h[?2026l[?2026h[?25l[A[1Gpulling manifest [K
pulling 4824460d29f2:  84% ▕███████████████   ▏  35 GB/ 42 GB  119 MB/s     55s[K[?25h[?2026l[?2026h[?25l[A[1Gpulling manifest [K
pulling 4824460d29f2:  84% ▕███████████████   ▏  35 GB/ 42 GB  119 MB/s     55s[K[?25h[?2026l[?2026h[?25l[A[1Gpulling manifest [K
pulling 4824460d29f2:  84% ▕███████████████   ▏  35 GB/ 42 GB  119 MB/s     55s[K[?25h[?2026l[?2026h[?25l[A[1Gpulling manifest [K
pulling 4824460d29f2:  84% ▕███████████████   ▏  35 GB/ 42 GB  119 MB/s     55s[K[?25h[?2026l[?2026h[?25l[A[1Gpulling manifest [K
pulling 4824460d29f2:  84% ▕███████████████   ▏  35 GB/ 42 GB  119 MB/s     55s[K[?25h[?2026l[?2026h[?25l[A[1Gpulling manifest [K
pulling 4824460d29f2:  84% ▕███████████████   ▏  35 GB/ 42 GB  119 MB/s     55s[K[?25h[?2026l[?2026h[?25l[A[1Gpulling manifest [K
pulling 4824460d29f2:  85% ▕███████████████   ▏  35 GB/ 42 GB  119 MB/s     55s[K[?25h[?2026l[?2026h[?25l[A[1Gpulling manifest [K
pulling 4824460d29f2:  85% ▕███████████████   ▏  35 GB/ 42 GB  119 MB/s     54s[K[?25h[?2026l[?2026h[?25l[A[1Gpulling manifest [K
pulling 4824460d29f2:  85% ▕███████████████   ▏  35 GB/ 42 GB  119 MB/s     54s[K[?25h[?2026l[?2026h[?25l[A[1Gpulling manifest [K
pulling 4824460d29f2:  85% ▕███████████████   ▏  35 GB/ 42 GB  119 MB/s     54s[K[?25h[?2026l[?2026h[?25l[A[1Gpulling manifest [K
pulling 4824460d29f2:  85% ▕███████████████   ▏  35 GB/ 42 GB  119 MB/s     54s[K[?25h[?2026l[?2026h[?25l[A[1Gpulling manifest [K
pulling 4824460d29f2:  85% ▕███████████████   ▏  35 GB/ 42 GB  119 MB/s     54s[K[?25h[?2026l[?2026h[?25l[A[1Gpulling manifest [K
pulling 4824460d29f2:  85% ▕███████████████   ▏  36 GB/ 42 GB  119 MB/s     54s[K[?25h[?2026l[?2026h[?25l[A[1Gpulling manifest [K
pulling 4824460d29f2:  85% ▕███████████████   ▏  36 GB/ 42 GB  119 MB/s     54s[K[?25h[?2026l[?2026h[?25l[A[1Gpulling manifest [K
pulling 4824460d29f2:  85% ▕███████████████   ▏  36 GB/ 42 GB  119 MB/s     54s[K[?25h[?2026l[?2026h[?25l[A[1Gpulling manifest [K
pulling 4824460d29f2:  85% ▕███████████████   ▏  36 GB/ 42 GB  119 MB/s     54s[K[?25h[?2026l[?2026h[?25l[A[1Gpulling manifest [K
pulling 4824460d29f2:  85% ▕███████████████   ▏  36 GB/ 42 GB  119 MB/s     54s[K[?25h[?2026l[?2026h[?25l[A[1Gpulling manifest [K
pulling 4824460d29f2:  85% ▕███████████████   ▏  36 GB/ 42 GB  119 MB/s     54s[K[?25h[?2026l[?2026h[?25l[A[1Gpulling manifest [K
pulling 4824460d29f2:  85% ▕███████████████   ▏  36 GB/ 42 GB  119 MB/s     54s[K[?25h[?2026l[?2026h[?25l[A[1Gpulling manifest [K
pulling 4824460d29f2:  85% ▕███████████████   ▏  36 GB/ 42 GB  119 MB/s     53s[K[?25h[?2026l[?2026h[?25l[A[1Gpulling manifest [K
pulling 4824460d29f2:  85% ▕███████████████   ▏  36 GB/ 42 GB  119 MB/s     53s[K[?25h[?2026l[?2026h[?25l[A[1Gpulling manifest [K
pulling 4824460d29f2:  85% ▕███████████████   ▏  36 GB/ 42 GB  119 MB/s     53s[K[?25h[?2026l[?2026h[?25l[A[1Gpulling manifest [K
pulling 4824460d29f2:  85% ▕███████████████   ▏  36 GB/ 42 GB  119 MB/s     53s[K[?25h[?2026l[?2026h[?25l[A[1Gpulling manifest [K
pulling 4824460d29f2:  85% ▕███████████████   ▏  36 GB/ 42 GB  119 MB/s     53s[K[?25h[?2026l[?2026h[?25l[A[1Gpulling manifest [K
pulling 4824460d29f2:  85% ▕███████████████   ▏  36 GB/ 42 GB  119 MB/s     53s[K[?25h[?2026l[?2026h[?25l[A[1Gpulling manifest [K
pulling 4824460d29f2:  85% ▕███████████████   ▏  36 GB/ 42 GB  119 MB/s     53s[K[?25h[?2026l[?2026h[?25l[A[1Gpulling manifest [K
pulling 4824460d29f2:  85% ▕███████████████   ▏  36 GB/ 42 GB  119 MB/s     53s[K[?25h[?2026l[?2026h[?25l[A[1Gpulling manifest [K
pulling 4824460d29f2:  85% ▕███████████████   ▏  36 GB/ 42 GB  119 MB/s     53s[K[?25h[?2026l[?2026h[?25l[A[1Gpulling manifest [K
pulling 4824460d29f2:  85% ▕███████████████   ▏  36 GB/ 42 GB  119 MB/s     52s[K[?25h[?2026l[?2026h[?25l[A[1Gpulling manifest [K
pulling 4824460d29f2:  85% ▕███████████████   ▏  36 GB/ 42 GB  119 MB/s     52s[K[?25h[?2026l[?2026h[?25l[A[1Gpulling manifest [K
pulling 4824460d29f2:  85% ▕███████████████   ▏  36 GB/ 42 GB  119 MB/s     52s[K[?25h[?2026l[?2026h[?25l[A[1Gpulling manifest [K
pulling 4824460d29f2:  85% ▕███████████████   ▏  36 GB/ 42 GB  119 MB/s     52s[K[?25h[?2026l[?2026h[?25l[A[1Gpulling manifest [K
pulling 4824460d29f2:  85% ▕███████████████   ▏  36 GB/ 42 GB  119 MB/s     52s[K[?25h[?2026l[?2026h[?25l[A[1Gpulling manifest [K
pulling 4824460d29f2:  85% ▕███████████████   ▏  36 GB/ 42 GB  119 MB/s     52s[K[?25h[?2026l[?2026h[?25l[A[1Gpulling manifest [K
pulling 4824460d29f2:  85% ▕███████████████   ▏  36 GB/ 42 GB  119 MB/s     52s[K[?25h[?2026l[?2026h[?25l[A[1Gpulling manifest [K
pulling 4824460d29f2:  85% ▕███████████████   ▏  36 GB/ 42 GB  119 MB/s     52s[K[?25h[?2026l[?2026h[?25l[A[1Gpulling manifest [K
pulling 4824460d29f2:  85% ▕███████████████   ▏  36 GB/ 42 GB  119 MB/s     52s[K[?25h[?2026l[?2026h[?25l[A[1Gpulling manifest [K
pulling 4824460d29f2:  85% ▕███████████████   ▏  36 GB/ 42 GB  119 MB/s     52s[K[?25h[?2026l[?2026h[?25l[A[1Gpulling manifest [K
pulling 4824460d29f2:  85% ▕███████████████   ▏  36 GB/ 42 GB  119 MB/s     52s[K[?25h[?2026l[?2026h[?25l[A[1Gpulling manifest [K
pulling 4824460d29f2:  85% ▕███████████████   ▏  36 GB/ 42 GB  119 MB/s     51s[K[?25h[?2026l[?2026h[?25l[A[1Gpulling manifest [K
pulling 4824460d29f2:  85% ▕███████████████   ▏  36 GB/ 42 GB  119 MB/s     51s[K[?25h[?2026l[?2026h[?25l[A[1Gpulling manifest [K
pulling 4824460d29f2:  85% ▕███████████████   ▏  36 GB/ 42 GB  119 MB/s     51s[K[?25h[?2026l[?2026h[?25l[A[1Gpulling manifest [K
pulling 4824460d29f2:  85% ▕███████████████   ▏  36 GB/ 42 GB  119 MB/s     51s[K[?25h[?2026l[?2026h[?25l[A[1Gpulling manifest [K
pulling 4824460d29f2:  86% ▕███████████████   ▏  36 GB/ 42 GB  119 MB/s     51s[K[?25h[?2026l[?2026h[?25l[A[1Gpulling manifest [K
pulling 4824460d29f2:  86% ▕███████████████   ▏  36 GB/ 42 GB  119 MB/s     51s[K[?25h[?2026l[?2026h[?25l[A[1Gpulling manifest [K
pulling 4824460d29f2:  86% ▕███████████████   ▏  36 GB/ 42 GB  119 MB/s     51s[K[?25h[?2026l[?2026h[?25l[A[1Gpulling manifest [K
pulling 4824460d29f2:  86% ▕███████████████   ▏  36 GB/ 42 GB  119 MB/s     51s[K[?25h[?2026l[?2026h[?25l[A[1Gpulling manifest [K
pulling 4824460d29f2:  86% ▕███████████████   ▏  36 GB/ 42 GB  119 MB/s     51s[K[?25h[?2026l[?2026h[?25l[A[1Gpulling manifest [K
pulling 4824460d29f2:  86% ▕███████████████   ▏  36 GB/ 42 GB  119 MB/s     51s[K[?25h[?2026l[?2026h[?25l[A[1Gpulling manifest [K
pulling 4824460d29f2:  86% ▕███████████████   ▏  36 GB/ 42 GB  119 MB/s     50s[K[?25h[?2026l[?2026h[?25l[A[1Gpulling manifest [K
pulling 4824460d29f2:  86% ▕███████████████   ▏  36 GB/ 42 GB  119 MB/s     50s[K[?25h[?2026l[?2026h[?25l[A[1Gpulling manifest [K
pulling 4824460d29f2:  86% ▕███████████████   ▏  36 GB/ 42 GB  119 MB/s     50s[K[?25h[?2026l[?2026h[?25l[A[1Gpulling manifest [K
pulling 4824460d29f2:  86% ▕███████████████   ▏  36 GB/ 42 GB  119 MB/s     50s[K[?25h[?2026l[?2026h[?25l[A[1Gpulling manifest [K
pulling 4824460d29f2:  86% ▕███████████████   ▏  36 GB/ 42 GB  119 MB/s     50s[K[?25h[?2026l[?2026h[?25l[A[1Gpulling manifest [K
pulling 4824460d29f2:  86% ▕███████████████   ▏  36 GB/ 42 GB  119 MB/s     50s[K[?25h[?2026l[?2026h[?25l[A[1Gpulling manifest [K
pulling 4824460d29f2:  86% ▕███████████████   ▏  36 GB/ 42 GB  119 MB/s     50s[K[?25h[?2026l[?2026h[?25l[A[1Gpulling manifest [K
pulling 4824460d29f2:  86% ▕███████████████   ▏  36 GB/ 42 GB  119 MB/s     50s[K[?25h[?2026l[?2026h[?25l[A[1Gpulling manifest [K
pulling 4824460d29f2:  86% ▕███████████████   ▏  36 GB/ 42 GB  119 MB/s     50s[K[?25h[?2026l[?2026h[?25l[A[1Gpulling manifest [K
pulling 4824460d29f2:  86% ▕███████████████   ▏  36 GB/ 42 GB  119 MB/s     50s[K[?25h[?2026l[?2026h[?25l[A[1Gpulling manifest [K
pulling 4824460d29f2:  86% ▕███████████████   ▏  36 GB/ 42 GB  119 MB/s     50s[K[?25h[?2026l[?2026h[?25l[A[1Gpulling manifest [K
pulling 4824460d29f2:  86% ▕███████████████   ▏  36 GB/ 42 GB  119 MB/s     50s[K[?25h[?2026l[?2026h[?25l[A[1Gpulling manifest [K
pulling 4824460d29f2:  86% ▕███████████████   ▏  36 GB/ 42 GB  119 MB/s     49s[K[?25h[?2026l[?2026h[?25l[A[1Gpulling manifest [K
pulling 4824460d29f2:  86% ▕███████████████   ▏  36 GB/ 42 GB  119 MB/s     49s[K[?25h[?2026l[?2026h[?25l[A[1Gpulling manifest [K
pulling 4824460d29f2:  86% ▕███████████████   ▏  36 GB/ 42 GB  119 MB/s     49s[K[?25h[?2026l[?2026h[?25l[A[1Gpulling manifest [K
pulling 4824460d29f2:  86% ▕███████████████   ▏  36 GB/ 42 GB  119 MB/s     49s[K[?25h[?2026l[?2026h[?25l[A[1Gpulling manifest [K
pulling 4824460d29f2:  86% ▕███████████████   ▏  36 GB/ 42 GB  119 MB/s     49s[K[?25h[?2026l[?2026h[?25l[A[1Gpulling manifest [K
pulling 4824460d29f2:  86% ▕███████████████   ▏  36 GB/ 42 GB  119 MB/s     49s[K[?25h[?2026l[?2026h[?25l[A[1Gpulling manifest [K
pulling 4824460d29f2:  86% ▕███████████████   ▏  36 GB/ 42 GB  119 MB/s     49s[K[?25h[?2026l[?2026h[?25l[A[1Gpulling manifest [K
pulling 4824460d29f2:  86% ▕███████████████   ▏  36 GB/ 42 GB  119 MB/s     49s[K[?25h[?2026l[?2026h[?25l[A[1Gpulling manifest [K
pulling 4824460d29f2:  86% ▕███████████████   ▏  36 GB/ 42 GB  119 MB/s     48s[K[?25h[?2026l[?2026h[?25l[A[1Gpulling manifest [K
pulling 4824460d29f2:  86% ▕███████████████   ▏  36 GB/ 42 GB  119 MB/s     48s[K[?25h[?2026l[?2026h[?25l[A[1Gpulling manifest [K
pulling 4824460d29f2:  86% ▕███████████████   ▏  36 GB/ 42 GB  119 MB/s     48s[K[?25h[?2026l[?2026h[?25l[A[1Gpulling manifest [K
pulling 4824460d29f2:  86% ▕███████████████   ▏  36 GB/ 42 GB  119 MB/s     48s[K[?25h[?2026l[?2026h[?25l[A[1Gpulling manifest [K
pulling 4824460d29f2:  86% ▕███████████████   ▏  36 GB/ 42 GB  119 MB/s     48s[K[?25h[?2026l[?2026h[?25l[A[1Gpulling manifest [K
pulling 4824460d29f2:  86% ▕███████████████   ▏  36 GB/ 42 GB  119 MB/s     48s[K[?25h[?2026l[?2026h[?25l[A[1Gpulling manifest [K
pulling 4824460d29f2:  86% ▕███████████████   ▏  36 GB/ 42 GB  119 MB/s     48s[K[?25h[?2026l[?2026h[?25l[A[1Gpulling manifest [K
pulling 4824460d29f2:  86% ▕███████████████   ▏  36 GB/ 42 GB  119 MB/s     48s[K[?25h[?2026l[?2026h[?25l[A[1Gpulling manifest [K
pulling 4824460d29f2:  86% ▕███████████████   ▏  36 GB/ 42 GB  119 MB/s     48s[K[?25h[?2026l[?2026h[?25l[A[1Gpulling manifest [K
pulling 4824460d29f2:  86% ▕███████████████   ▏  36 GB/ 42 GB  119 MB/s     48s[K[?25h[?2026l[?2026h[?25l[A[1Gpulling manifest [K
pulling 4824460d29f2:  87% ▕███████████████   ▏  36 GB/ 42 GB  119 MB/s     48s[K[?25h[?2026l[?2026h[?25l[A[1Gpulling manifest [K
pulling 4824460d29f2:  87% ▕███████████████   ▏  36 GB/ 42 GB  119 MB/s     47s[K[?25h[?2026l[?2026h[?25l[A[1Gpulling manifest [K
pulling 4824460d29f2:  87% ▕███████████████   ▏  36 GB/ 42 GB  119 MB/s     47s[K[?25h[?2026l[?2026h[?25l[A[1Gpulling manifest [K
pulling 4824460d29f2:  87% ▕███████████████   ▏  36 GB/ 42 GB  119 MB/s     47s[K[?25h[?2026l[?2026h[?25l[A[1Gpulling manifest [K
pulling 4824460d29f2:  87% ▕███████████████   ▏  36 GB/ 42 GB  119 MB/s     47s[K[?25h[?2026l[?2026h[?25l[A[1Gpulling manifest [K
pulling 4824460d29f2:  87% ▕███████████████   ▏  36 GB/ 42 GB  119 MB/s     47s[K[?25h[?2026l[?2026h[?25l[A[1Gpulling manifest [K
pulling 4824460d29f2:  87% ▕███████████████   ▏  36 GB/ 42 GB  119 MB/s     47s[K[?25h[?2026l[?2026h[?25l[A[1Gpulling manifest [K
pulling 4824460d29f2:  87% ▕███████████████   ▏  36 GB/ 42 GB  119 MB/s     47s[K[?25h[?2026l[?2026h[?25l[A[1Gpulling manifest [K
pulling 4824460d29f2:  87% ▕███████████████   ▏  36 GB/ 42 GB  119 MB/s     47s[K[?25h[?2026l[?2026h[?25l[A[1Gpulling manifest [K
pulling 4824460d29f2:  87% ▕███████████████   ▏  36 GB/ 42 GB  119 MB/s     47s[K[?25h[?2026l[?2026h[?25l[A[1Gpulling manifest [K
pulling 4824460d29f2:  87% ▕███████████████   ▏  36 GB/ 42 GB  119 MB/s     47s[K[?25h[?2026l[?2026h[?25l[A[1Gpulling manifest [K
pulling 4824460d29f2:  87% ▕███████████████   ▏  36 GB/ 42 GB  119 MB/s     47s[K[?25h[?2026l[?2026h[?25l[A[1Gpulling manifest [K
pulling 4824460d29f2:  87% ▕███████████████   ▏  36 GB/ 42 GB  119 MB/s     46s[K[?25h[?2026l[?2026h[?25l[A[1Gpulling manifest [K
pulling 4824460d29f2:  87% ▕███████████████   ▏  36 GB/ 42 GB  119 MB/s     46s[K[?25h[?2026l[?2026h[?25l[A[1Gpulling manifest [K
pulling 4824460d29f2:  87% ▕███████████████   ▏  36 GB/ 42 GB  119 MB/s     46s[K[?25h[?2026l[?2026h[?25l[A[1Gpulling manifest [K
pulling 4824460d29f2:  87% ▕███████████████   ▏  36 GB/ 42 GB  119 MB/s     46s[K[?25h[?2026l[?2026h[?25l[A[1Gpulling manifest [K
pulling 4824460d29f2:  87% ▕███████████████   ▏  36 GB/ 42 GB  119 MB/s     46s[K[?25h[?2026l[?2026h[?25l[A[1Gpulling manifest [K
pulling 4824460d29f2:  87% ▕███████████████   ▏  36 GB/ 42 GB  119 MB/s     46s[K[?25h[?2026l[?2026h[?25l[A[1Gpulling manifest [K
pulling 4824460d29f2:  87% ▕███████████████   ▏  36 GB/ 42 GB  119 MB/s     46s[K[?25h[?2026l[?2026h[?25l[A[1Gpulling manifest [K
pulling 4824460d29f2:  87% ▕███████████████   ▏  37 GB/ 42 GB  119 MB/s     46s[K[?25h[?2026l[?2026h[?25l[A[1Gpulling manifest [K
pulling 4824460d29f2:  87% ▕███████████████   ▏  37 GB/ 42 GB  119 MB/s     46s[K[?25h[?2026l[?2026h[?25l[A[1Gpulling manifest [K
pulling 4824460d29f2:  87% ▕███████████████   ▏  37 GB/ 42 GB  119 MB/s     46s[K[?25h[?2026l[?2026h[?25l[A[1Gpulling manifest [K
pulling 4824460d29f2:  87% ▕███████████████   ▏  37 GB/ 42 GB  119 MB/s     45s[K[?25h[?2026l[?2026h[?25l[A[1Gpulling manifest [K
pulling 4824460d29f2:  87% ▕███████████████   ▏  37 GB/ 42 GB  119 MB/s     45s[K[?25h[?2026l[?2026h[?25l[A[1Gpulling manifest [K
pulling 4824460d29f2:  87% ▕███████████████   ▏  37 GB/ 42 GB  119 MB/s     45s[K[?25h[?2026l[?2026h[?25l[A[1Gpulling manifest [K
pulling 4824460d29f2:  87% ▕███████████████   ▏  37 GB/ 42 GB  119 MB/s     45s[K[?25h[?2026l[?2026h[?25l[A[1Gpulling manifest [K
pulling 4824460d29f2:  87% ▕███████████████   ▏  37 GB/ 42 GB  119 MB/s     45s[K[?25h[?2026l[?2026h[?25l[A[1Gpulling manifest [K
pulling 4824460d29f2:  87% ▕███████████████   ▏  37 GB/ 42 GB  119 MB/s     45s[K[?25h[?2026l[?2026h[?25l[A[1Gpulling manifest [K
pulling 4824460d29f2:  87% ▕███████████████   ▏  37 GB/ 42 GB  119 MB/s     45s[K[?25h[?2026l[?2026h[?25l[A[1Gpulling manifest [K
pulling 4824460d29f2:  87% ▕███████████████   ▏  37 GB/ 42 GB  119 MB/s     45s[K[?25h[?2026l[?2026h[?25l[A[1Gpulling manifest [K
pulling 4824460d29f2:  87% ▕███████████████   ▏  37 GB/ 42 GB  119 MB/s     45s[K[?25h[?2026l[?2026h[?25l[A[1Gpulling manifest [K
pulling 4824460d29f2:  87% ▕███████████████   ▏  37 GB/ 42 GB  119 MB/s     44s[K[?25h[?2026l[?2026h[?25l[A[1Gpulling manifest [K
pulling 4824460d29f2:  87% ▕███████████████   ▏  37 GB/ 42 GB  119 MB/s     44s[K[?25h[?2026l[?2026h[?25l[A[1Gpulling manifest [K
pulling 4824460d29f2:  87% ▕███████████████   ▏  37 GB/ 42 GB  119 MB/s     44s[K[?25h[?2026l[?2026h[?25l[A[1Gpulling manifest [K
pulling 4824460d29f2:  87% ▕███████████████   ▏  37 GB/ 42 GB  119 MB/s     44s[K[?25h[?2026l[?2026h[?25l[A[1Gpulling manifest [K
pulling 4824460d29f2:  87% ▕███████████████   ▏  37 GB/ 42 GB  119 MB/s     44s[K[?25h[?2026l[?2026h[?25l[A[1Gpulling manifest [K
pulling 4824460d29f2:  88% ▕███████████████   ▏  37 GB/ 42 GB  119 MB/s     44s[K[?25h[?2026l[?2026h[?25l[A[1Gpulling manifest [K
pulling 4824460d29f2:  88% ▕███████████████   ▏  37 GB/ 42 GB  119 MB/s     44s[K[?25h[?2026l[?2026h[?25l[A[1Gpulling manifest [K
pulling 4824460d29f2:  88% ▕███████████████   ▏  37 GB/ 42 GB  119 MB/s     44s[K[?25h[?2026l[?2026h[?25l[A[1Gpulling manifest [K
pulling 4824460d29f2:  88% ▕███████████████   ▏  37 GB/ 42 GB  119 MB/s     44s[K[?25h[?2026l[?2026h[?25l[A[1Gpulling manifest [K
pulling 4824460d29f2:  88% ▕███████████████   ▏  37 GB/ 42 GB  119 MB/s     44s[K[?25h[?2026l[?2026h[?25l[A[1Gpulling manifest [K
pulling 4824460d29f2:  88% ▕███████████████   ▏  37 GB/ 42 GB  119 MB/s     44s[K[?25h[?2026l[?2026h[?25l[A[1Gpulling manifest [K
pulling 4824460d29f2:  88% ▕███████████████   ▏  37 GB/ 42 GB  119 MB/s     43s[K[?25h[?2026l[?2026h[?25l[A[1Gpulling manifest [K
pulling 4824460d29f2:  88% ▕███████████████   ▏  37 GB/ 42 GB  119 MB/s     43s[K[?25h[?2026l[?2026h[?25l[A[1Gpulling manifest [K
pulling 4824460d29f2:  88% ▕███████████████   ▏  37 GB/ 42 GB  119 MB/s     43s[K[?25h[?2026l[?2026h[?25l[A[1Gpulling manifest [K
pulling 4824460d29f2:  88% ▕███████████████   ▏  37 GB/ 42 GB  119 MB/s     43s[K[?25h[?2026l[?2026h[?25l[A[1Gpulling manifest [K
pulling 4824460d29f2:  88% ▕███████████████   ▏  37 GB/ 42 GB  119 MB/s     43s[K[?25h[?2026l[?2026h[?25l[A[1Gpulling manifest [K
pulling 4824460d29f2:  88% ▕███████████████   ▏  37 GB/ 42 GB  119 MB/s     43s[K[?25h[?2026l[?2026h[?25l[A[1Gpulling manifest [K
pulling 4824460d29f2:  88% ▕███████████████   ▏  37 GB/ 42 GB  119 MB/s     43s[K[?25h[?2026l[?2026h[?25l[A[1Gpulling manifest [K
pulling 4824460d29f2:  88% ▕███████████████   ▏  37 GB/ 42 GB  119 MB/s     43s[K[?25h[?2026l[?2026h[?25l[A[1Gpulling manifest [K
pulling 4824460d29f2:  88% ▕███████████████   ▏  37 GB/ 42 GB  119 MB/s     43s[K[?25h[?2026l[?2026h[?25l[A[1Gpulling manifest [K
pulling 4824460d29f2:  88% ▕███████████████   ▏  37 GB/ 42 GB  119 MB/s     43s[K[?25h[?2026l[?2026h[?25l[A[1Gpulling manifest [K
pulling 4824460d29f2:  88% ▕███████████████   ▏  37 GB/ 42 GB  119 MB/s     42s[K[?25h[?2026l[?2026h[?25l[A[1Gpulling manifest [K
pulling 4824460d29f2:  88% ▕███████████████   ▏  37 GB/ 42 GB  119 MB/s     42s[K[?25h[?2026l[?2026h[?25l[A[1Gpulling manifest [K
pulling 4824460d29f2:  88% ▕███████████████   ▏  37 GB/ 42 GB  119 MB/s     42s[K[?25h[?2026l[?2026h[?25l[A[1Gpulling manifest [K
pulling 4824460d29f2:  88% ▕███████████████   ▏  37 GB/ 42 GB  119 MB/s     42s[K[?25h[?2026l[?2026h[?25l[A[1Gpulling manifest [K
pulling 4824460d29f2:  88% ▕███████████████   ▏  37 GB/ 42 GB  119 MB/s     42s[K[?25h[?2026l[?2026h[?25l[A[1Gpulling manifest [K
pulling 4824460d29f2:  88% ▕███████████████   ▏  37 GB/ 42 GB  119 MB/s     42s[K[?25h[?2026l[?2026h[?25l[A[1Gpulling manifest [K
pulling 4824460d29f2:  88% ▕███████████████   ▏  37 GB/ 42 GB  119 MB/s     42s[K[?25h[?2026l[?2026h[?25l[A[1Gpulling manifest [K
pulling 4824460d29f2:  88% ▕███████████████   ▏  37 GB/ 42 GB  119 MB/s     42s[K[?25h[?2026l[?2026h[?25l[A[1Gpulling manifest [K
pulling 4824460d29f2:  88% ▕███████████████   ▏  37 GB/ 42 GB  119 MB/s     42s[K[?25h[?2026l[?2026h[?25l[A[1Gpulling manifest [K
pulling 4824460d29f2:  88% ▕███████████████   ▏  37 GB/ 42 GB  119 MB/s     41s[K[?25h[?2026l[?2026h[?25l[A[1Gpulling manifest [K
pulling 4824460d29f2:  88% ▕███████████████   ▏  37 GB/ 42 GB  119 MB/s     41s[K[?25h[?2026l[?2026h[?25l[A[1Gpulling manifest [K
pulling 4824460d29f2:  88% ▕███████████████   ▏  37 GB/ 42 GB  119 MB/s     41s[K[?25h[?2026l[?2026h[?25l[A[1Gpulling manifest [K
pulling 4824460d29f2:  88% ▕███████████████   ▏  37 GB/ 42 GB  119 MB/s     41s[K[?25h[?2026l[?2026h[?25l[A[1Gpulling manifest [K
pulling 4824460d29f2:  88% ▕███████████████   ▏  37 GB/ 42 GB  119 MB/s     41s[K[?25h[?2026l[?2026h[?25l[A[1Gpulling manifest [K
pulling 4824460d29f2:  88% ▕███████████████   ▏  37 GB/ 42 GB  119 MB/s     41s[K[?25h[?2026l[?2026h[?25l[A[1Gpulling manifest [K
pulling 4824460d29f2:  88% ▕███████████████   ▏  37 GB/ 42 GB  119 MB/s     41s[K[?25h[?2026l[?2026h[?25l[A[1Gpulling manifest [K
pulling 4824460d29f2:  88% ▕███████████████   ▏  37 GB/ 42 GB  119 MB/s     41s[K[?25h[?2026l[?2026h[?25l[A[1Gpulling manifest [K
pulling 4824460d29f2:  88% ▕███████████████   ▏  37 GB/ 42 GB  119 MB/s     41s[K[?25h[?2026l[?2026h[?25l[A[1Gpulling manifest [K
pulling 4824460d29f2:  88% ▕███████████████   ▏  37 GB/ 42 GB  119 MB/s     41s[K[?25h[?2026l[?2026h[?25l[A[1Gpulling manifest [K
pulling 4824460d29f2:  88% ▕███████████████   ▏  37 GB/ 42 GB  119 MB/s     41s[K[?25h[?2026l[?2026h[?25l[A[1Gpulling manifest [K
pulling 4824460d29f2:  88% ▕███████████████   ▏  37 GB/ 42 GB  119 MB/s     41s[K[?25h[?2026l[?2026h[?25l[A[1Gpulling manifest [K
pulling 4824460d29f2:  89% ▕███████████████   ▏  37 GB/ 42 GB  119 MB/s     40s[K[?25h[?2026l[?2026h[?25l[A[1Gpulling manifest [K
pulling 4824460d29f2:  89% ▕███████████████   ▏  37 GB/ 42 GB  119 MB/s     40s[K[?25h[?2026l[?2026h[?25l[A[1Gpulling manifest [K
pulling 4824460d29f2:  89% ▕███████████████   ▏  37 GB/ 42 GB  119 MB/s     40s[K[?25h[?2026l[?2026h[?25l[A[1Gpulling manifest [K
pulling 4824460d29f2:  89% ▕███████████████   ▏  37 GB/ 42 GB  119 MB/s     40s[K[?25h[?2026l[?2026h[?25l[A[1Gpulling manifest [K
pulling 4824460d29f2:  89% ▕███████████████   ▏  37 GB/ 42 GB  119 MB/s     40s[K[?25h[?2026l[?2026h[?25l[A[1Gpulling manifest [K
pulling 4824460d29f2:  89% ▕███████████████   ▏  37 GB/ 42 GB  119 MB/s     40s[K[?25h[?2026l[?2026h[?25l[A[1Gpulling manifest [K
pulling 4824460d29f2:  89% ▕███████████████   ▏  37 GB/ 42 GB  119 MB/s     40s[K[?25h[?2026l[?2026h[?25l[A[1Gpulling manifest [K
pulling 4824460d29f2:  89% ▕███████████████   ▏  37 GB/ 42 GB  119 MB/s     40s[K[?25h[?2026l[?2026h[?25l[A[1Gpulling manifest [K
pulling 4824460d29f2:  89% ▕███████████████   ▏  37 GB/ 42 GB  119 MB/s     40s[K[?25h[?2026l[?2026h[?25l[A[1Gpulling manifest [K
pulling 4824460d29f2:  89% ▕███████████████   ▏  37 GB/ 42 GB  119 MB/s     40s[K[?25h[?2026l[?2026h[?25l[A[1Gpulling manifest [K
pulling 4824460d29f2:  89% ▕███████████████   ▏  37 GB/ 42 GB  119 MB/s     39s[K[?25h[?2026l[?2026h[?25l[A[1Gpulling manifest [K
pulling 4824460d29f2:  89% ▕███████████████   ▏  37 GB/ 42 GB  119 MB/s     39s[K[?25h[?2026l[?2026h[?25l[A[1Gpulling manifest [K
pulling 4824460d29f2:  89% ▕███████████████   ▏  37 GB/ 42 GB  119 MB/s     39s[K[?25h[?2026l[?2026h[?25l[A[1Gpulling manifest [K
pulling 4824460d29f2:  89% ▕███████████████   ▏  37 GB/ 42 GB  119 MB/s     39s[K[?25h[?2026l[?2026h[?25l[A[1Gpulling manifest [K
pulling 4824460d29f2:  89% ▕████████████████  ▏  37 GB/ 42 GB  119 MB/s     39s[K[?25h[?2026l[?2026h[?25l[A[1Gpulling manifest [K
pulling 4824460d29f2:  89% ▕████████████████  ▏  37 GB/ 42 GB  119 MB/s     39s[K[?25h[?2026l[?2026h[?25l[A[1Gpulling manifest [K
pulling 4824460d29f2:  89% ▕████████████████  ▏  37 GB/ 42 GB  119 MB/s     39s[K[?25h[?2026l[?2026h[?25l[A[1Gpulling manifest [K
pulling 4824460d29f2:  89% ▕████████████████  ▏  37 GB/ 42 GB  119 MB/s     39s[K[?25h[?2026l[?2026h[?25l[A[1Gpulling manifest [K
pulling 4824460d29f2:  89% ▕████████████████  ▏  37 GB/ 42 GB  119 MB/s     39s[K[?25h[?2026l[?2026h[?25l[A[1Gpulling manifest [K
pulling 4824460d29f2:  89% ▕████████████████  ▏  37 GB/ 42 GB  119 MB/s     39s[K[?25h[?2026l[?2026h[?25l[A[1Gpulling manifest [K
pulling 4824460d29f2:  89% ▕████████████████  ▏  37 GB/ 42 GB  119 MB/s     38s[K[?25h[?2026l[?2026h[?25l[A[1Gpulling manifest [K
pulling 4824460d29f2:  89% ▕████████████████  ▏  37 GB/ 42 GB  119 MB/s     38s[K[?25h[?2026l[?2026h[?25l[A[1Gpulling manifest [K
pulling 4824460d29f2:  89% ▕████████████████  ▏  37 GB/ 42 GB  119 MB/s     38s[K[?25h[?2026l[?2026h[?25l[A[1Gpulling manifest [K
pulling 4824460d29f2:  89% ▕████████████████  ▏  37 GB/ 42 GB  119 MB/s     38s[K[?25h[?2026l[?2026h[?25l[A[1Gpulling manifest [K
pulling 4824460d29f2:  89% ▕████████████████  ▏  37 GB/ 42 GB  119 MB/s     38s[K[?25h[?2026l[?2026h[?25l[A[1Gpulling manifest [K
pulling 4824460d29f2:  89% ▕████████████████  ▏  37 GB/ 42 GB  119 MB/s     38s[K[?25h[?2026l[?2026h[?25l[A[1Gpulling manifest [K
pulling 4824460d29f2:  89% ▕████████████████  ▏  37 GB/ 42 GB  119 MB/s     38s[K[?25h[?2026l[?2026h[?25l[A[1Gpulling manifest [K
pulling 4824460d29f2:  89% ▕████████████████  ▏  37 GB/ 42 GB  119 MB/s     38s[K[?25h[?2026l[?2026h[?25l[A[1Gpulling manifest [K
pulling 4824460d29f2:  89% ▕████████████████  ▏  37 GB/ 42 GB  119 MB/s     38s[K[?25h[?2026l[?2026h[?25l[A[1Gpulling manifest [K
pulling 4824460d29f2:  89% ▕████████████████  ▏  37 GB/ 42 GB  119 MB/s     38s[K[?25h[?2026l[?2026h[?25l[A[1Gpulling manifest [K
pulling 4824460d29f2:  89% ▕████████████████  ▏  37 GB/ 42 GB  119 MB/s     37s[K[?25h[?2026l[?2026h[?25l[A[1Gpulling manifest [K
pulling 4824460d29f2:  89% ▕████████████████  ▏  38 GB/ 42 GB  119 MB/s     37s[K[?25h[?2026l[?2026h[?25l[A[1Gpulling manifest [K
pulling 4824460d29f2:  89% ▕████████████████  ▏  38 GB/ 42 GB  119 MB/s     37s[K[?25h[?2026l[?2026h[?25l[A[1Gpulling manifest [K
pulling 4824460d29f2:  89% ▕████████████████  ▏  38 GB/ 42 GB  119 MB/s     37s[K[?25h[?2026l[?2026h[?25l[A[1Gpulling manifest [K
pulling 4824460d29f2:  89% ▕████████████████  ▏  38 GB/ 42 GB  119 MB/s     37s[K[?25h[?2026l[?2026h[?25l[A[1Gpulling manifest [K
pulling 4824460d29f2:  89% ▕████████████████  ▏  38 GB/ 42 GB  119 MB/s     37s[K[?25h[?2026l[?2026h[?25l[A[1Gpulling manifest [K
pulling 4824460d29f2:  90% ▕████████████████  ▏  38 GB/ 42 GB  119 MB/s     37s[K[?25h[?2026l[?2026h[?25l[A[1Gpulling manifest [K
pulling 4824460d29f2:  90% ▕████████████████  ▏  38 GB/ 42 GB  119 MB/s     37s[K[?25h[?2026l[?2026h[?25l[A[1Gpulling manifest [K
pulling 4824460d29f2:  90% ▕████████████████  ▏  38 GB/ 42 GB  119 MB/s     37s[K[?25h[?2026l[?2026h[?25l[A[1Gpulling manifest [K
pulling 4824460d29f2:  90% ▕████████████████  ▏  38 GB/ 42 GB  119 MB/s     37s[K[?25h[?2026l[?2026h[?25l[A[1Gpulling manifest [K
pulling 4824460d29f2:  90% ▕████████████████  ▏  38 GB/ 42 GB  119 MB/s     37s[K[?25h[?2026l[?2026h[?25l[A[1Gpulling manifest [K
pulling 4824460d29f2:  90% ▕████████████████  ▏  38 GB/ 42 GB  119 MB/s     36s[K[?25h[?2026l[?2026h[?25l[A[1Gpulling manifest [K
pulling 4824460d29f2:  90% ▕████████████████  ▏  38 GB/ 42 GB  119 MB/s     36s[K[?25h[?2026l[?2026h[?25l[A[1Gpulling manifest [K
pulling 4824460d29f2:  90% ▕████████████████  ▏  38 GB/ 42 GB  119 MB/s     36s[K[?25h[?2026l[?2026h[?25l[A[1Gpulling manifest [K
pulling 4824460d29f2:  90% ▕████████████████  ▏  38 GB/ 42 GB  119 MB/s     36s[K[?25h[?2026l[?2026h[?25l[A[1Gpulling manifest [K
pulling 4824460d29f2:  90% ▕████████████████  ▏  38 GB/ 42 GB  119 MB/s     36s[K[?25h[?2026l[?2026h[?25l[A[1Gpulling manifest [K
pulling 4824460d29f2:  90% ▕████████████████  ▏  38 GB/ 42 GB  119 MB/s     36s[K[?25h[?2026l[?2026h[?25l[A[1Gpulling manifest [K
pulling 4824460d29f2:  90% ▕████████████████  ▏  38 GB/ 42 GB  119 MB/s     36s[K[?25h[?2026l[?2026h[?25l[A[1Gpulling manifest [K
pulling 4824460d29f2:  90% ▕████████████████  ▏  38 GB/ 42 GB  119 MB/s     36s[K[?25h[?2026l[?2026h[?25l[A[1Gpulling manifest [K
pulling 4824460d29f2:  90% ▕████████████████  ▏  38 GB/ 42 GB  119 MB/s     36s[K[?25h[?2026l[?2026h[?25l[A[1Gpulling manifest [K
pulling 4824460d29f2:  90% ▕████████████████  ▏  38 GB/ 42 GB  119 MB/s     36s[K[?25h[?2026l[?2026h[?25l[A[1Gpulling manifest [K
pulling 4824460d29f2:  90% ▕████████████████  ▏  38 GB/ 42 GB  119 MB/s     35s[K[?25h[?2026l[?2026h[?25l[A[1Gpulling manifest [K
pulling 4824460d29f2:  90% ▕████████████████  ▏  38 GB/ 42 GB  119 MB/s     35s[K[?25h[?2026l[?2026h[?25l[A[1Gpulling manifest [K
pulling 4824460d29f2:  90% ▕████████████████  ▏  38 GB/ 42 GB  119 MB/s     35s[K[?25h[?2026l[?2026h[?25l[A[1Gpulling manifest [K
pulling 4824460d29f2:  90% ▕████████████████  ▏  38 GB/ 42 GB  119 MB/s     35s[K[?25h[?2026l[?2026h[?25l[A[1Gpulling manifest [K
pulling 4824460d29f2:  90% ▕████████████████  ▏  38 GB/ 42 GB  119 MB/s     35s[K[?25h[?2026l[?2026h[?25l[A[1Gpulling manifest [K
pulling 4824460d29f2:  90% ▕████████████████  ▏  38 GB/ 42 GB  119 MB/s     35s[K[?25h[?2026l[?2026h[?25l[A[1Gpulling manifest [K
pulling 4824460d29f2:  90% ▕████████████████  ▏  38 GB/ 42 GB  119 MB/s     35s[K[?25h[?2026l[?2026h[?25l[A[1Gpulling manifest [K
pulling 4824460d29f2:  90% ▕████████████████  ▏  38 GB/ 42 GB  119 MB/s     35s[K[?25h[?2026l[?2026h[?25l[A[1Gpulling manifest [K
pulling 4824460d29f2:  90% ▕████████████████  ▏  38 GB/ 42 GB  119 MB/s     35s[K[?25h[?2026l[?2026h[?25l[A[1Gpulling manifest [K
pulling 4824460d29f2:  90% ▕████████████████  ▏  38 GB/ 42 GB  119 MB/s     35s[K[?25h[?2026l[?2026h[?25l[A[1Gpulling manifest [K
pulling 4824460d29f2:  90% ▕████████████████  ▏  38 GB/ 42 GB  119 MB/s     34s[K[?25h[?2026l[?2026h[?25l[A[1Gpulling manifest [K
pulling 4824460d29f2:  90% ▕████████████████  ▏  38 GB/ 42 GB  119 MB/s     34s[K[?25h[?2026l[?2026h[?25l[A[1Gpulling manifest [K
pulling 4824460d29f2:  90% ▕████████████████  ▏  38 GB/ 42 GB  119 MB/s     34s[K[?25h[?2026l[?2026h[?25l[A[1Gpulling manifest [K
pulling 4824460d29f2:  90% ▕████████████████  ▏  38 GB/ 42 GB  119 MB/s     34s[K[?25h[?2026l[?2026h[?25l[A[1Gpulling manifest [K
pulling 4824460d29f2:  90% ▕████████████████  ▏  38 GB/ 42 GB  119 MB/s     34s[K[?25h[?2026l[?2026h[?25l[A[1Gpulling manifest [K
pulling 4824460d29f2:  90% ▕████████████████  ▏  38 GB/ 42 GB  119 MB/s     34s[K[?25h[?2026l[?2026h[?25l[A[1Gpulling manifest [K
pulling 4824460d29f2:  90% ▕████████████████  ▏  38 GB/ 42 GB  119 MB/s     34s[K[?25h[?2026l[?2026h[?25l[A[1Gpulling manifest [K
pulling 4824460d29f2:  90% ▕████████████████  ▏  38 GB/ 42 GB  119 MB/s     34s[K[?25h[?2026l[?2026h[?25l[A[1Gpulling manifest [K
pulling 4824460d29f2:  90% ▕████████████████  ▏  38 GB/ 42 GB  119 MB/s     34s[K[?25h[?2026l[?2026h[?25l[A[1Gpulling manifest [K
pulling 4824460d29f2:  90% ▕████████████████  ▏  38 GB/ 42 GB  119 MB/s     34s[K[?25h[?2026l[?2026h[?25l[A[1Gpulling manifest [K
pulling 4824460d29f2:  90% ▕████████████████  ▏  38 GB/ 42 GB  119 MB/s     33s[K[?25h[?2026l[?2026h[?25l[A[1Gpulling manifest [K
pulling 4824460d29f2:  91% ▕████████████████  ▏  38 GB/ 42 GB  119 MB/s     33s[K[?25h[?2026l[?2026h[?25l[A[1Gpulling manifest [K
pulling 4824460d29f2:  91% ▕████████████████  ▏  38 GB/ 42 GB  119 MB/s     33s[K[?25h[?2026l[?2026h[?25l[A[1Gpulling manifest [K
pulling 4824460d29f2:  91% ▕████████████████  ▏  38 GB/ 42 GB  119 MB/s     33s[K[?25h[?2026l[?2026h[?25l[A[1Gpulling manifest [K
pulling 4824460d29f2:  91% ▕████████████████  ▏  38 GB/ 42 GB  119 MB/s     33s[K[?25h[?2026l[?2026h[?25l[A[1Gpulling manifest [K
pulling 4824460d29f2:  91% ▕████████████████  ▏  38 GB/ 42 GB  119 MB/s     33s[K[?25h[?2026l[?2026h[?25l[A[1Gpulling manifest [K
pulling 4824460d29f2:  91% ▕████████████████  ▏  38 GB/ 42 GB  119 MB/s     33s[K[?25h[?2026l[?2026h[?25l[A[1Gpulling manifest [K
pulling 4824460d29f2:  91% ▕████████████████  ▏  38 GB/ 42 GB  119 MB/s     33s[K[?25h[?2026l[?2026h[?25l[A[1Gpulling manifest [K
pulling 4824460d29f2:  91% ▕████████████████  ▏  38 GB/ 42 GB  119 MB/s     33s[K[?25h[?2026l[?2026h[?25l[A[1Gpulling manifest [K
pulling 4824460d29f2:  91% ▕████████████████  ▏  38 GB/ 42 GB  119 MB/s     33s[K[?25h[?2026l[?2026h[?25l[A[1Gpulling manifest [K
pulling 4824460d29f2:  91% ▕████████████████  ▏  38 GB/ 42 GB  119 MB/s     32s[K[?25h[?2026l[?2026h[?25l[A[1Gpulling manifest [K
pulling 4824460d29f2:  91% ▕████████████████  ▏  38 GB/ 42 GB  119 MB/s     32s[K[?25h[?2026l[?2026h[?25l[A[1Gpulling manifest [K
pulling 4824460d29f2:  91% ▕████████████████  ▏  38 GB/ 42 GB  119 MB/s     32s[K[?25h[?2026l[?2026h[?25l[A[1Gpulling manifest [K
pulling 4824460d29f2:  91% ▕████████████████  ▏  38 GB/ 42 GB  119 MB/s     32s[K[?25h[?2026l[?2026h[?25l[A[1Gpulling manifest [K
pulling 4824460d29f2:  91% ▕████████████████  ▏  38 GB/ 42 GB  119 MB/s     32s[K[?25h[?2026l[?2026h[?25l[A[1Gpulling manifest [K
pulling 4824460d29f2:  91% ▕████████████████  ▏  38 GB/ 42 GB  119 MB/s     32s[K[?25h[?2026l[?2026h[?25l[A[1Gpulling manifest [K
pulling 4824460d29f2:  91% ▕████████████████  ▏  38 GB/ 42 GB  119 MB/s     32s[K[?25h[?2026l[?2026h[?25l[A[1Gpulling manifest [K
pulling 4824460d29f2:  91% ▕████████████████  ▏  38 GB/ 42 GB  119 MB/s     32s[K[?25h[?2026l[?2026h[?25l[A[1Gpulling manifest [K
pulling 4824460d29f2:  91% ▕████████████████  ▏  38 GB/ 42 GB  119 MB/s     32s[K[?25h[?2026l[?2026h[?25l[A[1Gpulling manifest [K
pulling 4824460d29f2:  91% ▕████████████████  ▏  38 GB/ 42 GB  119 MB/s     31s[K[?25h[?2026l[?2026h[?25l[A[1Gpulling manifest [K
pulling 4824460d29f2:  91% ▕████████████████  ▏  38 GB/ 42 GB  119 MB/s     31s[K[?25h[?2026l[?2026h[?25l[A[1Gpulling manifest [K
pulling 4824460d29f2:  91% ▕████████████████  ▏  38 GB/ 42 GB  119 MB/s     31s[K[?25h[?2026l[?2026h[?25l[A[1Gpulling manifest [K
pulling 4824460d29f2:  91% ▕████████████████  ▏  38 GB/ 42 GB  119 MB/s     31s[K[?25h[?2026l[?2026h[?25l[A[1Gpulling manifest [K
pulling 4824460d29f2:  91% ▕████████████████  ▏  38 GB/ 42 GB  119 MB/s     31s[K[?25h[?2026l[?2026h[?25l[A[1Gpulling manifest [K
pulling 4824460d29f2:  91% ▕████████████████  ▏  38 GB/ 42 GB  119 MB/s     31s[K[?25h[?2026l[?2026h[?25l[A[1Gpulling manifest [K
pulling 4824460d29f2:  91% ▕████████████████  ▏  38 GB/ 42 GB  119 MB/s     31s[K[?25h[?2026l[?2026h[?25l[A[1Gpulling manifest [K
pulling 4824460d29f2:  91% ▕████████████████  ▏  38 GB/ 42 GB  119 MB/s     31s[K[?25h[?2026l[?2026h[?25l[A[1Gpulling manifest [K
pulling 4824460d29f2:  91% ▕████████████████  ▏  38 GB/ 42 GB  119 MB/s     31s[K[?25h[?2026l[?2026h[?25l[A[1Gpulling manifest [K
pulling 4824460d29f2:  91% ▕████████████████  ▏  38 GB/ 42 GB  119 MB/s     31s[K[?25h[?2026l[?2026h[?25l[A[1Gpulling manifest [K
pulling 4824460d29f2:  91% ▕████████████████  ▏  38 GB/ 42 GB  119 MB/s     31s[K[?25h[?2026l[?2026h[?25l[A[1Gpulling manifest [K
pulling 4824460d29f2:  91% ▕████████████████  ▏  38 GB/ 42 GB  119 MB/s     31s[K[?25h[?2026l[?2026h[?25l[A[1Gpulling manifest [K
pulling 4824460d29f2:  91% ▕████████████████  ▏  38 GB/ 42 GB  119 MB/s     30s[K[?25h[?2026l[?2026h[?25l[A[1Gpulling manifest [K
pulling 4824460d29f2:  91% ▕████████████████  ▏  38 GB/ 42 GB  119 MB/s     30s[K[?25h[?2026l[?2026h[?25l[A[1Gpulling manifest [K
pulling 4824460d29f2:  91% ▕████████████████  ▏  38 GB/ 42 GB  119 MB/s     30s[K[?25h[?2026l[?2026h[?25l[A[1Gpulling manifest [K
pulling 4824460d29f2:  91% ▕████████████████  ▏  38 GB/ 42 GB  119 MB/s     30s[K[?25h[?2026l[?2026h[?25l[A[1Gpulling manifest [K
pulling 4824460d29f2:  91% ▕████████████████  ▏  38 GB/ 42 GB  119 MB/s     30s[K[?25h[?2026l[?2026h[?25l[A[1Gpulling manifest [K
pulling 4824460d29f2:  91% ▕████████████████  ▏  38 GB/ 42 GB  119 MB/s     30s[K[?25h[?2026l[?2026h[?25l[A[1Gpulling manifest [K
pulling 4824460d29f2:  92% ▕████████████████  ▏  38 GB/ 42 GB  119 MB/s     30s[K[?25h[?2026l[?2026h[?25l[A[1Gpulling manifest [K
pulling 4824460d29f2:  92% ▕████████████████  ▏  38 GB/ 42 GB  119 MB/s     30s[K[?25h[?2026l[?2026h[?25l[A[1Gpulling manifest [K
pulling 4824460d29f2:  92% ▕████████████████  ▏  38 GB/ 42 GB  119 MB/s     30s[K[?25h[?2026l[?2026h[?25l[A[1Gpulling manifest [K
pulling 4824460d29f2:  92% ▕████████████████  ▏  38 GB/ 42 GB  119 MB/s     29s[K[?25h[?2026l[?2026h[?25l[A[1Gpulling manifest [K
pulling 4824460d29f2:  92% ▕████████████████  ▏  38 GB/ 42 GB  119 MB/s     29s[K[?25h[?2026l[?2026h[?25l[A[1Gpulling manifest [K
pulling 4824460d29f2:  92% ▕████████████████  ▏  38 GB/ 42 GB  119 MB/s     29s[K[?25h[?2026l[?2026h[?25l[A[1Gpulling manifest [K
pulling 4824460d29f2:  92% ▕████████████████  ▏  38 GB/ 42 GB  119 MB/s     29s[K[?25h[?2026l[?2026h[?25l[A[1Gpulling manifest [K
pulling 4824460d29f2:  92% ▕████████████████  ▏  38 GB/ 42 GB  119 MB/s     29s[K[?25h[?2026l[?2026h[?25l[A[1Gpulling manifest [K
pulling 4824460d29f2:  92% ▕████████████████  ▏  38 GB/ 42 GB  119 MB/s     29s[K[?25h[?2026l[?2026h[?25l[A[1Gpulling manifest [K
pulling 4824460d29f2:  92% ▕████████████████  ▏  39 GB/ 42 GB  119 MB/s     29s[K[?25h[?2026l[?2026h[?25l[A[1Gpulling manifest [K
pulling 4824460d29f2:  92% ▕████████████████  ▏  39 GB/ 42 GB  119 MB/s     29s[K[?25h[?2026l[?2026h[?25l[A[1Gpulling manifest [K
pulling 4824460d29f2:  92% ▕████████████████  ▏  39 GB/ 42 GB  119 MB/s     29s[K[?25h[?2026l[?2026h[?25l[A[1Gpulling manifest [K
pulling 4824460d29f2:  92% ▕████████████████  ▏  39 GB/ 42 GB  119 MB/s     29s[K[?25h[?2026l[?2026h[?25l[A[1Gpulling manifest [K
pulling 4824460d29f2:  92% ▕████████████████  ▏  39 GB/ 42 GB  119 MB/s     28s[K[?25h[?2026l[?2026h[?25l[A[1Gpulling manifest [K
pulling 4824460d29f2:  92% ▕████████████████  ▏  39 GB/ 42 GB  119 MB/s     28s[K[?25h[?2026l[?2026h[?25l[A[1Gpulling manifest [K
pulling 4824460d29f2:  92% ▕████████████████  ▏  39 GB/ 42 GB  119 MB/s     28s[K[?25h[?2026l[?2026h[?25l[A[1Gpulling manifest [K
pulling 4824460d29f2:  92% ▕████████████████  ▏  39 GB/ 42 GB  119 MB/s     28s[K[?25h[?2026l[?2026h[?25l[A[1Gpulling manifest [K
pulling 4824460d29f2:  92% ▕████████████████  ▏  39 GB/ 42 GB  119 MB/s     28s[K[?25h[?2026l[?2026h[?25l[A[1Gpulling manifest [K
pulling 4824460d29f2:  92% ▕████████████████  ▏  39 GB/ 42 GB  119 MB/s     28s[K[?25h[?2026l[?2026h[?25l[A[1Gpulling manifest [K
pulling 4824460d29f2:  92% ▕████████████████  ▏  39 GB/ 42 GB  119 MB/s     28s[K[?25h[?2026l[?2026h[?25l[A[1Gpulling manifest [K
pulling 4824460d29f2:  92% ▕████████████████  ▏  39 GB/ 42 GB  119 MB/s     28s[K[?25h[?2026l[?2026h[?25l[A[1Gpulling manifest [K
pulling 4824460d29f2:  92% ▕████████████████  ▏  39 GB/ 42 GB  119 MB/s     28s[K[?25h[?2026l[?2026h[?25l[A[1Gpulling manifest [K
pulling 4824460d29f2:  92% ▕████████████████  ▏  39 GB/ 42 GB  119 MB/s     28s[K[?25h[?2026l[?2026h[?25l[A[1Gpulling manifest [K
pulling 4824460d29f2:  92% ▕████████████████  ▏  39 GB/ 42 GB  119 MB/s     28s[K[?25h[?2026l[?2026h[?25l[A[1Gpulling manifest [K
pulling 4824460d29f2:  92% ▕████████████████  ▏  39 GB/ 42 GB  119 MB/s     27s[K[?25h[?2026l[?2026h[?25l[A[1Gpulling manifest [K
pulling 4824460d29f2:  92% ▕████████████████  ▏  39 GB/ 42 GB  119 MB/s     27s[K[?25h[?2026l[?2026h[?25l[A[1Gpulling manifest [K
pulling 4824460d29f2:  92% ▕████████████████  ▏  39 GB/ 42 GB  119 MB/s     27s[K[?25h[?2026l[?2026h[?25l[A[1Gpulling manifest [K
pulling 4824460d29f2:  92% ▕████████████████  ▏  39 GB/ 42 GB  119 MB/s     27s[K[?25h[?2026l[?2026h[?25l[A[1Gpulling manifest [K
pulling 4824460d29f2:  92% ▕████████████████  ▏  39 GB/ 42 GB  119 MB/s     27s[K[?25h[?2026l[?2026h[?25l[A[1Gpulling manifest [K
pulling 4824460d29f2:  92% ▕████████████████  ▏  39 GB/ 42 GB  119 MB/s     27s[K[?25h[?2026l[?2026h[?25l[A[1Gpulling manifest [K
pulling 4824460d29f2:  92% ▕████████████████  ▏  39 GB/ 42 GB  119 MB/s     27s[K[?25h[?2026l[?2026h[?25l[A[1Gpulling manifest [K
pulling 4824460d29f2:  92% ▕████████████████  ▏  39 GB/ 42 GB  119 MB/s     27s[K[?25h[?2026l[?2026h[?25l[A[1Gpulling manifest [K
pulling 4824460d29f2:  92% ▕████████████████  ▏  39 GB/ 42 GB  119 MB/s     27s[K[?25h[?2026l[?2026h[?25l[A[1Gpulling manifest [K
pulling 4824460d29f2:  92% ▕████████████████  ▏  39 GB/ 42 GB  119 MB/s     27s[K[?25h[?2026l[?2026h[?25l[A[1Gpulling manifest [K
pulling 4824460d29f2:  92% ▕████████████████  ▏  39 GB/ 42 GB  119 MB/s     26s[K[?25h[?2026l[?2026h[?25l[A[1Gpulling manifest [K
pulling 4824460d29f2:  92% ▕████████████████  ▏  39 GB/ 42 GB  119 MB/s     26s[K[?25h[?2026l[?2026h[?25l[A[1Gpulling manifest [K
pulling 4824460d29f2:  92% ▕████████████████  ▏  39 GB/ 42 GB  119 MB/s     26s[K[?25h[?2026l[?2026h[?25l[A[1Gpulling manifest [K
pulling 4824460d29f2:  93% ▕████████████████  ▏  39 GB/ 42 GB  119 MB/s     26s[K[?25h[?2026l[?2026h[?25l[A[1Gpulling manifest [K
pulling 4824460d29f2:  93% ▕████████████████  ▏  39 GB/ 42 GB  119 MB/s     26s[K[?25h[?2026l[?2026h[?25l[A[1Gpulling manifest [K
pulling 4824460d29f2:  93% ▕████████████████  ▏  39 GB/ 42 GB  119 MB/s     26s[K[?25h[?2026l[?2026h[?25l[A[1Gpulling manifest [K
pulling 4824460d29f2:  93% ▕████████████████  ▏  39 GB/ 42 GB  119 MB/s     26s[K[?25h[?2026l[?2026h[?25l[A[1Gpulling manifest [K
pulling 4824460d29f2:  93% ▕████████████████  ▏  39 GB/ 42 GB  119 MB/s     26s[K[?25h[?2026l[?2026h[?25l[A[1Gpulling manifest [K
pulling 4824460d29f2:  93% ▕████████████████  ▏  39 GB/ 42 GB  119 MB/s     26s[K[?25h[?2026l[?2026h[?25l[A[1Gpulling manifest [K
pulling 4824460d29f2:  93% ▕████████████████  ▏  39 GB/ 42 GB  119 MB/s     26s[K[?25h[?2026l[?2026h[?25l[A[1Gpulling manifest [K
pulling 4824460d29f2:  93% ▕████████████████  ▏  39 GB/ 42 GB  119 MB/s     25s[K[?25h[?2026l[?2026h[?25l[A[1Gpulling manifest [K
pulling 4824460d29f2:  93% ▕████████████████  ▏  39 GB/ 42 GB  119 MB/s     25s[K[?25h[?2026l[?2026h[?25l[A[1Gpulling manifest [K
pulling 4824460d29f2:  93% ▕████████████████  ▏  39 GB/ 42 GB  119 MB/s     25s[K[?25h[?2026l[?2026h[?25l[A[1Gpulling manifest [K
pulling 4824460d29f2:  93% ▕████████████████  ▏  39 GB/ 42 GB  119 MB/s     25s[K[?25h[?2026l[?2026h[?25l[A[1Gpulling manifest [K
pulling 4824460d29f2:  93% ▕████████████████  ▏  39 GB/ 42 GB  119 MB/s     25s[K[?25h[?2026l[?2026h[?25l[A[1Gpulling manifest [K
pulling 4824460d29f2:  93% ▕████████████████  ▏  39 GB/ 42 GB  119 MB/s     25s[K[?25h[?2026l[?2026h[?25l[A[1Gpulling manifest [K
pulling 4824460d29f2:  93% ▕████████████████  ▏  39 GB/ 42 GB  119 MB/s     25s[K[?25h[?2026l[?2026h[?25l[A[1Gpulling manifest [K
pulling 4824460d29f2:  93% ▕████████████████  ▏  39 GB/ 42 GB  119 MB/s     25s[K[?25h[?2026l[?2026h[?25l[A[1Gpulling manifest [K
pulling 4824460d29f2:  93% ▕████████████████  ▏  39 GB/ 42 GB  119 MB/s     25s[K[?25h[?2026l[?2026h[?25l[A[1Gpulling manifest [K
pulling 4824460d29f2:  93% ▕████████████████  ▏  39 GB/ 42 GB  119 MB/s     25s[K[?25h[?2026l[?2026h[?25l[A[1Gpulling manifest [K
pulling 4824460d29f2:  93% ▕████████████████  ▏  39 GB/ 42 GB  119 MB/s     24s[K[?25h[?2026l[?2026h[?25l[A[1Gpulling manifest [K
pulling 4824460d29f2:  93% ▕████████████████  ▏  39 GB/ 42 GB  119 MB/s     24s[K[?25h[?2026l[?2026h[?25l[A[1Gpulling manifest [K
pulling 4824460d29f2:  93% ▕████████████████  ▏  39 GB/ 42 GB  119 MB/s     24s[K[?25h[?2026l[?2026h[?25l[A[1Gpulling manifest [K
pulling 4824460d29f2:  93% ▕████████████████  ▏  39 GB/ 42 GB  119 MB/s     24s[K[?25h[?2026l[?2026h[?25l[A[1Gpulling manifest [K
pulling 4824460d29f2:  93% ▕████████████████  ▏  39 GB/ 42 GB  119 MB/s     24s[K[?25h[?2026l[?2026h[?25l[A[1Gpulling manifest [K
pulling 4824460d29f2:  93% ▕████████████████  ▏  39 GB/ 42 GB  119 MB/s     24s[K[?25h[?2026l[?2026h[?25l[A[1Gpulling manifest [K
pulling 4824460d29f2:  93% ▕████████████████  ▏  39 GB/ 42 GB  119 MB/s     24s[K[?25h[?2026l[?2026h[?25l[A[1Gpulling manifest [K
pulling 4824460d29f2:  93% ▕████████████████  ▏  39 GB/ 42 GB  119 MB/s     24s[K[?25h[?2026l[?2026h[?25l[A[1Gpulling manifest [K
pulling 4824460d29f2:  93% ▕████████████████  ▏  39 GB/ 42 GB  119 MB/s     24s[K[?25h[?2026l[?2026h[?25l[A[1Gpulling manifest [K
pulling 4824460d29f2:  93% ▕████████████████  ▏  39 GB/ 42 GB  119 MB/s     23s[K[?25h[?2026l[?2026h[?25l[A[1Gpulling manifest [K
pulling 4824460d29f2:  93% ▕████████████████  ▏  39 GB/ 42 GB  119 MB/s     23s[K[?25h[?2026l[?2026h[?25l[A[1Gpulling manifest [K
pulling 4824460d29f2:  93% ▕████████████████  ▏  39 GB/ 42 GB  119 MB/s     23s[K[?25h[?2026l[?2026h[?25l[A[1Gpulling manifest [K
pulling 4824460d29f2:  93% ▕████████████████  ▏  39 GB/ 42 GB  119 MB/s     23s[K[?25h[?2026l[?2026h[?25l[A[1Gpulling manifest [K
pulling 4824460d29f2:  93% ▕████████████████  ▏  39 GB/ 42 GB  119 MB/s     23s[K[?25h[?2026l[?2026h[?25l[A[1Gpulling manifest [K
pulling 4824460d29f2:  93% ▕████████████████  ▏  39 GB/ 42 GB  119 MB/s     23s[K[?25h[?2026l[?2026h[?25l[A[1Gpulling manifest [K
pulling 4824460d29f2:  93% ▕████████████████  ▏  39 GB/ 42 GB  119 MB/s     23s[K[?25h[?2026l[?2026h[?25l[A[1Gpulling manifest [K
pulling 4824460d29f2:  93% ▕████████████████  ▏  39 GB/ 42 GB  119 MB/s     23s[K[?25h[?2026l[?2026h[?25l[A[1Gpulling manifest [K
pulling 4824460d29f2:  93% ▕████████████████  ▏  39 GB/ 42 GB  119 MB/s     23s[K[?25h[?2026l[?2026h[?25l[A[1Gpulling manifest [K
pulling 4824460d29f2:  93% ▕████████████████  ▏  39 GB/ 42 GB  119 MB/s     23s[K[?25h[?2026l[?2026h[?25l[A[1Gpulling manifest [K
pulling 4824460d29f2:  94% ▕████████████████  ▏  39 GB/ 42 GB  119 MB/s     23s[K[?25h[?2026l[?2026h[?25l[A[1Gpulling manifest [K
pulling 4824460d29f2:  94% ▕████████████████  ▏  39 GB/ 42 GB  119 MB/s     23s[K[?25h[?2026l[?2026h[?25l[A[1Gpulling manifest [K
pulling 4824460d29f2:  94% ▕████████████████  ▏  39 GB/ 42 GB  119 MB/s     22s[K[?25h[?2026l[?2026h[?25l[A[1Gpulling manifest [K
pulling 4824460d29f2:  94% ▕████████████████  ▏  39 GB/ 42 GB  119 MB/s     22s[K[?25h[?2026l[?2026h[?25l[A[1Gpulling manifest [K
pulling 4824460d29f2:  94% ▕████████████████  ▏  39 GB/ 42 GB  119 MB/s     22s[K[?25h[?2026l[?2026h[?25l[A[1Gpulling manifest [K
pulling 4824460d29f2:  94% ▕████████████████  ▏  39 GB/ 42 GB  119 MB/s     22s[K[?25h[?2026l[?2026h[?25l[A[1Gpulling manifest [K
pulling 4824460d29f2:  94% ▕████████████████  ▏  39 GB/ 42 GB  119 MB/s     22s[K[?25h[?2026l[?2026h[?25l[A[1Gpulling manifest [K
pulling 4824460d29f2:  94% ▕████████████████  ▏  39 GB/ 42 GB  119 MB/s     22s[K[?25h[?2026l[?2026h[?25l[A[1Gpulling manifest [K
pulling 4824460d29f2:  94% ▕████████████████  ▏  39 GB/ 42 GB  119 MB/s     22s[K[?25h[?2026l[?2026h[?25l[A[1Gpulling manifest [K
pulling 4824460d29f2:  94% ▕████████████████  ▏  39 GB/ 42 GB  119 MB/s     22s[K[?25h[?2026l[?2026h[?25l[A[1Gpulling manifest [K
pulling 4824460d29f2:  94% ▕████████████████  ▏  39 GB/ 42 GB  119 MB/s     22s[K[?25h[?2026l[?2026h[?25l[A[1Gpulling manifest [K
pulling 4824460d29f2:  94% ▕████████████████  ▏  39 GB/ 42 GB  119 MB/s     22s[K[?25h[?2026l[?2026h[?25l[A[1Gpulling manifest [K
pulling 4824460d29f2:  94% ▕████████████████  ▏  39 GB/ 42 GB  119 MB/s     21s[K[?25h[?2026l[?2026h[?25l[A[1Gpulling manifest [K
pulling 4824460d29f2:  94% ▕████████████████  ▏  39 GB/ 42 GB  119 MB/s     21s[K[?25h[?2026l[?2026h[?25l[A[1Gpulling manifest [K
pulling 4824460d29f2:  94% ▕████████████████  ▏  39 GB/ 42 GB  119 MB/s     21s[K[?25h[?2026l[?2026h[?25l[A[1Gpulling manifest [K
pulling 4824460d29f2:  94% ▕████████████████  ▏  39 GB/ 42 GB  119 MB/s     21s[K[?25h[?2026l[?2026h[?25l[A[1Gpulling manifest [K
pulling 4824460d29f2:  94% ▕████████████████  ▏  39 GB/ 42 GB  119 MB/s     21s[K[?25h[?2026l[?2026h[?25l[A[1Gpulling manifest [K
pulling 4824460d29f2:  94% ▕████████████████  ▏  39 GB/ 42 GB  119 MB/s     21s[K[?25h[?2026l[?2026h[?25l[A[1Gpulling manifest [K
pulling 4824460d29f2:  94% ▕████████████████  ▏  39 GB/ 42 GB  119 MB/s     21s[K[?25h[?2026l[?2026h[?25l[A[1Gpulling manifest [K
pulling 4824460d29f2:  94% ▕████████████████  ▏  39 GB/ 42 GB  119 MB/s     21s[K[?25h[?2026l[?2026h[?25l[A[1Gpulling manifest [K
pulling 4824460d29f2:  94% ▕████████████████  ▏  39 GB/ 42 GB  119 MB/s     21s[K[?25h[?2026l[?2026h[?25l[A[1Gpulling manifest [K
pulling 4824460d29f2:  94% ▕████████████████  ▏  40 GB/ 42 GB  119 MB/s     21s[K[?25h[?2026l[?2026h[?25l[A[1Gpulling manifest [K
pulling 4824460d29f2:  94% ▕████████████████  ▏  40 GB/ 42 GB  119 MB/s     21s[K[?25h[?2026l[?2026h[?25l[A[1Gpulling manifest [K
pulling 4824460d29f2:  94% ▕████████████████  ▏  40 GB/ 42 GB  119 MB/s     20s[K[?25h[?2026l[?2026h[?25l[A[1Gpulling manifest [K
pulling 4824460d29f2:  94% ▕████████████████  ▏  40 GB/ 42 GB  119 MB/s     20s[K[?25h[?2026l[?2026h[?25l[A[1Gpulling manifest [K
pulling 4824460d29f2:  94% ▕████████████████  ▏  40 GB/ 42 GB  119 MB/s     20s[K[?25h[?2026l[?2026h[?25l[A[1Gpulling manifest [K
pulling 4824460d29f2:  94% ▕████████████████  ▏  40 GB/ 42 GB  119 MB/s     20s[K[?25h[?2026l[?2026h[?25l[A[1Gpulling manifest [K
pulling 4824460d29f2:  94% ▕████████████████  ▏  40 GB/ 42 GB  119 MB/s     20s[K[?25h[?2026l[?2026h[?25l[A[1Gpulling manifest [K
pulling 4824460d29f2:  94% ▕████████████████  ▏  40 GB/ 42 GB  119 MB/s     20s[K[?25h[?2026l[?2026h[?25l[A[1Gpulling manifest [K
pulling 4824460d29f2:  94% ▕████████████████  ▏  40 GB/ 42 GB  119 MB/s     20s[K[?25h[?2026l[?2026h[?25l[A[1Gpulling manifest [K
pulling 4824460d29f2:  94% ▕████████████████  ▏  40 GB/ 42 GB  119 MB/s     20s[K[?25h[?2026l[?2026h[?25l[A[1Gpulling manifest [K
pulling 4824460d29f2:  94% ▕████████████████  ▏  40 GB/ 42 GB  119 MB/s     20s[K[?25h[?2026l[?2026h[?25l[A[1Gpulling manifest [K
pulling 4824460d29f2:  94% ▕████████████████  ▏  40 GB/ 42 GB  119 MB/s     19s[K[?25h[?2026l[?2026h[?25l[A[1Gpulling manifest [K
pulling 4824460d29f2:  94% ▕████████████████  ▏  40 GB/ 42 GB  119 MB/s     19s[K[?25h[?2026l[?2026h[?25l[A[1Gpulling manifest [K
pulling 4824460d29f2:  94% ▕█████████████████ ▏  40 GB/ 42 GB  119 MB/s     19s[K[?25h[?2026l[?2026h[?25l[A[1Gpulling manifest [K
pulling 4824460d29f2:  94% ▕█████████████████ ▏  40 GB/ 42 GB  119 MB/s     19s[K[?25h[?2026l[?2026h[?25l[A[1Gpulling manifest [K
pulling 4824460d29f2:  94% ▕█████████████████ ▏  40 GB/ 42 GB  119 MB/s     19s[K[?25h[?2026l[?2026h[?25l[A[1Gpulling manifest [K
pulling 4824460d29f2:  95% ▕█████████████████ ▏  40 GB/ 42 GB  119 MB/s     19s[K[?25h[?2026l[?2026h[?25l[A[1Gpulling manifest [K
pulling 4824460d29f2:  95% ▕█████████████████ ▏  40 GB/ 42 GB  119 MB/s     19s[K[?25h[?2026l[?2026h[?25l[A[1Gpulling manifest [K
pulling 4824460d29f2:  95% ▕█████████████████ ▏  40 GB/ 42 GB  119 MB/s     19s[K[?25h[?2026l[?2026h[?25l[A[1Gpulling manifest [K
pulling 4824460d29f2:  95% ▕█████████████████ ▏  40 GB/ 42 GB  119 MB/s     19s[K[?25h[?2026l[?2026h[?25l[A[1Gpulling manifest [K
pulling 4824460d29f2:  95% ▕█████████████████ ▏  40 GB/ 42 GB  119 MB/s     19s[K[?25h[?2026l[?2026h[?25l[A[1Gpulling manifest [K
pulling 4824460d29f2:  95% ▕█████████████████ ▏  40 GB/ 42 GB  119 MB/s     19s[K[?25h[?2026l[?2026h[?25l[A[1Gpulling manifest [K
pulling 4824460d29f2:  95% ▕█████████████████ ▏  40 GB/ 42 GB  119 MB/s     18s[K[?25h[?2026l[?2026h[?25l[A[1Gpulling manifest [K
pulling 4824460d29f2:  95% ▕█████████████████ ▏  40 GB/ 42 GB  119 MB/s     18s[K[?25h[?2026l[?2026h[?25l[A[1Gpulling manifest [K
pulling 4824460d29f2:  95% ▕█████████████████ ▏  40 GB/ 42 GB  119 MB/s     18s[K[?25h[?2026l[?2026h[?25l[A[1Gpulling manifest [K
pulling 4824460d29f2:  95% ▕█████████████████ ▏  40 GB/ 42 GB  119 MB/s     18s[K[?25h[?2026l[?2026h[?25l[A[1Gpulling manifest [K
pulling 4824460d29f2:  95% ▕█████████████████ ▏  40 GB/ 42 GB  119 MB/s     18s[K[?25h[?2026l[?2026h[?25l[A[1Gpulling manifest [K
pulling 4824460d29f2:  95% ▕█████████████████ ▏  40 GB/ 42 GB  119 MB/s     18s[K[?25h[?2026l[?2026h[?25l[A[1Gpulling manifest [K
pulling 4824460d29f2:  95% ▕█████████████████ ▏  40 GB/ 42 GB  119 MB/s     18s[K[?25h[?2026l[?2026h[?25l[A[1Gpulling manifest [K
pulling 4824460d29f2:  95% ▕█████████████████ ▏  40 GB/ 42 GB  119 MB/s     18s[K[?25h[?2026l[?2026h[?25l[A[1Gpulling manifest [K
pulling 4824460d29f2:  95% ▕█████████████████ ▏  40 GB/ 42 GB  119 MB/s     18s[K[?25h[?2026l[?2026h[?25l[A[1Gpulling manifest [K
pulling 4824460d29f2:  95% ▕█████████████████ ▏  40 GB/ 42 GB  119 MB/s     18s[K[?25h[?2026l[?2026h[?25l[A[1Gpulling manifest [K
pulling 4824460d29f2:  95% ▕█████████████████ ▏  40 GB/ 42 GB  119 MB/s     17s[K[?25h[?2026l[?2026h[?25l[A[1Gpulling manifest [K
pulling 4824460d29f2:  95% ▕█████████████████ ▏  40 GB/ 42 GB  119 MB/s     17s[K[?25h[?2026l[?2026h[?25l[A[1Gpulling manifest [K
pulling 4824460d29f2:  95% ▕█████████████████ ▏  40 GB/ 42 GB  119 MB/s     17s[K[?25h[?2026l[?2026h[?25l[A[1Gpulling manifest [K
pulling 4824460d29f2:  95% ▕█████████████████ ▏  40 GB/ 42 GB  119 MB/s     17s[K[?25h[?2026l[?2026h[?25l[A[1Gpulling manifest [K
pulling 4824460d29f2:  95% ▕█████████████████ ▏  40 GB/ 42 GB  119 MB/s     17s[K[?25h[?2026l[?2026h[?25l[A[1Gpulling manifest [K
pulling 4824460d29f2:  95% ▕█████████████████ ▏  40 GB/ 42 GB  119 MB/s     17s[K[?25h[?2026l[?2026h[?25l[A[1Gpulling manifest [K
pulling 4824460d29f2:  95% ▕█████████████████ ▏  40 GB/ 42 GB  119 MB/s     17s[K[?25h[?2026l[?2026h[?25l[A[1Gpulling manifest [K
pulling 4824460d29f2:  95% ▕█████████████████ ▏  40 GB/ 42 GB  119 MB/s     17s[K[?25h[?2026l[?2026h[?25l[A[1Gpulling manifest [K
pulling 4824460d29f2:  95% ▕█████████████████ ▏  40 GB/ 42 GB  119 MB/s     17s[K[?25h[?2026l[?2026h[?25l[A[1Gpulling manifest [K
pulling 4824460d29f2:  95% ▕█████████████████ ▏  40 GB/ 42 GB  119 MB/s     17s[K[?25h[?2026l[?2026h[?25l[A[1Gpulling manifest [K
pulling 4824460d29f2:  95% ▕█████████████████ ▏  40 GB/ 42 GB  119 MB/s     16s[K[?25h[?2026l[?2026h[?25l[A[1Gpulling manifest [K
pulling 4824460d29f2:  95% ▕█████████████████ ▏  40 GB/ 42 GB  119 MB/s     16s[K[?25h[?2026l[?2026h[?25l[A[1Gpulling manifest [K
pulling 4824460d29f2:  95% ▕█████████████████ ▏  40 GB/ 42 GB  119 MB/s     16s[K[?25h[?2026l[?2026h[?25l[A[1Gpulling manifest [K
pulling 4824460d29f2:  95% ▕█████████████████ ▏  40 GB/ 42 GB  119 MB/s     16s[K[?25h[?2026l[?2026h[?25l[A[1Gpulling manifest [K
pulling 4824460d29f2:  95% ▕█████████████████ ▏  40 GB/ 42 GB  119 MB/s     16s[K[?25h[?2026l[?2026h[?25l[A[1Gpulling manifest [K
pulling 4824460d29f2:  95% ▕█████████████████ ▏  40 GB/ 42 GB  119 MB/s     16s[K[?25h[?2026l[?2026h[?25l[A[1Gpulling manifest [K
pulling 4824460d29f2:  95% ▕█████████████████ ▏  40 GB/ 42 GB  119 MB/s     16s[K[?25h[?2026l[?2026h[?25l[A[1Gpulling manifest [K
pulling 4824460d29f2:  95% ▕█████████████████ ▏  40 GB/ 42 GB  119 MB/s     16s[K[?25h[?2026l[?2026h[?25l[A[1Gpulling manifest [K
pulling 4824460d29f2:  95% ▕█████████████████ ▏  40 GB/ 42 GB  119 MB/s     16s[K[?25h[?2026l[?2026h[?25l[A[1Gpulling manifest [K
pulling 4824460d29f2:  95% ▕█████████████████ ▏  40 GB/ 42 GB  119 MB/s     16s[K[?25h[?2026l[?2026h[?25l[A[1Gpulling manifest [K
pulling 4824460d29f2:  96% ▕█████████████████ ▏  40 GB/ 42 GB  119 MB/s     15s[K[?25h[?2026l[?2026h[?25l[A[1Gpulling manifest [K
pulling 4824460d29f2:  96% ▕█████████████████ ▏  40 GB/ 42 GB  119 MB/s     15s[K[?25h[?2026l[?2026h[?25l[A[1Gpulling manifest [K
pulling 4824460d29f2:  96% ▕█████████████████ ▏  40 GB/ 42 GB  119 MB/s     15s[K[?25h[?2026l[?2026h[?25l[A[1Gpulling manifest [K
pulling 4824460d29f2:  96% ▕█████████████████ ▏  40 GB/ 42 GB  119 MB/s     15s[K[?25h[?2026l[?2026h[?25l[A[1Gpulling manifest [K
pulling 4824460d29f2:  96% ▕█████████████████ ▏  40 GB/ 42 GB  119 MB/s     15s[K[?25h[?2026l[?2026h[?25l[A[1Gpulling manifest [K
pulling 4824460d29f2:  96% ▕█████████████████ ▏  40 GB/ 42 GB  119 MB/s     15s[K[?25h[?2026l[?2026h[?25l[A[1Gpulling manifest [K
pulling 4824460d29f2:  96% ▕█████████████████ ▏  40 GB/ 42 GB  119 MB/s     15s[K[?25h[?2026l[?2026h[?25l[A[1Gpulling manifest [K
pulling 4824460d29f2:  96% ▕█████████████████ ▏  40 GB/ 42 GB  119 MB/s     15s[K[?25h[?2026l[?2026h[?25l[A[1Gpulling manifest [K
pulling 4824460d29f2:  96% ▕█████████████████ ▏  40 GB/ 42 GB  119 MB/s     15s[K[?25h[?2026l[?2026h[?25l[A[1Gpulling manifest [K
pulling 4824460d29f2:  96% ▕█████████████████ ▏  40 GB/ 42 GB  119 MB/s     15s[K[?25h[?2026l[?2026h[?25l[A[1Gpulling manifest [K
pulling 4824460d29f2:  96% ▕█████████████████ ▏  40 GB/ 42 GB  119 MB/s     15s[K[?25h[?2026l[?2026h[?25l[A[1Gpulling manifest [K
pulling 4824460d29f2:  96% ▕█████████████████ ▏  40 GB/ 42 GB  119 MB/s     14s[K[?25h[?2026l[?2026h[?25l[A[1Gpulling manifest [K
pulling 4824460d29f2:  96% ▕█████████████████ ▏  40 GB/ 42 GB  119 MB/s     14s[K[?25h[?2026l[?2026h[?25l[A[1Gpulling manifest [K
pulling 4824460d29f2:  96% ▕█████████████████ ▏  40 GB/ 42 GB  119 MB/s     14s[K[?25h[?2026l[?2026h[?25l[A[1Gpulling manifest [K
pulling 4824460d29f2:  96% ▕█████████████████ ▏  40 GB/ 42 GB  119 MB/s     14s[K[?25h[?2026l[?2026h[?25l[A[1Gpulling manifest [K
pulling 4824460d29f2:  96% ▕█████████████████ ▏  40 GB/ 42 GB  119 MB/s     14s[K[?25h[?2026l[?2026h[?25l[A[1Gpulling manifest [K
pulling 4824460d29f2:  96% ▕█████████████████ ▏  40 GB/ 42 GB  119 MB/s     14s[K[?25h[?2026l[?2026h[?25l[A[1Gpulling manifest [K
pulling 4824460d29f2:  96% ▕█████████████████ ▏  40 GB/ 42 GB  119 MB/s     14s[K[?25h[?2026l[?2026h[?25l[A[1Gpulling manifest [K
pulling 4824460d29f2:  96% ▕█████████████████ ▏  40 GB/ 42 GB  119 MB/s     14s[K[?25h[?2026l[?2026h[?25l[A[1Gpulling manifest [K
pulling 4824460d29f2:  96% ▕█████████████████ ▏  40 GB/ 42 GB  119 MB/s     14s[K[?25h[?2026l[?2026h[?25l[A[1Gpulling manifest [K
pulling 4824460d29f2:  96% ▕█████████████████ ▏  40 GB/ 42 GB  119 MB/s     14s[K[?25h[?2026l[?2026h[?25l[A[1Gpulling manifest [K
pulling 4824460d29f2:  96% ▕█████████████████ ▏  40 GB/ 42 GB  119 MB/s     13s[K[?25h[?2026l[?2026h[?25l[A[1Gpulling manifest [K
pulling 4824460d29f2:  96% ▕█████████████████ ▏  40 GB/ 42 GB  119 MB/s     13s[K[?25h[?2026l[?2026h[?25l[A[1Gpulling manifest [K
pulling 4824460d29f2:  96% ▕█████████████████ ▏  40 GB/ 42 GB  119 MB/s     13s[K[?25h[?2026l[?2026h[?25l[A[1Gpulling manifest [K
pulling 4824460d29f2:  96% ▕█████████████████ ▏  40 GB/ 42 GB  119 MB/s     13s[K[?25h[?2026l[?2026h[?25l[A[1Gpulling manifest [K
pulling 4824460d29f2:  96% ▕█████████████████ ▏  40 GB/ 42 GB  119 MB/s     13s[K[?25h[?2026l[?2026h[?25l[A[1Gpulling manifest [K
pulling 4824460d29f2:  96% ▕█████████████████ ▏  40 GB/ 42 GB  119 MB/s     13s[K[?25h[?2026l[?2026h[?25l[A[1Gpulling manifest [K
pulling 4824460d29f2:  96% ▕█████████████████ ▏  40 GB/ 42 GB  119 MB/s     13s[K[?25h[?2026l[?2026h[?25l[A[1Gpulling manifest [K
pulling 4824460d29f2:  96% ▕█████████████████ ▏  40 GB/ 42 GB  119 MB/s     13s[K[?25h[?2026l[?2026h[?25l[A[1Gpulling manifest [K
pulling 4824460d29f2:  96% ▕█████████████████ ▏  40 GB/ 42 GB  119 MB/s     13s[K[?25h[?2026l[?2026h[?25l[A[1Gpulling manifest [K
pulling 4824460d29f2:  96% ▕█████████████████ ▏  40 GB/ 42 GB  119 MB/s     13s[K[?25h[?2026l[?2026h[?25l[A[1Gpulling manifest [K
pulling 4824460d29f2:  96% ▕█████████████████ ▏  40 GB/ 42 GB  119 MB/s     12s[K[?25h[?2026l[?2026h[?25l[A[1Gpulling manifest [K
pulling 4824460d29f2:  96% ▕█████████████████ ▏  40 GB/ 42 GB  119 MB/s     12s[K[?25h[?2026l[?2026h[?25l[A[1Gpulling manifest [K
pulling 4824460d29f2:  96% ▕█████████████████ ▏  41 GB/ 42 GB  119 MB/s     12s[K[?25h[?2026l[?2026h[?25l[A[1Gpulling manifest [K
pulling 4824460d29f2:  96% ▕█████████████████ ▏  41 GB/ 42 GB  119 MB/s     12s[K[?25h[?2026l[?2026h[?25l[A[1Gpulling manifest [K
pulling 4824460d29f2:  96% ▕█████████████████ ▏  41 GB/ 42 GB  119 MB/s     12s[K[?25h[?2026l[?2026h[?25l[A[1Gpulling manifest [K
pulling 4824460d29f2:  97% ▕█████████████████ ▏  41 GB/ 42 GB  119 MB/s     12s[K[?25h[?2026l[?2026h[?25l[A[1Gpulling manifest [K
pulling 4824460d29f2:  97% ▕█████████████████ ▏  41 GB/ 42 GB  119 MB/s     12s[K[?25h[?2026l[?2026h[?25l[A[1Gpulling manifest [K
pulling 4824460d29f2:  97% ▕█████████████████ ▏  41 GB/ 42 GB  119 MB/s     12s[K[?25h[?2026l[?2026h[?25l[A[1Gpulling manifest [K
pulling 4824460d29f2:  97% ▕█████████████████ ▏  41 GB/ 42 GB  119 MB/s     12s[K[?25h[?2026l[?2026h[?25l[A[1Gpulling manifest [K
pulling 4824460d29f2:  97% ▕█████████████████ ▏  41 GB/ 42 GB  119 MB/s     12s[K[?25h[?2026l[?2026h[?25l[A[1Gpulling manifest [K
pulling 4824460d29f2:  97% ▕█████████████████ ▏  41 GB/ 42 GB  119 MB/s     11s[K[?25h[?2026l[?2026h[?25l[A[1Gpulling manifest [K
pulling 4824460d29f2:  97% ▕█████████████████ ▏  41 GB/ 42 GB  119 MB/s     11s[K[?25h[?2026l[?2026h[?25l[A[1Gpulling manifest [K
pulling 4824460d29f2:  97% ▕█████████████████ ▏  41 GB/ 42 GB  119 MB/s     11s[K[?25h[?2026l[?2026h[?25l[A[1Gpulling manifest [K
pulling 4824460d29f2:  97% ▕█████████████████ ▏  41 GB/ 42 GB  119 MB/s     11s[K[?25h[?2026l[?2026h[?25l[A[1Gpulling manifest [K
pulling 4824460d29f2:  97% ▕█████████████████ ▏  41 GB/ 42 GB  119 MB/s     11s[K[?25h[?2026l[?2026h[?25l[A[1Gpulling manifest [K
pulling 4824460d29f2:  97% ▕█████████████████ ▏  41 GB/ 42 GB  119 MB/s     11s[K[?25h[?2026l[?2026h[?25l[A[1Gpulling manifest [K
pulling 4824460d29f2:  97% ▕█████████████████ ▏  41 GB/ 42 GB  119 MB/s     11s[K[?25h[?2026l[?2026h[?25l[A[1Gpulling manifest [K
pulling 4824460d29f2:  97% ▕█████████████████ ▏  41 GB/ 42 GB  119 MB/s     11s[K[?25h[?2026l[?2026h[?25l[A[1Gpulling manifest [K
pulling 4824460d29f2:  97% ▕█████████████████ ▏  41 GB/ 42 GB  119 MB/s     11s[K[?25h[?2026l[?2026h[?25l[A[1Gpulling manifest [K
pulling 4824460d29f2:  97% ▕█████████████████ ▏  41 GB/ 42 GB  119 MB/s     11s[K[?25h[?2026l[?2026h[?25l[A[1Gpulling manifest [K
pulling 4824460d29f2:  97% ▕█████████████████ ▏  41 GB/ 42 GB  119 MB/s     10s[K[?25h[?2026l[?2026h[?25l[A[1Gpulling manifest [K
pulling 4824460d29f2:  97% ▕█████████████████ ▏  41 GB/ 42 GB  119 MB/s     10s[K[?25h[?2026l[?2026h[?25l[A[1Gpulling manifest [K
pulling 4824460d29f2:  97% ▕█████████████████ ▏  41 GB/ 42 GB  119 MB/s     10s[K[?25h[?2026l[?2026h[?25l[A[1Gpulling manifest [K
pulling 4824460d29f2:  97% ▕█████████████████ ▏  41 GB/ 42 GB  119 MB/s     10s[K[?25h[?2026l[?2026h[?25l[A[1Gpulling manifest [K
pulling 4824460d29f2:  97% ▕█████████████████ ▏  41 GB/ 42 GB  119 MB/s     10s[K[?25h[?2026l[?2026h[?25l[A[1Gpulling manifest [K
pulling 4824460d29f2:  97% ▕█████████████████ ▏  41 GB/ 42 GB  119 MB/s     10s[K[?25h[?2026l[?2026h[?25l[A[1Gpulling manifest [K
pulling 4824460d29f2:  97% ▕█████████████████ ▏  41 GB/ 42 GB  119 MB/s     10s[K[?25h[?2026l[?2026h[?25l[A[1Gpulling manifest [K
pulling 4824460d29f2:  97% ▕█████████████████ ▏  41 GB/ 42 GB  119 MB/s     10s[K[?25h[?2026l[?2026h[?25l[A[1Gpulling manifest [K
pulling 4824460d29f2:  97% ▕█████████████████ ▏  41 GB/ 42 GB  119 MB/s     10s[K[?25h[?2026l[?2026h[?25l[A[1Gpulling manifest [K
pulling 4824460d29f2:  97% ▕█████████████████ ▏  41 GB/ 42 GB  119 MB/s     10s[K[?25h[?2026l[?2026h[?25l[A[1Gpulling manifest [K
pulling 4824460d29f2:  97% ▕█████████████████ ▏  41 GB/ 42 GB  119 MB/s      9s[K[?25h[?2026l[?2026h[?25l[A[1Gpulling manifest [K
pulling 4824460d29f2:  97% ▕█████████████████ ▏  41 GB/ 42 GB  119 MB/s      9s[K[?25h[?2026l[?2026h[?25l[A[1Gpulling manifest [K
pulling 4824460d29f2:  97% ▕█████████████████ ▏  41 GB/ 42 GB  119 MB/s      9s[K[?25h[?2026l[?2026h[?25l[A[1Gpulling manifest [K
pulling 4824460d29f2:  97% ▕█████████████████ ▏  41 GB/ 42 GB  119 MB/s      9s[K[?25h[?2026l[?2026h[?25l[A[1Gpulling manifest [K
pulling 4824460d29f2:  97% ▕█████████████████ ▏  41 GB/ 42 GB  119 MB/s      9s[K[?25h[?2026l[?2026h[?25l[A[1Gpulling manifest [K
pulling 4824460d29f2:  97% ▕█████████████████ ▏  41 GB/ 42 GB  119 MB/s      9s[K[?25h[?2026l[?2026h[?25l[A[1Gpulling manifest [K
pulling 4824460d29f2:  97% ▕█████████████████ ▏  41 GB/ 42 GB  119 MB/s      9s[K[?25h[?2026l[?2026h[?25l[A[1Gpulling manifest [K
pulling 4824460d29f2:  97% ▕█████████████████ ▏  41 GB/ 42 GB  119 MB/s      9s[K[?25h[?2026l[?2026h[?25l[A[1Gpulling manifest [K
pulling 4824460d29f2:  97% ▕█████████████████ ▏  41 GB/ 42 GB  119 MB/s      9s[K[?25h[?2026l[?2026h[?25l[A[1Gpulling manifest [K
pulling 4824460d29f2:  97% ▕█████████████████ ▏  41 GB/ 42 GB  119 MB/s      9s[K[?25h[?2026l[?2026h[?25l[A[1Gpulling manifest [K
pulling 4824460d29f2:  97% ▕█████████████████ ▏  41 GB/ 42 GB  119 MB/s      8s[K[?25h[?2026l[?2026h[?25l[A[1Gpulling manifest [K
pulling 4824460d29f2:  98% ▕█████████████████ ▏  41 GB/ 42 GB  119 MB/s      8s[K[?25h[?2026l[?2026h[?25l[A[1Gpulling manifest [K
pulling 4824460d29f2:  98% ▕█████████████████ ▏  41 GB/ 42 GB  119 MB/s      8s[K[?25h[?2026l[?2026h[?25l[A[1Gpulling manifest [K
pulling 4824460d29f2:  98% ▕█████████████████ ▏  41 GB/ 42 GB  119 MB/s      8s[K[?25h[?2026l[?2026h[?25l[A[1Gpulling manifest [K
pulling 4824460d29f2:  98% ▕█████████████████ ▏  41 GB/ 42 GB  119 MB/s      8s[K[?25h[?2026l[?2026h[?25l[A[1Gpulling manifest [K
pulling 4824460d29f2:  98% ▕█████████████████ ▏  41 GB/ 42 GB  119 MB/s      8s[K[?25h[?2026l[?2026h[?25l[A[1Gpulling manifest [K
pulling 4824460d29f2:  98% ▕█████████████████ ▏  41 GB/ 42 GB  119 MB/s      8s[K[?25h[?2026l[?2026h[?25l[A[1Gpulling manifest [K
pulling 4824460d29f2:  98% ▕█████████████████ ▏  41 GB/ 42 GB  119 MB/s      8s[K[?25h[?2026l[?2026h[?25l[A[1Gpulling manifest [K
pulling 4824460d29f2:  98% ▕█████████████████ ▏  41 GB/ 42 GB  119 MB/s      8s[K[?25h[?2026l[?2026h[?25l[A[1Gpulling manifest [K
pulling 4824460d29f2:  98% ▕█████████████████ ▏  41 GB/ 42 GB  119 MB/s      8s[K[?25h[?2026l[?2026h[?25l[A[1Gpulling manifest [K
pulling 4824460d29f2:  98% ▕█████████████████ ▏  41 GB/ 42 GB  119 MB/s      7s[K[?25h[?2026l[?2026h[?25l[A[1Gpulling manifest [K
pulling 4824460d29f2:  98% ▕█████████████████ ▏  41 GB/ 42 GB  119 MB/s      7s[K[?25h[?2026l[?2026h[?25l[A[1Gpulling manifest [K
pulling 4824460d29f2:  98% ▕█████████████████ ▏  41 GB/ 42 GB  119 MB/s      7s[K[?25h[?2026l[?2026h[?25l[A[1Gpulling manifest [K
pulling 4824460d29f2:  98% ▕█████████████████ ▏  41 GB/ 42 GB  119 MB/s      7s[K[?25h[?2026l[?2026h[?25l[A[1Gpulling manifest [K
pulling 4824460d29f2:  98% ▕█████████████████ ▏  41 GB/ 42 GB  119 MB/s      7s[K[?25h[?2026l[?2026h[?25l[A[1Gpulling manifest [K
pulling 4824460d29f2:  98% ▕█████████████████ ▏  41 GB/ 42 GB  119 MB/s      7s[K[?25h[?2026l[?2026h[?25l[A[1Gpulling manifest [K
pulling 4824460d29f2:  98% ▕█████████████████ ▏  41 GB/ 42 GB  119 MB/s      7s[K[?25h[?2026l[?2026h[?25l[A[1Gpulling manifest [K
pulling 4824460d29f2:  98% ▕█████████████████ ▏  41 GB/ 42 GB  119 MB/s      7s[K[?25h[?2026l[?2026h[?25l[A[1Gpulling manifest [K
pulling 4824460d29f2:  98% ▕█████████████████ ▏  41 GB/ 42 GB  119 MB/s      7s[K[?25h[?2026l[?2026h[?25l[A[1Gpulling manifest [K
pulling 4824460d29f2:  98% ▕█████████████████ ▏  41 GB/ 42 GB  119 MB/s      7s[K[?25h[?2026l[?2026h[?25l[A[1Gpulling manifest [K
pulling 4824460d29f2:  98% ▕█████████████████ ▏  41 GB/ 42 GB  119 MB/s      7s[K[?25h[?2026l[?2026h[?25l[A[1Gpulling manifest [K
pulling 4824460d29f2:  98% ▕█████████████████ ▏  41 GB/ 42 GB  119 MB/s      6s[K[?25h[?2026l[?2026h[?25l[A[1Gpulling manifest [K
pulling 4824460d29f2:  98% ▕█████████████████ ▏  41 GB/ 42 GB  119 MB/s      6s[K[?25h[?2026l[?2026h[?25l[A[1Gpulling manifest [K
pulling 4824460d29f2:  98% ▕█████████████████ ▏  41 GB/ 42 GB  119 MB/s      6s[K[?25h[?2026l[?2026h[?25l[A[1Gpulling manifest [K
pulling 4824460d29f2:  98% ▕█████████████████ ▏  41 GB/ 42 GB  119 MB/s      6s[K[?25h[?2026l[?2026h[?25l[A[1Gpulling manifest [K
pulling 4824460d29f2:  98% ▕█████████████████ ▏  41 GB/ 42 GB  119 MB/s      6s[K[?25h[?2026l[?2026h[?25l[A[1Gpulling manifest [K
pulling 4824460d29f2:  98% ▕█████████████████ ▏  41 GB/ 42 GB  119 MB/s      6s[K[?25h[?2026l[?2026h[?25l[A[1Gpulling manifest [K
pulling 4824460d29f2:  98% ▕█████████████████ ▏  41 GB/ 42 GB  119 MB/s      6s[K[?25h[?2026l[?2026h[?25l[A[1Gpulling manifest [K
pulling 4824460d29f2:  98% ▕█████████████████ ▏  41 GB/ 42 GB  119 MB/s      6s[K[?25h[?2026l[?2026h[?25l[A[1Gpulling manifest [K
pulling 4824460d29f2:  98% ▕█████████████████ ▏  41 GB/ 42 GB  119 MB/s      6s[K[?25h[?2026l[?2026h[?25l[A[1Gpulling manifest [K
pulling 4824460d29f2:  98% ▕█████████████████ ▏  41 GB/ 42 GB  119 MB/s      6s[K[?25h[?2026l[?2026h[?25l[A[1Gpulling manifest [K
pulling 4824460d29f2:  98% ▕█████████████████ ▏  41 GB/ 42 GB  119 MB/s      5s[K[?25h[?2026l[?2026h[?25l[A[1Gpulling manifest [K
pulling 4824460d29f2:  98% ▕█████████████████ ▏  41 GB/ 42 GB  119 MB/s      5s[K[?25h[?2026l[?2026h[?25l[A[1Gpulling manifest [K
pulling 4824460d29f2:  98% ▕█████████████████ ▏  41 GB/ 42 GB  119 MB/s      5s[K[?25h[?2026l[?2026h[?25l[A[1Gpulling manifest [K
pulling 4824460d29f2:  98% ▕█████████████████ ▏  41 GB/ 42 GB  119 MB/s      5s[K[?25h[?2026l[?2026h[?25l[A[1Gpulling manifest [K
pulling 4824460d29f2:  98% ▕█████████████████ ▏  41 GB/ 42 GB  119 MB/s      5s[K[?25h[?2026l[?2026h[?25l[A[1Gpulling manifest [K
pulling 4824460d29f2:  98% ▕█████████████████ ▏  41 GB/ 42 GB  119 MB/s      5s[K[?25h[?2026l[?2026h[?25l[A[1Gpulling manifest [K
pulling 4824460d29f2:  99% ▕█████████████████ ▏  41 GB/ 42 GB  119 MB/s      5s[K[?25h[?2026l[?2026h[?25l[A[1Gpulling manifest [K
pulling 4824460d29f2:  99% ▕█████████████████ ▏  41 GB/ 42 GB  119 MB/s      5s[K[?25h[?2026l[?2026h[?25l[A[1Gpulling manifest [K
pulling 4824460d29f2:  99% ▕█████████████████ ▏  41 GB/ 42 GB  119 MB/s      5s[K[?25h[?2026l[?2026h[?25l[A[1Gpulling manifest [K
pulling 4824460d29f2:  99% ▕█████████████████ ▏  41 GB/ 42 GB  119 MB/s      5s[K[?25h[?2026l[?2026h[?25l[A[1Gpulling manifest [K
pulling 4824460d29f2:  99% ▕█████████████████ ▏  41 GB/ 42 GB  119 MB/s      4s[K[?25h[?2026l[?2026h[?25l[A[1Gpulling manifest [K
pulling 4824460d29f2:  99% ▕█████████████████ ▏  41 GB/ 42 GB  119 MB/s      4s[K[?25h[?2026l[?2026h[?25l[A[1Gpulling manifest [K
pulling 4824460d29f2:  99% ▕█████████████████ ▏  41 GB/ 42 GB  119 MB/s      4s[K[?25h[?2026l[?2026h[?25l[A[1Gpulling manifest [K
pulling 4824460d29f2:  99% ▕█████████████████ ▏  41 GB/ 42 GB  119 MB/s      4s[K[?25h[?2026l[?2026h[?25l[A[1Gpulling manifest [K
pulling 4824460d29f2:  99% ▕█████████████████ ▏  41 GB/ 42 GB  119 MB/s      4s[K[?25h[?2026l[?2026h[?25l[A[1Gpulling manifest [K
pulling 4824460d29f2:  99% ▕█████████████████ ▏  41 GB/ 42 GB  119 MB/s      4s[K[?25h[?2026l[?2026h[?25l[A[1Gpulling manifest [K
pulling 4824460d29f2:  99% ▕█████████████████ ▏  42 GB/ 42 GB  119 MB/s      4s[K[?25h[?2026l[?2026h[?25l[A[1Gpulling manifest [K
pulling 4824460d29f2:  99% ▕█████████████████ ▏  42 GB/ 42 GB  119 MB/s      4s[K[?25h[?2026l[?2026h[?25l[A[1Gpulling manifest [K
pulling 4824460d29f2:  99% ▕█████████████████ ▏  42 GB/ 42 GB  119 MB/s      4s[K[?25h[?2026l[?2026h[?25l[A[1Gpulling manifest [K
pulling 4824460d29f2:  99% ▕█████████████████ ▏  42 GB/ 42 GB  119 MB/s      4s[K[?25h[?2026l[?2026h[?25l[A[1Gpulling manifest [K
pulling 4824460d29f2:  99% ▕█████████████████ ▏  42 GB/ 42 GB  119 MB/s      4s[K[?25h[?2026l[?2026h[?25l[A[1Gpulling manifest [K
pulling 4824460d29f2:  99% ▕█████████████████ ▏  42 GB/ 42 GB  119 MB/s      3s[K[?25h[?2026l[?2026h[?25l[A[1Gpulling manifest [K
pulling 4824460d29f2:  99% ▕█████████████████ ▏  42 GB/ 42 GB  119 MB/s      3s[K[?25h[?2026l[?2026h[?25l[A[1Gpulling manifest [K
pulling 4824460d29f2:  99% ▕█████████████████ ▏  42 GB/ 42 GB  119 MB/s      3s[K[?25h[?2026l[?2026h[?25l[A[1Gpulling manifest [K
pulling 4824460d29f2:  99% ▕█████████████████ ▏  42 GB/ 42 GB  119 MB/s      3s[K[?25h[?2026l[?2026h[?25l[A[1Gpulling manifest [K
pulling 4824460d29f2:  99% ▕█████████████████ ▏  42 GB/ 42 GB  119 MB/s      3s[K[?25h[?2026l[?2026h[?25l[A[1Gpulling manifest [K
pulling 4824460d29f2:  99% ▕█████████████████ ▏  42 GB/ 42 GB  119 MB/s      3s[K[?25h[?2026l[?2026h[?25l[A[1Gpulling manifest [K
pulling 4824460d29f2:  99% ▕█████████████████ ▏  42 GB/ 42 GB  119 MB/s      3s[K[?25h[?2026l[?2026h[?25l[A[1Gpulling manifest [K
pulling 4824460d29f2:  99% ▕█████████████████ ▏  42 GB/ 42 GB  119 MB/s      3s[K[?25h[?2026l[?2026h[?25l[A[1Gpulling manifest [K
pulling 4824460d29f2:  99% ▕█████████████████ ▏  42 GB/ 42 GB  119 MB/s      3s[K[?25h[?2026l[?2026h[?25l[A[1Gpulling manifest [K
pulling 4824460d29f2:  99% ▕█████████████████ ▏  42 GB/ 42 GB  119 MB/s      3s[K[?25h[?2026l[?2026h[?25l[A[1Gpulling manifest [K
pulling 4824460d29f2:  99% ▕█████████████████ ▏  42 GB/ 42 GB  119 MB/s      2s[K[?25h[?2026l[?2026h[?25l[A[1Gpulling manifest [K
pulling 4824460d29f2:  99% ▕█████████████████ ▏  42 GB/ 42 GB  119 MB/s      2s[K[?25h[?2026l[?2026h[?25l[A[1Gpulling manifest [K
pulling 4824460d29f2:  99% ▕█████████████████ ▏  42 GB/ 42 GB  119 MB/s      2s[K[?25h[?2026l[?2026h[?25l[A[1Gpulling manifest [K
pulling 4824460d29f2:  99% ▕█████████████████ ▏  42 GB/ 42 GB  119 MB/s      2s[K[?25h[?2026l[?2026h[?25l[A[1Gpulling manifest [K
pulling 4824460d29f2:  99% ▕█████████████████ ▏  42 GB/ 42 GB  119 MB/s      2s[K[?25h[?2026l[?2026h[?25l[A[1Gpulling manifest [K
pulling 4824460d29f2:  99% ▕█████████████████ ▏  42 GB/ 42 GB  119 MB/s      2s[K[?25h[?2026l[?2026h[?25l[A[1Gpulling manifest [K
pulling 4824460d29f2:  99% ▕█████████████████ ▏  42 GB/ 42 GB  119 MB/s      2s[K[?25h[?2026l[?2026h[?25l[A[1Gpulling manifest [K
pulling 4824460d29f2:  99% ▕█████████████████ ▏  42 GB/ 42 GB  119 MB/s      2s[K[?25h[?2026l[?2026h[?25l[A[1Gpulling manifest [K
pulling 4824460d29f2:  99% ▕█████████████████ ▏  42 GB/ 42 GB  119 MB/s      2s[K[?25h[?2026l[?2026h[?25l[A[1Gpulling manifest [K
pulling 4824460d29f2:  99% ▕█████████████████ ▏  42 GB/ 42 GB  119 MB/s      2s[K[?25h[?2026l[?2026h[?25l[A[1Gpulling manifest [K
pulling 4824460d29f2:  99% ▕█████████████████ ▏  42 GB/ 42 GB  119 MB/s      1s[K[?25h[?2026l[?2026h[?25l[A[1Gpulling manifest [K
pulling 4824460d29f2:  99% ▕█████████████████ ▏  42 GB/ 42 GB  119 MB/s      1s[K[?25h[?2026l[?2026h[?25l[A[1Gpulling manifest [K
pulling 4824460d29f2: 100% ▕█████████████████ ▏  42 GB/ 42 GB  119 MB/s      1s[K[?25h[?2026l[?2026h[?25l[A[1Gpulling manifest [K
pulling 4824460d29f2: 100% ▕█████████████████ ▏  42 GB/ 42 GB  119 MB/s      1s[K[?25h[?2026l[?2026h[?25l[A[1Gpulling manifest [K
pulling 4824460d29f2: 100% ▕█████████████████ ▏  42 GB/ 42 GB  119 MB/s      1s[K[?25h[?2026l[?2026h[?25l[A[1Gpulling manifest [K
pulling 4824460d29f2: 100% ▕█████████████████ ▏  42 GB/ 42 GB  119 MB/s      1s[K[?25h[?2026l[?2026h[?25l[A[1Gpulling manifest [K
pulling 4824460d29f2: 100% ▕█████████████████ ▏  42 GB/ 42 GB  119 MB/s      1s[K[?25h[?2026l[?2026h[?25l[A[1Gpulling manifest [K
pulling 4824460d29f2: 100% ▕█████████████████ ▏  42 GB/ 42 GB  119 MB/s      1s[K[?25h[?2026l[?2026h[?25l[A[1Gpulling manifest [K
pulling 4824460d29f2: 100% ▕█████████████████ ▏  42 GB/ 42 GB  118 MB/s      1s[K[?25h[?2026l[?2026h[?25l[A[1Gpulling manifest [K
pulling 4824460d29f2: 100% ▕█████████████████ ▏  42 GB/ 42 GB  118 MB/s      1s[K[?25h[?2026l[?2026h[?25l[A[1Gpulling manifest [K
pulling 4824460d29f2: 100% ▕█████████████████ ▏  42 GB/ 42 GB  118 MB/s      1s[K[?25h[?2026l[?2026h[?25l[A[1Gpulling manifest [K
pulling 4824460d29f2: 100% ▕█████████████████ ▏  42 GB/ 42 GB  118 MB/s      0s[K[?25h[?2026l[?2026h[?25l[A[1Gpulling manifest [K
pulling 4824460d29f2: 100% ▕█████████████████ ▏  42 GB/ 42 GB  118 MB/s      0s[K[?25h[?2026l[?2026h[?25l[A[1Gpulling manifest [K
pulling 4824460d29f2: 100% ▕█████████████████ ▏  42 GB/ 42 GB  118 MB/s      0s[K[?25h[?2026l[?2026h[?25l[A[1Gpulling manifest [K
pulling 4824460d29f2: 100% ▕█████████████████ ▏  42 GB/ 42 GB  118 MB/s      0s[K[?25h[?2026l[?2026h[?25l[A[1Gpulling manifest [K
pulling 4824460d29f2: 100% ▕█████████████████ ▏  42 GB/ 42 GB  118 MB/s      0s[K[?25h[?2026l[?2026h[?25l[A[1Gpulling manifest [K
pulling 4824460d29f2: 100% ▕█████████████████ ▏  42 GB/ 42 GB  118 MB/s      0s[K[?25h[?2026l[?2026h[?25l[A[1Gpulling manifest [K
pulling 4824460d29f2: 100% ▕█████████████████ ▏  42 GB/ 42 GB  118 MB/s      0s[K[?25h[?2026l[?2026h[?25l[A[1Gpulling manifest [K
pulling 4824460d29f2: 100% ▕█████████████████ ▏  42 GB/ 42 GB  115 MB/s      0s[K[?25h[?2026l[?2026h[?25l[A[1Gpulling manifest [K
pulling 4824460d29f2: 100% ▕█████████████████ ▏  42 GB/ 42 GB  115 MB/s      0s[K[?25h[?2026l[?2026h[?25l[A[1Gpulling manifest [K
pulling 4824460d29f2: 100% ▕█████████████████ ▏  42 GB/ 42 GB  115 MB/s      0s[K[?25h[?2026l[?2026h[?25l[A[1Gpulling manifest [K
pulling 4824460d29f2: 100% ▕█████████████████ ▏  42 GB/ 42 GB  115 MB/s      0s[K[?25h[?2026l[?2026h[?25l[A[1Gpulling manifest [K
pulling 4824460d29f2: 100% ▕█████████████████ ▏  42 GB/ 42 GB  115 MB/s      0s[K[?25h[?2026l[?2026h[?25l[A[1Gpulling manifest [K
pulling 4824460d29f2: 100% ▕█████████████████ ▏  42 GB/ 42 GB  115 MB/s      0s[K[?25h[?2026l[?2026h[?25l[A[1Gpulling manifest [K
pulling 4824460d29f2: 100% ▕██████████████████▏  42 GB                         [K[?25h[?2026l[?2026h[?25l[A[1Gpulling manifest [K
pulling 4824460d29f2: 100% ▕██████████████████▏  42 GB                         [K[?25h[?2026l[?2026h[?25l[A[1Gpulling manifest [K
pulling 4824460d29f2: 100% ▕██████████████████▏  42 GB                         [K[?25h[?2026l[?2026h[?25l[A[1Gpulling manifest [K
pulling 4824460d29f2: 100% ▕██████████████████▏  42 GB                         [K[?25h[?2026l[?2026h[?25l[A[1Gpulling manifest [K
pulling 4824460d29f2: 100% ▕██████████████████▏  42 GB                         [K[?25h[?2026l[?2026h[?25l[A[1Gpulling manifest [K
pulling 4824460d29f2: 100% ▕██████████████████▏  42 GB                         [K[?25h[?2026l[?2026h[?25l[A[1Gpulling manifest [K
pulling 4824460d29f2: 100% ▕██████████████████▏  42 GB                         [K[?25h[?2026l[?2026h[?25l[A[1Gpulling manifest [K
pulling 4824460d29f2: 100% ▕██████████████████▏  42 GB                         [K[?25h[?2026l[?2026h[?25l[A[1Gpulling manifest [K
pulling 4824460d29f2: 100% ▕██████████████████▏  42 GB                         [K[?25h[?2026l[?2026h[?25l[A[1Gpulling manifest [K
pulling 4824460d29f2: 100% ▕██████████████████▏  42 GB                         [K[?25h[?2026l[?2026h[?25l[A[1Gpulling manifest [K
pulling 4824460d29f2: 100% ▕██████████████████▏  42 GB                         [K[?25h[?2026l[?2026h[?25l[A[1Gpulling manifest [K
pulling 4824460d29f2: 100% ▕██████████████████▏  42 GB                         [K[?25h[?2026l[?2026h[?25l[A[1Gpulling manifest [K
pulling 4824460d29f2: 100% ▕██████████████████▏  42 GB                         [K[?25h[?2026l[?2026h[?25l[A[1Gpulling manifest [K
pulling 4824460d29f2: 100% ▕██████████████████▏  42 GB                         [K[?25h[?2026l[?2026h[?25l[A[1Gpulling manifest [K
pulling 4824460d29f2: 100% ▕██████████████████▏  42 GB                         [K[?25h[?2026l[?2026h[?25l[A[1Gpulling manifest [K
pulling 4824460d29f2: 100% ▕██████████████████▏  42 GB                         [K
pulling 948af2743fc7: 100% ▕██████████████████▏ 1.5 KB                         [K[?25h[?2026l[?2026h[?25l[A[A[1Gpulling manifest [K
pulling 4824460d29f2: 100% ▕██████████████████▏  42 GB                         [K
pulling 948af2743fc7: 100% ▕██████████████████▏ 1.5 KB                         [K[?25h[?2026l[?2026h[?25l[A[A[1Gpulling manifest [K
pulling 4824460d29f2: 100% ▕██████████████████▏  42 GB                         [K
pulling 948af2743fc7: 100% ▕██████████████████▏ 1.5 KB                         [K[?25h[?2026l[?2026h[?25l[A[A[1Gpulling manifest [K
pulling 4824460d29f2: 100% ▕██████████████████▏  42 GB                         [K
pulling 948af2743fc7: 100% ▕██████████████████▏ 1.5 KB                         [K[?25h[?2026l[?2026h[?25l[A[A[1Gpulling manifest [K
pulling 4824460d29f2: 100% ▕██████████████████▏  42 GB                         [K
pulling 948af2743fc7: 100% ▕██████████████████▏ 1.5 KB                         [K[?25h[?2026l[?2026h[?25l[A[A[1Gpulling manifest [K
pulling 4824460d29f2: 100% ▕██████████████████▏  42 GB                         [K
pulling 948af2743fc7: 100% ▕██████████████████▏ 1.5 KB                         [K[?25h[?2026l[?2026h[?25l[A[A[1Gpulling manifest [K
pulling 4824460d29f2: 100% ▕██████████████████▏  42 GB                         [K
pulling 948af2743fc7: 100% ▕██████████████████▏ 1.5 KB                         [K[?25h[?2026l[?2026h[?25l[A[A[1Gpulling manifest [K
pulling 4824460d29f2: 100% ▕██████████████████▏  42 GB                         [K
pulling 948af2743fc7: 100% ▕██████████████████▏ 1.5 KB                         [K[?25h[?2026l[?2026h[?25l[A[A[1Gpulling manifest [K
pulling 4824460d29f2: 100% ▕██████████████████▏  42 GB                         [K
pulling 948af2743fc7: 100% ▕██████████████████▏ 1.5 KB                         [K[?25h[?2026l[?2026h[?25l[A[A[1Gpulling manifest [K
pulling 4824460d29f2: 100% ▕██████████████████▏  42 GB                         [K
pulling 948af2743fc7: 100% ▕██████████████████▏ 1.5 KB                         [K[?25h[?2026l[?2026h[?25l[A[A[1Gpulling manifest [K
pulling 4824460d29f2: 100% ▕██████████████████▏  42 GB                         [K
pulling 948af2743fc7: 100% ▕██████████████████▏ 1.5 KB                         [K[?25h[?2026l[?2026h[?25l[A[A[1Gpulling manifest [K
pulling 4824460d29f2: 100% ▕██████████████████▏  42 GB                         [K
pulling 948af2743fc7: 100% ▕██████████████████▏ 1.5 KB                         [K[?25h[?2026l[?2026h[?25l[A[A[1Gpulling manifest [K
pulling 4824460d29f2: 100% ▕██████████████████▏  42 GB                         [K
pulling 948af2743fc7: 100% ▕██████████████████▏ 1.5 KB                         [K[?25h[?2026l[?2026h[?25l[A[A[1Gpulling manifest [K
pulling 4824460d29f2: 100% ▕██████████████████▏  42 GB                         [K
pulling 948af2743fc7: 100% ▕██████████████████▏ 1.5 KB                         [K[?25h[?2026l[?2026h[?25l[A[A[1Gpulling manifest [K
pulling 4824460d29f2: 100% ▕██████████████████▏  42 GB                         [K
pulling 948af2743fc7: 100% ▕██████████████████▏ 1.5 KB                         [K[?25h[?2026l[?2026h[?25l[A[A[1Gpulling manifest [K
pulling 4824460d29f2: 100% ▕██████████████████▏  42 GB                         [K
pulling 948af2743fc7: 100% ▕██████████████████▏ 1.5 KB                         [K[?25h[?2026l[?2026h[?25l[A[A[1Gpulling manifest [K
pulling 4824460d29f2: 100% ▕██████████████████▏  42 GB                         [K
pulling 948af2743fc7: 100% ▕██████████████████▏ 1.5 KB                         [K
pulling bc371a43ce90: 100% ▕██████████████████▏ 7.6 KB                         [K[?25h[?2026l[?2026h[?25l[A[A[A[1Gpulling manifest [K
pulling 4824460d29f2: 100% ▕██████████████████▏  42 GB                         [K
pulling 948af2743fc7: 100% ▕██████████████████▏ 1.5 KB                         [K
pulling bc371a43ce90: 100% ▕██████████████████▏ 7.6 KB                         [K[?25h[?2026l[?2026h[?25l[A[A[A[1Gpulling manifest [K
pulling 4824460d29f2: 100% ▕██████████████████▏  42 GB                         [K
pulling 948af2743fc7: 100% ▕██████████████████▏ 1.5 KB                         [K
pulling bc371a43ce90: 100% ▕██████████████████▏ 7.6 KB                         [K[?25h[?2026l[?2026h[?25l[A[A[A[1Gpulling manifest [K
pulling 4824460d29f2: 100% ▕██████████████████▏  42 GB                         [K
pulling 948af2743fc7: 100% ▕██████████████████▏ 1.5 KB                         [K
pulling bc371a43ce90: 100% ▕██████████████████▏ 7.6 KB                         [K[?25h[?2026l[?2026h[?25l[A[A[A[1Gpulling manifest [K
pulling 4824460d29f2: 100% ▕██████████████████▏  42 GB                         [K
pulling 948af2743fc7: 100% ▕██████████████████▏ 1.5 KB                         [K
pulling bc371a43ce90: 100% ▕██████████████████▏ 7.6 KB                         [K[?25h[?2026l[?2026h[?25l[A[A[A[1Gpulling manifest [K
pulling 4824460d29f2: 100% ▕██████████████████▏  42 GB                         [K
pulling 948af2743fc7: 100% ▕██████████████████▏ 1.5 KB                         [K
pulling bc371a43ce90: 100% ▕██████████████████▏ 7.6 KB                         [K[?25h[?2026l[?2026h[?25l[A[A[A[1Gpulling manifest [K
pulling 4824460d29f2: 100% ▕██████████████████▏  42 GB                         [K
pulling 948af2743fc7: 100% ▕██████████████████▏ 1.5 KB                         [K
pulling bc371a43ce90: 100% ▕██████████████████▏ 7.6 KB                         [K[?25h[?2026l[?2026h[?25l[A[A[A[1Gpulling manifest [K
pulling 4824460d29f2: 100% ▕██████████████████▏  42 GB                         [K
pulling 948af2743fc7: 100% ▕██████████████████▏ 1.5 KB                         [K
pulling bc371a43ce90: 100% ▕██████████████████▏ 7.6 KB                         [K[?25h[?2026l[?2026h[?25l[A[A[A[1Gpulling manifest [K
pulling 4824460d29f2: 100% ▕██████████████████▏  42 GB                         [K
pulling 948af2743fc7: 100% ▕██████████████████▏ 1.5 KB                         [K
pulling bc371a43ce90: 100% ▕██████████████████▏ 7.6 KB                         [K[?25h[?2026l[?2026h[?25l[A[A[A[1Gpulling manifest [K
pulling 4824460d29f2: 100% ▕██████████████████▏  42 GB                         [K
pulling 948af2743fc7: 100% ▕██████████████████▏ 1.5 KB                         [K
pulling bc371a43ce90: 100% ▕██████████████████▏ 7.6 KB                         [K[?25h[?2026l[?2026h[?25l[A[A[A[1Gpulling manifest [K
pulling 4824460d29f2: 100% ▕██████████████████▏  42 GB                         [K
pulling 948af2743fc7: 100% ▕██████████████████▏ 1.5 KB                         [K
pulling bc371a43ce90: 100% ▕██████████████████▏ 7.6 KB                         [K[?25h[?2026l[?2026h[?25l[A[A[A[1Gpulling manifest [K
pulling 4824460d29f2: 100% ▕██████████████████▏  42 GB                         [K
pulling 948af2743fc7: 100% ▕██████████████████▏ 1.5 KB                         [K
pulling bc371a43ce90: 100% ▕██████████████████▏ 7.6 KB                         [K[?25h[?2026l[?2026h[?25l[A[A[A[1Gpulling manifest [K
pulling 4824460d29f2: 100% ▕██████████████████▏  42 GB                         [K
pulling 948af2743fc7: 100% ▕██████████████████▏ 1.5 KB                         [K
pulling bc371a43ce90: 100% ▕██████████████████▏ 7.6 KB                         [K[?25h[?2026l[?2026h[?25l[A[A[A[1Gpulling manifest [K
pulling 4824460d29f2: 100% ▕██████████████████▏  42 GB                         [K
pulling 948af2743fc7: 100% ▕██████████████████▏ 1.5 KB                         [K
pulling bc371a43ce90: 100% ▕██████████████████▏ 7.6 KB                         [K[?25h[?2026l[?2026h[?25l[A[A[A[1Gpulling manifest [K
pulling 4824460d29f2: 100% ▕██████████████████▏  42 GB                         [K
pulling 948af2743fc7: 100% ▕██████████████████▏ 1.5 KB                         [K
pulling bc371a43ce90: 100% ▕██████████████████▏ 7.6 KB                         [K
pulling 53a87df39647: 100% ▕██████████████████▏ 5.6 KB                         [K[?25h[?2026l[?2026h[?25l[A[A[A[A[1Gpulling manifest [K
pulling 4824460d29f2: 100% ▕██████████████████▏  42 GB                         [K
pulling 948af2743fc7: 100% ▕██████████████████▏ 1.5 KB                         [K
pulling bc371a43ce90: 100% ▕██████████████████▏ 7.6 KB                         [K
pulling 53a87df39647: 100% ▕██████████████████▏ 5.6 KB                         [K[?25h[?2026l[?2026h[?25l[A[A[A[A[1Gpulling manifest [K
pulling 4824460d29f2: 100% ▕██████████████████▏  42 GB                         [K
pulling 948af2743fc7: 100% ▕██████████████████▏ 1.5 KB                         [K
pulling bc371a43ce90: 100% ▕██████████████████▏ 7.6 KB                         [K
pulling 53a87df39647: 100% ▕██████████████████▏ 5.6 KB                         [K[?25h[?2026l[?2026h[?25l[A[A[A[A[1Gpulling manifest [K
pulling 4824460d29f2: 100% ▕██████████████████▏  42 GB                         [K
pulling 948af2743fc7: 100% ▕██████████████████▏ 1.5 KB                         [K
pulling bc371a43ce90: 100% ▕██████████████████▏ 7.6 KB                         [K
pulling 53a87df39647: 100% ▕██████████████████▏ 5.6 KB                         [K[?25h[?2026l[?2026h[?25l[A[A[A[A[1Gpulling manifest [K
pulling 4824460d29f2: 100% ▕██████████████████▏  42 GB                         [K
pulling 948af2743fc7: 100% ▕██████████████████▏ 1.5 KB                         [K
pulling bc371a43ce90: 100% ▕██████████████████▏ 7.6 KB                         [K
pulling 53a87df39647: 100% ▕██████████████████▏ 5.6 KB                         [K[?25h[?2026l[?2026h[?25l[A[A[A[A[1Gpulling manifest [K
pulling 4824460d29f2: 100% ▕██████████████████▏  42 GB                         [K
pulling 948af2743fc7: 100% ▕██████████████████▏ 1.5 KB                         [K
pulling bc371a43ce90: 100% ▕██████████████████▏ 7.6 KB                         [K
pulling 53a87df39647: 100% ▕██████████████████▏ 5.6 KB                         [K[?25h[?2026l[?2026h[?25l[A[A[A[A[1Gpulling manifest [K
pulling 4824460d29f2: 100% ▕██████████████████▏  42 GB                         [K
pulling 948af2743fc7: 100% ▕██████████████████▏ 1.5 KB                         [K
pulling bc371a43ce90: 100% ▕██████████████████▏ 7.6 KB                         [K
pulling 53a87df39647: 100% ▕██████████████████▏ 5.6 KB                         [K[?25h[?2026l[?2026h[?25l[A[A[A[A[1Gpulling manifest [K
pulling 4824460d29f2: 100% ▕██████████████████▏  42 GB                         [K
pulling 948af2743fc7: 100% ▕██████████████████▏ 1.5 KB                         [K
pulling bc371a43ce90: 100% ▕██████████████████▏ 7.6 KB                         [K
pulling 53a87df39647: 100% ▕██████████████████▏ 5.6 KB                         [K[?25h[?2026l[?2026h[?25l[A[A[A[A[1Gpulling manifest [K
pulling 4824460d29f2: 100% ▕██████████████████▏  42 GB                         [K
pulling 948af2743fc7: 100% ▕██████████████████▏ 1.5 KB                         [K
pulling bc371a43ce90: 100% ▕██████████████████▏ 7.6 KB                         [K
pulling 53a87df39647: 100% ▕██████████████████▏ 5.6 KB                         [K[?25h[?2026l[?2026h[?25l[A[A[A[A[1Gpulling manifest [K
pulling 4824460d29f2: 100% ▕██████████████████▏  42 GB                         [K
pulling 948af2743fc7: 100% ▕██████████████████▏ 1.5 KB                         [K
pulling bc371a43ce90: 100% ▕██████████████████▏ 7.6 KB                         [K
pulling 53a87df39647: 100% ▕██████████████████▏ 5.6 KB                         [K[?25h[?2026l[?2026h[?25l[A[A[A[A[1Gpulling manifest [K
pulling 4824460d29f2: 100% ▕██████████████████▏  42 GB                         [K
pulling 948af2743fc7: 100% ▕██████████████████▏ 1.5 KB                         [K
pulling bc371a43ce90: 100% ▕██████████████████▏ 7.6 KB                         [K
pulling 53a87df39647: 100% ▕██████████████████▏ 5.6 KB                         [K[?25h[?2026l[?2026h[?25l[A[A[A[A[1Gpulling manifest [K
pulling 4824460d29f2: 100% ▕██████████████████▏  42 GB                         [K
pulling 948af2743fc7: 100% ▕██████████████████▏ 1.5 KB                         [K
pulling bc371a43ce90: 100% ▕██████████████████▏ 7.6 KB                         [K
pulling 53a87df39647: 100% ▕██████████████████▏ 5.6 KB                         [K[?25h[?2026l[?2026h[?25l[A[A[A[A[1Gpulling manifest [K
pulling 4824460d29f2: 100% ▕██████████████████▏  42 GB                         [K
pulling 948af2743fc7: 100% ▕██████████████████▏ 1.5 KB                         [K
pulling bc371a43ce90: 100% ▕██████████████████▏ 7.6 KB                         [K
pulling 53a87df39647: 100% ▕██████████████████▏ 5.6 KB                         [K[?25h[?2026l[?2026h[?25l[A[A[A[A[1Gpulling manifest [K
pulling 4824460d29f2: 100% ▕██████████████████▏  42 GB                         [K
pulling 948af2743fc7: 100% ▕██████████████████▏ 1.5 KB                         [K
pulling bc371a43ce90: 100% ▕██████████████████▏ 7.6 KB                         [K
pulling 53a87df39647: 100% ▕██████████████████▏ 5.6 KB                         [K[?25h[?2026l[?2026h[?25l[A[A[A[A[1Gpulling manifest [K
pulling 4824460d29f2: 100% ▕██████████████████▏  42 GB                         [K
pulling 948af2743fc7: 100% ▕██████████████████▏ 1.5 KB                         [K
pulling bc371a43ce90: 100% ▕██████████████████▏ 7.6 KB                         [K
pulling 53a87df39647: 100% ▕██████████████████▏ 5.6 KB                         [K[?25h[?2026l[?2026h[?25l[A[A[A[A[1Gpulling manifest [K
pulling 4824460d29f2: 100% ▕██████████████████▏  42 GB                         [K
pulling 948af2743fc7: 100% ▕██████████████████▏ 1.5 KB                         [K
pulling bc371a43ce90: 100% ▕██████████████████▏ 7.6 KB                         [K
pulling 53a87df39647: 100% ▕██████████████████▏ 5.6 KB                         [K
pulling 56bb8bd477a5: 100% ▕██████████████████▏   96 B                         [K[?25h[?2026l[?2026h[?25l[A[A[A[A[A[1Gpulling manifest [K
pulling 4824460d29f2: 100% ▕██████████████████▏  42 GB                         [K
pulling 948af2743fc7: 100% ▕██████████████████▏ 1.5 KB                         [K
pulling bc371a43ce90: 100% ▕██████████████████▏ 7.6 KB                         [K
pulling 53a87df39647: 100% ▕██████████████████▏ 5.6 KB                         [K
pulling 56bb8bd477a5: 100% ▕██████████████████▏   96 B                         [K[?25h[?2026l[?2026h[?25l[A[A[A[A[A[1Gpulling manifest [K
pulling 4824460d29f2: 100% ▕██████████████████▏  42 GB                         [K
pulling 948af2743fc7: 100% ▕██████████████████▏ 1.5 KB                         [K
pulling bc371a43ce90: 100% ▕██████████████████▏ 7.6 KB                         [K
pulling 53a87df39647: 100% ▕██████████████████▏ 5.6 KB                         [K
pulling 56bb8bd477a5: 100% ▕██████████████████▏   96 B                         [K[?25h[?2026l[?2026h[?25l[A[A[A[A[A[1Gpulling manifest [K
pulling 4824460d29f2: 100% ▕██████████████████▏  42 GB                         [K
pulling 948af2743fc7: 100% ▕██████████████████▏ 1.5 KB                         [K
pulling bc371a43ce90: 100% ▕██████████████████▏ 7.6 KB                         [K
pulling 53a87df39647: 100% ▕██████████████████▏ 5.6 KB                         [K
pulling 56bb8bd477a5: 100% ▕██████████████████▏   96 B                         [K[?25h[?2026l[?2026h[?25l[A[A[A[A[A[1Gpulling manifest [K
pulling 4824460d29f2: 100% ▕██████████████████▏  42 GB                         [K
pulling 948af2743fc7: 100% ▕██████████████████▏ 1.5 KB                         [K
pulling bc371a43ce90: 100% ▕██████████████████▏ 7.6 KB                         [K
pulling 53a87df39647: 100% ▕██████████████████▏ 5.6 KB                         [K
pulling 56bb8bd477a5: 100% ▕██████████████████▏   96 B                         [K[?25h[?2026l[?2026h[?25l[A[A[A[A[A[1Gpulling manifest [K
pulling 4824460d29f2: 100% ▕██████████████████▏  42 GB                         [K
pulling 948af2743fc7: 100% ▕██████████████████▏ 1.5 KB                         [K
pulling bc371a43ce90: 100% ▕██████████████████▏ 7.6 KB                         [K
pulling 53a87df39647: 100% ▕██████████████████▏ 5.6 KB                         [K
pulling 56bb8bd477a5: 100% ▕██████████████████▏   96 B                         [K[?25h[?2026l[?2026h[?25l[A[A[A[A[A[1Gpulling manifest [K
pulling 4824460d29f2: 100% ▕██████████████████▏  42 GB                         [K
pulling 948af2743fc7: 100% ▕██████████████████▏ 1.5 KB                         [K
pulling bc371a43ce90: 100% ▕██████████████████▏ 7.6 KB                         [K
pulling 53a87df39647: 100% ▕██████████████████▏ 5.6 KB                         [K
pulling 56bb8bd477a5: 100% ▕██████████████████▏   96 B                         [K[?25h[?2026l[?2026h[?25l[A[A[A[A[A[1Gpulling manifest [K
pulling 4824460d29f2: 100% ▕██████████████████▏  42 GB                         [K
pulling 948af2743fc7: 100% ▕██████████████████▏ 1.5 KB                         [K
pulling bc371a43ce90: 100% ▕██████████████████▏ 7.6 KB                         [K
pulling 53a87df39647: 100% ▕██████████████████▏ 5.6 KB                         [K
pulling 56bb8bd477a5: 100% ▕██████████████████▏   96 B                         [K[?25h[?2026l[?2026h[?25l[A[A[A[A[A[1Gpulling manifest [K
pulling 4824460d29f2: 100% ▕██████████████████▏  42 GB                         [K
pulling 948af2743fc7: 100% ▕██████████████████▏ 1.5 KB                         [K
pulling bc371a43ce90: 100% ▕██████████████████▏ 7.6 KB                         [K
pulling 53a87df39647: 100% ▕██████████████████▏ 5.6 KB                         [K
pulling 56bb8bd477a5: 100% ▕██████████████████▏   96 B                         [K[?25h[?2026l[?2026h[?25l[A[A[A[A[A[1Gpulling manifest [K
pulling 4824460d29f2: 100% ▕██████████████████▏  42 GB                         [K
pulling 948af2743fc7: 100% ▕██████████████████▏ 1.5 KB                         [K
pulling bc371a43ce90: 100% ▕██████████████████▏ 7.6 KB                         [K
pulling 53a87df39647: 100% ▕██████████████████▏ 5.6 KB                         [K
pulling 56bb8bd477a5: 100% ▕██████████████████▏   96 B                         [K[?25h[?2026l[?2026h[?25l[A[A[A[A[A[1Gpulling manifest [K
pulling 4824460d29f2: 100% ▕██████████████████▏  42 GB                         [K
pulling 948af2743fc7: 100% ▕██████████████████▏ 1.5 KB                         [K
pulling bc371a43ce90: 100% ▕██████████████████▏ 7.6 KB                         [K
pulling 53a87df39647: 100% ▕██████████████████▏ 5.6 KB                         [K
pulling 56bb8bd477a5: 100% ▕██████████████████▏   96 B                         [K[?25h[?2026l[?2026h[?25l[A[A[A[A[A[1Gpulling manifest [K
pulling 4824460d29f2: 100% ▕██████████████████▏  42 GB                         [K
pulling 948af2743fc7: 100% ▕██████████████████▏ 1.5 KB                         [K
pulling bc371a43ce90: 100% ▕██████████████████▏ 7.6 KB                         [K
pulling 53a87df39647: 100% ▕██████████████████▏ 5.6 KB                         [K
pulling 56bb8bd477a5: 100% ▕██████████████████▏   96 B                         [K[?25h[?2026l[?2026h[?25l[A[A[A[A[A[1Gpulling manifest [K
pulling 4824460d29f2: 100% ▕██████████████████▏  42 GB                         [K
pulling 948af2743fc7: 100% ▕██████████████████▏ 1.5 KB                         [K
pulling bc371a43ce90: 100% ▕██████████████████▏ 7.6 KB                         [K
pulling 53a87df39647: 100% ▕██████████████████▏ 5.6 KB                         [K
pulling 56bb8bd477a5: 100% ▕██████████████████▏   96 B                         [K[?25h[?2026l[?2026h[?25l[A[A[A[A[A[1Gpulling manifest [K
pulling 4824460d29f2: 100% ▕██████████████████▏  42 GB                         [K
pulling 948af2743fc7: 100% ▕██████████████████▏ 1.5 KB                         [K
pulling bc371a43ce90: 100% ▕██████████████████▏ 7.6 KB                         [K
pulling 53a87df39647: 100% ▕██████████████████▏ 5.6 KB                         [K
pulling 56bb8bd477a5: 100% ▕██████████████████▏   96 B                         [K[?25h[?2026l[?2026h[?25l[A[A[A[A[A[1Gpulling manifest [K
pulling 4824460d29f2: 100% ▕██████████████████▏  42 GB                         [K
pulling 948af2743fc7: 100% ▕██████████████████▏ 1.5 KB                         [K
pulling bc371a43ce90: 100% ▕██████████████████▏ 7.6 KB                         [K
pulling 53a87df39647: 100% ▕██████████████████▏ 5.6 KB                         [K
pulling 56bb8bd477a5: 100% ▕██████████████████▏   96 B                         [K[?25h[?2026l[?2026h[?25l[A[A[A[A[A[1Gpulling manifest [K
pulling 4824460d29f2: 100% ▕██████████████████▏  42 GB                         [K
pulling 948af2743fc7: 100% ▕██████████████████▏ 1.5 KB                         [K
pulling bc371a43ce90: 100% ▕██████████████████▏ 7.6 KB                         [K
pulling 53a87df39647: 100% ▕██████████████████▏ 5.6 KB                         [K
pulling 56bb8bd477a5: 100% ▕██████████████████▏   96 B                         [K
pulling c7091aa45e9b: 100% ▕██████████████████▏  562 B                         [K[?25h[?2026l[?2026h[?25l[A[A[A[A[A[A[1Gpulling manifest [K
pulling 4824460d29f2: 100% ▕██████████████████▏  42 GB                         [K
pulling 948af2743fc7: 100% ▕██████████████████▏ 1.5 KB                         [K
pulling bc371a43ce90: 100% ▕██████████████████▏ 7.6 KB                         [K
pulling 53a87df39647: 100% ▕██████████████████▏ 5.6 KB                         [K
pulling 56bb8bd477a5: 100% ▕██████████████████▏   96 B                         [K
pulling c7091aa45e9b: 100% ▕██████████████████▏  562 B                         [K[?25h[?2026l[?2026h[?25l[A[A[A[A[A[A[1Gpulling manifest [K
pulling 4824460d29f2: 100% ▕██████████████████▏  42 GB                         [K
pulling 948af2743fc7: 100% ▕██████████████████▏ 1.5 KB                         [K
pulling bc371a43ce90: 100% ▕██████████████████▏ 7.6 KB                         [K
pulling 53a87df39647: 100% ▕██████████████████▏ 5.6 KB                         [K
pulling 56bb8bd477a5: 100% ▕██████████████████▏   96 B                         [K
pulling c7091aa45e9b: 100% ▕██████████████████▏  562 B                         [K[?25h[?2026l[?2026h[?25l[A[A[A[A[A[A[1Gpulling manifest [K
pulling 4824460d29f2: 100% ▕██████████████████▏  42 GB                         [K
pulling 948af2743fc7: 100% ▕██████████████████▏ 1.5 KB                         [K
pulling bc371a43ce90: 100% ▕██████████████████▏ 7.6 KB                         [K
pulling 53a87df39647: 100% ▕██████████████████▏ 5.6 KB                         [K
pulling 56bb8bd477a5: 100% ▕██████████████████▏   96 B                         [K
pulling c7091aa45e9b: 100% ▕██████████████████▏  562 B                         [K[?25h[?2026l[?2026h[?25l[A[A[A[A[A[A[1Gpulling manifest [K
pulling 4824460d29f2: 100% ▕██████████████████▏  42 GB                         [K
pulling 948af2743fc7: 100% ▕██████████████████▏ 1.5 KB                         [K
pulling bc371a43ce90: 100% ▕██████████████████▏ 7.6 KB                         [K
pulling 53a87df39647: 100% ▕██████████████████▏ 5.6 KB                         [K
pulling 56bb8bd477a5: 100% ▕██████████████████▏   96 B                         [K
pulling c7091aa45e9b: 100% ▕██████████████████▏  562 B                         [K[?25h[?2026l[?2026h[?25l[A[A[A[A[A[A[1Gpulling manifest [K
pulling 4824460d29f2: 100% ▕██████████████████▏  42 GB                         [K
pulling 948af2743fc7: 100% ▕██████████████████▏ 1.5 KB                         [K
pulling bc371a43ce90: 100% ▕██████████████████▏ 7.6 KB                         [K
pulling 53a87df39647: 100% ▕██████████████████▏ 5.6 KB                         [K
pulling 56bb8bd477a5: 100% ▕██████████████████▏   96 B                         [K
pulling c7091aa45e9b: 100% ▕██████████████████▏  562 B                         [K[?25h[?2026l[?2026h[?25l[A[A[A[A[A[A[1Gpulling manifest [K
pulling 4824460d29f2: 100% ▕██████████████████▏  42 GB                         [K
pulling 948af2743fc7: 100% ▕██████████████████▏ 1.5 KB                         [K
pulling bc371a43ce90: 100% ▕██████████████████▏ 7.6 KB                         [K
pulling 53a87df39647: 100% ▕██████████████████▏ 5.6 KB                         [K
pulling 56bb8bd477a5: 100% ▕██████████████████▏   96 B                         [K
pulling c7091aa45e9b: 100% ▕██████████████████▏  562 B                         [K[?25h[?2026l[?2026h[?25l[A[A[A[A[A[A[1Gpulling manifest [K
pulling 4824460d29f2: 100% ▕██████████████████▏  42 GB                         [K
pulling 948af2743fc7: 100% ▕██████████████████▏ 1.5 KB                         [K
pulling bc371a43ce90: 100% ▕██████████████████▏ 7.6 KB                         [K
pulling 53a87df39647: 100% ▕██████████████████▏ 5.6 KB                         [K
pulling 56bb8bd477a5: 100% ▕██████████████████▏   96 B                         [K
pulling c7091aa45e9b: 100% ▕██████████████████▏  562 B                         [K
verifying sha256 digest ⠋ [K[?25h[?2026l[?2026h[?25l[A[A[A[A[A[A[A[1Gpulling manifest [K
pulling 4824460d29f2: 100% ▕██████████████████▏  42 GB                         [K
pulling 948af2743fc7: 100% ▕██████████████████▏ 1.5 KB                         [K
pulling bc371a43ce90: 100% ▕██████████████████▏ 7.6 KB                         [K
pulling 53a87df39647: 100% ▕██████████████████▏ 5.6 KB                         [K
pulling 56bb8bd477a5: 100% ▕██████████████████▏   96 B                         [K
pulling c7091aa45e9b: 100% ▕██████████████████▏  562 B                         [K
verifying sha256 digest ⠙ [K[?25h[?2026l[?2026h[?25l[A[A[A[A[A[A[A[1Gpulling manifest [K
pulling 4824460d29f2: 100% ▕██████████████████▏  42 GB                         [K
pulling 948af2743fc7: 100% ▕██████████████████▏ 1.5 KB                         [K
pulling bc371a43ce90: 100% ▕██████████████████▏ 7.6 KB                         [K
pulling 53a87df39647: 100% ▕██████████████████▏ 5.6 KB                         [K
pulling 56bb8bd477a5: 100% ▕██████████████████▏   96 B                         [K
pulling c7091aa45e9b: 100% ▕██████████████████▏  562 B                         [K
verifying sha256 digest ⠹ [K[?25h[?2026l[?2026h[?25l[A[A[A[A[A[A[A[1Gpulling manifest [K
pulling 4824460d29f2: 100% ▕██████████████████▏  42 GB                         [K
pulling 948af2743fc7: 100% ▕██████████████████▏ 1.5 KB                         [K
pulling bc371a43ce90: 100% ▕██████████████████▏ 7.6 KB                         [K
pulling 53a87df39647: 100% ▕██████████████████▏ 5.6 KB                         [K
pulling 56bb8bd477a5: 100% ▕██████████████████▏   96 B                         [K
pulling c7091aa45e9b: 100% ▕██████████████████▏  562 B                         [K
verifying sha256 digest ⠸ [K[?25h[?2026l[?2026h[?25l[A[A[A[A[A[A[A[1Gpulling manifest [K
pulling 4824460d29f2: 100% ▕██████████████████▏  42 GB                         [K
pulling 948af2743fc7: 100% ▕██████████████████▏ 1.5 KB                         [K
pulling bc371a43ce90: 100% ▕██████████████████▏ 7.6 KB                         [K
pulling 53a87df39647: 100% ▕██████████████████▏ 5.6 KB                         [K
pulling 56bb8bd477a5: 100% ▕██████████████████▏   96 B                         [K
pulling c7091aa45e9b: 100% ▕██████████████████▏  562 B                         [K
verifying sha256 digest ⠼ [K[?25h[?2026l[?2026h[?25l[A[A[A[A[A[A[A[1Gpulling manifest [K
pulling 4824460d29f2: 100% ▕██████████████████▏  42 GB                         [K
pulling 948af2743fc7: 100% ▕██████████████████▏ 1.5 KB                         [K
pulling bc371a43ce90: 100% ▕██████████████████▏ 7.6 KB                         [K
pulling 53a87df39647: 100% ▕██████████████████▏ 5.6 KB                         [K
pulling 56bb8bd477a5: 100% ▕██████████████████▏   96 B                         [K
pulling c7091aa45e9b: 100% ▕██████████████████▏  562 B                         [K
verifying sha256 digest ⠴ [K[?25h[?2026l[?2026h[?25l[A[A[A[A[A[A[A[1Gpulling manifest [K
pulling 4824460d29f2: 100% ▕██████████████████▏  42 GB                         [K
pulling 948af2743fc7: 100% ▕██████████████████▏ 1.5 KB                         [K
pulling bc371a43ce90: 100% ▕██████████████████▏ 7.6 KB                         [K
pulling 53a87df39647: 100% ▕██████████████████▏ 5.6 KB                         [K
pulling 56bb8bd477a5: 100% ▕██████████████████▏   96 B                         [K
pulling c7091aa45e9b: 100% ▕██████████████████▏  562 B                         [K
verifying sha256 digest ⠦ [K[?25h[?2026l[?2026h[?25l[A[A[A[A[A[A[A[1Gpulling manifest [K
pulling 4824460d29f2: 100% ▕██████████████████▏  42 GB                         [K
pulling 948af2743fc7: 100% ▕██████████████████▏ 1.5 KB                         [K
pulling bc371a43ce90: 100% ▕██████████████████▏ 7.6 KB                         [K
pulling 53a87df39647: 100% ▕██████████████████▏ 5.6 KB                         [K
pulling 56bb8bd477a5: 100% ▕██████████████████▏   96 B                         [K
pulling c7091aa45e9b: 100% ▕██████████████████▏  562 B                         [K
verifying sha256 digest ⠧ [K[?25h[?2026l[?2026h[?25l[A[A[A[A[A[A[A[1Gpulling manifest [K
pulling 4824460d29f2: 100% ▕██████████████████▏  42 GB                         [K
pulling 948af2743fc7: 100% ▕██████████████████▏ 1.5 KB                         [K
pulling bc371a43ce90: 100% ▕██████████████████▏ 7.6 KB                         [K
pulling 53a87df39647: 100% ▕██████████████████▏ 5.6 KB                         [K
pulling 56bb8bd477a5: 100% ▕██████████████████▏   96 B                         [K
pulling c7091aa45e9b: 100% ▕██████████████████▏  562 B                         [K
verifying sha256 digest ⠇ [K[?25h[?2026l[?2026h[?25l[A[A[A[A[A[A[A[1Gpulling manifest [K
pulling 4824460d29f2: 100% ▕██████████████████▏  42 GB                         [K
pulling 948af2743fc7: 100% ▕██████████████████▏ 1.5 KB                         [K
pulling bc371a43ce90: 100% ▕██████████████████▏ 7.6 KB                         [K
pulling 53a87df39647: 100% ▕██████████████████▏ 5.6 KB                         [K
pulling 56bb8bd477a5: 100% ▕██████████████████▏   96 B                         [K
pulling c7091aa45e9b: 100% ▕██████████████████▏  562 B                         [K
verifying sha256 digest ⠏ [K[?25h[?2026l[?2026h[?25l[A[A[A[A[A[A[A[1Gpulling manifest [K
pulling 4824460d29f2: 100% ▕██████████████████▏  42 GB                         [K
pulling 948af2743fc7: 100% ▕██████████████████▏ 1.5 KB                         [K
pulling bc371a43ce90: 100% ▕██████████████████▏ 7.6 KB                         [K
pulling 53a87df39647: 100% ▕██████████████████▏ 5.6 KB                         [K
pulling 56bb8bd477a5: 100% ▕██████████████████▏   96 B                         [K
pulling c7091aa45e9b: 100% ▕██████████████████▏  562 B                         [K
verifying sha256 digest ⠋ [K[?25h[?2026l[?2026h[?25l[A[A[A[A[A[A[A[1Gpulling manifest [K
pulling 4824460d29f2: 100% ▕██████████████████▏  42 GB                         [K
pulling 948af2743fc7: 100% ▕██████████████████▏ 1.5 KB                         [K
pulling bc371a43ce90: 100% ▕██████████████████▏ 7.6 KB                         [K
pulling 53a87df39647: 100% ▕██████████████████▏ 5.6 KB                         [K
pulling 56bb8bd477a5: 100% ▕██████████████████▏   96 B                         [K
pulling c7091aa45e9b: 100% ▕██████████████████▏  562 B                         [K
verifying sha256 digest ⠙ [K[?25h[?2026l[?2026h[?25l[A[A[A[A[A[A[A[1Gpulling manifest [K
pulling 4824460d29f2: 100% ▕██████████████████▏  42 GB                         [K
pulling 948af2743fc7: 100% ▕██████████████████▏ 1.5 KB                         [K
pulling bc371a43ce90: 100% ▕██████████████████▏ 7.6 KB                         [K
pulling 53a87df39647: 100% ▕██████████████████▏ 5.6 KB                         [K
pulling 56bb8bd477a5: 100% ▕██████████████████▏   96 B                         [K
pulling c7091aa45e9b: 100% ▕██████████████████▏  562 B                         [K
verifying sha256 digest ⠹ [K[?25h[?2026l[?2026h[?25l[A[A[A[A[A[A[A[1Gpulling manifest [K
pulling 4824460d29f2: 100% ▕██████████████████▏  42 GB                         [K
pulling 948af2743fc7: 100% ▕██████████████████▏ 1.5 KB                         [K
pulling bc371a43ce90: 100% ▕██████████████████▏ 7.6 KB                         [K
pulling 53a87df39647: 100% ▕██████████████████▏ 5.6 KB                         [K
pulling 56bb8bd477a5: 100% ▕██████████████████▏   96 B                         [K
pulling c7091aa45e9b: 100% ▕██████████████████▏  562 B                         [K
verifying sha256 digest ⠸ [K[?25h[?2026l[?2026h[?25l[A[A[A[A[A[A[A[1Gpulling manifest [K
pulling 4824460d29f2: 100% ▕██████████████████▏  42 GB                         [K
pulling 948af2743fc7: 100% ▕██████████████████▏ 1.5 KB                         [K
pulling bc371a43ce90: 100% ▕██████████████████▏ 7.6 KB                         [K
pulling 53a87df39647: 100% ▕██████████████████▏ 5.6 KB                         [K
pulling 56bb8bd477a5: 100% ▕██████████████████▏   96 B                         [K
pulling c7091aa45e9b: 100% ▕██████████████████▏  562 B                         [K
verifying sha256 digest ⠼ [K[?25h[?2026l[?2026h[?25l[A[A[A[A[A[A[A[1Gpulling manifest [K
pulling 4824460d29f2: 100% ▕██████████████████▏  42 GB                         [K
pulling 948af2743fc7: 100% ▕██████████████████▏ 1.5 KB                         [K
pulling bc371a43ce90: 100% ▕██████████████████▏ 7.6 KB                         [K
pulling 53a87df39647: 100% ▕██████████████████▏ 5.6 KB                         [K
pulling 56bb8bd477a5: 100% ▕██████████████████▏   96 B                         [K
pulling c7091aa45e9b: 100% ▕██████████████████▏  562 B                         [K
verifying sha256 digest ⠴ [K[?25h[?2026l[?2026h[?25l[A[A[A[A[A[A[A[1Gpulling manifest [K
pulling 4824460d29f2: 100% ▕██████████████████▏  42 GB                         [K
pulling 948af2743fc7: 100% ▕██████████████████▏ 1.5 KB                         [K
pulling bc371a43ce90: 100% ▕██████████████████▏ 7.6 KB                         [K
pulling 53a87df39647: 100% ▕██████████████████▏ 5.6 KB                         [K
pulling 56bb8bd477a5: 100% ▕██████████████████▏   96 B                         [K
pulling c7091aa45e9b: 100% ▕██████████████████▏  562 B                         [K
verifying sha256 digest ⠦ [K[?25h[?2026l[?2026h[?25l[A[A[A[A[A[A[A[1Gpulling manifest [K
pulling 4824460d29f2: 100% ▕██████████████████▏  42 GB                         [K
pulling 948af2743fc7: 100% ▕██████████████████▏ 1.5 KB                         [K
pulling bc371a43ce90: 100% ▕██████████████████▏ 7.6 KB                         [K
pulling 53a87df39647: 100% ▕██████████████████▏ 5.6 KB                         [K
pulling 56bb8bd477a5: 100% ▕██████████████████▏   96 B                         [K
pulling c7091aa45e9b: 100% ▕██████████████████▏  562 B                         [K
verifying sha256 digest ⠧ [K[?25h[?2026l[?2026h[?25l[A[A[A[A[A[A[A[1Gpulling manifest [K
pulling 4824460d29f2: 100% ▕██████████████████▏  42 GB                         [K
pulling 948af2743fc7: 100% ▕██████████████████▏ 1.5 KB                         [K
pulling bc371a43ce90: 100% ▕██████████████████▏ 7.6 KB                         [K
pulling 53a87df39647: 100% ▕██████████████████▏ 5.6 KB                         [K
pulling 56bb8bd477a5: 100% ▕██████████████████▏   96 B                         [K
pulling c7091aa45e9b: 100% ▕██████████████████▏  562 B                         [K
verifying sha256 digest ⠇ [K[?25h[?2026l[?2026h[?25l[A[A[A[A[A[A[A[1Gpulling manifest [K
pulling 4824460d29f2: 100% ▕██████████████████▏  42 GB                         [K
pulling 948af2743fc7: 100% ▕██████████████████▏ 1.5 KB                         [K
pulling bc371a43ce90: 100% ▕██████████████████▏ 7.6 KB                         [K
pulling 53a87df39647: 100% ▕██████████████████▏ 5.6 KB                         [K
pulling 56bb8bd477a5: 100% ▕██████████████████▏   96 B                         [K
pulling c7091aa45e9b: 100% ▕██████████████████▏  562 B                         [K
verifying sha256 digest ⠏ [K[?25h[?2026l[?2026h[?25l[A[A[A[A[A[A[A[1Gpulling manifest [K
pulling 4824460d29f2: 100% ▕██████████████████▏  42 GB                         [K
pulling 948af2743fc7: 100% ▕██████████████████▏ 1.5 KB                         [K
pulling bc371a43ce90: 100% ▕██████████████████▏ 7.6 KB                         [K
pulling 53a87df39647: 100% ▕██████████████████▏ 5.6 KB                         [K
pulling 56bb8bd477a5: 100% ▕██████████████████▏   96 B                         [K
pulling c7091aa45e9b: 100% ▕██████████████████▏  562 B                         [K
verifying sha256 digest ⠋ [K[?25h[?2026l[?2026h[?25l[A[A[A[A[A[A[A[1Gpulling manifest [K
pulling 4824460d29f2: 100% ▕██████████████████▏  42 GB                         [K
pulling 948af2743fc7: 100% ▕██████████████████▏ 1.5 KB                         [K
pulling bc371a43ce90: 100% ▕██████████████████▏ 7.6 KB                         [K
pulling 53a87df39647: 100% ▕██████████████████▏ 5.6 KB                         [K
pulling 56bb8bd477a5: 100% ▕██████████████████▏   96 B                         [K
pulling c7091aa45e9b: 100% ▕██████████████████▏  562 B                         [K
verifying sha256 digest ⠙ [K[?25h[?2026l[?2026h[?25l[A[A[A[A[A[A[A[1Gpulling manifest [K
pulling 4824460d29f2: 100% ▕██████████████████▏  42 GB                         [K
pulling 948af2743fc7: 100% ▕██████████████████▏ 1.5 KB                         [K
pulling bc371a43ce90: 100% ▕██████████████████▏ 7.6 KB                         [K
pulling 53a87df39647: 100% ▕██████████████████▏ 5.6 KB                         [K
pulling 56bb8bd477a5: 100% ▕██████████████████▏   96 B                         [K
pulling c7091aa45e9b: 100% ▕██████████████████▏  562 B                         [K
verifying sha256 digest ⠹ [K[?25h[?2026l[?2026h[?25l[A[A[A[A[A[A[A[1Gpulling manifest [K
pulling 4824460d29f2: 100% ▕██████████████████▏  42 GB                         [K
pulling 948af2743fc7: 100% ▕██████████████████▏ 1.5 KB                         [K
pulling bc371a43ce90: 100% ▕██████████████████▏ 7.6 KB                         [K
pulling 53a87df39647: 100% ▕██████████████████▏ 5.6 KB                         [K
pulling 56bb8bd477a5: 100% ▕██████████████████▏   96 B                         [K
pulling c7091aa45e9b: 100% ▕██████████████████▏  562 B                         [K
verifying sha256 digest ⠸ [K[?25h[?2026l[?2026h[?25l[A[A[A[A[A[A[A[1Gpulling manifest [K
pulling 4824460d29f2: 100% ▕██████████████████▏  42 GB                         [K
pulling 948af2743fc7: 100% ▕██████████████████▏ 1.5 KB                         [K
pulling bc371a43ce90: 100% ▕██████████████████▏ 7.6 KB                         [K
pulling 53a87df39647: 100% ▕██████████████████▏ 5.6 KB                         [K
pulling 56bb8bd477a5: 100% ▕██████████████████▏   96 B                         [K
pulling c7091aa45e9b: 100% ▕██████████████████▏  562 B                         [K
verifying sha256 digest ⠼ [K[?25h[?2026l[?2026h[?25l[A[A[A[A[A[A[A[1Gpulling manifest [K
pulling 4824460d29f2: 100% ▕██████████████████▏  42 GB                         [K
pulling 948af2743fc7: 100% ▕██████████████████▏ 1.5 KB                         [K
pulling bc371a43ce90: 100% ▕██████████████████▏ 7.6 KB                         [K
pulling 53a87df39647: 100% ▕██████████████████▏ 5.6 KB                         [K
pulling 56bb8bd477a5: 100% ▕██████████████████▏   96 B                         [K
pulling c7091aa45e9b: 100% ▕██████████████████▏  562 B                         [K
verifying sha256 digest ⠴ [K[?25h[?2026l[?2026h[?25l[A[A[A[A[A[A[A[1Gpulling manifest [K
pulling 4824460d29f2: 100% ▕██████████████████▏  42 GB                         [K
pulling 948af2743fc7: 100% ▕██████████████████▏ 1.5 KB                         [K
pulling bc371a43ce90: 100% ▕██████████████████▏ 7.6 KB                         [K
pulling 53a87df39647: 100% ▕██████████████████▏ 5.6 KB                         [K
pulling 56bb8bd477a5: 100% ▕██████████████████▏   96 B                         [K
pulling c7091aa45e9b: 100% ▕██████████████████▏  562 B                         [K
verifying sha256 digest ⠦ [K[?25h[?2026l[?2026h[?25l[A[A[A[A[A[A[A[1Gpulling manifest [K
pulling 4824460d29f2: 100% ▕██████████████████▏  42 GB                         [K
pulling 948af2743fc7: 100% ▕██████████████████▏ 1.5 KB                         [K
pulling bc371a43ce90: 100% ▕██████████████████▏ 7.6 KB                         [K
pulling 53a87df39647: 100% ▕██████████████████▏ 5.6 KB                         [K
pulling 56bb8bd477a5: 100% ▕██████████████████▏   96 B                         [K
pulling c7091aa45e9b: 100% ▕██████████████████▏  562 B                         [K
verifying sha256 digest ⠧ [K[?25h[?2026l[?2026h[?25l[A[A[A[A[A[A[A[1Gpulling manifest [K
pulling 4824460d29f2: 100% ▕██████████████████▏  42 GB                         [K
pulling 948af2743fc7: 100% ▕██████████████████▏ 1.5 KB                         [K
pulling bc371a43ce90: 100% ▕██████████████████▏ 7.6 KB                         [K
pulling 53a87df39647: 100% ▕██████████████████▏ 5.6 KB                         [K
pulling 56bb8bd477a5: 100% ▕██████████████████▏   96 B                         [K
pulling c7091aa45e9b: 100% ▕██████████████████▏  562 B                         [K
verifying sha256 digest ⠇ [K[?25h[?2026l[?2026h[?25l[A[A[A[A[A[A[A[1Gpulling manifest [K
pulling 4824460d29f2: 100% ▕██████████████████▏  42 GB                         [K
pulling 948af2743fc7: 100% ▕██████████████████▏ 1.5 KB                         [K
pulling bc371a43ce90: 100% ▕██████████████████▏ 7.6 KB                         [K
pulling 53a87df39647: 100% ▕██████████████████▏ 5.6 KB                         [K
pulling 56bb8bd477a5: 100% ▕██████████████████▏   96 B                         [K
pulling c7091aa45e9b: 100% ▕██████████████████▏  562 B                         [K
verifying sha256 digest ⠏ [K[?25h[?2026l[?2026h[?25l[A[A[A[A[A[A[A[1Gpulling manifest [K
pulling 4824460d29f2: 100% ▕██████████████████▏  42 GB                         [K
pulling 948af2743fc7: 100% ▕██████████████████▏ 1.5 KB                         [K
pulling bc371a43ce90: 100% ▕██████████████████▏ 7.6 KB                         [K
pulling 53a87df39647: 100% ▕██████████████████▏ 5.6 KB                         [K
pulling 56bb8bd477a5: 100% ▕██████████████████▏   96 B                         [K
pulling c7091aa45e9b: 100% ▕██████████████████▏  562 B                         [K
verifying sha256 digest ⠋ [K[?25h[?2026l[?2026h[?25l[A[A[A[A[A[A[A[1Gpulling manifest [K
pulling 4824460d29f2: 100% ▕██████████████████▏  42 GB                         [K
pulling 948af2743fc7: 100% ▕██████████████████▏ 1.5 KB                         [K
pulling bc371a43ce90: 100% ▕██████████████████▏ 7.6 KB                         [K
pulling 53a87df39647: 100% ▕██████████████████▏ 5.6 KB                         [K
pulling 56bb8bd477a5: 100% ▕██████████████████▏   96 B                         [K
pulling c7091aa45e9b: 100% ▕██████████████████▏  562 B                         [K
verifying sha256 digest ⠙ [K[?25h[?2026l[?2026h[?25l[A[A[A[A[A[A[A[1Gpulling manifest [K
pulling 4824460d29f2: 100% ▕██████████████████▏  42 GB                         [K
pulling 948af2743fc7: 100% ▕██████████████████▏ 1.5 KB                         [K
pulling bc371a43ce90: 100% ▕██████████████████▏ 7.6 KB                         [K
pulling 53a87df39647: 100% ▕██████████████████▏ 5.6 KB                         [K
pulling 56bb8bd477a5: 100% ▕██████████████████▏   96 B                         [K
pulling c7091aa45e9b: 100% ▕██████████████████▏  562 B                         [K
verifying sha256 digest ⠹ [K[?25h[?2026l[?2026h[?25l[A[A[A[A[A[A[A[1Gpulling manifest [K
pulling 4824460d29f2: 100% ▕██████████████████▏  42 GB                         [K
pulling 948af2743fc7: 100% ▕██████████████████▏ 1.5 KB                         [K
pulling bc371a43ce90: 100% ▕██████████████████▏ 7.6 KB                         [K
pulling 53a87df39647: 100% ▕██████████████████▏ 5.6 KB                         [K
pulling 56bb8bd477a5: 100% ▕██████████████████▏   96 B                         [K
pulling c7091aa45e9b: 100% ▕██████████████████▏  562 B                         [K
verifying sha256 digest ⠸ [K[?25h[?2026l[?2026h[?25l[A[A[A[A[A[A[A[1Gpulling manifest [K
pulling 4824460d29f2: 100% ▕██████████████████▏  42 GB                         [K
pulling 948af2743fc7: 100% ▕██████████████████▏ 1.5 KB                         [K
pulling bc371a43ce90: 100% ▕██████████████████▏ 7.6 KB                         [K
pulling 53a87df39647: 100% ▕██████████████████▏ 5.6 KB                         [K
pulling 56bb8bd477a5: 100% ▕██████████████████▏   96 B                         [K
pulling c7091aa45e9b: 100% ▕██████████████████▏  562 B                         [K
verifying sha256 digest ⠼ [K[?25h[?2026l[?2026h[?25l[A[A[A[A[A[A[A[1Gpulling manifest [K
pulling 4824460d29f2: 100% ▕██████████████████▏  42 GB                         [K
pulling 948af2743fc7: 100% ▕██████████████████▏ 1.5 KB                         [K
pulling bc371a43ce90: 100% ▕██████████████████▏ 7.6 KB                         [K
pulling 53a87df39647: 100% ▕██████████████████▏ 5.6 KB                         [K
pulling 56bb8bd477a5: 100% ▕██████████████████▏   96 B                         [K
pulling c7091aa45e9b: 100% ▕██████████████████▏  562 B                         [K
verifying sha256 digest ⠴ [K[?25h[?2026l[?2026h[?25l[A[A[A[A[A[A[A[1Gpulling manifest [K
pulling 4824460d29f2: 100% ▕██████████████████▏  42 GB                         [K
pulling 948af2743fc7: 100% ▕██████████████████▏ 1.5 KB                         [K
pulling bc371a43ce90: 100% ▕██████████████████▏ 7.6 KB                         [K
pulling 53a87df39647: 100% ▕██████████████████▏ 5.6 KB                         [K
pulling 56bb8bd477a5: 100% ▕██████████████████▏   96 B                         [K
pulling c7091aa45e9b: 100% ▕██████████████████▏  562 B                         [K
verifying sha256 digest ⠦ [K[?25h[?2026l[?2026h[?25l[A[A[A[A[A[A[A[1Gpulling manifest [K
pulling 4824460d29f2: 100% ▕██████████████████▏  42 GB                         [K
pulling 948af2743fc7: 100% ▕██████████████████▏ 1.5 KB                         [K
pulling bc371a43ce90: 100% ▕██████████████████▏ 7.6 KB                         [K
pulling 53a87df39647: 100% ▕██████████████████▏ 5.6 KB                         [K
pulling 56bb8bd477a5: 100% ▕██████████████████▏   96 B                         [K
pulling c7091aa45e9b: 100% ▕██████████████████▏  562 B                         [K
verifying sha256 digest ⠧ [K[?25h[?2026l[?2026h[?25l[A[A[A[A[A[A[A[1Gpulling manifest [K
pulling 4824460d29f2: 100% ▕██████████████████▏  42 GB                         [K
pulling 948af2743fc7: 100% ▕██████████████████▏ 1.5 KB                         [K
pulling bc371a43ce90: 100% ▕██████████████████▏ 7.6 KB                         [K
pulling 53a87df39647: 100% ▕██████████████████▏ 5.6 KB                         [K
pulling 56bb8bd477a5: 100% ▕██████████████████▏   96 B                         [K
pulling c7091aa45e9b: 100% ▕██████████████████▏  562 B                         [K
verifying sha256 digest ⠇ [K[?25h[?2026l[?2026h[?25l[A[A[A[A[A[A[A[1Gpulling manifest [K
pulling 4824460d29f2: 100% ▕██████████████████▏  42 GB                         [K
pulling 948af2743fc7: 100% ▕██████████████████▏ 1.5 KB                         [K
pulling bc371a43ce90: 100% ▕██████████████████▏ 7.6 KB                         [K
pulling 53a87df39647: 100% ▕██████████████████▏ 5.6 KB                         [K
pulling 56bb8bd477a5: 100% ▕██████████████████▏   96 B                         [K
pulling c7091aa45e9b: 100% ▕██████████████████▏  562 B                         [K
verifying sha256 digest ⠏ [K[?25h[?2026l[?2026h[?25l[A[A[A[A[A[A[A[1Gpulling manifest [K
pulling 4824460d29f2: 100% ▕██████████████████▏  42 GB                         [K
pulling 948af2743fc7: 100% ▕██████████████████▏ 1.5 KB                         [K
pulling bc371a43ce90: 100% ▕██████████████████▏ 7.6 KB                         [K
pulling 53a87df39647: 100% ▕██████████████████▏ 5.6 KB                         [K
pulling 56bb8bd477a5: 100% ▕██████████████████▏   96 B                         [K
pulling c7091aa45e9b: 100% ▕██████████████████▏  562 B                         [K
verifying sha256 digest ⠋ [K[?25h[?2026l[?2026h[?25l[A[A[A[A[A[A[A[1Gpulling manifest [K
pulling 4824460d29f2: 100% ▕██████████████████▏  42 GB                         [K
pulling 948af2743fc7: 100% ▕██████████████████▏ 1.5 KB                         [K
pulling bc371a43ce90: 100% ▕██████████████████▏ 7.6 KB                         [K
pulling 53a87df39647: 100% ▕██████████████████▏ 5.6 KB                         [K
pulling 56bb8bd477a5: 100% ▕██████████████████▏   96 B                         [K
pulling c7091aa45e9b: 100% ▕██████████████████▏  562 B                         [K
verifying sha256 digest ⠙ [K[?25h[?2026l[?2026h[?25l[A[A[A[A[A[A[A[1Gpulling manifest [K
pulling 4824460d29f2: 100% ▕██████████████████▏  42 GB                         [K
pulling 948af2743fc7: 100% ▕██████████████████▏ 1.5 KB                         [K
pulling bc371a43ce90: 100% ▕██████████████████▏ 7.6 KB                         [K
pulling 53a87df39647: 100% ▕██████████████████▏ 5.6 KB                         [K
pulling 56bb8bd477a5: 100% ▕██████████████████▏   96 B                         [K
pulling c7091aa45e9b: 100% ▕██████████████████▏  562 B                         [K
verifying sha256 digest ⠹ [K[?25h[?2026l[?2026h[?25l[A[A[A[A[A[A[A[1Gpulling manifest [K
pulling 4824460d29f2: 100% ▕██████████████████▏  42 GB                         [K
pulling 948af2743fc7: 100% ▕██████████████████▏ 1.5 KB                         [K
pulling bc371a43ce90: 100% ▕██████████████████▏ 7.6 KB                         [K
pulling 53a87df39647: 100% ▕██████████████████▏ 5.6 KB                         [K
pulling 56bb8bd477a5: 100% ▕██████████████████▏   96 B                         [K
pulling c7091aa45e9b: 100% ▕██████████████████▏  562 B                         [K
verifying sha256 digest ⠸ [K[?25h[?2026l[?2026h[?25l[A[A[A[A[A[A[A[1Gpulling manifest [K
pulling 4824460d29f2: 100% ▕██████████████████▏  42 GB                         [K
pulling 948af2743fc7: 100% ▕██████████████████▏ 1.5 KB                         [K
pulling bc371a43ce90: 100% ▕██████████████████▏ 7.6 KB                         [K
pulling 53a87df39647: 100% ▕██████████████████▏ 5.6 KB                         [K
pulling 56bb8bd477a5: 100% ▕██████████████████▏   96 B                         [K
pulling c7091aa45e9b: 100% ▕██████████████████▏  562 B                         [K
verifying sha256 digest ⠼ [K[?25h[?2026l[?2026h[?25l[A[A[A[A[A[A[A[1Gpulling manifest [K
pulling 4824460d29f2: 100% ▕██████████████████▏  42 GB                         [K
pulling 948af2743fc7: 100% ▕██████████████████▏ 1.5 KB                         [K
pulling bc371a43ce90: 100% ▕██████████████████▏ 7.6 KB                         [K
pulling 53a87df39647: 100% ▕██████████████████▏ 5.6 KB                         [K
pulling 56bb8bd477a5: 100% ▕██████████████████▏   96 B                         [K
pulling c7091aa45e9b: 100% ▕██████████████████▏  562 B                         [K
verifying sha256 digest ⠴ [K[?25h[?2026l[?2026h[?25l[A[A[A[A[A[A[A[1Gpulling manifest [K
pulling 4824460d29f2: 100% ▕██████████████████▏  42 GB                         [K
pulling 948af2743fc7: 100% ▕██████████████████▏ 1.5 KB                         [K
pulling bc371a43ce90: 100% ▕██████████████████▏ 7.6 KB                         [K
pulling 53a87df39647: 100% ▕██████████████████▏ 5.6 KB                         [K
pulling 56bb8bd477a5: 100% ▕██████████████████▏   96 B                         [K
pulling c7091aa45e9b: 100% ▕██████████████████▏  562 B                         [K
verifying sha256 digest ⠦ [K[?25h[?2026l[?2026h[?25l[A[A[A[A[A[A[A[1Gpulling manifest [K
pulling 4824460d29f2: 100% ▕██████████████████▏  42 GB                         [K
pulling 948af2743fc7: 100% ▕██████████████████▏ 1.5 KB                         [K
pulling bc371a43ce90: 100% ▕██████████████████▏ 7.6 KB                         [K
pulling 53a87df39647: 100% ▕██████████████████▏ 5.6 KB                         [K
pulling 56bb8bd477a5: 100% ▕██████████████████▏   96 B                         [K
pulling c7091aa45e9b: 100% ▕██████████████████▏  562 B                         [K
verifying sha256 digest ⠧ [K[?25h[?2026l[?2026h[?25l[A[A[A[A[A[A[A[1Gpulling manifest [K
pulling 4824460d29f2: 100% ▕██████████████████▏  42 GB                         [K
pulling 948af2743fc7: 100% ▕██████████████████▏ 1.5 KB                         [K
pulling bc371a43ce90: 100% ▕██████████████████▏ 7.6 KB                         [K
pulling 53a87df39647: 100% ▕██████████████████▏ 5.6 KB                         [K
pulling 56bb8bd477a5: 100% ▕██████████████████▏   96 B                         [K
pulling c7091aa45e9b: 100% ▕██████████████████▏  562 B                         [K
verifying sha256 digest ⠇ [K[?25h[?2026l[?2026h[?25l[A[A[A[A[A[A[A[1Gpulling manifest [K
pulling 4824460d29f2: 100% ▕██████████████████▏  42 GB                         [K
pulling 948af2743fc7: 100% ▕██████████████████▏ 1.5 KB                         [K
pulling bc371a43ce90: 100% ▕██████████████████▏ 7.6 KB                         [K
pulling 53a87df39647: 100% ▕██████████████████▏ 5.6 KB                         [K
pulling 56bb8bd477a5: 100% ▕██████████████████▏   96 B                         [K
pulling c7091aa45e9b: 100% ▕██████████████████▏  562 B                         [K
verifying sha256 digest ⠏ [K[?25h[?2026l[?2026h[?25l[A[A[A[A[A[A[A[1Gpulling manifest [K
pulling 4824460d29f2: 100% ▕██████████████████▏  42 GB                         [K
pulling 948af2743fc7: 100% ▕██████████████████▏ 1.5 KB                         [K
pulling bc371a43ce90: 100% ▕██████████████████▏ 7.6 KB                         [K
pulling 53a87df39647: 100% ▕██████████████████▏ 5.6 KB                         [K
pulling 56bb8bd477a5: 100% ▕██████████████████▏   96 B                         [K
pulling c7091aa45e9b: 100% ▕██████████████████▏  562 B                         [K
verifying sha256 digest ⠋ [K[?25h[?2026l[?2026h[?25l[A[A[A[A[A[A[A[1Gpulling manifest [K
pulling 4824460d29f2: 100% ▕██████████████████▏  42 GB                         [K
pulling 948af2743fc7: 100% ▕██████████████████▏ 1.5 KB                         [K
pulling bc371a43ce90: 100% ▕██████████████████▏ 7.6 KB                         [K
pulling 53a87df39647: 100% ▕██████████████████▏ 5.6 KB                         [K
pulling 56bb8bd477a5: 100% ▕██████████████████▏   96 B                         [K
pulling c7091aa45e9b: 100% ▕██████████████████▏  562 B                         [K
verifying sha256 digest ⠙ [K[?25h[?2026l[?2026h[?25l[A[A[A[A[A[A[A[1Gpulling manifest [K
pulling 4824460d29f2: 100% ▕██████████████████▏  42 GB                         [K
pulling 948af2743fc7: 100% ▕██████████████████▏ 1.5 KB                         [K
pulling bc371a43ce90: 100% ▕██████████████████▏ 7.6 KB                         [K
pulling 53a87df39647: 100% ▕██████████████████▏ 5.6 KB                         [K
pulling 56bb8bd477a5: 100% ▕██████████████████▏   96 B                         [K
pulling c7091aa45e9b: 100% ▕██████████████████▏  562 B                         [K
verifying sha256 digest ⠹ [K[?25h[?2026l[?2026h[?25l[A[A[A[A[A[A[A[1Gpulling manifest [K
pulling 4824460d29f2: 100% ▕██████████████████▏  42 GB                         [K
pulling 948af2743fc7: 100% ▕██████████████████▏ 1.5 KB                         [K
pulling bc371a43ce90: 100% ▕██████████████████▏ 7.6 KB                         [K
pulling 53a87df39647: 100% ▕██████████████████▏ 5.6 KB                         [K
pulling 56bb8bd477a5: 100% ▕██████████████████▏   96 B                         [K
pulling c7091aa45e9b: 100% ▕██████████████████▏  562 B                         [K
verifying sha256 digest ⠸ [K[?25h[?2026l[?2026h[?25l[A[A[A[A[A[A[A[1Gpulling manifest [K
pulling 4824460d29f2: 100% ▕██████████████████▏  42 GB                         [K
pulling 948af2743fc7: 100% ▕██████████████████▏ 1.5 KB                         [K
pulling bc371a43ce90: 100% ▕██████████████████▏ 7.6 KB                         [K
pulling 53a87df39647: 100% ▕██████████████████▏ 5.6 KB                         [K
pulling 56bb8bd477a5: 100% ▕██████████████████▏   96 B                         [K
pulling c7091aa45e9b: 100% ▕██████████████████▏  562 B                         [K
verifying sha256 digest ⠼ [K[?25h[?2026l[?2026h[?25l[A[A[A[A[A[A[A[1Gpulling manifest [K
pulling 4824460d29f2: 100% ▕██████████████████▏  42 GB                         [K
pulling 948af2743fc7: 100% ▕██████████████████▏ 1.5 KB                         [K
pulling bc371a43ce90: 100% ▕██████████████████▏ 7.6 KB                         [K
pulling 53a87df39647: 100% ▕██████████████████▏ 5.6 KB                         [K
pulling 56bb8bd477a5: 100% ▕██████████████████▏   96 B                         [K
pulling c7091aa45e9b: 100% ▕██████████████████▏  562 B                         [K
verifying sha256 digest ⠴ [K[?25h[?2026l[?2026h[?25l[A[A[A[A[A[A[A[1Gpulling manifest [K
pulling 4824460d29f2: 100% ▕██████████████████▏  42 GB                         [K
pulling 948af2743fc7: 100% ▕██████████████████▏ 1.5 KB                         [K
pulling bc371a43ce90: 100% ▕██████████████████▏ 7.6 KB                         [K
pulling 53a87df39647: 100% ▕██████████████████▏ 5.6 KB                         [K
pulling 56bb8bd477a5: 100% ▕██████████████████▏   96 B                         [K
pulling c7091aa45e9b: 100% ▕██████████████████▏  562 B                         [K
verifying sha256 digest ⠦ [K[?25h[?2026l[?2026h[?25l[A[A[A[A[A[A[A[1Gpulling manifest [K
pulling 4824460d29f2: 100% ▕██████████████████▏  42 GB                         [K
pulling 948af2743fc7: 100% ▕██████████████████▏ 1.5 KB                         [K
pulling bc371a43ce90: 100% ▕██████████████████▏ 7.6 KB                         [K
pulling 53a87df39647: 100% ▕██████████████████▏ 5.6 KB                         [K
pulling 56bb8bd477a5: 100% ▕██████████████████▏   96 B                         [K
pulling c7091aa45e9b: 100% ▕██████████████████▏  562 B                         [K
verifying sha256 digest ⠧ [K[?25h[?2026l[?2026h[?25l[A[A[A[A[A[A[A[1Gpulling manifest [K
pulling 4824460d29f2: 100% ▕██████████████████▏  42 GB                         [K
pulling 948af2743fc7: 100% ▕██████████████████▏ 1.5 KB                         [K
pulling bc371a43ce90: 100% ▕██████████████████▏ 7.6 KB                         [K
pulling 53a87df39647: 100% ▕██████████████████▏ 5.6 KB                         [K
pulling 56bb8bd477a5: 100% ▕██████████████████▏   96 B                         [K
pulling c7091aa45e9b: 100% ▕██████████████████▏  562 B                         [K
verifying sha256 digest ⠇ [K[?25h[?2026l[?2026h[?25l[A[A[A[A[A[A[A[1Gpulling manifest [K
pulling 4824460d29f2: 100% ▕██████████████████▏  42 GB                         [K
pulling 948af2743fc7: 100% ▕██████████████████▏ 1.5 KB                         [K
pulling bc371a43ce90: 100% ▕██████████████████▏ 7.6 KB                         [K
pulling 53a87df39647: 100% ▕██████████████████▏ 5.6 KB                         [K
pulling 56bb8bd477a5: 100% ▕██████████████████▏   96 B                         [K
pulling c7091aa45e9b: 100% ▕██████████████████▏  562 B                         [K
verifying sha256 digest ⠏ [K[?25h[?2026l[?2026h[?25l[A[A[A[A[A[A[A[1Gpulling manifest [K
pulling 4824460d29f2: 100% ▕██████████████████▏  42 GB                         [K
pulling 948af2743fc7: 100% ▕██████████████████▏ 1.5 KB                         [K
pulling bc371a43ce90: 100% ▕██████████████████▏ 7.6 KB                         [K
pulling 53a87df39647: 100% ▕██████████████████▏ 5.6 KB                         [K
pulling 56bb8bd477a5: 100% ▕██████████████████▏   96 B                         [K
pulling c7091aa45e9b: 100% ▕██████████████████▏  562 B                         [K
verifying sha256 digest ⠋ [K[?25h[?2026l[?2026h[?25l[A[A[A[A[A[A[A[1Gpulling manifest [K
pulling 4824460d29f2: 100% ▕██████████████████▏  42 GB                         [K
pulling 948af2743fc7: 100% ▕██████████████████▏ 1.5 KB                         [K
pulling bc371a43ce90: 100% ▕██████████████████▏ 7.6 KB                         [K
pulling 53a87df39647: 100% ▕██████████████████▏ 5.6 KB                         [K
pulling 56bb8bd477a5: 100% ▕██████████████████▏   96 B                         [K
pulling c7091aa45e9b: 100% ▕██████████████████▏  562 B                         [K
verifying sha256 digest ⠙ [K[?25h[?2026l[?2026h[?25l[A[A[A[A[A[A[A[1Gpulling manifest [K
pulling 4824460d29f2: 100% ▕██████████████████▏  42 GB                         [K
pulling 948af2743fc7: 100% ▕██████████████████▏ 1.5 KB                         [K
pulling bc371a43ce90: 100% ▕██████████████████▏ 7.6 KB                         [K
pulling 53a87df39647: 100% ▕██████████████████▏ 5.6 KB                         [K
pulling 56bb8bd477a5: 100% ▕██████████████████▏   96 B                         [K
pulling c7091aa45e9b: 100% ▕██████████████████▏  562 B                         [K
verifying sha256 digest ⠹ [K[?25h[?2026l[?2026h[?25l[A[A[A[A[A[A[A[1Gpulling manifest [K
pulling 4824460d29f2: 100% ▕██████████████████▏  42 GB                         [K
pulling 948af2743fc7: 100% ▕██████████████████▏ 1.5 KB                         [K
pulling bc371a43ce90: 100% ▕██████████████████▏ 7.6 KB                         [K
pulling 53a87df39647: 100% ▕██████████████████▏ 5.6 KB                         [K
pulling 56bb8bd477a5: 100% ▕██████████████████▏   96 B                         [K
pulling c7091aa45e9b: 100% ▕██████████████████▏  562 B                         [K
verifying sha256 digest ⠸ [K[?25h[?2026l[?2026h[?25l[A[A[A[A[A[A[A[1Gpulling manifest [K
pulling 4824460d29f2: 100% ▕██████████████████▏  42 GB                         [K
pulling 948af2743fc7: 100% ▕██████████████████▏ 1.5 KB                         [K
pulling bc371a43ce90: 100% ▕██████████████████▏ 7.6 KB                         [K
pulling 53a87df39647: 100% ▕██████████████████▏ 5.6 KB                         [K
pulling 56bb8bd477a5: 100% ▕██████████████████▏   96 B                         [K
pulling c7091aa45e9b: 100% ▕██████████████████▏  562 B                         [K
verifying sha256 digest ⠼ [K[?25h[?2026l[?2026h[?25l[A[A[A[A[A[A[A[1Gpulling manifest [K
pulling 4824460d29f2: 100% ▕██████████████████▏  42 GB                         [K
pulling 948af2743fc7: 100% ▕██████████████████▏ 1.5 KB                         [K
pulling bc371a43ce90: 100% ▕██████████████████▏ 7.6 KB                         [K
pulling 53a87df39647: 100% ▕██████████████████▏ 5.6 KB                         [K
pulling 56bb8bd477a5: 100% ▕██████████████████▏   96 B                         [K
pulling c7091aa45e9b: 100% ▕██████████████████▏  562 B                         [K
verifying sha256 digest ⠴ [K[?25h[?2026l[?2026h[?25l[A[A[A[A[A[A[A[1Gpulling manifest [K
pulling 4824460d29f2: 100% ▕██████████████████▏  42 GB                         [K
pulling 948af2743fc7: 100% ▕██████████████████▏ 1.5 KB                         [K
pulling bc371a43ce90: 100% ▕██████████████████▏ 7.6 KB                         [K
pulling 53a87df39647: 100% ▕██████████████████▏ 5.6 KB                         [K
pulling 56bb8bd477a5: 100% ▕██████████████████▏   96 B                         [K
pulling c7091aa45e9b: 100% ▕██████████████████▏  562 B                         [K
verifying sha256 digest ⠦ [K[?25h[?2026l[?2026h[?25l[A[A[A[A[A[A[A[1Gpulling manifest [K
pulling 4824460d29f2: 100% ▕██████████████████▏  42 GB                         [K
pulling 948af2743fc7: 100% ▕██████████████████▏ 1.5 KB                         [K
pulling bc371a43ce90: 100% ▕██████████████████▏ 7.6 KB                         [K
pulling 53a87df39647: 100% ▕██████████████████▏ 5.6 KB                         [K
pulling 56bb8bd477a5: 100% ▕██████████████████▏   96 B                         [K
pulling c7091aa45e9b: 100% ▕██████████████████▏  562 B                         [K
verifying sha256 digest ⠧ [K[?25h[?2026l[?2026h[?25l[A[A[A[A[A[A[A[1Gpulling manifest [K
pulling 4824460d29f2: 100% ▕██████████████████▏  42 GB                         [K
pulling 948af2743fc7: 100% ▕██████████████████▏ 1.5 KB                         [K
pulling bc371a43ce90: 100% ▕██████████████████▏ 7.6 KB                         [K
pulling 53a87df39647: 100% ▕██████████████████▏ 5.6 KB                         [K
pulling 56bb8bd477a5: 100% ▕██████████████████▏   96 B                         [K
pulling c7091aa45e9b: 100% ▕██████████████████▏  562 B                         [K
verifying sha256 digest ⠇ [K[?25h[?2026l[?2026h[?25l[A[A[A[A[A[A[A[1Gpulling manifest [K
pulling 4824460d29f2: 100% ▕██████████████████▏  42 GB                         [K
pulling 948af2743fc7: 100% ▕██████████████████▏ 1.5 KB                         [K
pulling bc371a43ce90: 100% ▕██████████████████▏ 7.6 KB                         [K
pulling 53a87df39647: 100% ▕██████████████████▏ 5.6 KB                         [K
pulling 56bb8bd477a5: 100% ▕██████████████████▏   96 B                         [K
pulling c7091aa45e9b: 100% ▕██████████████████▏  562 B                         [K
verifying sha256 digest ⠏ [K[?25h[?2026l[?2026h[?25l[A[A[A[A[A[A[A[1Gpulling manifest [K
pulling 4824460d29f2: 100% ▕██████████████████▏  42 GB                         [K
pulling 948af2743fc7: 100% ▕██████████████████▏ 1.5 KB                         [K
pulling bc371a43ce90: 100% ▕██████████████████▏ 7.6 KB                         [K
pulling 53a87df39647: 100% ▕██████████████████▏ 5.6 KB                         [K
pulling 56bb8bd477a5: 100% ▕██████████████████▏   96 B                         [K
pulling c7091aa45e9b: 100% ▕██████████████████▏  562 B                         [K
verifying sha256 digest ⠋ [K[?25h[?2026l[?2026h[?25l[A[A[A[A[A[A[A[1Gpulling manifest [K
pulling 4824460d29f2: 100% ▕██████████████████▏  42 GB                         [K
pulling 948af2743fc7: 100% ▕██████████████████▏ 1.5 KB                         [K
pulling bc371a43ce90: 100% ▕██████████████████▏ 7.6 KB                         [K
pulling 53a87df39647: 100% ▕██████████████████▏ 5.6 KB                         [K
pulling 56bb8bd477a5: 100% ▕██████████████████▏   96 B                         [K
pulling c7091aa45e9b: 100% ▕██████████████████▏  562 B                         [K
verifying sha256 digest ⠙ [K[?25h[?2026l[?2026h[?25l[A[A[A[A[A[A[A[1Gpulling manifest [K
pulling 4824460d29f2: 100% ▕██████████████████▏  42 GB                         [K
pulling 948af2743fc7: 100% ▕██████████████████▏ 1.5 KB                         [K
pulling bc371a43ce90: 100% ▕██████████████████▏ 7.6 KB                         [K
pulling 53a87df39647: 100% ▕██████████████████▏ 5.6 KB                         [K
pulling 56bb8bd477a5: 100% ▕██████████████████▏   96 B                         [K
pulling c7091aa45e9b: 100% ▕██████████████████▏  562 B                         [K
verifying sha256 digest ⠹ [K[?25h[?2026l[?2026h[?25l[A[A[A[A[A[A[A[1Gpulling manifest [K
pulling 4824460d29f2: 100% ▕██████████████████▏  42 GB                         [K
pulling 948af2743fc7: 100% ▕██████████████████▏ 1.5 KB                         [K
pulling bc371a43ce90: 100% ▕██████████████████▏ 7.6 KB                         [K
pulling 53a87df39647: 100% ▕██████████████████▏ 5.6 KB                         [K
pulling 56bb8bd477a5: 100% ▕██████████████████▏   96 B                         [K
pulling c7091aa45e9b: 100% ▕██████████████████▏  562 B                         [K
verifying sha256 digest ⠸ [K[?25h[?2026l[?2026h[?25l[A[A[A[A[A[A[A[1Gpulling manifest [K
pulling 4824460d29f2: 100% ▕██████████████████▏  42 GB                         [K
pulling 948af2743fc7: 100% ▕██████████████████▏ 1.5 KB                         [K
pulling bc371a43ce90: 100% ▕██████████████████▏ 7.6 KB                         [K
pulling 53a87df39647: 100% ▕██████████████████▏ 5.6 KB                         [K
pulling 56bb8bd477a5: 100% ▕██████████████████▏   96 B                         [K
pulling c7091aa45e9b: 100% ▕██████████████████▏  562 B                         [K
verifying sha256 digest ⠼ [K[?25h[?2026l[?2026h[?25l[A[A[A[A[A[A[A[1Gpulling manifest [K
pulling 4824460d29f2: 100% ▕██████████████████▏  42 GB                         [K
pulling 948af2743fc7: 100% ▕██████████████████▏ 1.5 KB                         [K
pulling bc371a43ce90: 100% ▕██████████████████▏ 7.6 KB                         [K
pulling 53a87df39647: 100% ▕██████████████████▏ 5.6 KB                         [K
pulling 56bb8bd477a5: 100% ▕██████████████████▏   96 B                         [K
pulling c7091aa45e9b: 100% ▕██████████████████▏  562 B                         [K
verifying sha256 digest ⠴ [K[?25h[?2026l[?2026h[?25l[A[A[A[A[A[A[A[1Gpulling manifest [K
pulling 4824460d29f2: 100% ▕██████████████████▏  42 GB                         [K
pulling 948af2743fc7: 100% ▕██████████████████▏ 1.5 KB                         [K
pulling bc371a43ce90: 100% ▕██████████████████▏ 7.6 KB                         [K
pulling 53a87df39647: 100% ▕██████████████████▏ 5.6 KB                         [K
pulling 56bb8bd477a5: 100% ▕██████████████████▏   96 B                         [K
pulling c7091aa45e9b: 100% ▕██████████████████▏  562 B                         [K
verifying sha256 digest ⠦ [K[?25h[?2026l[?2026h[?25l[A[A[A[A[A[A[A[1Gpulling manifest [K
pulling 4824460d29f2: 100% ▕██████████████████▏  42 GB                         [K
pulling 948af2743fc7: 100% ▕██████████████████▏ 1.5 KB                         [K
pulling bc371a43ce90: 100% ▕██████████████████▏ 7.6 KB                         [K
pulling 53a87df39647: 100% ▕██████████████████▏ 5.6 KB                         [K
pulling 56bb8bd477a5: 100% ▕██████████████████▏   96 B                         [K
pulling c7091aa45e9b: 100% ▕██████████████████▏  562 B                         [K
verifying sha256 digest ⠧ [K[?25h[?2026l[?2026h[?25l[A[A[A[A[A[A[A[1Gpulling manifest [K
pulling 4824460d29f2: 100% ▕██████████████████▏  42 GB                         [K
pulling 948af2743fc7: 100% ▕██████████████████▏ 1.5 KB                         [K
pulling bc371a43ce90: 100% ▕██████████████████▏ 7.6 KB                         [K
pulling 53a87df39647: 100% ▕██████████████████▏ 5.6 KB                         [K
pulling 56bb8bd477a5: 100% ▕██████████████████▏   96 B                         [K
pulling c7091aa45e9b: 100% ▕██████████████████▏  562 B                         [K
verifying sha256 digest ⠇ [K[?25h[?2026l[?2026h[?25l[A[A[A[A[A[A[A[1Gpulling manifest [K
pulling 4824460d29f2: 100% ▕██████████████████▏  42 GB                         [K
pulling 948af2743fc7: 100% ▕██████████████████▏ 1.5 KB                         [K
pulling bc371a43ce90: 100% ▕██████████████████▏ 7.6 KB                         [K
pulling 53a87df39647: 100% ▕██████████████████▏ 5.6 KB                         [K
pulling 56bb8bd477a5: 100% ▕██████████████████▏   96 B                         [K
pulling c7091aa45e9b: 100% ▕██████████████████▏  562 B                         [K
verifying sha256 digest ⠏ [K[?25h[?2026l[?2026h[?25l[A[A[A[A[A[A[A[1Gpulling manifest [K
pulling 4824460d29f2: 100% ▕██████████████████▏  42 GB                         [K
pulling 948af2743fc7: 100% ▕██████████████████▏ 1.5 KB                         [K
pulling bc371a43ce90: 100% ▕██████████████████▏ 7.6 KB                         [K
pulling 53a87df39647: 100% ▕██████████████████▏ 5.6 KB                         [K
pulling 56bb8bd477a5: 100% ▕██████████████████▏   96 B                         [K
pulling c7091aa45e9b: 100% ▕██████████████████▏  562 B                         [K
verifying sha256 digest ⠋ [K[?25h[?2026l[?2026h[?25l[A[A[A[A[A[A[A[1Gpulling manifest [K
pulling 4824460d29f2: 100% ▕██████████████████▏  42 GB                         [K
pulling 948af2743fc7: 100% ▕██████████████████▏ 1.5 KB                         [K
pulling bc371a43ce90: 100% ▕██████████████████▏ 7.6 KB                         [K
pulling 53a87df39647: 100% ▕██████████████████▏ 5.6 KB                         [K
pulling 56bb8bd477a5: 100% ▕██████████████████▏   96 B                         [K
pulling c7091aa45e9b: 100% ▕██████████████████▏  562 B                         [K
verifying sha256 digest ⠙ [K[?25h[?2026l[?2026h[?25l[A[A[A[A[A[A[A[1Gpulling manifest [K
pulling 4824460d29f2: 100% ▕██████████████████▏  42 GB                         [K
pulling 948af2743fc7: 100% ▕██████████████████▏ 1.5 KB                         [K
pulling bc371a43ce90: 100% ▕██████████████████▏ 7.6 KB                         [K
pulling 53a87df39647: 100% ▕██████████████████▏ 5.6 KB                         [K
pulling 56bb8bd477a5: 100% ▕██████████████████▏   96 B                         [K
pulling c7091aa45e9b: 100% ▕██████████████████▏  562 B                         [K
verifying sha256 digest ⠹ [K[?25h[?2026l[?2026h[?25l[A[A[A[A[A[A[A[1Gpulling manifest [K
pulling 4824460d29f2: 100% ▕██████████████████▏  42 GB                         [K
pulling 948af2743fc7: 100% ▕██████████████████▏ 1.5 KB                         [K
pulling bc371a43ce90: 100% ▕██████████████████▏ 7.6 KB                         [K
pulling 53a87df39647: 100% ▕██████████████████▏ 5.6 KB                         [K
pulling 56bb8bd477a5: 100% ▕██████████████████▏   96 B                         [K
pulling c7091aa45e9b: 100% ▕██████████████████▏  562 B                         [K
verifying sha256 digest ⠸ [K[?25h[?2026l[?2026h[?25l[A[A[A[A[A[A[A[1Gpulling manifest [K
pulling 4824460d29f2: 100% ▕██████████████████▏  42 GB                         [K
pulling 948af2743fc7: 100% ▕██████████████████▏ 1.5 KB                         [K
pulling bc371a43ce90: 100% ▕██████████████████▏ 7.6 KB                         [K
pulling 53a87df39647: 100% ▕██████████████████▏ 5.6 KB                         [K
pulling 56bb8bd477a5: 100% ▕██████████████████▏   96 B                         [K
pulling c7091aa45e9b: 100% ▕██████████████████▏  562 B                         [K
verifying sha256 digest ⠼ [K[?25h[?2026l[?2026h[?25l[A[A[A[A[A[A[A[1Gpulling manifest [K
pulling 4824460d29f2: 100% ▕██████████████████▏  42 GB                         [K
pulling 948af2743fc7: 100% ▕██████████████████▏ 1.5 KB                         [K
pulling bc371a43ce90: 100% ▕██████████████████▏ 7.6 KB                         [K
pulling 53a87df39647: 100% ▕██████████████████▏ 5.6 KB                         [K
pulling 56bb8bd477a5: 100% ▕██████████████████▏   96 B                         [K
pulling c7091aa45e9b: 100% ▕██████████████████▏  562 B                         [K
verifying sha256 digest ⠴ [K[?25h[?2026l[?2026h[?25l[A[A[A[A[A[A[A[1Gpulling manifest [K
pulling 4824460d29f2: 100% ▕██████████████████▏  42 GB                         [K
pulling 948af2743fc7: 100% ▕██████████████████▏ 1.5 KB                         [K
pulling bc371a43ce90: 100% ▕██████████████████▏ 7.6 KB                         [K
pulling 53a87df39647: 100% ▕██████████████████▏ 5.6 KB                         [K
pulling 56bb8bd477a5: 100% ▕██████████████████▏   96 B                         [K
pulling c7091aa45e9b: 100% ▕██████████████████▏  562 B                         [K
verifying sha256 digest ⠦ [K[?25h[?2026l[?2026h[?25l[A[A[A[A[A[A[A[1Gpulling manifest [K
pulling 4824460d29f2: 100% ▕██████████████████▏  42 GB                         [K
pulling 948af2743fc7: 100% ▕██████████████████▏ 1.5 KB                         [K
pulling bc371a43ce90: 100% ▕██████████████████▏ 7.6 KB                         [K
pulling 53a87df39647: 100% ▕██████████████████▏ 5.6 KB                         [K
pulling 56bb8bd477a5: 100% ▕██████████████████▏   96 B                         [K
pulling c7091aa45e9b: 100% ▕██████████████████▏  562 B                         [K
verifying sha256 digest ⠧ [K[?25h[?2026l[?2026h[?25l[A[A[A[A[A[A[A[1Gpulling manifest [K
pulling 4824460d29f2: 100% ▕██████████████████▏  42 GB                         [K
pulling 948af2743fc7: 100% ▕██████████████████▏ 1.5 KB                         [K
pulling bc371a43ce90: 100% ▕██████████████████▏ 7.6 KB                         [K
pulling 53a87df39647: 100% ▕██████████████████▏ 5.6 KB                         [K
pulling 56bb8bd477a5: 100% ▕██████████████████▏   96 B                         [K
pulling c7091aa45e9b: 100% ▕██████████████████▏  562 B                         [K
verifying sha256 digest ⠇ [K[?25h[?2026l[?2026h[?25l[A[A[A[A[A[A[A[1Gpulling manifest [K
pulling 4824460d29f2: 100% ▕██████████████████▏  42 GB                         [K
pulling 948af2743fc7: 100% ▕██████████████████▏ 1.5 KB                         [K
pulling bc371a43ce90: 100% ▕██████████████████▏ 7.6 KB                         [K
pulling 53a87df39647: 100% ▕██████████████████▏ 5.6 KB                         [K
pulling 56bb8bd477a5: 100% ▕██████████████████▏   96 B                         [K
pulling c7091aa45e9b: 100% ▕██████████████████▏  562 B                         [K
verifying sha256 digest ⠏ [K[?25h[?2026l[?2026h[?25l[A[A[A[A[A[A[A[1Gpulling manifest [K
pulling 4824460d29f2: 100% ▕██████████████████▏  42 GB                         [K
pulling 948af2743fc7: 100% ▕██████████████████▏ 1.5 KB                         [K
pulling bc371a43ce90: 100% ▕██████████████████▏ 7.6 KB                         [K
pulling 53a87df39647: 100% ▕██████████████████▏ 5.6 KB                         [K
pulling 56bb8bd477a5: 100% ▕██████████████████▏   96 B                         [K
pulling c7091aa45e9b: 100% ▕██████████████████▏  562 B                         [K
verifying sha256 digest ⠋ [K[?25h[?2026l[?2026h[?25l[A[A[A[A[A[A[A[1Gpulling manifest [K
pulling 4824460d29f2: 100% ▕██████████████████▏  42 GB                         [K
pulling 948af2743fc7: 100% ▕██████████████████▏ 1.5 KB                         [K
pulling bc371a43ce90: 100% ▕██████████████████▏ 7.6 KB                         [K
pulling 53a87df39647: 100% ▕██████████████████▏ 5.6 KB                         [K
pulling 56bb8bd477a5: 100% ▕██████████████████▏   96 B                         [K
pulling c7091aa45e9b: 100% ▕██████████████████▏  562 B                         [K
verifying sha256 digest ⠙ [K[?25h[?2026l[?2026h[?25l[A[A[A[A[A[A[A[1Gpulling manifest [K
pulling 4824460d29f2: 100% ▕██████████████████▏  42 GB                         [K
pulling 948af2743fc7: 100% ▕██████████████████▏ 1.5 KB                         [K
pulling bc371a43ce90: 100% ▕██████████████████▏ 7.6 KB                         [K
pulling 53a87df39647: 100% ▕██████████████████▏ 5.6 KB                         [K
pulling 56bb8bd477a5: 100% ▕██████████████████▏   96 B                         [K
pulling c7091aa45e9b: 100% ▕██████████████████▏  562 B                         [K
verifying sha256 digest ⠹ [K[?25h[?2026l[?2026h[?25l[A[A[A[A[A[A[A[1Gpulling manifest [K
pulling 4824460d29f2: 100% ▕██████████████████▏  42 GB                         [K
pulling 948af2743fc7: 100% ▕██████████████████▏ 1.5 KB                         [K
pulling bc371a43ce90: 100% ▕██████████████████▏ 7.6 KB                         [K
pulling 53a87df39647: 100% ▕██████████████████▏ 5.6 KB                         [K
pulling 56bb8bd477a5: 100% ▕██████████████████▏   96 B                         [K
pulling c7091aa45e9b: 100% ▕██████████████████▏  562 B                         [K
verifying sha256 digest ⠸ [K[?25h[?2026l[?2026h[?25l[A[A[A[A[A[A[A[1Gpulling manifest [K
pulling 4824460d29f2: 100% ▕██████████████████▏  42 GB                         [K
pulling 948af2743fc7: 100% ▕██████████████████▏ 1.5 KB                         [K
pulling bc371a43ce90: 100% ▕██████████████████▏ 7.6 KB                         [K
pulling 53a87df39647: 100% ▕██████████████████▏ 5.6 KB                         [K
pulling 56bb8bd477a5: 100% ▕██████████████████▏   96 B                         [K
pulling c7091aa45e9b: 100% ▕██████████████████▏  562 B                         [K
verifying sha256 digest ⠼ [K[?25h[?2026l[?2026h[?25l[A[A[A[A[A[A[A[1Gpulling manifest [K
pulling 4824460d29f2: 100% ▕██████████████████▏  42 GB                         [K
pulling 948af2743fc7: 100% ▕██████████████████▏ 1.5 KB                         [K
pulling bc371a43ce90: 100% ▕██████████████████▏ 7.6 KB                         [K
pulling 53a87df39647: 100% ▕██████████████████▏ 5.6 KB                         [K
pulling 56bb8bd477a5: 100% ▕██████████████████▏   96 B                         [K
pulling c7091aa45e9b: 100% ▕██████████████████▏  562 B                         [K
verifying sha256 digest ⠴ [K[?25h[?2026l[?2026h[?25l[A[A[A[A[A[A[A[1Gpulling manifest [K
pulling 4824460d29f2: 100% ▕██████████████████▏  42 GB                         [K
pulling 948af2743fc7: 100% ▕██████████████████▏ 1.5 KB                         [K
pulling bc371a43ce90: 100% ▕██████████████████▏ 7.6 KB                         [K
pulling 53a87df39647: 100% ▕██████████████████▏ 5.6 KB                         [K
pulling 56bb8bd477a5: 100% ▕██████████████████▏   96 B                         [K
pulling c7091aa45e9b: 100% ▕██████████████████▏  562 B                         [K
verifying sha256 digest ⠦ [K[?25h[?2026l[?2026h[?25l[A[A[A[A[A[A[A[1Gpulling manifest [K
pulling 4824460d29f2: 100% ▕██████████████████▏  42 GB                         [K
pulling 948af2743fc7: 100% ▕██████████████████▏ 1.5 KB                         [K
pulling bc371a43ce90: 100% ▕██████████████████▏ 7.6 KB                         [K
pulling 53a87df39647: 100% ▕██████████████████▏ 5.6 KB                         [K
pulling 56bb8bd477a5: 100% ▕██████████████████▏   96 B                         [K
pulling c7091aa45e9b: 100% ▕██████████████████▏  562 B                         [K
verifying sha256 digest ⠧ [K[?25h[?2026l[?2026h[?25l[A[A[A[A[A[A[A[1Gpulling manifest [K
pulling 4824460d29f2: 100% ▕██████████████████▏  42 GB                         [K
pulling 948af2743fc7: 100% ▕██████████████████▏ 1.5 KB                         [K
pulling bc371a43ce90: 100% ▕██████████████████▏ 7.6 KB                         [K
pulling 53a87df39647: 100% ▕██████████████████▏ 5.6 KB                         [K
pulling 56bb8bd477a5: 100% ▕██████████████████▏   96 B                         [K
pulling c7091aa45e9b: 100% ▕██████████████████▏  562 B                         [K
verifying sha256 digest ⠇ [K[?25h[?2026l[?2026h[?25l[A[A[A[A[A[A[A[1Gpulling manifest [K
pulling 4824460d29f2: 100% ▕██████████████████▏  42 GB                         [K
pulling 948af2743fc7: 100% ▕██████████████████▏ 1.5 KB                         [K
pulling bc371a43ce90: 100% ▕██████████████████▏ 7.6 KB                         [K
pulling 53a87df39647: 100% ▕██████████████████▏ 5.6 KB                         [K
pulling 56bb8bd477a5: 100% ▕██████████████████▏   96 B                         [K
pulling c7091aa45e9b: 100% ▕██████████████████▏  562 B                         [K
verifying sha256 digest ⠏ [K[?25h[?2026l[?2026h[?25l[A[A[A[A[A[A[A[1Gpulling manifest [K
pulling 4824460d29f2: 100% ▕██████████████████▏  42 GB                         [K
pulling 948af2743fc7: 100% ▕██████████████████▏ 1.5 KB                         [K
pulling bc371a43ce90: 100% ▕██████████████████▏ 7.6 KB                         [K
pulling 53a87df39647: 100% ▕██████████████████▏ 5.6 KB                         [K
pulling 56bb8bd477a5: 100% ▕██████████████████▏   96 B                         [K
pulling c7091aa45e9b: 100% ▕██████████████████▏  562 B                         [K
verifying sha256 digest ⠋ [K[?25h[?2026l[?2026h[?25l[A[A[A[A[A[A[A[1Gpulling manifest [K
pulling 4824460d29f2: 100% ▕██████████████████▏  42 GB                         [K
pulling 948af2743fc7: 100% ▕██████████████████▏ 1.5 KB                         [K
pulling bc371a43ce90: 100% ▕██████████████████▏ 7.6 KB                         [K
pulling 53a87df39647: 100% ▕██████████████████▏ 5.6 KB                         [K
pulling 56bb8bd477a5: 100% ▕██████████████████▏   96 B                         [K
pulling c7091aa45e9b: 100% ▕██████████████████▏  562 B                         [K
verifying sha256 digest ⠙ [K[?25h[?2026l[?2026h[?25l[A[A[A[A[A[A[A[1Gpulling manifest [K
pulling 4824460d29f2: 100% ▕██████████████████▏  42 GB                         [K
pulling 948af2743fc7: 100% ▕██████████████████▏ 1.5 KB                         [K
pulling bc371a43ce90: 100% ▕██████████████████▏ 7.6 KB                         [K
pulling 53a87df39647: 100% ▕██████████████████▏ 5.6 KB                         [K
pulling 56bb8bd477a5: 100% ▕██████████████████▏   96 B                         [K
pulling c7091aa45e9b: 100% ▕██████████████████▏  562 B                         [K
verifying sha256 digest ⠹ [K[?25h[?2026l[?2026h[?25l[A[A[A[A[A[A[A[1Gpulling manifest [K
pulling 4824460d29f2: 100% ▕██████████████████▏  42 GB                         [K
pulling 948af2743fc7: 100% ▕██████████████████▏ 1.5 KB                         [K
pulling bc371a43ce90: 100% ▕██████████████████▏ 7.6 KB                         [K
pulling 53a87df39647: 100% ▕██████████████████▏ 5.6 KB                         [K
pulling 56bb8bd477a5: 100% ▕██████████████████▏   96 B                         [K
pulling c7091aa45e9b: 100% ▕██████████████████▏  562 B                         [K
verifying sha256 digest ⠸ [K[?25h[?2026l[?2026h[?25l[A[A[A[A[A[A[A[1Gpulling manifest [K
pulling 4824460d29f2: 100% ▕██████████████████▏  42 GB                         [K
pulling 948af2743fc7: 100% ▕██████████████████▏ 1.5 KB                         [K
pulling bc371a43ce90: 100% ▕██████████████████▏ 7.6 KB                         [K
pulling 53a87df39647: 100% ▕██████████████████▏ 5.6 KB                         [K
pulling 56bb8bd477a5: 100% ▕██████████████████▏   96 B                         [K
pulling c7091aa45e9b: 100% ▕██████████████████▏  562 B                         [K
verifying sha256 digest ⠼ [K[?25h[?2026l[?2026h[?25l[A[A[A[A[A[A[A[1Gpulling manifest [K
pulling 4824460d29f2: 100% ▕██████████████████▏  42 GB                         [K
pulling 948af2743fc7: 100% ▕██████████████████▏ 1.5 KB                         [K
pulling bc371a43ce90: 100% ▕██████████████████▏ 7.6 KB                         [K
pulling 53a87df39647: 100% ▕██████████████████▏ 5.6 KB                         [K
pulling 56bb8bd477a5: 100% ▕██████████████████▏   96 B                         [K
pulling c7091aa45e9b: 100% ▕██████████████████▏  562 B                         [K
verifying sha256 digest ⠴ [K[?25h[?2026l[?2026h[?25l[A[A[A[A[A[A[A[1Gpulling manifest [K
pulling 4824460d29f2: 100% ▕██████████████████▏  42 GB                         [K
pulling 948af2743fc7: 100% ▕██████████████████▏ 1.5 KB                         [K
pulling bc371a43ce90: 100% ▕██████████████████▏ 7.6 KB                         [K
pulling 53a87df39647: 100% ▕██████████████████▏ 5.6 KB                         [K
pulling 56bb8bd477a5: 100% ▕██████████████████▏   96 B                         [K
pulling c7091aa45e9b: 100% ▕██████████████████▏  562 B                         [K
verifying sha256 digest ⠦ [K[?25h[?2026l[?2026h[?25l[A[A[A[A[A[A[A[1Gpulling manifest [K
pulling 4824460d29f2: 100% ▕██████████████████▏  42 GB                         [K
pulling 948af2743fc7: 100% ▕██████████████████▏ 1.5 KB                         [K
pulling bc371a43ce90: 100% ▕██████████████████▏ 7.6 KB                         [K
pulling 53a87df39647: 100% ▕██████████████████▏ 5.6 KB                         [K
pulling 56bb8bd477a5: 100% ▕██████████████████▏   96 B                         [K
pulling c7091aa45e9b: 100% ▕██████████████████▏  562 B                         [K
verifying sha256 digest ⠧ [K[?25h[?2026l[?2026h[?25l[A[A[A[A[A[A[A[1Gpulling manifest [K
pulling 4824460d29f2: 100% ▕██████████████████▏  42 GB                         [K
pulling 948af2743fc7: 100% ▕██████████████████▏ 1.5 KB                         [K
pulling bc371a43ce90: 100% ▕██████████████████▏ 7.6 KB                         [K
pulling 53a87df39647: 100% ▕██████████████████▏ 5.6 KB                         [K
pulling 56bb8bd477a5: 100% ▕██████████████████▏   96 B                         [K
pulling c7091aa45e9b: 100% ▕██████████████████▏  562 B                         [K
verifying sha256 digest ⠇ [K[?25h[?2026l[?2026h[?25l[A[A[A[A[A[A[A[1Gpulling manifest [K
pulling 4824460d29f2: 100% ▕██████████████████▏  42 GB                         [K
pulling 948af2743fc7: 100% ▕██████████████████▏ 1.5 KB                         [K
pulling bc371a43ce90: 100% ▕██████████████████▏ 7.6 KB                         [K
pulling 53a87df39647: 100% ▕██████████████████▏ 5.6 KB                         [K
pulling 56bb8bd477a5: 100% ▕██████████████████▏   96 B                         [K
pulling c7091aa45e9b: 100% ▕██████████████████▏  562 B                         [K
verifying sha256 digest ⠏ [K[?25h[?2026l[?2026h[?25l[A[A[A[A[A[A[A[1Gpulling manifest [K
pulling 4824460d29f2: 100% ▕██████████████████▏  42 GB                         [K
pulling 948af2743fc7: 100% ▕██████████████████▏ 1.5 KB                         [K
pulling bc371a43ce90: 100% ▕██████████████████▏ 7.6 KB                         [K
pulling 53a87df39647: 100% ▕██████████████████▏ 5.6 KB                         [K
pulling 56bb8bd477a5: 100% ▕██████████████████▏   96 B                         [K
pulling c7091aa45e9b: 100% ▕██████████████████▏  562 B                         [K
verifying sha256 digest ⠋ [K[?25h[?2026l[?2026h[?25l[A[A[A[A[A[A[A[1Gpulling manifest [K
pulling 4824460d29f2: 100% ▕██████████████████▏  42 GB                         [K
pulling 948af2743fc7: 100% ▕██████████████████▏ 1.5 KB                         [K
pulling bc371a43ce90: 100% ▕██████████████████▏ 7.6 KB                         [K
pulling 53a87df39647: 100% ▕██████████████████▏ 5.6 KB                         [K
pulling 56bb8bd477a5: 100% ▕██████████████████▏   96 B                         [K
pulling c7091aa45e9b: 100% ▕██████████████████▏  562 B                         [K
verifying sha256 digest ⠙ [K[?25h[?2026l[?2026h[?25l[A[A[A[A[A[A[A[1Gpulling manifest [K
pulling 4824460d29f2: 100% ▕██████████████████▏  42 GB                         [K
pulling 948af2743fc7: 100% ▕██████████████████▏ 1.5 KB                         [K
pulling bc371a43ce90: 100% ▕██████████████████▏ 7.6 KB                         [K
pulling 53a87df39647: 100% ▕██████████████████▏ 5.6 KB                         [K
pulling 56bb8bd477a5: 100% ▕██████████████████▏   96 B                         [K
pulling c7091aa45e9b: 100% ▕██████████████████▏  562 B                         [K
verifying sha256 digest ⠹ [K[?25h[?2026l[?2026h[?25l[A[A[A[A[A[A[A[1Gpulling manifest [K
pulling 4824460d29f2: 100% ▕██████████████████▏  42 GB                         [K
pulling 948af2743fc7: 100% ▕██████████████████▏ 1.5 KB                         [K
pulling bc371a43ce90: 100% ▕██████████████████▏ 7.6 KB                         [K
pulling 53a87df39647: 100% ▕██████████████████▏ 5.6 KB                         [K
pulling 56bb8bd477a5: 100% ▕██████████████████▏   96 B                         [K
pulling c7091aa45e9b: 100% ▕██████████████████▏  562 B                         [K
verifying sha256 digest ⠸ [K[?25h[?2026l[?2026h[?25l[A[A[A[A[A[A[A[1Gpulling manifest [K
pulling 4824460d29f2: 100% ▕██████████████████▏  42 GB                         [K
pulling 948af2743fc7: 100% ▕██████████████████▏ 1.5 KB                         [K
pulling bc371a43ce90: 100% ▕██████████████████▏ 7.6 KB                         [K
pulling 53a87df39647: 100% ▕██████████████████▏ 5.6 KB                         [K
pulling 56bb8bd477a5: 100% ▕██████████████████▏   96 B                         [K
pulling c7091aa45e9b: 100% ▕██████████████████▏  562 B                         [K
verifying sha256 digest ⠼ [K[?25h[?2026l[?2026h[?25l[A[A[A[A[A[A[A[1Gpulling manifest [K
pulling 4824460d29f2: 100% ▕██████████████████▏  42 GB                         [K
pulling 948af2743fc7: 100% ▕██████████████████▏ 1.5 KB                         [K
pulling bc371a43ce90: 100% ▕██████████████████▏ 7.6 KB                         [K
pulling 53a87df39647: 100% ▕██████████████████▏ 5.6 KB                         [K
pulling 56bb8bd477a5: 100% ▕██████████████████▏   96 B                         [K
pulling c7091aa45e9b: 100% ▕██████████████████▏  562 B                         [K
verifying sha256 digest ⠴ [K[?25h[?2026l[?2026h[?25l[A[A[A[A[A[A[A[1Gpulling manifest [K
pulling 4824460d29f2: 100% ▕██████████████████▏  42 GB                         [K
pulling 948af2743fc7: 100% ▕██████████████████▏ 1.5 KB                         [K
pulling bc371a43ce90: 100% ▕██████████████████▏ 7.6 KB                         [K
pulling 53a87df39647: 100% ▕██████████████████▏ 5.6 KB                         [K
pulling 56bb8bd477a5: 100% ▕██████████████████▏   96 B                         [K
pulling c7091aa45e9b: 100% ▕██████████████████▏  562 B                         [K
verifying sha256 digest ⠦ [K[?25h[?2026l[?2026h[?25l[A[A[A[A[A[A[A[1Gpulling manifest [K
pulling 4824460d29f2: 100% ▕██████████████████▏  42 GB                         [K
pulling 948af2743fc7: 100% ▕██████████████████▏ 1.5 KB                         [K
pulling bc371a43ce90: 100% ▕██████████████████▏ 7.6 KB                         [K
pulling 53a87df39647: 100% ▕██████████████████▏ 5.6 KB                         [K
pulling 56bb8bd477a5: 100% ▕██████████████████▏   96 B                         [K
pulling c7091aa45e9b: 100% ▕██████████████████▏  562 B                         [K
verifying sha256 digest ⠧ [K[?25h[?2026l[?2026h[?25l[A[A[A[A[A[A[A[1Gpulling manifest [K
pulling 4824460d29f2: 100% ▕██████████████████▏  42 GB                         [K
pulling 948af2743fc7: 100% ▕██████████████████▏ 1.5 KB                         [K
pulling bc371a43ce90: 100% ▕██████████████████▏ 7.6 KB                         [K
pulling 53a87df39647: 100% ▕██████████████████▏ 5.6 KB                         [K
pulling 56bb8bd477a5: 100% ▕██████████████████▏   96 B                         [K
pulling c7091aa45e9b: 100% ▕██████████████████▏  562 B                         [K
verifying sha256 digest ⠇ [K[?25h[?2026l[?2026h[?25l[A[A[A[A[A[A[A[1Gpulling manifest [K
pulling 4824460d29f2: 100% ▕██████████████████▏  42 GB                         [K
pulling 948af2743fc7: 100% ▕██████████████████▏ 1.5 KB                         [K
pulling bc371a43ce90: 100% ▕██████████████████▏ 7.6 KB                         [K
pulling 53a87df39647: 100% ▕██████████████████▏ 5.6 KB                         [K
pulling 56bb8bd477a5: 100% ▕██████████████████▏   96 B                         [K
pulling c7091aa45e9b: 100% ▕██████████████████▏  562 B                         [K
verifying sha256 digest ⠏ [K[?25h[?2026l[?2026h[?25l[A[A[A[A[A[A[A[1Gpulling manifest [K
pulling 4824460d29f2: 100% ▕██████████████████▏  42 GB                         [K
pulling 948af2743fc7: 100% ▕██████████████████▏ 1.5 KB                         [K
pulling bc371a43ce90: 100% ▕██████████████████▏ 7.6 KB                         [K
pulling 53a87df39647: 100% ▕██████████████████▏ 5.6 KB                         [K
pulling 56bb8bd477a5: 100% ▕██████████████████▏   96 B                         [K
pulling c7091aa45e9b: 100% ▕██████████████████▏  562 B                         [K
verifying sha256 digest ⠋ [K[?25h[?2026l[?2026h[?25l[A[A[A[A[A[A[A[1Gpulling manifest [K
pulling 4824460d29f2: 100% ▕██████████████████▏  42 GB                         [K
pulling 948af2743fc7: 100% ▕██████████████████▏ 1.5 KB                         [K
pulling bc371a43ce90: 100% ▕██████████████████▏ 7.6 KB                         [K
pulling 53a87df39647: 100% ▕██████████████████▏ 5.6 KB                         [K
pulling 56bb8bd477a5: 100% ▕██████████████████▏   96 B                         [K
pulling c7091aa45e9b: 100% ▕██████████████████▏  562 B                         [K
verifying sha256 digest ⠙ [K[?25h[?2026l[?2026h[?25l[A[A[A[A[A[A[A[1Gpulling manifest [K
pulling 4824460d29f2: 100% ▕██████████████████▏  42 GB                         [K
pulling 948af2743fc7: 100% ▕██████████████████▏ 1.5 KB                         [K
pulling bc371a43ce90: 100% ▕██████████████████▏ 7.6 KB                         [K
pulling 53a87df39647: 100% ▕██████████████████▏ 5.6 KB                         [K
pulling 56bb8bd477a5: 100% ▕██████████████████▏   96 B                         [K
pulling c7091aa45e9b: 100% ▕██████████████████▏  562 B                         [K
verifying sha256 digest ⠹ [K[?25h[?2026l[?2026h[?25l[A[A[A[A[A[A[A[1Gpulling manifest [K
pulling 4824460d29f2: 100% ▕██████████████████▏  42 GB                         [K
pulling 948af2743fc7: 100% ▕██████████████████▏ 1.5 KB                         [K
pulling bc371a43ce90: 100% ▕██████████████████▏ 7.6 KB                         [K
pulling 53a87df39647: 100% ▕██████████████████▏ 5.6 KB                         [K
pulling 56bb8bd477a5: 100% ▕██████████████████▏   96 B                         [K
pulling c7091aa45e9b: 100% ▕██████████████████▏  562 B                         [K
verifying sha256 digest ⠸ [K[?25h[?2026l[?2026h[?25l[A[A[A[A[A[A[A[1Gpulling manifest [K
pulling 4824460d29f2: 100% ▕██████████████████▏  42 GB                         [K
pulling 948af2743fc7: 100% ▕██████████████████▏ 1.5 KB                         [K
pulling bc371a43ce90: 100% ▕██████████████████▏ 7.6 KB                         [K
pulling 53a87df39647: 100% ▕██████████████████▏ 5.6 KB                         [K
pulling 56bb8bd477a5: 100% ▕██████████████████▏   96 B                         [K
pulling c7091aa45e9b: 100% ▕██████████████████▏  562 B                         [K
verifying sha256 digest ⠼ [K[?25h[?2026l[?2026h[?25l[A[A[A[A[A[A[A[1Gpulling manifest [K
pulling 4824460d29f2: 100% ▕██████████████████▏  42 GB                         [K
pulling 948af2743fc7: 100% ▕██████████████████▏ 1.5 KB                         [K
pulling bc371a43ce90: 100% ▕██████████████████▏ 7.6 KB                         [K
pulling 53a87df39647: 100% ▕██████████████████▏ 5.6 KB                         [K
pulling 56bb8bd477a5: 100% ▕██████████████████▏   96 B                         [K
pulling c7091aa45e9b: 100% ▕██████████████████▏  562 B                         [K
verifying sha256 digest ⠴ [K[?25h[?2026l[?2026h[?25l[A[A[A[A[A[A[A[1Gpulling manifest [K
pulling 4824460d29f2: 100% ▕██████████████████▏  42 GB                         [K
pulling 948af2743fc7: 100% ▕██████████████████▏ 1.5 KB                         [K
pulling bc371a43ce90: 100% ▕██████████████████▏ 7.6 KB                         [K
pulling 53a87df39647: 100% ▕██████████████████▏ 5.6 KB                         [K
pulling 56bb8bd477a5: 100% ▕██████████████████▏   96 B                         [K
pulling c7091aa45e9b: 100% ▕██████████████████▏  562 B                         [K
verifying sha256 digest ⠦ [K[?25h[?2026l[?2026h[?25l[A[A[A[A[A[A[A[1Gpulling manifest [K
pulling 4824460d29f2: 100% ▕██████████████████▏  42 GB                         [K
pulling 948af2743fc7: 100% ▕██████████████████▏ 1.5 KB                         [K
pulling bc371a43ce90: 100% ▕██████████████████▏ 7.6 KB                         [K
pulling 53a87df39647: 100% ▕██████████████████▏ 5.6 KB                         [K
pulling 56bb8bd477a5: 100% ▕██████████████████▏   96 B                         [K
pulling c7091aa45e9b: 100% ▕██████████████████▏  562 B                         [K
verifying sha256 digest ⠧ [K[?25h[?2026l[?2026h[?25l[A[A[A[A[A[A[A[1Gpulling manifest [K
pulling 4824460d29f2: 100% ▕██████████████████▏  42 GB                         [K
pulling 948af2743fc7: 100% ▕██████████████████▏ 1.5 KB                         [K
pulling bc371a43ce90: 100% ▕██████████████████▏ 7.6 KB                         [K
pulling 53a87df39647: 100% ▕██████████████████▏ 5.6 KB                         [K
pulling 56bb8bd477a5: 100% ▕██████████████████▏   96 B                         [K
pulling c7091aa45e9b: 100% ▕██████████████████▏  562 B                         [K
verifying sha256 digest ⠇ [K[?25h[?2026l[?2026h[?25l[A[A[A[A[A[A[A[1Gpulling manifest [K
pulling 4824460d29f2: 100% ▕██████████████████▏  42 GB                         [K
pulling 948af2743fc7: 100% ▕██████████████████▏ 1.5 KB                         [K
pulling bc371a43ce90: 100% ▕██████████████████▏ 7.6 KB                         [K
pulling 53a87df39647: 100% ▕██████████████████▏ 5.6 KB                         [K
pulling 56bb8bd477a5: 100% ▕██████████████████▏   96 B                         [K
pulling c7091aa45e9b: 100% ▕██████████████████▏  562 B                         [K
verifying sha256 digest ⠏ [K[?25h[?2026l[?2026h[?25l[A[A[A[A[A[A[A[1Gpulling manifest [K
pulling 4824460d29f2: 100% ▕██████████████████▏  42 GB                         [K
pulling 948af2743fc7: 100% ▕██████████████████▏ 1.5 KB                         [K
pulling bc371a43ce90: 100% ▕██████████████████▏ 7.6 KB                         [K
pulling 53a87df39647: 100% ▕██████████████████▏ 5.6 KB                         [K
pulling 56bb8bd477a5: 100% ▕██████████████████▏   96 B                         [K
pulling c7091aa45e9b: 100% ▕██████████████████▏  562 B                         [K
verifying sha256 digest ⠋ [K[?25h[?2026l[?2026h[?25l[A[A[A[A[A[A[A[1Gpulling manifest [K
pulling 4824460d29f2: 100% ▕██████████████████▏  42 GB                         [K
pulling 948af2743fc7: 100% ▕██████████████████▏ 1.5 KB                         [K
pulling bc371a43ce90: 100% ▕██████████████████▏ 7.6 KB                         [K
pulling 53a87df39647: 100% ▕██████████████████▏ 5.6 KB                         [K
pulling 56bb8bd477a5: 100% ▕██████████████████▏   96 B                         [K
pulling c7091aa45e9b: 100% ▕██████████████████▏  562 B                         [K
verifying sha256 digest ⠙ [K[?25h[?2026l[?2026h[?25l[A[A[A[A[A[A[A[1Gpulling manifest [K
pulling 4824460d29f2: 100% ▕██████████████████▏  42 GB                         [K
pulling 948af2743fc7: 100% ▕██████████████████▏ 1.5 KB                         [K
pulling bc371a43ce90: 100% ▕██████████████████▏ 7.6 KB                         [K
pulling 53a87df39647: 100% ▕██████████████████▏ 5.6 KB                         [K
pulling 56bb8bd477a5: 100% ▕██████████████████▏   96 B                         [K
pulling c7091aa45e9b: 100% ▕██████████████████▏  562 B                         [K
verifying sha256 digest ⠹ [K[?25h[?2026l[?2026h[?25l[A[A[A[A[A[A[A[1Gpulling manifest [K
pulling 4824460d29f2: 100% ▕██████████████████▏  42 GB                         [K
pulling 948af2743fc7: 100% ▕██████████████████▏ 1.5 KB                         [K
pulling bc371a43ce90: 100% ▕██████████████████▏ 7.6 KB                         [K
pulling 53a87df39647: 100% ▕██████████████████▏ 5.6 KB                         [K
pulling 56bb8bd477a5: 100% ▕██████████████████▏   96 B                         [K
pulling c7091aa45e9b: 100% ▕██████████████████▏  562 B                         [K
verifying sha256 digest ⠸ [K[?25h[?2026l[?2026h[?25l[A[A[A[A[A[A[A[1Gpulling manifest [K
pulling 4824460d29f2: 100% ▕██████████████████▏  42 GB                         [K
pulling 948af2743fc7: 100% ▕██████████████████▏ 1.5 KB                         [K
pulling bc371a43ce90: 100% ▕██████████████████▏ 7.6 KB                         [K
pulling 53a87df39647: 100% ▕██████████████████▏ 5.6 KB                         [K
pulling 56bb8bd477a5: 100% ▕██████████████████▏   96 B                         [K
pulling c7091aa45e9b: 100% ▕██████████████████▏  562 B                         [K
verifying sha256 digest ⠼ [K[?25h[?2026l[?2026h[?25l[A[A[A[A[A[A[A[1Gpulling manifest [K
pulling 4824460d29f2: 100% ▕██████████████████▏  42 GB                         [K
pulling 948af2743fc7: 100% ▕██████████████████▏ 1.5 KB                         [K
pulling bc371a43ce90: 100% ▕██████████████████▏ 7.6 KB                         [K
pulling 53a87df39647: 100% ▕██████████████████▏ 5.6 KB                         [K
pulling 56bb8bd477a5: 100% ▕██████████████████▏   96 B                         [K
pulling c7091aa45e9b: 100% ▕██████████████████▏  562 B                         [K
verifying sha256 digest ⠴ [K[?25h[?2026l[?2026h[?25l[A[A[A[A[A[A[A[1Gpulling manifest [K
pulling 4824460d29f2: 100% ▕██████████████████▏  42 GB                         [K
pulling 948af2743fc7: 100% ▕██████████████████▏ 1.5 KB                         [K
pulling bc371a43ce90: 100% ▕██████████████████▏ 7.6 KB                         [K
pulling 53a87df39647: 100% ▕██████████████████▏ 5.6 KB                         [K
pulling 56bb8bd477a5: 100% ▕██████████████████▏   96 B                         [K
pulling c7091aa45e9b: 100% ▕██████████████████▏  562 B                         [K
verifying sha256 digest ⠦ [K[?25h[?2026l[?2026h[?25l[A[A[A[A[A[A[A[1Gpulling manifest [K
pulling 4824460d29f2: 100% ▕██████████████████▏  42 GB                         [K
pulling 948af2743fc7: 100% ▕██████████████████▏ 1.5 KB                         [K
pulling bc371a43ce90: 100% ▕██████████████████▏ 7.6 KB                         [K
pulling 53a87df39647: 100% ▕██████████████████▏ 5.6 KB                         [K
pulling 56bb8bd477a5: 100% ▕██████████████████▏   96 B                         [K
pulling c7091aa45e9b: 100% ▕██████████████████▏  562 B                         [K
verifying sha256 digest ⠧ [K[?25h[?2026l[?2026h[?25l[A[A[A[A[A[A[A[1Gpulling manifest [K
pulling 4824460d29f2: 100% ▕██████████████████▏  42 GB                         [K
pulling 948af2743fc7: 100% ▕██████████████████▏ 1.5 KB                         [K
pulling bc371a43ce90: 100% ▕██████████████████▏ 7.6 KB                         [K
pulling 53a87df39647: 100% ▕██████████████████▏ 5.6 KB                         [K
pulling 56bb8bd477a5: 100% ▕██████████████████▏   96 B                         [K
pulling c7091aa45e9b: 100% ▕██████████████████▏  562 B                         [K
verifying sha256 digest ⠇ [K[?25h[?2026l[?2026h[?25l[A[A[A[A[A[A[A[1Gpulling manifest [K
pulling 4824460d29f2: 100% ▕██████████████████▏  42 GB                         [K
pulling 948af2743fc7: 100% ▕██████████████████▏ 1.5 KB                         [K
pulling bc371a43ce90: 100% ▕██████████████████▏ 7.6 KB                         [K
pulling 53a87df39647: 100% ▕██████████████████▏ 5.6 KB                         [K
pulling 56bb8bd477a5: 100% ▕██████████████████▏   96 B                         [K
pulling c7091aa45e9b: 100% ▕██████████████████▏  562 B                         [K
verifying sha256 digest ⠏ [K[?25h[?2026l[?2026h[?25l[A[A[A[A[A[A[A[1Gpulling manifest [K
pulling 4824460d29f2: 100% ▕██████████████████▏  42 GB                         [K
pulling 948af2743fc7: 100% ▕██████████████████▏ 1.5 KB                         [K
pulling bc371a43ce90: 100% ▕██████████████████▏ 7.6 KB                         [K
pulling 53a87df39647: 100% ▕██████████████████▏ 5.6 KB                         [K
pulling 56bb8bd477a5: 100% ▕██████████████████▏   96 B                         [K
pulling c7091aa45e9b: 100% ▕██████████████████▏  562 B                         [K
verifying sha256 digest ⠋ [K[?25h[?2026l[?2026h[?25l[A[A[A[A[A[A[A[1Gpulling manifest [K
pulling 4824460d29f2: 100% ▕██████████████████▏  42 GB                         [K
pulling 948af2743fc7: 100% ▕██████████████████▏ 1.5 KB                         [K
pulling bc371a43ce90: 100% ▕██████████████████▏ 7.6 KB                         [K
pulling 53a87df39647: 100% ▕██████████████████▏ 5.6 KB                         [K
pulling 56bb8bd477a5: 100% ▕██████████████████▏   96 B                         [K
pulling c7091aa45e9b: 100% ▕██████████████████▏  562 B                         [K
verifying sha256 digest ⠙ [K[?25h[?2026l[?2026h[?25l[A[A[A[A[A[A[A[1Gpulling manifest [K
pulling 4824460d29f2: 100% ▕██████████████████▏  42 GB                         [K
pulling 948af2743fc7: 100% ▕██████████████████▏ 1.5 KB                         [K
pulling bc371a43ce90: 100% ▕██████████████████▏ 7.6 KB                         [K
pulling 53a87df39647: 100% ▕██████████████████▏ 5.6 KB                         [K
pulling 56bb8bd477a5: 100% ▕██████████████████▏   96 B                         [K
pulling c7091aa45e9b: 100% ▕██████████████████▏  562 B                         [K
verifying sha256 digest ⠹ [K[?25h[?2026l[?2026h[?25l[A[A[A[A[A[A[A[1Gpulling manifest [K
pulling 4824460d29f2: 100% ▕██████████████████▏  42 GB                         [K
pulling 948af2743fc7: 100% ▕██████████████████▏ 1.5 KB                         [K
pulling bc371a43ce90: 100% ▕██████████████████▏ 7.6 KB                         [K
pulling 53a87df39647: 100% ▕██████████████████▏ 5.6 KB                         [K
pulling 56bb8bd477a5: 100% ▕██████████████████▏   96 B                         [K
pulling c7091aa45e9b: 100% ▕██████████████████▏  562 B                         [K
verifying sha256 digest ⠸ [K[?25h[?2026l[?2026h[?25l[A[A[A[A[A[A[A[1Gpulling manifest [K
pulling 4824460d29f2: 100% ▕██████████████████▏  42 GB                         [K
pulling 948af2743fc7: 100% ▕██████████████████▏ 1.5 KB                         [K
pulling bc371a43ce90: 100% ▕██████████████████▏ 7.6 KB                         [K
pulling 53a87df39647: 100% ▕██████████████████▏ 5.6 KB                         [K
pulling 56bb8bd477a5: 100% ▕██████████████████▏   96 B                         [K
pulling c7091aa45e9b: 100% ▕██████████████████▏  562 B                         [K
verifying sha256 digest ⠼ [K[?25h[?2026l[?2026h[?25l[A[A[A[A[A[A[A[1Gpulling manifest [K
pulling 4824460d29f2: 100% ▕██████████████████▏  42 GB                         [K
pulling 948af2743fc7: 100% ▕██████████████████▏ 1.5 KB                         [K
pulling bc371a43ce90: 100% ▕██████████████████▏ 7.6 KB                         [K
pulling 53a87df39647: 100% ▕██████████████████▏ 5.6 KB                         [K
pulling 56bb8bd477a5: 100% ▕██████████████████▏   96 B                         [K
pulling c7091aa45e9b: 100% ▕██████████████████▏  562 B                         [K
verifying sha256 digest ⠴ [K[?25h[?2026l[?2026h[?25l[A[A[A[A[A[A[A[1Gpulling manifest [K
pulling 4824460d29f2: 100% ▕██████████████████▏  42 GB                         [K
pulling 948af2743fc7: 100% ▕██████████████████▏ 1.5 KB                         [K
pulling bc371a43ce90: 100% ▕██████████████████▏ 7.6 KB                         [K
pulling 53a87df39647: 100% ▕██████████████████▏ 5.6 KB                         [K
pulling 56bb8bd477a5: 100% ▕██████████████████▏   96 B                         [K
pulling c7091aa45e9b: 100% ▕██████████████████▏  562 B                         [K
verifying sha256 digest ⠦ [K[?25h[?2026l[?2026h[?25l[A[A[A[A[A[A[A[1Gpulling manifest [K
pulling 4824460d29f2: 100% ▕██████████████████▏  42 GB                         [K
pulling 948af2743fc7: 100% ▕██████████████████▏ 1.5 KB                         [K
pulling bc371a43ce90: 100% ▕██████████████████▏ 7.6 KB                         [K
pulling 53a87df39647: 100% ▕██████████████████▏ 5.6 KB                         [K
pulling 56bb8bd477a5: 100% ▕██████████████████▏   96 B                         [K
pulling c7091aa45e9b: 100% ▕██████████████████▏  562 B                         [K
verifying sha256 digest ⠧ [K[?25h[?2026l[?2026h[?25l[A[A[A[A[A[A[A[1Gpulling manifest [K
pulling 4824460d29f2: 100% ▕██████████████████▏  42 GB                         [K
pulling 948af2743fc7: 100% ▕██████████████████▏ 1.5 KB                         [K
pulling bc371a43ce90: 100% ▕██████████████████▏ 7.6 KB                         [K
pulling 53a87df39647: 100% ▕██████████████████▏ 5.6 KB                         [K
pulling 56bb8bd477a5: 100% ▕██████████████████▏   96 B                         [K
pulling c7091aa45e9b: 100% ▕██████████████████▏  562 B                         [K
verifying sha256 digest ⠇ [K[?25h[?2026l[?2026h[?25l[A[A[A[A[A[A[A[1Gpulling manifest [K
pulling 4824460d29f2: 100% ▕██████████████████▏  42 GB                         [K
pulling 948af2743fc7: 100% ▕██████████████████▏ 1.5 KB                         [K
pulling bc371a43ce90: 100% ▕██████████████████▏ 7.6 KB                         [K
pulling 53a87df39647: 100% ▕██████████████████▏ 5.6 KB                         [K
pulling 56bb8bd477a5: 100% ▕██████████████████▏   96 B                         [K
pulling c7091aa45e9b: 100% ▕██████████████████▏  562 B                         [K
verifying sha256 digest ⠏ [K[?25h[?2026l[?2026h[?25l[A[A[A[A[A[A[A[1Gpulling manifest [K
pulling 4824460d29f2: 100% ▕██████████████████▏  42 GB                         [K
pulling 948af2743fc7: 100% ▕██████████████████▏ 1.5 KB                         [K
pulling bc371a43ce90: 100% ▕██████████████████▏ 7.6 KB                         [K
pulling 53a87df39647: 100% ▕██████████████████▏ 5.6 KB                         [K
pulling 56bb8bd477a5: 100% ▕██████████████████▏   96 B                         [K
pulling c7091aa45e9b: 100% ▕██████████████████▏  562 B                         [K
verifying sha256 digest ⠋ [K[?25h[?2026l[?2026h[?25l[A[A[A[A[A[A[A[1Gpulling manifest [K
pulling 4824460d29f2: 100% ▕██████████████████▏  42 GB                         [K
pulling 948af2743fc7: 100% ▕██████████████████▏ 1.5 KB                         [K
pulling bc371a43ce90: 100% ▕██████████████████▏ 7.6 KB                         [K
pulling 53a87df39647: 100% ▕██████████████████▏ 5.6 KB                         [K
pulling 56bb8bd477a5: 100% ▕██████████████████▏   96 B                         [K
pulling c7091aa45e9b: 100% ▕██████████████████▏  562 B                         [K
verifying sha256 digest ⠙ [K[?25h[?2026l[?2026h[?25l[A[A[A[A[A[A[A[1Gpulling manifest [K
pulling 4824460d29f2: 100% ▕██████████████████▏  42 GB                         [K
pulling 948af2743fc7: 100% ▕██████████████████▏ 1.5 KB                         [K
pulling bc371a43ce90: 100% ▕██████████████████▏ 7.6 KB                         [K
pulling 53a87df39647: 100% ▕██████████████████▏ 5.6 KB                         [K
pulling 56bb8bd477a5: 100% ▕██████████████████▏   96 B                         [K
pulling c7091aa45e9b: 100% ▕██████████████████▏  562 B                         [K
verifying sha256 digest ⠹ [K[?25h[?2026l[?2026h[?25l[A[A[A[A[A[A[A[1Gpulling manifest [K
pulling 4824460d29f2: 100% ▕██████████████████▏  42 GB                         [K
pulling 948af2743fc7: 100% ▕██████████████████▏ 1.5 KB                         [K
pulling bc371a43ce90: 100% ▕██████████████████▏ 7.6 KB                         [K
pulling 53a87df39647: 100% ▕██████████████████▏ 5.6 KB                         [K
pulling 56bb8bd477a5: 100% ▕██████████████████▏   96 B                         [K
pulling c7091aa45e9b: 100% ▕██████████████████▏  562 B                         [K
verifying sha256 digest ⠸ [K[?25h[?2026l[?2026h[?25l[A[A[A[A[A[A[A[1Gpulling manifest [K
pulling 4824460d29f2: 100% ▕██████████████████▏  42 GB                         [K
pulling 948af2743fc7: 100% ▕██████████████████▏ 1.5 KB                         [K
pulling bc371a43ce90: 100% ▕██████████████████▏ 7.6 KB                         [K
pulling 53a87df39647: 100% ▕██████████████████▏ 5.6 KB                         [K
pulling 56bb8bd477a5: 100% ▕██████████████████▏   96 B                         [K
pulling c7091aa45e9b: 100% ▕██████████████████▏  562 B                         [K
verifying sha256 digest ⠼ [K[?25h[?2026l[?2026h[?25l[A[A[A[A[A[A[A[1Gpulling manifest [K
pulling 4824460d29f2: 100% ▕██████████████████▏  42 GB                         [K
pulling 948af2743fc7: 100% ▕██████████████████▏ 1.5 KB                         [K
pulling bc371a43ce90: 100% ▕██████████████████▏ 7.6 KB                         [K
pulling 53a87df39647: 100% ▕██████████████████▏ 5.6 KB                         [K
pulling 56bb8bd477a5: 100% ▕██████████████████▏   96 B                         [K
pulling c7091aa45e9b: 100% ▕██████████████████▏  562 B                         [K
verifying sha256 digest ⠴ [K[?25h[?2026l[?2026h[?25l[A[A[A[A[A[A[A[1Gpulling manifest [K
pulling 4824460d29f2: 100% ▕██████████████████▏  42 GB                         [K
pulling 948af2743fc7: 100% ▕██████████████████▏ 1.5 KB                         [K
pulling bc371a43ce90: 100% ▕██████████████████▏ 7.6 KB                         [K
pulling 53a87df39647: 100% ▕██████████████████▏ 5.6 KB                         [K
pulling 56bb8bd477a5: 100% ▕██████████████████▏   96 B                         [K
pulling c7091aa45e9b: 100% ▕██████████████████▏  562 B                         [K
verifying sha256 digest ⠦ [K[?25h[?2026l[?2026h[?25l[A[A[A[A[A[A[A[1Gpulling manifest [K
pulling 4824460d29f2: 100% ▕██████████████████▏  42 GB                         [K
pulling 948af2743fc7: 100% ▕██████████████████▏ 1.5 KB                         [K
pulling bc371a43ce90: 100% ▕██████████████████▏ 7.6 KB                         [K
pulling 53a87df39647: 100% ▕██████████████████▏ 5.6 KB                         [K
pulling 56bb8bd477a5: 100% ▕██████████████████▏   96 B                         [K
pulling c7091aa45e9b: 100% ▕██████████████████▏  562 B                         [K
verifying sha256 digest ⠧ [K[?25h[?2026l[?2026h[?25l[A[A[A[A[A[A[A[1Gpulling manifest [K
pulling 4824460d29f2: 100% ▕██████████████████▏  42 GB                         [K
pulling 948af2743fc7: 100% ▕██████████████████▏ 1.5 KB                         [K
pulling bc371a43ce90: 100% ▕██████████████████▏ 7.6 KB                         [K
pulling 53a87df39647: 100% ▕██████████████████▏ 5.6 KB                         [K
pulling 56bb8bd477a5: 100% ▕██████████████████▏   96 B                         [K
pulling c7091aa45e9b: 100% ▕██████████████████▏  562 B                         [K
verifying sha256 digest ⠇ [K[?25h[?2026l[?2026h[?25l[A[A[A[A[A[A[A[1Gpulling manifest [K
pulling 4824460d29f2: 100% ▕██████████████████▏  42 GB                         [K
pulling 948af2743fc7: 100% ▕██████████████████▏ 1.5 KB                         [K
pulling bc371a43ce90: 100% ▕██████████████████▏ 7.6 KB                         [K
pulling 53a87df39647: 100% ▕██████████████████▏ 5.6 KB                         [K
pulling 56bb8bd477a5: 100% ▕██████████████████▏   96 B                         [K
pulling c7091aa45e9b: 100% ▕██████████████████▏  562 B                         [K
verifying sha256 digest ⠏ [K[?25h[?2026l[?2026h[?25l[A[A[A[A[A[A[A[1Gpulling manifest [K
pulling 4824460d29f2: 100% ▕██████████████████▏  42 GB                         [K
pulling 948af2743fc7: 100% ▕██████████████████▏ 1.5 KB                         [K
pulling bc371a43ce90: 100% ▕██████████████████▏ 7.6 KB                         [K
pulling 53a87df39647: 100% ▕██████████████████▏ 5.6 KB                         [K
pulling 56bb8bd477a5: 100% ▕██████████████████▏   96 B                         [K
pulling c7091aa45e9b: 100% ▕██████████████████▏  562 B                         [K
verifying sha256 digest ⠋ [K[?25h[?2026l[?2026h[?25l[A[A[A[A[A[A[A[1Gpulling manifest [K
pulling 4824460d29f2: 100% ▕██████████████████▏  42 GB                         [K
pulling 948af2743fc7: 100% ▕██████████████████▏ 1.5 KB                         [K
pulling bc371a43ce90: 100% ▕██████████████████▏ 7.6 KB                         [K
pulling 53a87df39647: 100% ▕██████████████████▏ 5.6 KB                         [K
pulling 56bb8bd477a5: 100% ▕██████████████████▏   96 B                         [K
pulling c7091aa45e9b: 100% ▕██████████████████▏  562 B                         [K
verifying sha256 digest ⠙ [K[?25h[?2026l[?2026h[?25l[A[A[A[A[A[A[A[1Gpulling manifest [K
pulling 4824460d29f2: 100% ▕██████████████████▏  42 GB                         [K
pulling 948af2743fc7: 100% ▕██████████████████▏ 1.5 KB                         [K
pulling bc371a43ce90: 100% ▕██████████████████▏ 7.6 KB                         [K
pulling 53a87df39647: 100% ▕██████████████████▏ 5.6 KB                         [K
pulling 56bb8bd477a5: 100% ▕██████████████████▏   96 B                         [K
pulling c7091aa45e9b: 100% ▕██████████████████▏  562 B                         [K
verifying sha256 digest ⠹ [K[?25h[?2026l[?2026h[?25l[A[A[A[A[A[A[A[1Gpulling manifest [K
pulling 4824460d29f2: 100% ▕██████████████████▏  42 GB                         [K
pulling 948af2743fc7: 100% ▕██████████████████▏ 1.5 KB                         [K
pulling bc371a43ce90: 100% ▕██████████████████▏ 7.6 KB                         [K
pulling 53a87df39647: 100% ▕██████████████████▏ 5.6 KB                         [K
pulling 56bb8bd477a5: 100% ▕██████████████████▏   96 B                         [K
pulling c7091aa45e9b: 100% ▕██████████████████▏  562 B                         [K
verifying sha256 digest ⠸ [K[?25h[?2026l[?2026h[?25l[A[A[A[A[A[A[A[1Gpulling manifest [K
pulling 4824460d29f2: 100% ▕██████████████████▏  42 GB                         [K
pulling 948af2743fc7: 100% ▕██████████████████▏ 1.5 KB                         [K
pulling bc371a43ce90: 100% ▕██████████████████▏ 7.6 KB                         [K
pulling 53a87df39647: 100% ▕██████████████████▏ 5.6 KB                         [K
pulling 56bb8bd477a5: 100% ▕██████████████████▏   96 B                         [K
pulling c7091aa45e9b: 100% ▕██████████████████▏  562 B                         [K
verifying sha256 digest ⠼ [K[?25h[?2026l[?2026h[?25l[A[A[A[A[A[A[A[1Gpulling manifest [K
pulling 4824460d29f2: 100% ▕██████████████████▏  42 GB                         [K
pulling 948af2743fc7: 100% ▕██████████████████▏ 1.5 KB                         [K
pulling bc371a43ce90: 100% ▕██████████████████▏ 7.6 KB                         [K
pulling 53a87df39647: 100% ▕██████████████████▏ 5.6 KB                         [K
pulling 56bb8bd477a5: 100% ▕██████████████████▏   96 B                         [K
pulling c7091aa45e9b: 100% ▕██████████████████▏  562 B                         [K
verifying sha256 digest ⠴ [K[?25h[?2026l[?2026h[?25l[A[A[A[A[A[A[A[1Gpulling manifest [K
pulling 4824460d29f2: 100% ▕██████████████████▏  42 GB                         [K
pulling 948af2743fc7: 100% ▕██████████████████▏ 1.5 KB                         [K
pulling bc371a43ce90: 100% ▕██████████████████▏ 7.6 KB                         [K
pulling 53a87df39647: 100% ▕██████████████████▏ 5.6 KB                         [K
pulling 56bb8bd477a5: 100% ▕██████████████████▏   96 B                         [K
pulling c7091aa45e9b: 100% ▕██████████████████▏  562 B                         [K
verifying sha256 digest ⠦ [K[?25h[?2026l[?2026h[?25l[A[A[A[A[A[A[A[1Gpulling manifest [K
pulling 4824460d29f2: 100% ▕██████████████████▏  42 GB                         [K
pulling 948af2743fc7: 100% ▕██████████████████▏ 1.5 KB                         [K
pulling bc371a43ce90: 100% ▕██████████████████▏ 7.6 KB                         [K
pulling 53a87df39647: 100% ▕██████████████████▏ 5.6 KB                         [K
pulling 56bb8bd477a5: 100% ▕██████████████████▏   96 B                         [K
pulling c7091aa45e9b: 100% ▕██████████████████▏  562 B                         [K
verifying sha256 digest ⠧ [K[?25h[?2026l[?2026h[?25l[A[A[A[A[A[A[A[1Gpulling manifest [K
pulling 4824460d29f2: 100% ▕██████████████████▏  42 GB                         [K
pulling 948af2743fc7: 100% ▕██████████████████▏ 1.5 KB                         [K
pulling bc371a43ce90: 100% ▕██████████████████▏ 7.6 KB                         [K
pulling 53a87df39647: 100% ▕██████████████████▏ 5.6 KB                         [K
pulling 56bb8bd477a5: 100% ▕██████████████████▏   96 B                         [K
pulling c7091aa45e9b: 100% ▕██████████████████▏  562 B                         [K
verifying sha256 digest ⠇ [K[?25h[?2026l[?2026h[?25l[A[A[A[A[A[A[A[1Gpulling manifest [K
pulling 4824460d29f2: 100% ▕██████████████████▏  42 GB                         [K
pulling 948af2743fc7: 100% ▕██████████████████▏ 1.5 KB                         [K
pulling bc371a43ce90: 100% ▕██████████████████▏ 7.6 KB                         [K
pulling 53a87df39647: 100% ▕██████████████████▏ 5.6 KB                         [K
pulling 56bb8bd477a5: 100% ▕██████████████████▏   96 B                         [K
pulling c7091aa45e9b: 100% ▕██████████████████▏  562 B                         [K
verifying sha256 digest ⠏ [K[?25h[?2026l[?2026h[?25l[A[A[A[A[A[A[A[1Gpulling manifest [K
pulling 4824460d29f2: 100% ▕██████████████████▏  42 GB                         [K
pulling 948af2743fc7: 100% ▕██████████████████▏ 1.5 KB                         [K
pulling bc371a43ce90: 100% ▕██████████████████▏ 7.6 KB                         [K
pulling 53a87df39647: 100% ▕██████████████████▏ 5.6 KB                         [K
pulling 56bb8bd477a5: 100% ▕██████████████████▏   96 B                         [K
pulling c7091aa45e9b: 100% ▕██████████████████▏  562 B                         [K
verifying sha256 digest ⠋ [K[?25h[?2026l[?2026h[?25l[A[A[A[A[A[A[A[1Gpulling manifest [K
pulling 4824460d29f2: 100% ▕██████████████████▏  42 GB                         [K
pulling 948af2743fc7: 100% ▕██████████████████▏ 1.5 KB                         [K
pulling bc371a43ce90: 100% ▕██████████████████▏ 7.6 KB                         [K
pulling 53a87df39647: 100% ▕██████████████████▏ 5.6 KB                         [K
pulling 56bb8bd477a5: 100% ▕██████████████████▏   96 B                         [K
pulling c7091aa45e9b: 100% ▕██████████████████▏  562 B                         [K
verifying sha256 digest ⠙ [K[?25h[?2026l[?2026h[?25l[A[A[A[A[A[A[A[1Gpulling manifest [K
pulling 4824460d29f2: 100% ▕██████████████████▏  42 GB                         [K
pulling 948af2743fc7: 100% ▕██████████████████▏ 1.5 KB                         [K
pulling bc371a43ce90: 100% ▕██████████████████▏ 7.6 KB                         [K
pulling 53a87df39647: 100% ▕██████████████████▏ 5.6 KB                         [K
pulling 56bb8bd477a5: 100% ▕██████████████████▏   96 B                         [K
pulling c7091aa45e9b: 100% ▕██████████████████▏  562 B                         [K
verifying sha256 digest ⠹ [K[?25h[?2026l[?2026h[?25l[A[A[A[A[A[A[A[1Gpulling manifest [K
pulling 4824460d29f2: 100% ▕██████████████████▏  42 GB                         [K
pulling 948af2743fc7: 100% ▕██████████████████▏ 1.5 KB                         [K
pulling bc371a43ce90: 100% ▕██████████████████▏ 7.6 KB                         [K
pulling 53a87df39647: 100% ▕██████████████████▏ 5.6 KB                         [K
pulling 56bb8bd477a5: 100% ▕██████████████████▏   96 B                         [K
pulling c7091aa45e9b: 100% ▕██████████████████▏  562 B                         [K
verifying sha256 digest ⠸ [K[?25h[?2026l[?2026h[?25l[A[A[A[A[A[A[A[1Gpulling manifest [K
pulling 4824460d29f2: 100% ▕██████████████████▏  42 GB                         [K
pulling 948af2743fc7: 100% ▕██████████████████▏ 1.5 KB                         [K
pulling bc371a43ce90: 100% ▕██████████████████▏ 7.6 KB                         [K
pulling 53a87df39647: 100% ▕██████████████████▏ 5.6 KB                         [K
pulling 56bb8bd477a5: 100% ▕██████████████████▏   96 B                         [K
pulling c7091aa45e9b: 100% ▕██████████████████▏  562 B                         [K
verifying sha256 digest ⠼ [K[?25h[?2026l[?2026h[?25l[A[A[A[A[A[A[A[1Gpulling manifest [K
pulling 4824460d29f2: 100% ▕██████████████████▏  42 GB                         [K
pulling 948af2743fc7: 100% ▕██████████████████▏ 1.5 KB                         [K
pulling bc371a43ce90: 100% ▕██████████████████▏ 7.6 KB                         [K
pulling 53a87df39647: 100% ▕██████████████████▏ 5.6 KB                         [K
pulling 56bb8bd477a5: 100% ▕██████████████████▏   96 B                         [K
pulling c7091aa45e9b: 100% ▕██████████████████▏  562 B                         [K
verifying sha256 digest ⠴ [K[?25h[?2026l[?2026h[?25l[A[A[A[A[A[A[A[1Gpulling manifest [K
pulling 4824460d29f2: 100% ▕██████████████████▏  42 GB                         [K
pulling 948af2743fc7: 100% ▕██████████████████▏ 1.5 KB                         [K
pulling bc371a43ce90: 100% ▕██████████████████▏ 7.6 KB                         [K
pulling 53a87df39647: 100% ▕██████████████████▏ 5.6 KB                         [K
pulling 56bb8bd477a5: 100% ▕██████████████████▏   96 B                         [K
pulling c7091aa45e9b: 100% ▕██████████████████▏  562 B                         [K
verifying sha256 digest ⠦ [K[?25h[?2026l[?2026h[?25l[A[A[A[A[A[A[A[1Gpulling manifest [K
pulling 4824460d29f2: 100% ▕██████████████████▏  42 GB                         [K
pulling 948af2743fc7: 100% ▕██████████████████▏ 1.5 KB                         [K
pulling bc371a43ce90: 100% ▕██████████████████▏ 7.6 KB                         [K
pulling 53a87df39647: 100% ▕██████████████████▏ 5.6 KB                         [K
pulling 56bb8bd477a5: 100% ▕██████████████████▏   96 B                         [K
pulling c7091aa45e9b: 100% ▕██████████████████▏  562 B                         [K
verifying sha256 digest ⠧ [K[?25h[?2026l[?2026h[?25l[A[A[A[A[A[A[A[1Gpulling manifest [K
pulling 4824460d29f2: 100% ▕██████████████████▏  42 GB                         [K
pulling 948af2743fc7: 100% ▕██████████████████▏ 1.5 KB                         [K
pulling bc371a43ce90: 100% ▕██████████████████▏ 7.6 KB                         [K
pulling 53a87df39647: 100% ▕██████████████████▏ 5.6 KB                         [K
pulling 56bb8bd477a5: 100% ▕██████████████████▏   96 B                         [K
pulling c7091aa45e9b: 100% ▕██████████████████▏  562 B                         [K
verifying sha256 digest ⠇ [K[?25h[?2026l[?2026h[?25l[A[A[A[A[A[A[A[1Gpulling manifest [K
pulling 4824460d29f2: 100% ▕██████████████████▏  42 GB                         [K
pulling 948af2743fc7: 100% ▕██████████████████▏ 1.5 KB                         [K
pulling bc371a43ce90: 100% ▕██████████████████▏ 7.6 KB                         [K
pulling 53a87df39647: 100% ▕██████████████████▏ 5.6 KB                         [K
pulling 56bb8bd477a5: 100% ▕██████████████████▏   96 B                         [K
pulling c7091aa45e9b: 100% ▕██████████████████▏  562 B                         [K
verifying sha256 digest ⠏ [K[?25h[?2026l[?2026h[?25l[A[A[A[A[A[A[A[1Gpulling manifest [K
pulling 4824460d29f2: 100% ▕██████████████████▏  42 GB                         [K
pulling 948af2743fc7: 100% ▕██████████████████▏ 1.5 KB                         [K
pulling bc371a43ce90: 100% ▕██████████████████▏ 7.6 KB                         [K
pulling 53a87df39647: 100% ▕██████████████████▏ 5.6 KB                         [K
pulling 56bb8bd477a5: 100% ▕██████████████████▏   96 B                         [K
pulling c7091aa45e9b: 100% ▕██████████████████▏  562 B                         [K
verifying sha256 digest ⠋ [K[?25h[?2026l[?2026h[?25l[A[A[A[A[A[A[A[1Gpulling manifest [K
pulling 4824460d29f2: 100% ▕██████████████████▏  42 GB                         [K
pulling 948af2743fc7: 100% ▕██████████████████▏ 1.5 KB                         [K
pulling bc371a43ce90: 100% ▕██████████████████▏ 7.6 KB                         [K
pulling 53a87df39647: 100% ▕██████████████████▏ 5.6 KB                         [K
pulling 56bb8bd477a5: 100% ▕██████████████████▏   96 B                         [K
pulling c7091aa45e9b: 100% ▕██████████████████▏  562 B                         [K
verifying sha256 digest ⠙ [K[?25h[?2026l[?2026h[?25l[A[A[A[A[A[A[A[1Gpulling manifest [K
pulling 4824460d29f2: 100% ▕██████████████████▏  42 GB                         [K
pulling 948af2743fc7: 100% ▕██████████████████▏ 1.5 KB                         [K
pulling bc371a43ce90: 100% ▕██████████████████▏ 7.6 KB                         [K
pulling 53a87df39647: 100% ▕██████████████████▏ 5.6 KB                         [K
pulling 56bb8bd477a5: 100% ▕██████████████████▏   96 B                         [K
pulling c7091aa45e9b: 100% ▕██████████████████▏  562 B                         [K
verifying sha256 digest ⠹ [K[?25h[?2026l[?2026h[?25l[A[A[A[A[A[A[A[1Gpulling manifest [K
pulling 4824460d29f2: 100% ▕██████████████████▏  42 GB                         [K
pulling 948af2743fc7: 100% ▕██████████████████▏ 1.5 KB                         [K
pulling bc371a43ce90: 100% ▕██████████████████▏ 7.6 KB                         [K
pulling 53a87df39647: 100% ▕██████████████████▏ 5.6 KB                         [K
pulling 56bb8bd477a5: 100% ▕██████████████████▏   96 B                         [K
pulling c7091aa45e9b: 100% ▕██████████████████▏  562 B                         [K
verifying sha256 digest ⠸ [K[?25h[?2026l[?2026h[?25l[A[A[A[A[A[A[A[1Gpulling manifest [K
pulling 4824460d29f2: 100% ▕██████████████████▏  42 GB                         [K
pulling 948af2743fc7: 100% ▕██████████████████▏ 1.5 KB                         [K
pulling bc371a43ce90: 100% ▕██████████████████▏ 7.6 KB                         [K
pulling 53a87df39647: 100% ▕██████████████████▏ 5.6 KB                         [K
pulling 56bb8bd477a5: 100% ▕██████████████████▏   96 B                         [K
pulling c7091aa45e9b: 100% ▕██████████████████▏  562 B                         [K
verifying sha256 digest ⠼ [K[?25h[?2026l[?2026h[?25l[A[A[A[A[A[A[A[1Gpulling manifest [K
pulling 4824460d29f2: 100% ▕██████████████████▏  42 GB                         [K
pulling 948af2743fc7: 100% ▕██████████████████▏ 1.5 KB                         [K
pulling bc371a43ce90: 100% ▕██████████████████▏ 7.6 KB                         [K
pulling 53a87df39647: 100% ▕██████████████████▏ 5.6 KB                         [K
pulling 56bb8bd477a5: 100% ▕██████████████████▏   96 B                         [K
pulling c7091aa45e9b: 100% ▕██████████████████▏  562 B                         [K
verifying sha256 digest ⠴ [K[?25h[?2026l[?2026h[?25l[A[A[A[A[A[A[A[1Gpulling manifest [K
pulling 4824460d29f2: 100% ▕██████████████████▏  42 GB                         [K
pulling 948af2743fc7: 100% ▕██████████████████▏ 1.5 KB                         [K
pulling bc371a43ce90: 100% ▕██████████████████▏ 7.6 KB                         [K
pulling 53a87df39647: 100% ▕██████████████████▏ 5.6 KB                         [K
pulling 56bb8bd477a5: 100% ▕██████████████████▏   96 B                         [K
pulling c7091aa45e9b: 100% ▕██████████████████▏  562 B                         [K
verifying sha256 digest ⠦ [K[?25h[?2026l[?2026h[?25l[A[A[A[A[A[A[A[1Gpulling manifest [K
pulling 4824460d29f2: 100% ▕██████████████████▏  42 GB                         [K
pulling 948af2743fc7: 100% ▕██████████████████▏ 1.5 KB                         [K
pulling bc371a43ce90: 100% ▕██████████████████▏ 7.6 KB                         [K
pulling 53a87df39647: 100% ▕██████████████████▏ 5.6 KB                         [K
pulling 56bb8bd477a5: 100% ▕██████████████████▏   96 B                         [K
pulling c7091aa45e9b: 100% ▕██████████████████▏  562 B                         [K
verifying sha256 digest ⠧ [K[?25h[?2026l[?2026h[?25l[A[A[A[A[A[A[A[1Gpulling manifest [K
pulling 4824460d29f2: 100% ▕██████████████████▏  42 GB                         [K
pulling 948af2743fc7: 100% ▕██████████████████▏ 1.5 KB                         [K
pulling bc371a43ce90: 100% ▕██████████████████▏ 7.6 KB                         [K
pulling 53a87df39647: 100% ▕██████████████████▏ 5.6 KB                         [K
pulling 56bb8bd477a5: 100% ▕██████████████████▏   96 B                         [K
pulling c7091aa45e9b: 100% ▕██████████████████▏  562 B                         [K
verifying sha256 digest ⠇ [K[?25h[?2026l[?2026h[?25l[A[A[A[A[A[A[A[1Gpulling manifest [K
pulling 4824460d29f2: 100% ▕██████████████████▏  42 GB                         [K
pulling 948af2743fc7: 100% ▕██████████████████▏ 1.5 KB                         [K
pulling bc371a43ce90: 100% ▕██████████████████▏ 7.6 KB                         [K
pulling 53a87df39647: 100% ▕██████████████████▏ 5.6 KB                         [K
pulling 56bb8bd477a5: 100% ▕██████████████████▏   96 B                         [K
pulling c7091aa45e9b: 100% ▕██████████████████▏  562 B                         [K
verifying sha256 digest ⠏ [K[?25h[?2026l[?2026h[?25l[A[A[A[A[A[A[A[1Gpulling manifest [K
pulling 4824460d29f2: 100% ▕██████████████████▏  42 GB                         [K
pulling 948af2743fc7: 100% ▕██████████████████▏ 1.5 KB                         [K
pulling bc371a43ce90: 100% ▕██████████████████▏ 7.6 KB                         [K
pulling 53a87df39647: 100% ▕██████████████████▏ 5.6 KB                         [K
pulling 56bb8bd477a5: 100% ▕██████████████████▏   96 B                         [K
pulling c7091aa45e9b: 100% ▕██████████████████▏  562 B                         [K
verifying sha256 digest ⠋ [K[?25h[?2026l[?2026h[?25l[A[A[A[A[A[A[A[1Gpulling manifest [K
pulling 4824460d29f2: 100% ▕██████████████████▏  42 GB                         [K
pulling 948af2743fc7: 100% ▕██████████████████▏ 1.5 KB                         [K
pulling bc371a43ce90: 100% ▕██████████████████▏ 7.6 KB                         [K
pulling 53a87df39647: 100% ▕██████████████████▏ 5.6 KB                         [K
pulling 56bb8bd477a5: 100% ▕██████████████████▏   96 B                         [K
pulling c7091aa45e9b: 100% ▕██████████████████▏  562 B                         [K
verifying sha256 digest ⠙ [K[?25h[?2026l[?2026h[?25l[A[A[A[A[A[A[A[1Gpulling manifest [K
pulling 4824460d29f2: 100% ▕██████████████████▏  42 GB                         [K
pulling 948af2743fc7: 100% ▕██████████████████▏ 1.5 KB                         [K
pulling bc371a43ce90: 100% ▕██████████████████▏ 7.6 KB                         [K
pulling 53a87df39647: 100% ▕██████████████████▏ 5.6 KB                         [K
pulling 56bb8bd477a5: 100% ▕██████████████████▏   96 B                         [K
pulling c7091aa45e9b: 100% ▕██████████████████▏  562 B                         [K
verifying sha256 digest ⠹ [K[?25h[?2026l[?2026h[?25l[A[A[A[A[A[A[A[1Gpulling manifest [K
pulling 4824460d29f2: 100% ▕██████████████████▏  42 GB                         [K
pulling 948af2743fc7: 100% ▕██████████████████▏ 1.5 KB                         [K
pulling bc371a43ce90: 100% ▕██████████████████▏ 7.6 KB                         [K
pulling 53a87df39647: 100% ▕██████████████████▏ 5.6 KB                         [K
pulling 56bb8bd477a5: 100% ▕██████████████████▏   96 B                         [K
pulling c7091aa45e9b: 100% ▕██████████████████▏  562 B                         [K
verifying sha256 digest ⠸ [K[?25h[?2026l[?2026h[?25l[A[A[A[A[A[A[A[1Gpulling manifest [K
pulling 4824460d29f2: 100% ▕██████████████████▏  42 GB                         [K
pulling 948af2743fc7: 100% ▕██████████████████▏ 1.5 KB                         [K
pulling bc371a43ce90: 100% ▕██████████████████▏ 7.6 KB                         [K
pulling 53a87df39647: 100% ▕██████████████████▏ 5.6 KB                         [K
pulling 56bb8bd477a5: 100% ▕██████████████████▏   96 B                         [K
pulling c7091aa45e9b: 100% ▕██████████████████▏  562 B                         [K
verifying sha256 digest ⠼ [K[?25h[?2026l[?2026h[?25l[A[A[A[A[A[A[A[1Gpulling manifest [K
pulling 4824460d29f2: 100% ▕██████████████████▏  42 GB                         [K
pulling 948af2743fc7: 100% ▕██████████████████▏ 1.5 KB                         [K
pulling bc371a43ce90: 100% ▕██████████████████▏ 7.6 KB                         [K
pulling 53a87df39647: 100% ▕██████████████████▏ 5.6 KB                         [K
pulling 56bb8bd477a5: 100% ▕██████████████████▏   96 B                         [K
pulling c7091aa45e9b: 100% ▕██████████████████▏  562 B                         [K
verifying sha256 digest ⠴ [K[?25h[?2026l[?2026h[?25l[A[A[A[A[A[A[A[1Gpulling manifest [K
pulling 4824460d29f2: 100% ▕██████████████████▏  42 GB                         [K
pulling 948af2743fc7: 100% ▕██████████████████▏ 1.5 KB                         [K
pulling bc371a43ce90: 100% ▕██████████████████▏ 7.6 KB                         [K
pulling 53a87df39647: 100% ▕██████████████████▏ 5.6 KB                         [K
pulling 56bb8bd477a5: 100% ▕██████████████████▏   96 B                         [K
pulling c7091aa45e9b: 100% ▕██████████████████▏  562 B                         [K
verifying sha256 digest ⠦ [K[?25h[?2026l[?2026h[?25l[A[A[A[A[A[A[A[1Gpulling manifest [K
pulling 4824460d29f2: 100% ▕██████████████████▏  42 GB                         [K
pulling 948af2743fc7: 100% ▕██████████████████▏ 1.5 KB                         [K
pulling bc371a43ce90: 100% ▕██████████████████▏ 7.6 KB                         [K
pulling 53a87df39647: 100% ▕██████████████████▏ 5.6 KB                         [K
pulling 56bb8bd477a5: 100% ▕██████████████████▏   96 B                         [K
pulling c7091aa45e9b: 100% ▕██████████████████▏  562 B                         [K
verifying sha256 digest ⠧ [K[?25h[?2026l[?2026h[?25l[A[A[A[A[A[A[A[1Gpulling manifest [K
pulling 4824460d29f2: 100% ▕██████████████████▏  42 GB                         [K
pulling 948af2743fc7: 100% ▕██████████████████▏ 1.5 KB                         [K
pulling bc371a43ce90: 100% ▕██████████████████▏ 7.6 KB                         [K
pulling 53a87df39647: 100% ▕██████████████████▏ 5.6 KB                         [K
pulling 56bb8bd477a5: 100% ▕██████████████████▏   96 B                         [K
pulling c7091aa45e9b: 100% ▕██████████████████▏  562 B                         [K
verifying sha256 digest ⠇ [K[?25h[?2026l[?2026h[?25l[A[A[A[A[A[A[A[1Gpulling manifest [K
pulling 4824460d29f2: 100% ▕██████████████████▏  42 GB                         [K
pulling 948af2743fc7: 100% ▕██████████████████▏ 1.5 KB                         [K
pulling bc371a43ce90: 100% ▕██████████████████▏ 7.6 KB                         [K
pulling 53a87df39647: 100% ▕██████████████████▏ 5.6 KB                         [K
pulling 56bb8bd477a5: 100% ▕██████████████████▏   96 B                         [K
pulling c7091aa45e9b: 100% ▕██████████████████▏  562 B                         [K
verifying sha256 digest ⠏ [K[?25h[?2026l[?2026h[?25l[A[A[A[A[A[A[A[1Gpulling manifest [K
pulling 4824460d29f2: 100% ▕██████████████████▏  42 GB                         [K
pulling 948af2743fc7: 100% ▕██████████████████▏ 1.5 KB                         [K
pulling bc371a43ce90: 100% ▕██████████████████▏ 7.6 KB                         [K
pulling 53a87df39647: 100% ▕██████████████████▏ 5.6 KB                         [K
pulling 56bb8bd477a5: 100% ▕██████████████████▏   96 B                         [K
pulling c7091aa45e9b: 100% ▕██████████████████▏  562 B                         [K
verifying sha256 digest ⠋ [K[?25h[?2026l[?2026h[?25l[A[A[A[A[A[A[A[1Gpulling manifest [K
pulling 4824460d29f2: 100% ▕██████████████████▏  42 GB                         [K
pulling 948af2743fc7: 100% ▕██████████████████▏ 1.5 KB                         [K
pulling bc371a43ce90: 100% ▕██████████████████▏ 7.6 KB                         [K
pulling 53a87df39647: 100% ▕██████████████████▏ 5.6 KB                         [K
pulling 56bb8bd477a5: 100% ▕██████████████████▏   96 B                         [K
pulling c7091aa45e9b: 100% ▕██████████████████▏  562 B                         [K
verifying sha256 digest ⠙ [K[?25h[?2026l[?2026h[?25l[A[A[A[A[A[A[A[1Gpulling manifest [K
pulling 4824460d29f2: 100% ▕██████████████████▏  42 GB                         [K
pulling 948af2743fc7: 100% ▕██████████████████▏ 1.5 KB                         [K
pulling bc371a43ce90: 100% ▕██████████████████▏ 7.6 KB                         [K
pulling 53a87df39647: 100% ▕██████████████████▏ 5.6 KB                         [K
pulling 56bb8bd477a5: 100% ▕██████████████████▏   96 B                         [K
pulling c7091aa45e9b: 100% ▕██████████████████▏  562 B                         [K
verifying sha256 digest ⠹ [K[?25h[?2026l[?2026h[?25l[A[A[A[A[A[A[A[1Gpulling manifest [K
pulling 4824460d29f2: 100% ▕██████████████████▏  42 GB                         [K
pulling 948af2743fc7: 100% ▕██████████████████▏ 1.5 KB                         [K
pulling bc371a43ce90: 100% ▕██████████████████▏ 7.6 KB                         [K
pulling 53a87df39647: 100% ▕██████████████████▏ 5.6 KB                         [K
pulling 56bb8bd477a5: 100% ▕██████████████████▏   96 B                         [K
pulling c7091aa45e9b: 100% ▕██████████████████▏  562 B                         [K
verifying sha256 digest ⠸ [K[?25h[?2026l[?2026h[?25l[A[A[A[A[A[A[A[1Gpulling manifest [K
pulling 4824460d29f2: 100% ▕██████████████████▏  42 GB                         [K
pulling 948af2743fc7: 100% ▕██████████████████▏ 1.5 KB                         [K
pulling bc371a43ce90: 100% ▕██████████████████▏ 7.6 KB                         [K
pulling 53a87df39647: 100% ▕██████████████████▏ 5.6 KB                         [K
pulling 56bb8bd477a5: 100% ▕██████████████████▏   96 B                         [K
pulling c7091aa45e9b: 100% ▕██████████████████▏  562 B                         [K
verifying sha256 digest ⠼ [K[?25h[?2026l[?2026h[?25l[A[A[A[A[A[A[A[1Gpulling manifest [K
pulling 4824460d29f2: 100% ▕██████████████████▏  42 GB                         [K
pulling 948af2743fc7: 100% ▕██████████████████▏ 1.5 KB                         [K
pulling bc371a43ce90: 100% ▕██████████████████▏ 7.6 KB                         [K
pulling 53a87df39647: 100% ▕██████████████████▏ 5.6 KB                         [K
pulling 56bb8bd477a5: 100% ▕██████████████████▏   96 B                         [K
pulling c7091aa45e9b: 100% ▕██████████████████▏  562 B                         [K
verifying sha256 digest ⠴ [K[?25h[?2026l[?2026h[?25l[A[A[A[A[A[A[A[1Gpulling manifest [K
pulling 4824460d29f2: 100% ▕██████████████████▏  42 GB                         [K
pulling 948af2743fc7: 100% ▕██████████████████▏ 1.5 KB                         [K
pulling bc371a43ce90: 100% ▕██████████████████▏ 7.6 KB                         [K
pulling 53a87df39647: 100% ▕██████████████████▏ 5.6 KB                         [K
pulling 56bb8bd477a5: 100% ▕██████████████████▏   96 B                         [K
pulling c7091aa45e9b: 100% ▕██████████████████▏  562 B                         [K
verifying sha256 digest ⠦ [K[?25h[?2026l[?2026h[?25l[A[A[A[A[A[A[A[1Gpulling manifest [K
pulling 4824460d29f2: 100% ▕██████████████████▏  42 GB                         [K
pulling 948af2743fc7: 100% ▕██████████████████▏ 1.5 KB                         [K
pulling bc371a43ce90: 100% ▕██████████████████▏ 7.6 KB                         [K
pulling 53a87df39647: 100% ▕██████████████████▏ 5.6 KB                         [K
pulling 56bb8bd477a5: 100% ▕██████████████████▏   96 B                         [K
pulling c7091aa45e9b: 100% ▕██████████████████▏  562 B                         [K
verifying sha256 digest ⠧ [K[?25h[?2026l[?2026h[?25l[A[A[A[A[A[A[A[1Gpulling manifest [K
pulling 4824460d29f2: 100% ▕██████████████████▏  42 GB                         [K
pulling 948af2743fc7: 100% ▕██████████████████▏ 1.5 KB                         [K
pulling bc371a43ce90: 100% ▕██████████████████▏ 7.6 KB                         [K
pulling 53a87df39647: 100% ▕██████████████████▏ 5.6 KB                         [K
pulling 56bb8bd477a5: 100% ▕██████████████████▏   96 B                         [K
pulling c7091aa45e9b: 100% ▕██████████████████▏  562 B                         [K
verifying sha256 digest ⠇ [K[?25h[?2026l[?2026h[?25l[A[A[A[A[A[A[A[1Gpulling manifest [K
pulling 4824460d29f2: 100% ▕██████████████████▏  42 GB                         [K
pulling 948af2743fc7: 100% ▕██████████████████▏ 1.5 KB                         [K
pulling bc371a43ce90: 100% ▕██████████████████▏ 7.6 KB                         [K
pulling 53a87df39647: 100% ▕██████████████████▏ 5.6 KB                         [K
pulling 56bb8bd477a5: 100% ▕██████████████████▏   96 B                         [K
pulling c7091aa45e9b: 100% ▕██████████████████▏  562 B                         [K
verifying sha256 digest ⠏ [K[?25h[?2026l[?2026h[?25l[A[A[A[A[A[A[A[1Gpulling manifest [K
pulling 4824460d29f2: 100% ▕██████████████████▏  42 GB                         [K
pulling 948af2743fc7: 100% ▕██████████████████▏ 1.5 KB                         [K
pulling bc371a43ce90: 100% ▕██████████████████▏ 7.6 KB                         [K
pulling 53a87df39647: 100% ▕██████████████████▏ 5.6 KB                         [K
pulling 56bb8bd477a5: 100% ▕██████████████████▏   96 B                         [K
pulling c7091aa45e9b: 100% ▕██████████████████▏  562 B                         [K
verifying sha256 digest ⠋ [K[?25h[?2026l[?2026h[?25l[A[A[A[A[A[A[A[1Gpulling manifest [K
pulling 4824460d29f2: 100% ▕██████████████████▏  42 GB                         [K
pulling 948af2743fc7: 100% ▕██████████████████▏ 1.5 KB                         [K
pulling bc371a43ce90: 100% ▕██████████████████▏ 7.6 KB                         [K
pulling 53a87df39647: 100% ▕██████████████████▏ 5.6 KB                         [K
pulling 56bb8bd477a5: 100% ▕██████████████████▏   96 B                         [K
pulling c7091aa45e9b: 100% ▕██████████████████▏  562 B                         [K
verifying sha256 digest ⠙ [K[?25h[?2026l[?2026h[?25l[A[A[A[A[A[A[A[1Gpulling manifest [K
pulling 4824460d29f2: 100% ▕██████████████████▏  42 GB                         [K
pulling 948af2743fc7: 100% ▕██████████████████▏ 1.5 KB                         [K
pulling bc371a43ce90: 100% ▕██████████████████▏ 7.6 KB                         [K
pulling 53a87df39647: 100% ▕██████████████████▏ 5.6 KB                         [K
pulling 56bb8bd477a5: 100% ▕██████████████████▏   96 B                         [K
pulling c7091aa45e9b: 100% ▕██████████████████▏  562 B                         [K
verifying sha256 digest ⠹ [K[?25h[?2026l[?2026h[?25l[A[A[A[A[A[A[A[1Gpulling manifest [K
pulling 4824460d29f2: 100% ▕██████████████████▏  42 GB                         [K
pulling 948af2743fc7: 100% ▕██████████████████▏ 1.5 KB                         [K
pulling bc371a43ce90: 100% ▕██████████████████▏ 7.6 KB                         [K
pulling 53a87df39647: 100% ▕██████████████████▏ 5.6 KB                         [K
pulling 56bb8bd477a5: 100% ▕██████████████████▏   96 B                         [K
pulling c7091aa45e9b: 100% ▕██████████████████▏  562 B                         [K
verifying sha256 digest ⠸ [K[?25h[?2026l[?2026h[?25l[A[A[A[A[A[A[A[1Gpulling manifest [K
pulling 4824460d29f2: 100% ▕██████████████████▏  42 GB                         [K
pulling 948af2743fc7: 100% ▕██████████████████▏ 1.5 KB                         [K
pulling bc371a43ce90: 100% ▕██████████████████▏ 7.6 KB                         [K
pulling 53a87df39647: 100% ▕██████████████████▏ 5.6 KB                         [K
pulling 56bb8bd477a5: 100% ▕██████████████████▏   96 B                         [K
pulling c7091aa45e9b: 100% ▕██████████████████▏  562 B                         [K
verifying sha256 digest ⠼ [K[?25h[?2026l[?2026h[?25l[A[A[A[A[A[A[A[1Gpulling manifest [K
pulling 4824460d29f2: 100% ▕██████████████████▏  42 GB                         [K
pulling 948af2743fc7: 100% ▕██████████████████▏ 1.5 KB                         [K
pulling bc371a43ce90: 100% ▕██████████████████▏ 7.6 KB                         [K
pulling 53a87df39647: 100% ▕██████████████████▏ 5.6 KB                         [K
pulling 56bb8bd477a5: 100% ▕██████████████████▏   96 B                         [K
pulling c7091aa45e9b: 100% ▕██████████████████▏  562 B                         [K
verifying sha256 digest ⠴ [K[?25h[?2026l[?2026h[?25l[A[A[A[A[A[A[A[1Gpulling manifest [K
pulling 4824460d29f2: 100% ▕██████████████████▏  42 GB                         [K
pulling 948af2743fc7: 100% ▕██████████████████▏ 1.5 KB                         [K
pulling bc371a43ce90: 100% ▕██████████████████▏ 7.6 KB                         [K
pulling 53a87df39647: 100% ▕██████████████████▏ 5.6 KB                         [K
pulling 56bb8bd477a5: 100% ▕██████████████████▏   96 B                         [K
pulling c7091aa45e9b: 100% ▕██████████████████▏  562 B                         [K
verifying sha256 digest ⠦ [K[?25h[?2026l[?2026h[?25l[A[A[A[A[A[A[A[1Gpulling manifest [K
pulling 4824460d29f2: 100% ▕██████████████████▏  42 GB                         [K
pulling 948af2743fc7: 100% ▕██████████████████▏ 1.5 KB                         [K
pulling bc371a43ce90: 100% ▕██████████████████▏ 7.6 KB                         [K
pulling 53a87df39647: 100% ▕██████████████████▏ 5.6 KB                         [K
pulling 56bb8bd477a5: 100% ▕██████████████████▏   96 B                         [K
pulling c7091aa45e9b: 100% ▕██████████████████▏  562 B                         [K
verifying sha256 digest ⠧ [K[?25h[?2026l[?2026h[?25l[A[A[A[A[A[A[A[1Gpulling manifest [K
pulling 4824460d29f2: 100% ▕██████████████████▏  42 GB                         [K
pulling 948af2743fc7: 100% ▕██████████████████▏ 1.5 KB                         [K
pulling bc371a43ce90: 100% ▕██████████████████▏ 7.6 KB                         [K
pulling 53a87df39647: 100% ▕██████████████████▏ 5.6 KB                         [K
pulling 56bb8bd477a5: 100% ▕██████████████████▏   96 B                         [K
pulling c7091aa45e9b: 100% ▕██████████████████▏  562 B                         [K
verifying sha256 digest ⠇ [K[?25h[?2026l[?2026h[?25l[A[A[A[A[A[A[A[1Gpulling manifest [K
pulling 4824460d29f2: 100% ▕██████████████████▏  42 GB                         [K
pulling 948af2743fc7: 100% ▕██████████████████▏ 1.5 KB                         [K
pulling bc371a43ce90: 100% ▕██████████████████▏ 7.6 KB                         [K
pulling 53a87df39647: 100% ▕██████████████████▏ 5.6 KB                         [K
pulling 56bb8bd477a5: 100% ▕██████████████████▏   96 B                         [K
pulling c7091aa45e9b: 100% ▕██████████████████▏  562 B                         [K
verifying sha256 digest ⠏ [K[?25h[?2026l[?2026h[?25l[A[A[A[A[A[A[A[1Gpulling manifest [K
pulling 4824460d29f2: 100% ▕██████████████████▏  42 GB                         [K
pulling 948af2743fc7: 100% ▕██████████████████▏ 1.5 KB                         [K
pulling bc371a43ce90: 100% ▕██████████████████▏ 7.6 KB                         [K
pulling 53a87df39647: 100% ▕██████████████████▏ 5.6 KB                         [K
pulling 56bb8bd477a5: 100% ▕██████████████████▏   96 B                         [K
pulling c7091aa45e9b: 100% ▕██████████████████▏  562 B                         [K
verifying sha256 digest ⠋ [K[?25h[?2026l[?2026h[?25l[A[A[A[A[A[A[A[1Gpulling manifest [K
pulling 4824460d29f2: 100% ▕██████████████████▏  42 GB                         [K
pulling 948af2743fc7: 100% ▕██████████████████▏ 1.5 KB                         [K
pulling bc371a43ce90: 100% ▕██████████████████▏ 7.6 KB                         [K
pulling 53a87df39647: 100% ▕██████████████████▏ 5.6 KB                         [K
pulling 56bb8bd477a5: 100% ▕██████████████████▏   96 B                         [K
pulling c7091aa45e9b: 100% ▕██████████████████▏  562 B                         [K
verifying sha256 digest ⠙ [K[?25h[?2026l[?2026h[?25l[A[A[A[A[A[A[A[1Gpulling manifest [K
pulling 4824460d29f2: 100% ▕██████████████████▏  42 GB                         [K
pulling 948af2743fc7: 100% ▕██████████████████▏ 1.5 KB                         [K
pulling bc371a43ce90: 100% ▕██████████████████▏ 7.6 KB                         [K
pulling 53a87df39647: 100% ▕██████████████████▏ 5.6 KB                         [K
pulling 56bb8bd477a5: 100% ▕██████████████████▏   96 B                         [K
pulling c7091aa45e9b: 100% ▕██████████████████▏  562 B                         [K
verifying sha256 digest ⠹ [K[?25h[?2026l[?2026h[?25l[A[A[A[A[A[A[A[1Gpulling manifest [K
pulling 4824460d29f2: 100% ▕██████████████████▏  42 GB                         [K
pulling 948af2743fc7: 100% ▕██████████████████▏ 1.5 KB                         [K
pulling bc371a43ce90: 100% ▕██████████████████▏ 7.6 KB                         [K
pulling 53a87df39647: 100% ▕██████████████████▏ 5.6 KB                         [K
pulling 56bb8bd477a5: 100% ▕██████████████████▏   96 B                         [K
pulling c7091aa45e9b: 100% ▕██████████████████▏  562 B                         [K
verifying sha256 digest ⠸ [K[?25h[?2026l[?2026h[?25l[A[A[A[A[A[A[A[1Gpulling manifest [K
pulling 4824460d29f2: 100% ▕██████████████████▏  42 GB                         [K
pulling 948af2743fc7: 100% ▕██████████████████▏ 1.5 KB                         [K
pulling bc371a43ce90: 100% ▕██████████████████▏ 7.6 KB                         [K
pulling 53a87df39647: 100% ▕██████████████████▏ 5.6 KB                         [K
pulling 56bb8bd477a5: 100% ▕██████████████████▏   96 B                         [K
pulling c7091aa45e9b: 100% ▕██████████████████▏  562 B                         [K
verifying sha256 digest ⠼ [K[?25h[?2026l[?2026h[?25l[A[A[A[A[A[A[A[1Gpulling manifest [K
pulling 4824460d29f2: 100% ▕██████████████████▏  42 GB                         [K
pulling 948af2743fc7: 100% ▕██████████████████▏ 1.5 KB                         [K
pulling bc371a43ce90: 100% ▕██████████████████▏ 7.6 KB                         [K
pulling 53a87df39647: 100% ▕██████████████████▏ 5.6 KB                         [K
pulling 56bb8bd477a5: 100% ▕██████████████████▏   96 B                         [K
pulling c7091aa45e9b: 100% ▕██████████████████▏  562 B                         [K
verifying sha256 digest ⠴ [K[?25h[?2026l[?2026h[?25l[A[A[A[A[A[A[A[1Gpulling manifest [K
pulling 4824460d29f2: 100% ▕██████████████████▏  42 GB                         [K
pulling 948af2743fc7: 100% ▕██████████████████▏ 1.5 KB                         [K
pulling bc371a43ce90: 100% ▕██████████████████▏ 7.6 KB                         [K
pulling 53a87df39647: 100% ▕██████████████████▏ 5.6 KB                         [K
pulling 56bb8bd477a5: 100% ▕██████████████████▏   96 B                         [K
pulling c7091aa45e9b: 100% ▕██████████████████▏  562 B                         [K
verifying sha256 digest ⠦ [K[?25h[?2026l[?2026h[?25l[A[A[A[A[A[A[A[1Gpulling manifest [K
pulling 4824460d29f2: 100% ▕██████████████████▏  42 GB                         [K
pulling 948af2743fc7: 100% ▕██████████████████▏ 1.5 KB                         [K
pulling bc371a43ce90: 100% ▕██████████████████▏ 7.6 KB                         [K
pulling 53a87df39647: 100% ▕██████████████████▏ 5.6 KB                         [K
pulling 56bb8bd477a5: 100% ▕██████████████████▏   96 B                         [K
pulling c7091aa45e9b: 100% ▕██████████████████▏  562 B                         [K
verifying sha256 digest ⠧ [K[?25h[?2026l[?2026h[?25l[A[A[A[A[A[A[A[1Gpulling manifest [K
pulling 4824460d29f2: 100% ▕██████████████████▏  42 GB                         [K
pulling 948af2743fc7: 100% ▕██████████████████▏ 1.5 KB                         [K
pulling bc371a43ce90: 100% ▕██████████████████▏ 7.6 KB                         [K
pulling 53a87df39647: 100% ▕██████████████████▏ 5.6 KB                         [K
pulling 56bb8bd477a5: 100% ▕██████████████████▏   96 B                         [K
pulling c7091aa45e9b: 100% ▕██████████████████▏  562 B                         [K
verifying sha256 digest ⠇ [K[?25h[?2026l[?2026h[?25l[A[A[A[A[A[A[A[1Gpulling manifest [K
pulling 4824460d29f2: 100% ▕██████████████████▏  42 GB                         [K
pulling 948af2743fc7: 100% ▕██████████████████▏ 1.5 KB                         [K
pulling bc371a43ce90: 100% ▕██████████████████▏ 7.6 KB                         [K
pulling 53a87df39647: 100% ▕██████████████████▏ 5.6 KB                         [K
pulling 56bb8bd477a5: 100% ▕██████████████████▏   96 B                         [K
pulling c7091aa45e9b: 100% ▕██████████████████▏  562 B                         [K
verifying sha256 digest ⠏ [K[?25h[?2026l[?2026h[?25l[A[A[A[A[A[A[A[1Gpulling manifest [K
pulling 4824460d29f2: 100% ▕██████████████████▏  42 GB                         [K
pulling 948af2743fc7: 100% ▕██████████████████▏ 1.5 KB                         [K
pulling bc371a43ce90: 100% ▕██████████████████▏ 7.6 KB                         [K
pulling 53a87df39647: 100% ▕██████████████████▏ 5.6 KB                         [K
pulling 56bb8bd477a5: 100% ▕██████████████████▏   96 B                         [K
pulling c7091aa45e9b: 100% ▕██████████████████▏  562 B                         [K
verifying sha256 digest ⠋ [K[?25h[?2026l[?2026h[?25l[A[A[A[A[A[A[A[1Gpulling manifest [K
pulling 4824460d29f2: 100% ▕██████████████████▏  42 GB                         [K
pulling 948af2743fc7: 100% ▕██████████████████▏ 1.5 KB                         [K
pulling bc371a43ce90: 100% ▕██████████████████▏ 7.6 KB                         [K
pulling 53a87df39647: 100% ▕██████████████████▏ 5.6 KB                         [K
pulling 56bb8bd477a5: 100% ▕██████████████████▏   96 B                         [K
pulling c7091aa45e9b: 100% ▕██████████████████▏  562 B                         [K
verifying sha256 digest ⠙ [K[?25h[?2026l[?2026h[?25l[A[A[A[A[A[A[A[1Gpulling manifest [K
pulling 4824460d29f2: 100% ▕██████████████████▏  42 GB                         [K
pulling 948af2743fc7: 100% ▕██████████████████▏ 1.5 KB                         [K
pulling bc371a43ce90: 100% ▕██████████████████▏ 7.6 KB                         [K
pulling 53a87df39647: 100% ▕██████████████████▏ 5.6 KB                         [K
pulling 56bb8bd477a5: 100% ▕██████████████████▏   96 B                         [K
pulling c7091aa45e9b: 100% ▕██████████████████▏  562 B                         [K
verifying sha256 digest ⠹ [K[?25h[?2026l[?2026h[?25l[A[A[A[A[A[A[A[1Gpulling manifest [K
pulling 4824460d29f2: 100% ▕██████████████████▏  42 GB                         [K
pulling 948af2743fc7: 100% ▕██████████████████▏ 1.5 KB                         [K
pulling bc371a43ce90: 100% ▕██████████████████▏ 7.6 KB                         [K
pulling 53a87df39647: 100% ▕██████████████████▏ 5.6 KB                         [K
pulling 56bb8bd477a5: 100% ▕██████████████████▏   96 B                         [K
pulling c7091aa45e9b: 100% ▕██████████████████▏  562 B                         [K
verifying sha256 digest ⠸ [K[?25h[?2026l[?2026h[?25l[A[A[A[A[A[A[A[1Gpulling manifest [K
pulling 4824460d29f2: 100% ▕██████████████████▏  42 GB                         [K
pulling 948af2743fc7: 100% ▕██████████████████▏ 1.5 KB                         [K
pulling bc371a43ce90: 100% ▕██████████████████▏ 7.6 KB                         [K
pulling 53a87df39647: 100% ▕██████████████████▏ 5.6 KB                         [K
pulling 56bb8bd477a5: 100% ▕██████████████████▏   96 B                         [K
pulling c7091aa45e9b: 100% ▕██████████████████▏  562 B                         [K
verifying sha256 digest ⠼ [K[?25h[?2026l[?2026h[?25l[A[A[A[A[A[A[A[1Gpulling manifest [K
pulling 4824460d29f2: 100% ▕██████████████████▏  42 GB                         [K
pulling 948af2743fc7: 100% ▕██████████████████▏ 1.5 KB                         [K
pulling bc371a43ce90: 100% ▕██████████████████▏ 7.6 KB                         [K
pulling 53a87df39647: 100% ▕██████████████████▏ 5.6 KB                         [K
pulling 56bb8bd477a5: 100% ▕██████████████████▏   96 B                         [K
pulling c7091aa45e9b: 100% ▕██████████████████▏  562 B                         [K
verifying sha256 digest ⠴ [K[?25h[?2026l[?2026h[?25l[A[A[A[A[A[A[A[1Gpulling manifest [K
pulling 4824460d29f2: 100% ▕██████████████████▏  42 GB                         [K
pulling 948af2743fc7: 100% ▕██████████████████▏ 1.5 KB                         [K
pulling bc371a43ce90: 100% ▕██████████████████▏ 7.6 KB                         [K
pulling 53a87df39647: 100% ▕██████████████████▏ 5.6 KB                         [K
pulling 56bb8bd477a5: 100% ▕██████████████████▏   96 B                         [K
pulling c7091aa45e9b: 100% ▕██████████████████▏  562 B                         [K
verifying sha256 digest ⠦ [K[?25h[?2026l[?2026h[?25l[A[A[A[A[A[A[A[1Gpulling manifest [K
pulling 4824460d29f2: 100% ▕██████████████████▏  42 GB                         [K
pulling 948af2743fc7: 100% ▕██████████████████▏ 1.5 KB                         [K
pulling bc371a43ce90: 100% ▕██████████████████▏ 7.6 KB                         [K
pulling 53a87df39647: 100% ▕██████████████████▏ 5.6 KB                         [K
pulling 56bb8bd477a5: 100% ▕██████████████████▏   96 B                         [K
pulling c7091aa45e9b: 100% ▕██████████████████▏  562 B                         [K
verifying sha256 digest ⠧ [K[?25h[?2026l[?2026h[?25l[A[A[A[A[A[A[A[1Gpulling manifest [K
pulling 4824460d29f2: 100% ▕██████████████████▏  42 GB                         [K
pulling 948af2743fc7: 100% ▕██████████████████▏ 1.5 KB                         [K
pulling bc371a43ce90: 100% ▕██████████████████▏ 7.6 KB                         [K
pulling 53a87df39647: 100% ▕██████████████████▏ 5.6 KB                         [K
pulling 56bb8bd477a5: 100% ▕██████████████████▏   96 B                         [K
pulling c7091aa45e9b: 100% ▕██████████████████▏  562 B                         [K
verifying sha256 digest ⠇ [K[?25h[?2026l[?2026h[?25l[A[A[A[A[A[A[A[1Gpulling manifest [K
pulling 4824460d29f2: 100% ▕██████████████████▏  42 GB                         [K
pulling 948af2743fc7: 100% ▕██████████████████▏ 1.5 KB                         [K
pulling bc371a43ce90: 100% ▕██████████████████▏ 7.6 KB                         [K
pulling 53a87df39647: 100% ▕██████████████████▏ 5.6 KB                         [K
pulling 56bb8bd477a5: 100% ▕██████████████████▏   96 B                         [K
pulling c7091aa45e9b: 100% ▕██████████████████▏  562 B                         [K
verifying sha256 digest ⠏ [K[?25h[?2026l[?2026h[?25l[A[A[A[A[A[A[A[1Gpulling manifest [K
pulling 4824460d29f2: 100% ▕██████████████████▏  42 GB                         [K
pulling 948af2743fc7: 100% ▕██████████████████▏ 1.5 KB                         [K
pulling bc371a43ce90: 100% ▕██████████████████▏ 7.6 KB                         [K
pulling 53a87df39647: 100% ▕██████████████████▏ 5.6 KB                         [K
pulling 56bb8bd477a5: 100% ▕██████████████████▏   96 B                         [K
pulling c7091aa45e9b: 100% ▕██████████████████▏  562 B                         [K
verifying sha256 digest ⠋ [K[?25h[?2026l[?2026h[?25l[A[A[A[A[A[A[A[1Gpulling manifest [K
pulling 4824460d29f2: 100% ▕██████████████████▏  42 GB                         [K
pulling 948af2743fc7: 100% ▕██████████████████▏ 1.5 KB                         [K
pulling bc371a43ce90: 100% ▕██████████████████▏ 7.6 KB                         [K
pulling 53a87df39647: 100% ▕██████████████████▏ 5.6 KB                         [K
pulling 56bb8bd477a5: 100% ▕██████████████████▏   96 B                         [K
pulling c7091aa45e9b: 100% ▕██████████████████▏  562 B                         [K
verifying sha256 digest ⠙ [K[?25h[?2026l[?2026h[?25l[A[A[A[A[A[A[A[1Gpulling manifest [K
pulling 4824460d29f2: 100% ▕██████████████████▏  42 GB                         [K
pulling 948af2743fc7: 100% ▕██████████████████▏ 1.5 KB                         [K
pulling bc371a43ce90: 100% ▕██████████████████▏ 7.6 KB                         [K
pulling 53a87df39647: 100% ▕██████████████████▏ 5.6 KB                         [K
pulling 56bb8bd477a5: 100% ▕██████████████████▏   96 B                         [K
pulling c7091aa45e9b: 100% ▕██████████████████▏  562 B                         [K
verifying sha256 digest ⠹ [K[?25h[?2026l[?2026h[?25l[A[A[A[A[A[A[A[1Gpulling manifest [K
pulling 4824460d29f2: 100% ▕██████████████████▏  42 GB                         [K
pulling 948af2743fc7: 100% ▕██████████████████▏ 1.5 KB                         [K
pulling bc371a43ce90: 100% ▕██████████████████▏ 7.6 KB                         [K
pulling 53a87df39647: 100% ▕██████████████████▏ 5.6 KB                         [K
pulling 56bb8bd477a5: 100% ▕██████████████████▏   96 B                         [K
pulling c7091aa45e9b: 100% ▕██████████████████▏  562 B                         [K
verifying sha256 digest ⠸ [K[?25h[?2026l[?2026h[?25l[A[A[A[A[A[A[A[1Gpulling manifest [K
pulling 4824460d29f2: 100% ▕██████████████████▏  42 GB                         [K
pulling 948af2743fc7: 100% ▕██████████████████▏ 1.5 KB                         [K
pulling bc371a43ce90: 100% ▕██████████████████▏ 7.6 KB                         [K
pulling 53a87df39647: 100% ▕██████████████████▏ 5.6 KB                         [K
pulling 56bb8bd477a5: 100% ▕██████████████████▏   96 B                         [K
pulling c7091aa45e9b: 100% ▕██████████████████▏  562 B                         [K
verifying sha256 digest ⠼ [K[?25h[?2026l[?2026h[?25l[A[A[A[A[A[A[A[1Gpulling manifest [K
pulling 4824460d29f2: 100% ▕██████████████████▏  42 GB                         [K
pulling 948af2743fc7: 100% ▕██████████████████▏ 1.5 KB                         [K
pulling bc371a43ce90: 100% ▕██████████████████▏ 7.6 KB                         [K
pulling 53a87df39647: 100% ▕██████████████████▏ 5.6 KB                         [K
pulling 56bb8bd477a5: 100% ▕██████████████████▏   96 B                         [K
pulling c7091aa45e9b: 100% ▕██████████████████▏  562 B                         [K
verifying sha256 digest ⠴ [K[?25h[?2026l[?2026h[?25l[A[A[A[A[A[A[A[1Gpulling manifest [K
pulling 4824460d29f2: 100% ▕██████████████████▏  42 GB                         [K
pulling 948af2743fc7: 100% ▕██████████████████▏ 1.5 KB                         [K
pulling bc371a43ce90: 100% ▕██████████████████▏ 7.6 KB                         [K
pulling 53a87df39647: 100% ▕██████████████████▏ 5.6 KB                         [K
pulling 56bb8bd477a5: 100% ▕██████████████████▏   96 B                         [K
pulling c7091aa45e9b: 100% ▕██████████████████▏  562 B                         [K
verifying sha256 digest ⠦ [K[?25h[?2026l[?2026h[?25l[A[A[A[A[A[A[A[1Gpulling manifest [K
pulling 4824460d29f2: 100% ▕██████████████████▏  42 GB                         [K
pulling 948af2743fc7: 100% ▕██████████████████▏ 1.5 KB                         [K
pulling bc371a43ce90: 100% ▕██████████████████▏ 7.6 KB                         [K
pulling 53a87df39647: 100% ▕██████████████████▏ 5.6 KB                         [K
pulling 56bb8bd477a5: 100% ▕██████████████████▏   96 B                         [K
pulling c7091aa45e9b: 100% ▕██████████████████▏  562 B                         [K
verifying sha256 digest ⠧ [K[?25h[?2026l[?2026h[?25l[A[A[A[A[A[A[A[1Gpulling manifest [K
pulling 4824460d29f2: 100% ▕██████████████████▏  42 GB                         [K
pulling 948af2743fc7: 100% ▕██████████████████▏ 1.5 KB                         [K
pulling bc371a43ce90: 100% ▕██████████████████▏ 7.6 KB                         [K
pulling 53a87df39647: 100% ▕██████████████████▏ 5.6 KB                         [K
pulling 56bb8bd477a5: 100% ▕██████████████████▏   96 B                         [K
pulling c7091aa45e9b: 100% ▕██████████████████▏  562 B                         [K
verifying sha256 digest ⠇ [K[?25h[?2026l[?2026h[?25l[A[A[A[A[A[A[A[1Gpulling manifest [K
pulling 4824460d29f2: 100% ▕██████████████████▏  42 GB                         [K
pulling 948af2743fc7: 100% ▕██████████████████▏ 1.5 KB                         [K
pulling bc371a43ce90: 100% ▕██████████████████▏ 7.6 KB                         [K
pulling 53a87df39647: 100% ▕██████████████████▏ 5.6 KB                         [K
pulling 56bb8bd477a5: 100% ▕██████████████████▏   96 B                         [K
pulling c7091aa45e9b: 100% ▕██████████████████▏  562 B                         [K
verifying sha256 digest ⠏ [K[?25h[?2026l[?2026h[?25l[A[A[A[A[A[A[A[1Gpulling manifest [K
pulling 4824460d29f2: 100% ▕██████████████████▏  42 GB                         [K
pulling 948af2743fc7: 100% ▕██████████████████▏ 1.5 KB                         [K
pulling bc371a43ce90: 100% ▕██████████████████▏ 7.6 KB                         [K
pulling 53a87df39647: 100% ▕██████████████████▏ 5.6 KB                         [K
pulling 56bb8bd477a5: 100% ▕██████████████████▏   96 B                         [K
pulling c7091aa45e9b: 100% ▕██████████████████▏  562 B                         [K
verifying sha256 digest ⠋ [K[?25h[?2026l[?2026h[?25l[A[A[A[A[A[A[A[1Gpulling manifest [K
pulling 4824460d29f2: 100% ▕██████████████████▏  42 GB                         [K
pulling 948af2743fc7: 100% ▕██████████████████▏ 1.5 KB                         [K
pulling bc371a43ce90: 100% ▕██████████████████▏ 7.6 KB                         [K
pulling 53a87df39647: 100% ▕██████████████████▏ 5.6 KB                         [K
pulling 56bb8bd477a5: 100% ▕██████████████████▏   96 B                         [K
pulling c7091aa45e9b: 100% ▕██████████████████▏  562 B                         [K
verifying sha256 digest ⠙ [K[?25h[?2026l[?2026h[?25l[A[A[A[A[A[A[A[1Gpulling manifest [K
pulling 4824460d29f2: 100% ▕██████████████████▏  42 GB                         [K
pulling 948af2743fc7: 100% ▕██████████████████▏ 1.5 KB                         [K
pulling bc371a43ce90: 100% ▕██████████████████▏ 7.6 KB                         [K
pulling 53a87df39647: 100% ▕██████████████████▏ 5.6 KB                         [K
pulling 56bb8bd477a5: 100% ▕██████████████████▏   96 B                         [K
pulling c7091aa45e9b: 100% ▕██████████████████▏  562 B                         [K
verifying sha256 digest ⠹ [K[?25h[?2026l[?2026h[?25l[A[A[A[A[A[A[A[1Gpulling manifest [K
pulling 4824460d29f2: 100% ▕██████████████████▏  42 GB                         [K
pulling 948af2743fc7: 100% ▕██████████████████▏ 1.5 KB                         [K
pulling bc371a43ce90: 100% ▕██████████████████▏ 7.6 KB                         [K
pulling 53a87df39647: 100% ▕██████████████████▏ 5.6 KB                         [K
pulling 56bb8bd477a5: 100% ▕██████████████████▏   96 B                         [K
pulling c7091aa45e9b: 100% ▕██████████████████▏  562 B                         [K
verifying sha256 digest ⠸ [K[?25h[?2026l[?2026h[?25l[A[A[A[A[A[A[A[1Gpulling manifest [K
pulling 4824460d29f2: 100% ▕██████████████████▏  42 GB                         [K
pulling 948af2743fc7: 100% ▕██████████████████▏ 1.5 KB                         [K
pulling bc371a43ce90: 100% ▕██████████████████▏ 7.6 KB                         [K
pulling 53a87df39647: 100% ▕██████████████████▏ 5.6 KB                         [K
pulling 56bb8bd477a5: 100% ▕██████████████████▏   96 B                         [K
pulling c7091aa45e9b: 100% ▕██████████████████▏  562 B                         [K
verifying sha256 digest ⠼ [K[?25h[?2026l[?2026h[?25l[A[A[A[A[A[A[A[1Gpulling manifest [K
pulling 4824460d29f2: 100% ▕██████████████████▏  42 GB                         [K
pulling 948af2743fc7: 100% ▕██████████████████▏ 1.5 KB                         [K
pulling bc371a43ce90: 100% ▕██████████████████▏ 7.6 KB                         [K
pulling 53a87df39647: 100% ▕██████████████████▏ 5.6 KB                         [K
pulling 56bb8bd477a5: 100% ▕██████████████████▏   96 B                         [K
pulling c7091aa45e9b: 100% ▕██████████████████▏  562 B                         [K
verifying sha256 digest ⠴ [K[?25h[?2026l[?2026h[?25l[A[A[A[A[A[A[A[1Gpulling manifest [K
pulling 4824460d29f2: 100% ▕██████████████████▏  42 GB                         [K
pulling 948af2743fc7: 100% ▕██████████████████▏ 1.5 KB                         [K
pulling bc371a43ce90: 100% ▕██████████████████▏ 7.6 KB                         [K
pulling 53a87df39647: 100% ▕██████████████████▏ 5.6 KB                         [K
pulling 56bb8bd477a5: 100% ▕██████████████████▏   96 B                         [K
pulling c7091aa45e9b: 100% ▕██████████████████▏  562 B                         [K
verifying sha256 digest ⠦ [K[?25h[?2026l[?2026h[?25l[A[A[A[A[A[A[A[1Gpulling manifest [K
pulling 4824460d29f2: 100% ▕██████████████████▏  42 GB                         [K
pulling 948af2743fc7: 100% ▕██████████████████▏ 1.5 KB                         [K
pulling bc371a43ce90: 100% ▕██████████████████▏ 7.6 KB                         [K
pulling 53a87df39647: 100% ▕██████████████████▏ 5.6 KB                         [K
pulling 56bb8bd477a5: 100% ▕██████████████████▏   96 B                         [K
pulling c7091aa45e9b: 100% ▕██████████████████▏  562 B                         [K
verifying sha256 digest ⠧ [K[?25h[?2026l[?2026h[?25l[A[A[A[A[A[A[A[1Gpulling manifest [K
pulling 4824460d29f2: 100% ▕██████████████████▏  42 GB                         [K
pulling 948af2743fc7: 100% ▕██████████████████▏ 1.5 KB                         [K
pulling bc371a43ce90: 100% ▕██████████████████▏ 7.6 KB                         [K
pulling 53a87df39647: 100% ▕██████████████████▏ 5.6 KB                         [K
pulling 56bb8bd477a5: 100% ▕██████████████████▏   96 B                         [K
pulling c7091aa45e9b: 100% ▕██████████████████▏  562 B                         [K
verifying sha256 digest ⠇ [K[?25h[?2026l[?2026h[?25l[A[A[A[A[A[A[A[1Gpulling manifest [K
pulling 4824460d29f2: 100% ▕██████████████████▏  42 GB                         [K
pulling 948af2743fc7: 100% ▕██████████████████▏ 1.5 KB                         [K
pulling bc371a43ce90: 100% ▕██████████████████▏ 7.6 KB                         [K
pulling 53a87df39647: 100% ▕██████████████████▏ 5.6 KB                         [K
pulling 56bb8bd477a5: 100% ▕██████████████████▏   96 B                         [K
pulling c7091aa45e9b: 100% ▕██████████████████▏  562 B                         [K
verifying sha256 digest ⠏ [K[?25h[?2026l[?2026h[?25l[A[A[A[A[A[A[A[1Gpulling manifest [K
pulling 4824460d29f2: 100% ▕██████████████████▏  42 GB                         [K
pulling 948af2743fc7: 100% ▕██████████████████▏ 1.5 KB                         [K
pulling bc371a43ce90: 100% ▕██████████████████▏ 7.6 KB                         [K
pulling 53a87df39647: 100% ▕██████████████████▏ 5.6 KB                         [K
pulling 56bb8bd477a5: 100% ▕██████████████████▏   96 B                         [K
pulling c7091aa45e9b: 100% ▕██████████████████▏  562 B                         [K
verifying sha256 digest ⠋ [K[?25h[?2026l[?2026h[?25l[A[A[A[A[A[A[A[1Gpulling manifest [K
pulling 4824460d29f2: 100% ▕██████████████████▏  42 GB                         [K
pulling 948af2743fc7: 100% ▕██████████████████▏ 1.5 KB                         [K
pulling bc371a43ce90: 100% ▕██████████████████▏ 7.6 KB                         [K
pulling 53a87df39647: 100% ▕██████████████████▏ 5.6 KB                         [K
pulling 56bb8bd477a5: 100% ▕██████████████████▏   96 B                         [K
pulling c7091aa45e9b: 100% ▕██████████████████▏  562 B                         [K
verifying sha256 digest ⠙ [K[?25h[?2026l[?2026h[?25l[A[A[A[A[A[A[A[1Gpulling manifest [K
pulling 4824460d29f2: 100% ▕██████████████████▏  42 GB                         [K
pulling 948af2743fc7: 100% ▕██████████████████▏ 1.5 KB                         [K
pulling bc371a43ce90: 100% ▕██████████████████▏ 7.6 KB                         [K
pulling 53a87df39647: 100% ▕██████████████████▏ 5.6 KB                         [K
pulling 56bb8bd477a5: 100% ▕██████████████████▏   96 B                         [K
pulling c7091aa45e9b: 100% ▕██████████████████▏  562 B                         [K
verifying sha256 digest ⠹ [K[?25h[?2026l[?2026h[?25l[A[A[A[A[A[A[A[1Gpulling manifest [K
pulling 4824460d29f2: 100% ▕██████████████████▏  42 GB                         [K
pulling 948af2743fc7: 100% ▕██████████████████▏ 1.5 KB                         [K
pulling bc371a43ce90: 100% ▕██████████████████▏ 7.6 KB                         [K
pulling 53a87df39647: 100% ▕██████████████████▏ 5.6 KB                         [K
pulling 56bb8bd477a5: 100% ▕██████████████████▏   96 B                         [K
pulling c7091aa45e9b: 100% ▕██████████████████▏  562 B                         [K
verifying sha256 digest ⠸ [K[?25h[?2026l[?2026h[?25l[A[A[A[A[A[A[A[1Gpulling manifest [K
pulling 4824460d29f2: 100% ▕██████████████████▏  42 GB                         [K
pulling 948af2743fc7: 100% ▕██████████████████▏ 1.5 KB                         [K
pulling bc371a43ce90: 100% ▕██████████████████▏ 7.6 KB                         [K
pulling 53a87df39647: 100% ▕██████████████████▏ 5.6 KB                         [K
pulling 56bb8bd477a5: 100% ▕██████████████████▏   96 B                         [K
pulling c7091aa45e9b: 100% ▕██████████████████▏  562 B                         [K
verifying sha256 digest ⠼ [K[?25h[?2026l[?2026h[?25l[A[A[A[A[A[A[A[1Gpulling manifest [K
pulling 4824460d29f2: 100% ▕██████████████████▏  42 GB                         [K
pulling 948af2743fc7: 100% ▕██████████████████▏ 1.5 KB                         [K
pulling bc371a43ce90: 100% ▕██████████████████▏ 7.6 KB                         [K
pulling 53a87df39647: 100% ▕██████████████████▏ 5.6 KB                         [K
pulling 56bb8bd477a5: 100% ▕██████████████████▏   96 B                         [K
pulling c7091aa45e9b: 100% ▕██████████████████▏  562 B                         [K
verifying sha256 digest ⠴ [K[?25h[?2026l[?2026h[?25l[A[A[A[A[A[A[A[1Gpulling manifest [K
pulling 4824460d29f2: 100% ▕██████████████████▏  42 GB                         [K
pulling 948af2743fc7: 100% ▕██████████████████▏ 1.5 KB                         [K
pulling bc371a43ce90: 100% ▕██████████████████▏ 7.6 KB                         [K
pulling 53a87df39647: 100% ▕██████████████████▏ 5.6 KB                         [K
pulling 56bb8bd477a5: 100% ▕██████████████████▏   96 B                         [K
pulling c7091aa45e9b: 100% ▕██████████████████▏  562 B                         [K
verifying sha256 digest ⠦ [K[?25h[?2026l[?2026h[?25l[A[A[A[A[A[A[A[1Gpulling manifest [K
pulling 4824460d29f2: 100% ▕██████████████████▏  42 GB                         [K
pulling 948af2743fc7: 100% ▕██████████████████▏ 1.5 KB                         [K
pulling bc371a43ce90: 100% ▕██████████████████▏ 7.6 KB                         [K
pulling 53a87df39647: 100% ▕██████████████████▏ 5.6 KB                         [K
pulling 56bb8bd477a5: 100% ▕██████████████████▏   96 B                         [K
pulling c7091aa45e9b: 100% ▕██████████████████▏  562 B                         [K
verifying sha256 digest ⠧ [K[?25h[?2026l[?2026h[?25l[A[A[A[A[A[A[A[1Gpulling manifest [K
pulling 4824460d29f2: 100% ▕██████████████████▏  42 GB                         [K
pulling 948af2743fc7: 100% ▕██████████████████▏ 1.5 KB                         [K
pulling bc371a43ce90: 100% ▕██████████████████▏ 7.6 KB                         [K
pulling 53a87df39647: 100% ▕██████████████████▏ 5.6 KB                         [K
pulling 56bb8bd477a5: 100% ▕██████████████████▏   96 B                         [K
pulling c7091aa45e9b: 100% ▕██████████████████▏  562 B                         [K
verifying sha256 digest ⠇ [K[?25h[?2026l[?2026h[?25l[A[A[A[A[A[A[A[1Gpulling manifest [K
pulling 4824460d29f2: 100% ▕██████████████████▏  42 GB                         [K
pulling 948af2743fc7: 100% ▕██████████████████▏ 1.5 KB                         [K
pulling bc371a43ce90: 100% ▕██████████████████▏ 7.6 KB                         [K
pulling 53a87df39647: 100% ▕██████████████████▏ 5.6 KB                         [K
pulling 56bb8bd477a5: 100% ▕██████████████████▏   96 B                         [K
pulling c7091aa45e9b: 100% ▕██████████████████▏  562 B                         [K
verifying sha256 digest ⠏ [K[?25h[?2026l[?2026h[?25l[A[A[A[A[A[A[A[1Gpulling manifest [K
pulling 4824460d29f2: 100% ▕██████████████████▏  42 GB                         [K
pulling 948af2743fc7: 100% ▕██████████████████▏ 1.5 KB                         [K
pulling bc371a43ce90: 100% ▕██████████████████▏ 7.6 KB                         [K
pulling 53a87df39647: 100% ▕██████████████████▏ 5.6 KB                         [K
pulling 56bb8bd477a5: 100% ▕██████████████████▏   96 B                         [K
pulling c7091aa45e9b: 100% ▕██████████████████▏  562 B                         [K
verifying sha256 digest ⠋ [K[?25h[?2026l[?2026h[?25l[A[A[A[A[A[A[A[1Gpulling manifest [K
pulling 4824460d29f2: 100% ▕██████████████████▏  42 GB                         [K
pulling 948af2743fc7: 100% ▕██████████████████▏ 1.5 KB                         [K
pulling bc371a43ce90: 100% ▕██████████████████▏ 7.6 KB                         [K
pulling 53a87df39647: 100% ▕██████████████████▏ 5.6 KB                         [K
pulling 56bb8bd477a5: 100% ▕██████████████████▏   96 B                         [K
pulling c7091aa45e9b: 100% ▕██████████████████▏  562 B                         [K
verifying sha256 digest ⠙ [K[?25h[?2026l[?2026h[?25l[A[A[A[A[A[A[A[1Gpulling manifest [K
pulling 4824460d29f2: 100% ▕██████████████████▏  42 GB                         [K
pulling 948af2743fc7: 100% ▕██████████████████▏ 1.5 KB                         [K
pulling bc371a43ce90: 100% ▕██████████████████▏ 7.6 KB                         [K
pulling 53a87df39647: 100% ▕██████████████████▏ 5.6 KB                         [K
pulling 56bb8bd477a5: 100% ▕██████████████████▏   96 B                         [K
pulling c7091aa45e9b: 100% ▕██████████████████▏  562 B                         [K
verifying sha256 digest ⠹ [K[?25h[?2026l[?2026h[?25l[A[A[A[A[A[A[A[1Gpulling manifest [K
pulling 4824460d29f2: 100% ▕██████████████████▏  42 GB                         [K
pulling 948af2743fc7: 100% ▕██████████████████▏ 1.5 KB                         [K
pulling bc371a43ce90: 100% ▕██████████████████▏ 7.6 KB                         [K
pulling 53a87df39647: 100% ▕██████████████████▏ 5.6 KB                         [K
pulling 56bb8bd477a5: 100% ▕██████████████████▏   96 B                         [K
pulling c7091aa45e9b: 100% ▕██████████████████▏  562 B                         [K
verifying sha256 digest ⠸ [K[?25h[?2026l[?2026h[?25l[A[A[A[A[A[A[A[1Gpulling manifest [K
pulling 4824460d29f2: 100% ▕██████████████████▏  42 GB                         [K
pulling 948af2743fc7: 100% ▕██████████████████▏ 1.5 KB                         [K
pulling bc371a43ce90: 100% ▕██████████████████▏ 7.6 KB                         [K
pulling 53a87df39647: 100% ▕██████████████████▏ 5.6 KB                         [K
pulling 56bb8bd477a5: 100% ▕██████████████████▏   96 B                         [K
pulling c7091aa45e9b: 100% ▕██████████████████▏  562 B                         [K
verifying sha256 digest ⠼ [K[?25h[?2026l[?2026h[?25l[A[A[A[A[A[A[A[1Gpulling manifest [K
pulling 4824460d29f2: 100% ▕██████████████████▏  42 GB                         [K
pulling 948af2743fc7: 100% ▕██████████████████▏ 1.5 KB                         [K
pulling bc371a43ce90: 100% ▕██████████████████▏ 7.6 KB                         [K
pulling 53a87df39647: 100% ▕██████████████████▏ 5.6 KB                         [K
pulling 56bb8bd477a5: 100% ▕██████████████████▏   96 B                         [K
pulling c7091aa45e9b: 100% ▕██████████████████▏  562 B                         [K
verifying sha256 digest ⠴ [K[?25h[?2026l[?2026h[?25l[A[A[A[A[A[A[A[1Gpulling manifest [K
pulling 4824460d29f2: 100% ▕██████████████████▏  42 GB                         [K
pulling 948af2743fc7: 100% ▕██████████████████▏ 1.5 KB                         [K
pulling bc371a43ce90: 100% ▕██████████████████▏ 7.6 KB                         [K
pulling 53a87df39647: 100% ▕██████████████████▏ 5.6 KB                         [K
pulling 56bb8bd477a5: 100% ▕██████████████████▏   96 B                         [K
pulling c7091aa45e9b: 100% ▕██████████████████▏  562 B                         [K
verifying sha256 digest ⠦ [K[?25h[?2026l[?2026h[?25l[A[A[A[A[A[A[A[1Gpulling manifest [K
pulling 4824460d29f2: 100% ▕██████████████████▏  42 GB                         [K
pulling 948af2743fc7: 100% ▕██████████████████▏ 1.5 KB                         [K
pulling bc371a43ce90: 100% ▕██████████████████▏ 7.6 KB                         [K
pulling 53a87df39647: 100% ▕██████████████████▏ 5.6 KB                         [K
pulling 56bb8bd477a5: 100% ▕██████████████████▏   96 B                         [K
pulling c7091aa45e9b: 100% ▕██████████████████▏  562 B                         [K
verifying sha256 digest ⠧ [K[?25h[?2026l[?2026h[?25l[A[A[A[A[A[A[A[1Gpulling manifest [K
pulling 4824460d29f2: 100% ▕██████████████████▏  42 GB                         [K
pulling 948af2743fc7: 100% ▕██████████████████▏ 1.5 KB                         [K
pulling bc371a43ce90: 100% ▕██████████████████▏ 7.6 KB                         [K
pulling 53a87df39647: 100% ▕██████████████████▏ 5.6 KB                         [K
pulling 56bb8bd477a5: 100% ▕██████████████████▏   96 B                         [K
pulling c7091aa45e9b: 100% ▕██████████████████▏  562 B                         [K
verifying sha256 digest ⠇ [K[?25h[?2026l[?2026h[?25l[A[A[A[A[A[A[A[1Gpulling manifest [K
pulling 4824460d29f2: 100% ▕██████████████████▏  42 GB                         [K
pulling 948af2743fc7: 100% ▕██████████████████▏ 1.5 KB                         [K
pulling bc371a43ce90: 100% ▕██████████████████▏ 7.6 KB                         [K
pulling 53a87df39647: 100% ▕██████████████████▏ 5.6 KB                         [K
pulling 56bb8bd477a5: 100% ▕██████████████████▏   96 B                         [K
pulling c7091aa45e9b: 100% ▕██████████████████▏  562 B                         [K
verifying sha256 digest ⠏ [K[?25h[?2026l[?2026h[?25l[A[A[A[A[A[A[A[1Gpulling manifest [K
pulling 4824460d29f2: 100% ▕██████████████████▏  42 GB                         [K
pulling 948af2743fc7: 100% ▕██████████████████▏ 1.5 KB                         [K
pulling bc371a43ce90: 100% ▕██████████████████▏ 7.6 KB                         [K
pulling 53a87df39647: 100% ▕██████████████████▏ 5.6 KB                         [K
pulling 56bb8bd477a5: 100% ▕██████████████████▏   96 B                         [K
pulling c7091aa45e9b: 100% ▕██████████████████▏  562 B                         [K
verifying sha256 digest ⠋ [K[?25h[?2026l[?2026h[?25l[A[A[A[A[A[A[A[1Gpulling manifest [K
pulling 4824460d29f2: 100% ▕██████████████████▏  42 GB                         [K
pulling 948af2743fc7: 100% ▕██████████████████▏ 1.5 KB                         [K
pulling bc371a43ce90: 100% ▕██████████████████▏ 7.6 KB                         [K
pulling 53a87df39647: 100% ▕██████████████████▏ 5.6 KB                         [K
pulling 56bb8bd477a5: 100% ▕██████████████████▏   96 B                         [K
pulling c7091aa45e9b: 100% ▕██████████████████▏  562 B                         [K
verifying sha256 digest ⠙ [K[?25h[?2026l[?2026h[?25l[A[A[A[A[A[A[A[1Gpulling manifest [K
pulling 4824460d29f2: 100% ▕██████████████████▏  42 GB                         [K
pulling 948af2743fc7: 100% ▕██████████████████▏ 1.5 KB                         [K
pulling bc371a43ce90: 100% ▕██████████████████▏ 7.6 KB                         [K
pulling 53a87df39647: 100% ▕██████████████████▏ 5.6 KB                         [K
pulling 56bb8bd477a5: 100% ▕██████████████████▏   96 B                         [K
pulling c7091aa45e9b: 100% ▕██████████████████▏  562 B                         [K
verifying sha256 digest ⠹ [K[?25h[?2026l[?2026h[?25l[A[A[A[A[A[A[A[1Gpulling manifest [K
pulling 4824460d29f2: 100% ▕██████████████████▏  42 GB                         [K
pulling 948af2743fc7: 100% ▕██████████████████▏ 1.5 KB                         [K
pulling bc371a43ce90: 100% ▕██████████████████▏ 7.6 KB                         [K
pulling 53a87df39647: 100% ▕██████████████████▏ 5.6 KB                         [K
pulling 56bb8bd477a5: 100% ▕██████████████████▏   96 B                         [K
pulling c7091aa45e9b: 100% ▕██████████████████▏  562 B                         [K
verifying sha256 digest ⠸ [K[?25h[?2026l[?2026h[?25l[A[A[A[A[A[A[A[1Gpulling manifest [K
pulling 4824460d29f2: 100% ▕██████████████████▏  42 GB                         [K
pulling 948af2743fc7: 100% ▕██████████████████▏ 1.5 KB                         [K
pulling bc371a43ce90: 100% ▕██████████████████▏ 7.6 KB                         [K
pulling 53a87df39647: 100% ▕██████████████████▏ 5.6 KB                         [K
pulling 56bb8bd477a5: 100% ▕██████████████████▏   96 B                         [K
pulling c7091aa45e9b: 100% ▕██████████████████▏  562 B                         [K
verifying sha256 digest ⠼ [K[?25h[?2026l[?2026h[?25l[A[A[A[A[A[A[A[1Gpulling manifest [K
pulling 4824460d29f2: 100% ▕██████████████████▏  42 GB                         [K
pulling 948af2743fc7: 100% ▕██████████████████▏ 1.5 KB                         [K
pulling bc371a43ce90: 100% ▕██████████████████▏ 7.6 KB                         [K
pulling 53a87df39647: 100% ▕██████████████████▏ 5.6 KB                         [K
pulling 56bb8bd477a5: 100% ▕██████████████████▏   96 B                         [K
pulling c7091aa45e9b: 100% ▕██████████████████▏  562 B                         [K
verifying sha256 digest ⠴ [K[?25h[?2026l[?2026h[?25l[A[A[A[A[A[A[A[1Gpulling manifest [K
pulling 4824460d29f2: 100% ▕██████████████████▏  42 GB                         [K
pulling 948af2743fc7: 100% ▕██████████████████▏ 1.5 KB                         [K
pulling bc371a43ce90: 100% ▕██████████████████▏ 7.6 KB                         [K
pulling 53a87df39647: 100% ▕██████████████████▏ 5.6 KB                         [K
pulling 56bb8bd477a5: 100% ▕██████████████████▏   96 B                         [K
pulling c7091aa45e9b: 100% ▕██████████████████▏  562 B                         [K
verifying sha256 digest ⠦ [K[?25h[?2026l[?2026h[?25l[A[A[A[A[A[A[A[1Gpulling manifest [K
pulling 4824460d29f2: 100% ▕██████████████████▏  42 GB                         [K
pulling 948af2743fc7: 100% ▕██████████████████▏ 1.5 KB                         [K
pulling bc371a43ce90: 100% ▕██████████████████▏ 7.6 KB                         [K
pulling 53a87df39647: 100% ▕██████████████████▏ 5.6 KB                         [K
pulling 56bb8bd477a5: 100% ▕██████████████████▏   96 B                         [K
pulling c7091aa45e9b: 100% ▕██████████████████▏  562 B                         [K
verifying sha256 digest ⠧ [K[?25h[?2026l[?2026h[?25l[A[A[A[A[A[A[A[1Gpulling manifest [K
pulling 4824460d29f2: 100% ▕██████████████████▏  42 GB                         [K
pulling 948af2743fc7: 100% ▕██████████████████▏ 1.5 KB                         [K
pulling bc371a43ce90: 100% ▕██████████████████▏ 7.6 KB                         [K
pulling 53a87df39647: 100% ▕██████████████████▏ 5.6 KB                         [K
pulling 56bb8bd477a5: 100% ▕██████████████████▏   96 B                         [K
pulling c7091aa45e9b: 100% ▕██████████████████▏  562 B                         [K
verifying sha256 digest ⠇ [K[?25h[?2026l[?2026h[?25l[A[A[A[A[A[A[A[1Gpulling manifest [K
pulling 4824460d29f2: 100% ▕██████████████████▏  42 GB                         [K
pulling 948af2743fc7: 100% ▕██████████████████▏ 1.5 KB                         [K
pulling bc371a43ce90: 100% ▕██████████████████▏ 7.6 KB                         [K
pulling 53a87df39647: 100% ▕██████████████████▏ 5.6 KB                         [K
pulling 56bb8bd477a5: 100% ▕██████████████████▏   96 B                         [K
pulling c7091aa45e9b: 100% ▕██████████████████▏  562 B                         [K
verifying sha256 digest ⠏ [K[?25h[?2026l[?2026h[?25l[A[A[A[A[A[A[A[1Gpulling manifest [K
pulling 4824460d29f2: 100% ▕██████████████████▏  42 GB                         [K
pulling 948af2743fc7: 100% ▕██████████████████▏ 1.5 KB                         [K
pulling bc371a43ce90: 100% ▕██████████████████▏ 7.6 KB                         [K
pulling 53a87df39647: 100% ▕██████████████████▏ 5.6 KB                         [K
pulling 56bb8bd477a5: 100% ▕██████████████████▏   96 B                         [K
pulling c7091aa45e9b: 100% ▕██████████████████▏  562 B                         [K
verifying sha256 digest ⠋ [K[?25h[?2026l[?2026h[?25l[A[A[A[A[A[A[A[1Gpulling manifest [K
pulling 4824460d29f2: 100% ▕██████████████████▏  42 GB                         [K
pulling 948af2743fc7: 100% ▕██████████████████▏ 1.5 KB                         [K
pulling bc371a43ce90: 100% ▕██████████████████▏ 7.6 KB                         [K
pulling 53a87df39647: 100% ▕██████████████████▏ 5.6 KB                         [K
pulling 56bb8bd477a5: 100% ▕██████████████████▏   96 B                         [K
pulling c7091aa45e9b: 100% ▕██████████████████▏  562 B                         [K
verifying sha256 digest ⠙ [K[?25h[?2026l[?2026h[?25l[A[A[A[A[A[A[A[1Gpulling manifest [K
pulling 4824460d29f2: 100% ▕██████████████████▏  42 GB                         [K
pulling 948af2743fc7: 100% ▕██████████████████▏ 1.5 KB                         [K
pulling bc371a43ce90: 100% ▕██████████████████▏ 7.6 KB                         [K
pulling 53a87df39647: 100% ▕██████████████████▏ 5.6 KB                         [K
pulling 56bb8bd477a5: 100% ▕██████████████████▏   96 B                         [K
pulling c7091aa45e9b: 100% ▕██████████████████▏  562 B                         [K
verifying sha256 digest ⠹ [K[?25h[?2026l[?2026h[?25l[A[A[A[A[A[A[A[1Gpulling manifest [K
pulling 4824460d29f2: 100% ▕██████████████████▏  42 GB                         [K
pulling 948af2743fc7: 100% ▕██████████████████▏ 1.5 KB                         [K
pulling bc371a43ce90: 100% ▕██████████████████▏ 7.6 KB                         [K
pulling 53a87df39647: 100% ▕██████████████████▏ 5.6 KB                         [K
pulling 56bb8bd477a5: 100% ▕██████████████████▏   96 B                         [K
pulling c7091aa45e9b: 100% ▕██████████████████▏  562 B                         [K
verifying sha256 digest ⠸ [K[?25h[?2026l[?2026h[?25l[A[A[A[A[A[A[A[1Gpulling manifest [K
pulling 4824460d29f2: 100% ▕██████████████████▏  42 GB                         [K
pulling 948af2743fc7: 100% ▕██████████████████▏ 1.5 KB                         [K
pulling bc371a43ce90: 100% ▕██████████████████▏ 7.6 KB                         [K
pulling 53a87df39647: 100% ▕██████████████████▏ 5.6 KB                         [K
pulling 56bb8bd477a5: 100% ▕██████████████████▏   96 B                         [K
pulling c7091aa45e9b: 100% ▕██████████████████▏  562 B                         [K
verifying sha256 digest ⠼ [K[?25h[?2026l[?2026h[?25l[A[A[A[A[A[A[A[1Gpulling manifest [K
pulling 4824460d29f2: 100% ▕██████████████████▏  42 GB                         [K
pulling 948af2743fc7: 100% ▕██████████████████▏ 1.5 KB                         [K
pulling bc371a43ce90: 100% ▕██████████████████▏ 7.6 KB                         [K
pulling 53a87df39647: 100% ▕██████████████████▏ 5.6 KB                         [K
pulling 56bb8bd477a5: 100% ▕██████████████████▏   96 B                         [K
pulling c7091aa45e9b: 100% ▕██████████████████▏  562 B                         [K
verifying sha256 digest ⠴ [K[?25h[?2026l[?2026h[?25l[A[A[A[A[A[A[A[1Gpulling manifest [K
pulling 4824460d29f2: 100% ▕██████████████████▏  42 GB                         [K
pulling 948af2743fc7: 100% ▕██████████████████▏ 1.5 KB                         [K
pulling bc371a43ce90: 100% ▕██████████████████▏ 7.6 KB                         [K
pulling 53a87df39647: 100% ▕██████████████████▏ 5.6 KB                         [K
pulling 56bb8bd477a5: 100% ▕██████████████████▏   96 B                         [K
pulling c7091aa45e9b: 100% ▕██████████████████▏  562 B                         [K
verifying sha256 digest ⠦ [K[?25h[?2026l[?2026h[?25l[A[A[A[A[A[A[A[1Gpulling manifest [K
pulling 4824460d29f2: 100% ▕██████████████████▏  42 GB                         [K
pulling 948af2743fc7: 100% ▕██████████████████▏ 1.5 KB                         [K
pulling bc371a43ce90: 100% ▕██████████████████▏ 7.6 KB                         [K
pulling 53a87df39647: 100% ▕██████████████████▏ 5.6 KB                         [K
pulling 56bb8bd477a5: 100% ▕██████████████████▏   96 B                         [K
pulling c7091aa45e9b: 100% ▕██████████████████▏  562 B                         [K
verifying sha256 digest ⠧ [K[?25h[?2026l[?2026h[?25l[A[A[A[A[A[A[A[1Gpulling manifest [K
pulling 4824460d29f2: 100% ▕██████████████████▏  42 GB                         [K
pulling 948af2743fc7: 100% ▕██████████████████▏ 1.5 KB                         [K
pulling bc371a43ce90: 100% ▕██████████████████▏ 7.6 KB                         [K
pulling 53a87df39647: 100% ▕██████████████████▏ 5.6 KB                         [K
pulling 56bb8bd477a5: 100% ▕██████████████████▏   96 B                         [K
pulling c7091aa45e9b: 100% ▕██████████████████▏  562 B                         [K
verifying sha256 digest ⠇ [K[?25h[?2026l[?2026h[?25l[A[A[A[A[A[A[A[1Gpulling manifest [K
pulling 4824460d29f2: 100% ▕██████████████████▏  42 GB                         [K
pulling 948af2743fc7: 100% ▕██████████████████▏ 1.5 KB                         [K
pulling bc371a43ce90: 100% ▕██████████████████▏ 7.6 KB                         [K
pulling 53a87df39647: 100% ▕██████████████████▏ 5.6 KB                         [K
pulling 56bb8bd477a5: 100% ▕██████████████████▏   96 B                         [K
pulling c7091aa45e9b: 100% ▕██████████████████▏  562 B                         [K
verifying sha256 digest ⠏ [K[?25h[?2026l[?2026h[?25l[A[A[A[A[A[A[A[1Gpulling manifest [K
pulling 4824460d29f2: 100% ▕██████████████████▏  42 GB                         [K
pulling 948af2743fc7: 100% ▕██████████████████▏ 1.5 KB                         [K
pulling bc371a43ce90: 100% ▕██████████████████▏ 7.6 KB                         [K
pulling 53a87df39647: 100% ▕██████████████████▏ 5.6 KB                         [K
pulling 56bb8bd477a5: 100% ▕██████████████████▏   96 B                         [K
pulling c7091aa45e9b: 100% ▕██████████████████▏  562 B                         [K
verifying sha256 digest ⠋ [K[?25h[?2026l[?2026h[?25l[A[A[A[A[A[A[A[1Gpulling manifest [K
pulling 4824460d29f2: 100% ▕██████████████████▏  42 GB                         [K
pulling 948af2743fc7: 100% ▕██████████████████▏ 1.5 KB                         [K
pulling bc371a43ce90: 100% ▕██████████████████▏ 7.6 KB                         [K
pulling 53a87df39647: 100% ▕██████████████████▏ 5.6 KB                         [K
pulling 56bb8bd477a5: 100% ▕██████████████████▏   96 B                         [K
pulling c7091aa45e9b: 100% ▕██████████████████▏  562 B                         [K
verifying sha256 digest ⠙ [K[?25h[?2026l[?2026h[?25l[A[A[A[A[A[A[A[1Gpulling manifest [K
pulling 4824460d29f2: 100% ▕██████████████████▏  42 GB                         [K
pulling 948af2743fc7: 100% ▕██████████████████▏ 1.5 KB                         [K
pulling bc371a43ce90: 100% ▕██████████████████▏ 7.6 KB                         [K
pulling 53a87df39647: 100% ▕██████████████████▏ 5.6 KB                         [K
pulling 56bb8bd477a5: 100% ▕██████████████████▏   96 B                         [K
pulling c7091aa45e9b: 100% ▕██████████████████▏  562 B                         [K
verifying sha256 digest ⠹ [K[?25h[?2026l[?2026h[?25l[A[A[A[A[A[A[A[1Gpulling manifest [K
pulling 4824460d29f2: 100% ▕██████████████████▏  42 GB                         [K
pulling 948af2743fc7: 100% ▕██████████████████▏ 1.5 KB                         [K
pulling bc371a43ce90: 100% ▕██████████████████▏ 7.6 KB                         [K
pulling 53a87df39647: 100% ▕██████████████████▏ 5.6 KB                         [K
pulling 56bb8bd477a5: 100% ▕██████████████████▏   96 B                         [K
pulling c7091aa45e9b: 100% ▕██████████████████▏  562 B                         [K
verifying sha256 digest ⠸ [K[?25h[?2026l[?2026h[?25l[A[A[A[A[A[A[A[1Gpulling manifest [K
pulling 4824460d29f2: 100% ▕██████████████████▏  42 GB                         [K
pulling 948af2743fc7: 100% ▕██████████████████▏ 1.5 KB                         [K
pulling bc371a43ce90: 100% ▕██████████████████▏ 7.6 KB                         [K
pulling 53a87df39647: 100% ▕██████████████████▏ 5.6 KB                         [K
pulling 56bb8bd477a5: 100% ▕██████████████████▏   96 B                         [K
pulling c7091aa45e9b: 100% ▕██████████████████▏  562 B                         [K
verifying sha256 digest ⠼ [K[?25h[?2026l[?2026h[?25l[A[A[A[A[A[A[A[1Gpulling manifest [K
pulling 4824460d29f2: 100% ▕██████████████████▏  42 GB                         [K
pulling 948af2743fc7: 100% ▕██████████████████▏ 1.5 KB                         [K
pulling bc371a43ce90: 100% ▕██████████████████▏ 7.6 KB                         [K
pulling 53a87df39647: 100% ▕██████████████████▏ 5.6 KB                         [K
pulling 56bb8bd477a5: 100% ▕██████████████████▏   96 B                         [K
pulling c7091aa45e9b: 100% ▕██████████████████▏  562 B                         [K
verifying sha256 digest ⠴ [K[?25h[?2026l[?2026h[?25l[A[A[A[A[A[A[A[1Gpulling manifest [K
pulling 4824460d29f2: 100% ▕██████████████████▏  42 GB                         [K
pulling 948af2743fc7: 100% ▕██████████████████▏ 1.5 KB                         [K
pulling bc371a43ce90: 100% ▕██████████████████▏ 7.6 KB                         [K
pulling 53a87df39647: 100% ▕██████████████████▏ 5.6 KB                         [K
pulling 56bb8bd477a5: 100% ▕██████████████████▏   96 B                         [K
pulling c7091aa45e9b: 100% ▕██████████████████▏  562 B                         [K
verifying sha256 digest ⠦ [K[?25h[?2026l[?2026h[?25l[A[A[A[A[A[A[A[1Gpulling manifest [K
pulling 4824460d29f2: 100% ▕██████████████████▏  42 GB                         [K
pulling 948af2743fc7: 100% ▕██████████████████▏ 1.5 KB                         [K
pulling bc371a43ce90: 100% ▕██████████████████▏ 7.6 KB                         [K
pulling 53a87df39647: 100% ▕██████████████████▏ 5.6 KB                         [K
pulling 56bb8bd477a5: 100% ▕██████████████████▏   96 B                         [K
pulling c7091aa45e9b: 100% ▕██████████████████▏  562 B                         [K
verifying sha256 digest ⠧ [K[?25h[?2026l[?2026h[?25l[A[A[A[A[A[A[A[1Gpulling manifest [K
pulling 4824460d29f2: 100% ▕██████████████████▏  42 GB                         [K
pulling 948af2743fc7: 100% ▕██████████████████▏ 1.5 KB                         [K
pulling bc371a43ce90: 100% ▕██████████████████▏ 7.6 KB                         [K
pulling 53a87df39647: 100% ▕██████████████████▏ 5.6 KB                         [K
pulling 56bb8bd477a5: 100% ▕██████████████████▏   96 B                         [K
pulling c7091aa45e9b: 100% ▕██████████████████▏  562 B                         [K
verifying sha256 digest ⠇ [K[?25h[?2026l[?2026h[?25l[A[A[A[A[A[A[A[1Gpulling manifest [K
pulling 4824460d29f2: 100% ▕██████████████████▏  42 GB                         [K
pulling 948af2743fc7: 100% ▕██████████████████▏ 1.5 KB                         [K
pulling bc371a43ce90: 100% ▕██████████████████▏ 7.6 KB                         [K
pulling 53a87df39647: 100% ▕██████████████████▏ 5.6 KB                         [K
pulling 56bb8bd477a5: 100% ▕██████████████████▏   96 B                         [K
pulling c7091aa45e9b: 100% ▕██████████████████▏  562 B                         [K
verifying sha256 digest ⠏ [K[?25h[?2026l[?2026h[?25l[A[A[A[A[A[A[A[1Gpulling manifest [K
pulling 4824460d29f2: 100% ▕██████████████████▏  42 GB                         [K
pulling 948af2743fc7: 100% ▕██████████████████▏ 1.5 KB                         [K
pulling bc371a43ce90: 100% ▕██████████████████▏ 7.6 KB                         [K
pulling 53a87df39647: 100% ▕██████████████████▏ 5.6 KB                         [K
pulling 56bb8bd477a5: 100% ▕██████████████████▏   96 B                         [K
pulling c7091aa45e9b: 100% ▕██████████████████▏  562 B                         [K
verifying sha256 digest ⠋ [K[?25h[?2026l[?2026h[?25l[A[A[A[A[A[A[A[1Gpulling manifest [K
pulling 4824460d29f2: 100% ▕██████████████████▏  42 GB                         [K
pulling 948af2743fc7: 100% ▕██████████████████▏ 1.5 KB                         [K
pulling bc371a43ce90: 100% ▕██████████████████▏ 7.6 KB                         [K
pulling 53a87df39647: 100% ▕██████████████████▏ 5.6 KB                         [K
pulling 56bb8bd477a5: 100% ▕██████████████████▏   96 B                         [K
pulling c7091aa45e9b: 100% ▕██████████████████▏  562 B                         [K
verifying sha256 digest ⠙ [K[?25h[?2026l[?2026h[?25l[A[A[A[A[A[A[A[1Gpulling manifest [K
pulling 4824460d29f2: 100% ▕██████████████████▏  42 GB                         [K
pulling 948af2743fc7: 100% ▕██████████████████▏ 1.5 KB                         [K
pulling bc371a43ce90: 100% ▕██████████████████▏ 7.6 KB                         [K
pulling 53a87df39647: 100% ▕██████████████████▏ 5.6 KB                         [K
pulling 56bb8bd477a5: 100% ▕██████████████████▏   96 B                         [K
pulling c7091aa45e9b: 100% ▕██████████████████▏  562 B                         [K
verifying sha256 digest ⠹ [K[?25h[?2026l[?2026h[?25l[A[A[A[A[A[A[A[1Gpulling manifest [K
pulling 4824460d29f2: 100% ▕██████████████████▏  42 GB                         [K
pulling 948af2743fc7: 100% ▕██████████████████▏ 1.5 KB                         [K
pulling bc371a43ce90: 100% ▕██████████████████▏ 7.6 KB                         [K
pulling 53a87df39647: 100% ▕██████████████████▏ 5.6 KB                         [K
pulling 56bb8bd477a5: 100% ▕██████████████████▏   96 B                         [K
pulling c7091aa45e9b: 100% ▕██████████████████▏  562 B                         [K
verifying sha256 digest ⠸ [K[?25h[?2026l[?2026h[?25l[A[A[A[A[A[A[A[1Gpulling manifest [K
pulling 4824460d29f2: 100% ▕██████████████████▏  42 GB                         [K
pulling 948af2743fc7: 100% ▕██████████████████▏ 1.5 KB                         [K
pulling bc371a43ce90: 100% ▕██████████████████▏ 7.6 KB                         [K
pulling 53a87df39647: 100% ▕██████████████████▏ 5.6 KB                         [K
pulling 56bb8bd477a5: 100% ▕██████████████████▏   96 B                         [K
pulling c7091aa45e9b: 100% ▕██████████████████▏  562 B                         [K
verifying sha256 digest ⠼ [K[?25h[?2026l[?2026h[?25l[A[A[A[A[A[A[A[1Gpulling manifest [K
pulling 4824460d29f2: 100% ▕██████████████████▏  42 GB                         [K
pulling 948af2743fc7: 100% ▕██████████████████▏ 1.5 KB                         [K
pulling bc371a43ce90: 100% ▕██████████████████▏ 7.6 KB                         [K
pulling 53a87df39647: 100% ▕██████████████████▏ 5.6 KB                         [K
pulling 56bb8bd477a5: 100% ▕██████████████████▏   96 B                         [K
pulling c7091aa45e9b: 100% ▕██████████████████▏  562 B                         [K
verifying sha256 digest ⠴ [K[?25h[?2026l[?2026h[?25l[A[A[A[A[A[A[A[1Gpulling manifest [K
pulling 4824460d29f2: 100% ▕██████████████████▏  42 GB                         [K
pulling 948af2743fc7: 100% ▕██████████████████▏ 1.5 KB                         [K
pulling bc371a43ce90: 100% ▕██████████████████▏ 7.6 KB                         [K
pulling 53a87df39647: 100% ▕██████████████████▏ 5.6 KB                         [K
pulling 56bb8bd477a5: 100% ▕██████████████████▏   96 B                         [K
pulling c7091aa45e9b: 100% ▕██████████████████▏  562 B                         [K
verifying sha256 digest ⠦ [K[?25h[?2026l[?2026h[?25l[A[A[A[A[A[A[A[1Gpulling manifest [K
pulling 4824460d29f2: 100% ▕██████████████████▏  42 GB                         [K
pulling 948af2743fc7: 100% ▕██████████████████▏ 1.5 KB                         [K
pulling bc371a43ce90: 100% ▕██████████████████▏ 7.6 KB                         [K
pulling 53a87df39647: 100% ▕██████████████████▏ 5.6 KB                         [K
pulling 56bb8bd477a5: 100% ▕██████████████████▏   96 B                         [K
pulling c7091aa45e9b: 100% ▕██████████████████▏  562 B                         [K
verifying sha256 digest ⠧ [K[?25h[?2026l[?2026h[?25l[A[A[A[A[A[A[A[1Gpulling manifest [K
pulling 4824460d29f2: 100% ▕██████████████████▏  42 GB                         [K
pulling 948af2743fc7: 100% ▕██████████████████▏ 1.5 KB                         [K
pulling bc371a43ce90: 100% ▕██████████████████▏ 7.6 KB                         [K
pulling 53a87df39647: 100% ▕██████████████████▏ 5.6 KB                         [K
pulling 56bb8bd477a5: 100% ▕██████████████████▏   96 B                         [K
pulling c7091aa45e9b: 100% ▕██████████████████▏  562 B                         [K
verifying sha256 digest ⠇ [K[?25h[?2026l[?2026h[?25l[A[A[A[A[A[A[A[1Gpulling manifest [K
pulling 4824460d29f2: 100% ▕██████████████████▏  42 GB                         [K
pulling 948af2743fc7: 100% ▕██████████████████▏ 1.5 KB                         [K
pulling bc371a43ce90: 100% ▕██████████████████▏ 7.6 KB                         [K
pulling 53a87df39647: 100% ▕██████████████████▏ 5.6 KB                         [K
pulling 56bb8bd477a5: 100% ▕██████████████████▏   96 B                         [K
pulling c7091aa45e9b: 100% ▕██████████████████▏  562 B                         [K
verifying sha256 digest ⠏ [K[?25h[?2026l[?2026h[?25l[A[A[A[A[A[A[A[1Gpulling manifest [K
pulling 4824460d29f2: 100% ▕██████████████████▏  42 GB                         [K
pulling 948af2743fc7: 100% ▕██████████████████▏ 1.5 KB                         [K
pulling bc371a43ce90: 100% ▕██████████████████▏ 7.6 KB                         [K
pulling 53a87df39647: 100% ▕██████████████████▏ 5.6 KB                         [K
pulling 56bb8bd477a5: 100% ▕██████████████████▏   96 B                         [K
pulling c7091aa45e9b: 100% ▕██████████████████▏  562 B                         [K
verifying sha256 digest ⠋ [K[?25h[?2026l[?2026h[?25l[A[A[A[A[A[A[A[1Gpulling manifest [K
pulling 4824460d29f2: 100% ▕██████████████████▏  42 GB                         [K
pulling 948af2743fc7: 100% ▕██████████████████▏ 1.5 KB                         [K
pulling bc371a43ce90: 100% ▕██████████████████▏ 7.6 KB                         [K
pulling 53a87df39647: 100% ▕██████████████████▏ 5.6 KB                         [K
pulling 56bb8bd477a5: 100% ▕██████████████████▏   96 B                         [K
pulling c7091aa45e9b: 100% ▕██████████████████▏  562 B                         [K
verifying sha256 digest ⠙ [K[?25h[?2026l[?2026h[?25l[A[A[A[A[A[A[A[1Gpulling manifest [K
pulling 4824460d29f2: 100% ▕██████████████████▏  42 GB                         [K
pulling 948af2743fc7: 100% ▕██████████████████▏ 1.5 KB                         [K
pulling bc371a43ce90: 100% ▕██████████████████▏ 7.6 KB                         [K
pulling 53a87df39647: 100% ▕██████████████████▏ 5.6 KB                         [K
pulling 56bb8bd477a5: 100% ▕██████████████████▏   96 B                         [K
pulling c7091aa45e9b: 100% ▕██████████████████▏  562 B                         [K
verifying sha256 digest ⠹ [K[?25h[?2026l[?2026h[?25l[A[A[A[A[A[A[A[1Gpulling manifest [K
pulling 4824460d29f2: 100% ▕██████████████████▏  42 GB                         [K
pulling 948af2743fc7: 100% ▕██████████████████▏ 1.5 KB                         [K
pulling bc371a43ce90: 100% ▕██████████████████▏ 7.6 KB                         [K
pulling 53a87df39647: 100% ▕██████████████████▏ 5.6 KB                         [K
pulling 56bb8bd477a5: 100% ▕██████████████████▏   96 B                         [K
pulling c7091aa45e9b: 100% ▕██████████████████▏  562 B                         [K
verifying sha256 digest ⠸ [K[?25h[?2026l[?2026h[?25l[A[A[A[A[A[A[A[1Gpulling manifest [K
pulling 4824460d29f2: 100% ▕██████████████████▏  42 GB                         [K
pulling 948af2743fc7: 100% ▕██████████████████▏ 1.5 KB                         [K
pulling bc371a43ce90: 100% ▕██████████████████▏ 7.6 KB                         [K
pulling 53a87df39647: 100% ▕██████████████████▏ 5.6 KB                         [K
pulling 56bb8bd477a5: 100% ▕██████████████████▏   96 B                         [K
pulling c7091aa45e9b: 100% ▕██████████████████▏  562 B                         [K
verifying sha256 digest ⠼ [K[?25h[?2026l[?2026h[?25l[A[A[A[A[A[A[A[1Gpulling manifest [K
pulling 4824460d29f2: 100% ▕██████████████████▏  42 GB                         [K
pulling 948af2743fc7: 100% ▕██████████████████▏ 1.5 KB                         [K
pulling bc371a43ce90: 100% ▕██████████████████▏ 7.6 KB                         [K
pulling 53a87df39647: 100% ▕██████████████████▏ 5.6 KB                         [K
pulling 56bb8bd477a5: 100% ▕██████████████████▏   96 B                         [K
pulling c7091aa45e9b: 100% ▕██████████████████▏  562 B                         [K
verifying sha256 digest ⠴ [K[?25h[?2026l[?2026h[?25l[A[A[A[A[A[A[A[1Gpulling manifest [K
pulling 4824460d29f2: 100% ▕██████████████████▏  42 GB                         [K
pulling 948af2743fc7: 100% ▕██████████████████▏ 1.5 KB                         [K
pulling bc371a43ce90: 100% ▕██████████████████▏ 7.6 KB                         [K
pulling 53a87df39647: 100% ▕██████████████████▏ 5.6 KB                         [K
pulling 56bb8bd477a5: 100% ▕██████████████████▏   96 B                         [K
pulling c7091aa45e9b: 100% ▕██████████████████▏  562 B                         [K
verifying sha256 digest ⠦ [K[?25h[?2026l[?2026h[?25l[A[A[A[A[A[A[A[1Gpulling manifest [K
pulling 4824460d29f2: 100% ▕██████████████████▏  42 GB                         [K
pulling 948af2743fc7: 100% ▕██████████████████▏ 1.5 KB                         [K
pulling bc371a43ce90: 100% ▕██████████████████▏ 7.6 KB                         [K
pulling 53a87df39647: 100% ▕██████████████████▏ 5.6 KB                         [K
pulling 56bb8bd477a5: 100% ▕██████████████████▏   96 B                         [K
pulling c7091aa45e9b: 100% ▕██████████████████▏  562 B                         [K
verifying sha256 digest ⠧ [K[?25h[?2026l[?2026h[?25l[A[A[A[A[A[A[A[1Gpulling manifest [K
pulling 4824460d29f2: 100% ▕██████████████████▏  42 GB                         [K
pulling 948af2743fc7: 100% ▕██████████████████▏ 1.5 KB                         [K
pulling bc371a43ce90: 100% ▕██████████████████▏ 7.6 KB                         [K
pulling 53a87df39647: 100% ▕██████████████████▏ 5.6 KB                         [K
pulling 56bb8bd477a5: 100% ▕██████████████████▏   96 B                         [K
pulling c7091aa45e9b: 100% ▕██████████████████▏  562 B                         [K
verifying sha256 digest ⠇ [K[?25h[?2026l[?2026h[?25l[A[A[A[A[A[A[A[1Gpulling manifest [K
pulling 4824460d29f2: 100% ▕██████████████████▏  42 GB                         [K
pulling 948af2743fc7: 100% ▕██████████████████▏ 1.5 KB                         [K
pulling bc371a43ce90: 100% ▕██████████████████▏ 7.6 KB                         [K
pulling 53a87df39647: 100% ▕██████████████████▏ 5.6 KB                         [K
pulling 56bb8bd477a5: 100% ▕██████████████████▏   96 B                         [K
pulling c7091aa45e9b: 100% ▕██████████████████▏  562 B                         [K
verifying sha256 digest ⠏ [K[?25h[?2026l[?2026h[?25l[A[A[A[A[A[A[A[1Gpulling manifest [K
pulling 4824460d29f2: 100% ▕██████████████████▏  42 GB                         [K
pulling 948af2743fc7: 100% ▕██████████████████▏ 1.5 KB                         [K
pulling bc371a43ce90: 100% ▕██████████████████▏ 7.6 KB                         [K
pulling 53a87df39647: 100% ▕██████████████████▏ 5.6 KB                         [K
pulling 56bb8bd477a5: 100% ▕██████████████████▏   96 B                         [K
pulling c7091aa45e9b: 100% ▕██████████████████▏  562 B                         [K
verifying sha256 digest ⠋ [K[?25h[?2026l[?2026h[?25l[A[A[A[A[A[A[A[1Gpulling manifest [K
pulling 4824460d29f2: 100% ▕██████████████████▏  42 GB                         [K
pulling 948af2743fc7: 100% ▕██████████████████▏ 1.5 KB                         [K
pulling bc371a43ce90: 100% ▕██████████████████▏ 7.6 KB                         [K
pulling 53a87df39647: 100% ▕██████████████████▏ 5.6 KB                         [K
pulling 56bb8bd477a5: 100% ▕██████████████████▏   96 B                         [K
pulling c7091aa45e9b: 100% ▕██████████████████▏  562 B                         [K
verifying sha256 digest ⠙ [K[?25h[?2026l[?2026h[?25l[A[A[A[A[A[A[A[1Gpulling manifest [K
pulling 4824460d29f2: 100% ▕██████████████████▏  42 GB                         [K
pulling 948af2743fc7: 100% ▕██████████████████▏ 1.5 KB                         [K
pulling bc371a43ce90: 100% ▕██████████████████▏ 7.6 KB                         [K
pulling 53a87df39647: 100% ▕██████████████████▏ 5.6 KB                         [K
pulling 56bb8bd477a5: 100% ▕██████████████████▏   96 B                         [K
pulling c7091aa45e9b: 100% ▕██████████████████▏  562 B                         [K
verifying sha256 digest ⠹ [K[?25h[?2026l[?2026h[?25l[A[A[A[A[A[A[A[1Gpulling manifest [K
pulling 4824460d29f2: 100% ▕██████████████████▏  42 GB                         [K
pulling 948af2743fc7: 100% ▕██████████████████▏ 1.5 KB                         [K
pulling bc371a43ce90: 100% ▕██████████████████▏ 7.6 KB                         [K
pulling 53a87df39647: 100% ▕██████████████████▏ 5.6 KB                         [K
pulling 56bb8bd477a5: 100% ▕██████████████████▏   96 B                         [K
pulling c7091aa45e9b: 100% ▕██████████████████▏  562 B                         [K
verifying sha256 digest ⠸ [K[?25h[?2026l[?2026h[?25l[A[A[A[A[A[A[A[1Gpulling manifest [K
pulling 4824460d29f2: 100% ▕██████████████████▏  42 GB                         [K
pulling 948af2743fc7: 100% ▕██████████████████▏ 1.5 KB                         [K
pulling bc371a43ce90: 100% ▕██████████████████▏ 7.6 KB                         [K
pulling 53a87df39647: 100% ▕██████████████████▏ 5.6 KB                         [K
pulling 56bb8bd477a5: 100% ▕██████████████████▏   96 B                         [K
pulling c7091aa45e9b: 100% ▕██████████████████▏  562 B                         [K
verifying sha256 digest ⠼ [K[?25h[?2026l[?2026h[?25l[A[A[A[A[A[A[A[1Gpulling manifest [K
pulling 4824460d29f2: 100% ▕██████████████████▏  42 GB                         [K
pulling 948af2743fc7: 100% ▕██████████████████▏ 1.5 KB                         [K
pulling bc371a43ce90: 100% ▕██████████████████▏ 7.6 KB                         [K
pulling 53a87df39647: 100% ▕██████████████████▏ 5.6 KB                         [K
pulling 56bb8bd477a5: 100% ▕██████████████████▏   96 B                         [K
pulling c7091aa45e9b: 100% ▕██████████████████▏  562 B                         [K
verifying sha256 digest ⠴ [K[?25h[?2026l[?2026h[?25l[A[A[A[A[A[A[A[1Gpulling manifest [K
pulling 4824460d29f2: 100% ▕██████████████████▏  42 GB                         [K
pulling 948af2743fc7: 100% ▕██████████████████▏ 1.5 KB                         [K
pulling bc371a43ce90: 100% ▕██████████████████▏ 7.6 KB                         [K
pulling 53a87df39647: 100% ▕██████████████████▏ 5.6 KB                         [K
pulling 56bb8bd477a5: 100% ▕██████████████████▏   96 B                         [K
pulling c7091aa45e9b: 100% ▕██████████████████▏  562 B                         [K
verifying sha256 digest ⠦ [K[?25h[?2026l[?2026h[?25l[A[A[A[A[A[A[A[1Gpulling manifest [K
pulling 4824460d29f2: 100% ▕██████████████████▏  42 GB                         [K
pulling 948af2743fc7: 100% ▕██████████████████▏ 1.5 KB                         [K
pulling bc371a43ce90: 100% ▕██████████████████▏ 7.6 KB                         [K
pulling 53a87df39647: 100% ▕██████████████████▏ 5.6 KB                         [K
pulling 56bb8bd477a5: 100% ▕██████████████████▏   96 B                         [K
pulling c7091aa45e9b: 100% ▕██████████████████▏  562 B                         [K
verifying sha256 digest ⠧ [K[?25h[?2026l[?2026h[?25l[A[A[A[A[A[A[A[1Gpulling manifest [K
pulling 4824460d29f2: 100% ▕██████████████████▏  42 GB                         [K
pulling 948af2743fc7: 100% ▕██████████████████▏ 1.5 KB                         [K
pulling bc371a43ce90: 100% ▕██████████████████▏ 7.6 KB                         [K
pulling 53a87df39647: 100% ▕██████████████████▏ 5.6 KB                         [K
pulling 56bb8bd477a5: 100% ▕██████████████████▏   96 B                         [K
pulling c7091aa45e9b: 100% ▕██████████████████▏  562 B                         [K
verifying sha256 digest ⠇ [K[?25h[?2026l[?2026h[?25l[A[A[A[A[A[A[A[1Gpulling manifest [K
pulling 4824460d29f2: 100% ▕██████████████████▏  42 GB                         [K
pulling 948af2743fc7: 100% ▕██████████████████▏ 1.5 KB                         [K
pulling bc371a43ce90: 100% ▕██████████████████▏ 7.6 KB                         [K
pulling 53a87df39647: 100% ▕██████████████████▏ 5.6 KB                         [K
pulling 56bb8bd477a5: 100% ▕██████████████████▏   96 B                         [K
pulling c7091aa45e9b: 100% ▕██████████████████▏  562 B                         [K
verifying sha256 digest ⠏ [K[?25h[?2026l[?2026h[?25l[A[A[A[A[A[A[A[1Gpulling manifest [K
pulling 4824460d29f2: 100% ▕██████████████████▏  42 GB                         [K
pulling 948af2743fc7: 100% ▕██████████████████▏ 1.5 KB                         [K
pulling bc371a43ce90: 100% ▕██████████████████▏ 7.6 KB                         [K
pulling 53a87df39647: 100% ▕██████████████████▏ 5.6 KB                         [K
pulling 56bb8bd477a5: 100% ▕██████████████████▏   96 B                         [K
pulling c7091aa45e9b: 100% ▕██████████████████▏  562 B                         [K
verifying sha256 digest ⠋ [K[?25h[?2026l[?2026h[?25l[A[A[A[A[A[A[A[1Gpulling manifest [K
pulling 4824460d29f2: 100% ▕██████████████████▏  42 GB                         [K
pulling 948af2743fc7: 100% ▕██████████████████▏ 1.5 KB                         [K
pulling bc371a43ce90: 100% ▕██████████████████▏ 7.6 KB                         [K
pulling 53a87df39647: 100% ▕██████████████████▏ 5.6 KB                         [K
pulling 56bb8bd477a5: 100% ▕██████████████████▏   96 B                         [K
pulling c7091aa45e9b: 100% ▕██████████████████▏  562 B                         [K
verifying sha256 digest ⠙ [K[?25h[?2026l[?2026h[?25l[A[A[A[A[A[A[A[1Gpulling manifest [K
pulling 4824460d29f2: 100% ▕██████████████████▏  42 GB                         [K
pulling 948af2743fc7: 100% ▕██████████████████▏ 1.5 KB                         [K
pulling bc371a43ce90: 100% ▕██████████████████▏ 7.6 KB                         [K
pulling 53a87df39647: 100% ▕██████████████████▏ 5.6 KB                         [K
pulling 56bb8bd477a5: 100% ▕██████████████████▏   96 B                         [K
pulling c7091aa45e9b: 100% ▕██████████████████▏  562 B                         [K
verifying sha256 digest ⠹ [K[?25h[?2026l[?2026h[?25l[A[A[A[A[A[A[A[1Gpulling manifest [K
pulling 4824460d29f2: 100% ▕██████████████████▏  42 GB                         [K
pulling 948af2743fc7: 100% ▕██████████████████▏ 1.5 KB                         [K
pulling bc371a43ce90: 100% ▕██████████████████▏ 7.6 KB                         [K
pulling 53a87df39647: 100% ▕██████████████████▏ 5.6 KB                         [K
pulling 56bb8bd477a5: 100% ▕██████████████████▏   96 B                         [K
pulling c7091aa45e9b: 100% ▕██████████████████▏  562 B                         [K
verifying sha256 digest ⠸ [K[?25h[?2026l[?2026h[?25l[A[A[A[A[A[A[A[1Gpulling manifest [K
pulling 4824460d29f2: 100% ▕██████████████████▏  42 GB                         [K
pulling 948af2743fc7: 100% ▕██████████████████▏ 1.5 KB                         [K
pulling bc371a43ce90: 100% ▕██████████████████▏ 7.6 KB                         [K
pulling 53a87df39647: 100% ▕██████████████████▏ 5.6 KB                         [K
pulling 56bb8bd477a5: 100% ▕██████████████████▏   96 B                         [K
pulling c7091aa45e9b: 100% ▕██████████████████▏  562 B                         [K
verifying sha256 digest ⠼ [K[?25h[?2026l[?2026h[?25l[A[A[A[A[A[A[A[1Gpulling manifest [K
pulling 4824460d29f2: 100% ▕██████████████████▏  42 GB                         [K
pulling 948af2743fc7: 100% ▕██████████████████▏ 1.5 KB                         [K
pulling bc371a43ce90: 100% ▕██████████████████▏ 7.6 KB                         [K
pulling 53a87df39647: 100% ▕██████████████████▏ 5.6 KB                         [K
pulling 56bb8bd477a5: 100% ▕██████████████████▏   96 B                         [K
pulling c7091aa45e9b: 100% ▕██████████████████▏  562 B                         [K
verifying sha256 digest ⠴ [K[?25h[?2026l[?2026h[?25l[A[A[A[A[A[A[A[1Gpulling manifest [K
pulling 4824460d29f2: 100% ▕██████████████████▏  42 GB                         [K
pulling 948af2743fc7: 100% ▕██████████████████▏ 1.5 KB                         [K
pulling bc371a43ce90: 100% ▕██████████████████▏ 7.6 KB                         [K
pulling 53a87df39647: 100% ▕██████████████████▏ 5.6 KB                         [K
pulling 56bb8bd477a5: 100% ▕██████████████████▏   96 B                         [K
pulling c7091aa45e9b: 100% ▕██████████████████▏  562 B                         [K
verifying sha256 digest ⠦ [K[?25h[?2026l[?2026h[?25l[A[A[A[A[A[A[A[1Gpulling manifest [K
pulling 4824460d29f2: 100% ▕██████████████████▏  42 GB                         [K
pulling 948af2743fc7: 100% ▕██████████████████▏ 1.5 KB                         [K
pulling bc371a43ce90: 100% ▕██████████████████▏ 7.6 KB                         [K
pulling 53a87df39647: 100% ▕██████████████████▏ 5.6 KB                         [K
pulling 56bb8bd477a5: 100% ▕██████████████████▏   96 B                         [K
pulling c7091aa45e9b: 100% ▕██████████████████▏  562 B                         [K
verifying sha256 digest ⠧ [K[?25h[?2026l[?2026h[?25l[A[A[A[A[A[A[A[1Gpulling manifest [K
pulling 4824460d29f2: 100% ▕██████████████████▏  42 GB                         [K
pulling 948af2743fc7: 100% ▕██████████████████▏ 1.5 KB                         [K
pulling bc371a43ce90: 100% ▕██████████████████▏ 7.6 KB                         [K
pulling 53a87df39647: 100% ▕██████████████████▏ 5.6 KB                         [K
pulling 56bb8bd477a5: 100% ▕██████████████████▏   96 B                         [K
pulling c7091aa45e9b: 100% ▕██████████████████▏  562 B                         [K
verifying sha256 digest ⠇ [K[?25h[?2026l[?2026h[?25l[A[A[A[A[A[A[A[1Gpulling manifest [K
pulling 4824460d29f2: 100% ▕██████████████████▏  42 GB                         [K
pulling 948af2743fc7: 100% ▕██████████████████▏ 1.5 KB                         [K
pulling bc371a43ce90: 100% ▕██████████████████▏ 7.6 KB                         [K
pulling 53a87df39647: 100% ▕██████████████████▏ 5.6 KB                         [K
pulling 56bb8bd477a5: 100% ▕██████████████████▏   96 B                         [K
pulling c7091aa45e9b: 100% ▕██████████████████▏  562 B                         [K
verifying sha256 digest ⠏ [K[?25h[?2026l[?2026h[?25l[A[A[A[A[A[A[A[1Gpulling manifest [K
pulling 4824460d29f2: 100% ▕██████████████████▏  42 GB                         [K
pulling 948af2743fc7: 100% ▕██████████████████▏ 1.5 KB                         [K
pulling bc371a43ce90: 100% ▕██████████████████▏ 7.6 KB                         [K
pulling 53a87df39647: 100% ▕██████████████████▏ 5.6 KB                         [K
pulling 56bb8bd477a5: 100% ▕██████████████████▏   96 B                         [K
pulling c7091aa45e9b: 100% ▕██████████████████▏  562 B                         [K
verifying sha256 digest ⠋ [K[?25h[?2026l[?2026h[?25l[A[A[A[A[A[A[A[1Gpulling manifest [K
pulling 4824460d29f2: 100% ▕██████████████████▏  42 GB                         [K
pulling 948af2743fc7: 100% ▕██████████████████▏ 1.5 KB                         [K
pulling bc371a43ce90: 100% ▕██████████████████▏ 7.6 KB                         [K
pulling 53a87df39647: 100% ▕██████████████████▏ 5.6 KB                         [K
pulling 56bb8bd477a5: 100% ▕██████████████████▏   96 B                         [K
pulling c7091aa45e9b: 100% ▕██████████████████▏  562 B                         [K
verifying sha256 digest ⠙ [K[?25h[?2026l[?2026h[?25l[A[A[A[A[A[A[A[1Gpulling manifest [K
pulling 4824460d29f2: 100% ▕██████████████████▏  42 GB                         [K
pulling 948af2743fc7: 100% ▕██████████████████▏ 1.5 KB                         [K
pulling bc371a43ce90: 100% ▕██████████████████▏ 7.6 KB                         [K
pulling 53a87df39647: 100% ▕██████████████████▏ 5.6 KB                         [K
pulling 56bb8bd477a5: 100% ▕██████████████████▏   96 B                         [K
pulling c7091aa45e9b: 100% ▕██████████████████▏  562 B                         [K
verifying sha256 digest ⠹ [K[?25h[?2026l[?2026h[?25l[A[A[A[A[A[A[A[1Gpulling manifest [K
pulling 4824460d29f2: 100% ▕██████████████████▏  42 GB                         [K
pulling 948af2743fc7: 100% ▕██████████████████▏ 1.5 KB                         [K
pulling bc371a43ce90: 100% ▕██████████████████▏ 7.6 KB                         [K
pulling 53a87df39647: 100% ▕██████████████████▏ 5.6 KB                         [K
pulling 56bb8bd477a5: 100% ▕██████████████████▏   96 B                         [K
pulling c7091aa45e9b: 100% ▕██████████████████▏  562 B                         [K
verifying sha256 digest ⠸ [K[?25h[?2026l[?2026h[?25l[A[A[A[A[A[A[A[1Gpulling manifest [K
pulling 4824460d29f2: 100% ▕██████████████████▏  42 GB                         [K
pulling 948af2743fc7: 100% ▕██████████████████▏ 1.5 KB                         [K
pulling bc371a43ce90: 100% ▕██████████████████▏ 7.6 KB                         [K
pulling 53a87df39647: 100% ▕██████████████████▏ 5.6 KB                         [K
pulling 56bb8bd477a5: 100% ▕██████████████████▏   96 B                         [K
pulling c7091aa45e9b: 100% ▕██████████████████▏  562 B                         [K
verifying sha256 digest ⠼ [K[?25h[?2026l[?2026h[?25l[A[A[A[A[A[A[A[1Gpulling manifest [K
pulling 4824460d29f2: 100% ▕██████████████████▏  42 GB                         [K
pulling 948af2743fc7: 100% ▕██████████████████▏ 1.5 KB                         [K
pulling bc371a43ce90: 100% ▕██████████████████▏ 7.6 KB                         [K
pulling 53a87df39647: 100% ▕██████████████████▏ 5.6 KB                         [K
pulling 56bb8bd477a5: 100% ▕██████████████████▏   96 B                         [K
pulling c7091aa45e9b: 100% ▕██████████████████▏  562 B                         [K
verifying sha256 digest ⠴ [K[?25h[?2026l[?2026h[?25l[A[A[A[A[A[A[A[1Gpulling manifest [K
pulling 4824460d29f2: 100% ▕██████████████████▏  42 GB                         [K
pulling 948af2743fc7: 100% ▕██████████████████▏ 1.5 KB                         [K
pulling bc371a43ce90: 100% ▕██████████████████▏ 7.6 KB                         [K
pulling 53a87df39647: 100% ▕██████████████████▏ 5.6 KB                         [K
pulling 56bb8bd477a5: 100% ▕██████████████████▏   96 B                         [K
pulling c7091aa45e9b: 100% ▕██████████████████▏  562 B                         [K
verifying sha256 digest ⠦ [K[?25h[?2026l[?2026h[?25l[A[A[A[A[A[A[A[1Gpulling manifest [K
pulling 4824460d29f2: 100% ▕██████████████████▏  42 GB                         [K
pulling 948af2743fc7: 100% ▕██████████████████▏ 1.5 KB                         [K
pulling bc371a43ce90: 100% ▕██████████████████▏ 7.6 KB                         [K
pulling 53a87df39647: 100% ▕██████████████████▏ 5.6 KB                         [K
pulling 56bb8bd477a5: 100% ▕██████████████████▏   96 B                         [K
pulling c7091aa45e9b: 100% ▕██████████████████▏  562 B                         [K
verifying sha256 digest ⠧ [K[?25h[?2026l[?2026h[?25l[A[A[A[A[A[A[A[1Gpulling manifest [K
pulling 4824460d29f2: 100% ▕██████████████████▏  42 GB                         [K
pulling 948af2743fc7: 100% ▕██████████████████▏ 1.5 KB                         [K
pulling bc371a43ce90: 100% ▕██████████████████▏ 7.6 KB                         [K
pulling 53a87df39647: 100% ▕██████████████████▏ 5.6 KB                         [K
pulling 56bb8bd477a5: 100% ▕██████████████████▏   96 B                         [K
pulling c7091aa45e9b: 100% ▕██████████████████▏  562 B                         [K
verifying sha256 digest ⠇ [K[?25h[?2026l[?2026h[?25l[A[A[A[A[A[A[A[1Gpulling manifest [K
pulling 4824460d29f2: 100% ▕██████████████████▏  42 GB                         [K
pulling 948af2743fc7: 100% ▕██████████████████▏ 1.5 KB                         [K
pulling bc371a43ce90: 100% ▕██████████████████▏ 7.6 KB                         [K
pulling 53a87df39647: 100% ▕██████████████████▏ 5.6 KB                         [K
pulling 56bb8bd477a5: 100% ▕██████████████████▏   96 B                         [K
pulling c7091aa45e9b: 100% ▕██████████████████▏  562 B                         [K
verifying sha256 digest ⠏ [K[?25h[?2026l[?2026h[?25l[A[A[A[A[A[A[A[1Gpulling manifest [K
pulling 4824460d29f2: 100% ▕██████████████████▏  42 GB                         [K
pulling 948af2743fc7: 100% ▕██████████████████▏ 1.5 KB                         [K
pulling bc371a43ce90: 100% ▕██████████████████▏ 7.6 KB                         [K
pulling 53a87df39647: 100% ▕██████████████████▏ 5.6 KB                         [K
pulling 56bb8bd477a5: 100% ▕██████████████████▏   96 B                         [K
pulling c7091aa45e9b: 100% ▕██████████████████▏  562 B                         [K
verifying sha256 digest ⠋ [K[?25h[?2026l[?2026h[?25l[A[A[A[A[A[A[A[1Gpulling manifest [K
pulling 4824460d29f2: 100% ▕██████████████████▏  42 GB                         [K
pulling 948af2743fc7: 100% ▕██████████████████▏ 1.5 KB                         [K
pulling bc371a43ce90: 100% ▕██████████████████▏ 7.6 KB                         [K
pulling 53a87df39647: 100% ▕██████████████████▏ 5.6 KB                         [K
pulling 56bb8bd477a5: 100% ▕██████████████████▏   96 B                         [K
pulling c7091aa45e9b: 100% ▕██████████████████▏  562 B                         [K
verifying sha256 digest ⠙ [K[?25h[?2026l[?2026h[?25l[A[A[A[A[A[A[A[1Gpulling manifest [K
pulling 4824460d29f2: 100% ▕██████████████████▏  42 GB                         [K
pulling 948af2743fc7: 100% ▕██████████████████▏ 1.5 KB                         [K
pulling bc371a43ce90: 100% ▕██████████████████▏ 7.6 KB                         [K
pulling 53a87df39647: 100% ▕██████████████████▏ 5.6 KB                         [K
pulling 56bb8bd477a5: 100% ▕██████████████████▏   96 B                         [K
pulling c7091aa45e9b: 100% ▕██████████████████▏  562 B                         [K
verifying sha256 digest ⠹ [K[?25h[?2026l[?2026h[?25l[A[A[A[A[A[A[A[1Gpulling manifest [K
pulling 4824460d29f2: 100% ▕██████████████████▏  42 GB                         [K
pulling 948af2743fc7: 100% ▕██████████████████▏ 1.5 KB                         [K
pulling bc371a43ce90: 100% ▕██████████████████▏ 7.6 KB                         [K
pulling 53a87df39647: 100% ▕██████████████████▏ 5.6 KB                         [K
pulling 56bb8bd477a5: 100% ▕██████████████████▏   96 B                         [K
pulling c7091aa45e9b: 100% ▕██████████████████▏  562 B                         [K
verifying sha256 digest ⠸ [K[?25h[?2026l[?2026h[?25l[A[A[A[A[A[A[A[1Gpulling manifest [K
pulling 4824460d29f2: 100% ▕██████████████████▏  42 GB                         [K
pulling 948af2743fc7: 100% ▕██████████████████▏ 1.5 KB                         [K
pulling bc371a43ce90: 100% ▕██████████████████▏ 7.6 KB                         [K
pulling 53a87df39647: 100% ▕██████████████████▏ 5.6 KB                         [K
pulling 56bb8bd477a5: 100% ▕██████████████████▏   96 B                         [K
pulling c7091aa45e9b: 100% ▕██████████████████▏  562 B                         [K
verifying sha256 digest ⠼ [K[?25h[?2026l[?2026h[?25l[A[A[A[A[A[A[A[1Gpulling manifest [K
pulling 4824460d29f2: 100% ▕██████████████████▏  42 GB                         [K
pulling 948af2743fc7: 100% ▕██████████████████▏ 1.5 KB                         [K
pulling bc371a43ce90: 100% ▕██████████████████▏ 7.6 KB                         [K
pulling 53a87df39647: 100% ▕██████████████████▏ 5.6 KB                         [K
pulling 56bb8bd477a5: 100% ▕██████████████████▏   96 B                         [K
pulling c7091aa45e9b: 100% ▕██████████████████▏  562 B                         [K
verifying sha256 digest ⠴ [K[?25h[?2026l[?2026h[?25l[A[A[A[A[A[A[A[1Gpulling manifest [K
pulling 4824460d29f2: 100% ▕██████████████████▏  42 GB                         [K
pulling 948af2743fc7: 100% ▕██████████████████▏ 1.5 KB                         [K
pulling bc371a43ce90: 100% ▕██████████████████▏ 7.6 KB                         [K
pulling 53a87df39647: 100% ▕██████████████████▏ 5.6 KB                         [K
pulling 56bb8bd477a5: 100% ▕██████████████████▏   96 B                         [K
pulling c7091aa45e9b: 100% ▕██████████████████▏  562 B                         [K
verifying sha256 digest ⠦ [K[?25h[?2026l[?2026h[?25l[A[A[A[A[A[A[A[1Gpulling manifest [K
pulling 4824460d29f2: 100% ▕██████████████████▏  42 GB                         [K
pulling 948af2743fc7: 100% ▕██████████████████▏ 1.5 KB                         [K
pulling bc371a43ce90: 100% ▕██████████████████▏ 7.6 KB                         [K
pulling 53a87df39647: 100% ▕██████████████████▏ 5.6 KB                         [K
pulling 56bb8bd477a5: 100% ▕██████████████████▏   96 B                         [K
pulling c7091aa45e9b: 100% ▕██████████████████▏  562 B                         [K
verifying sha256 digest ⠧ [K[?25h[?2026l[?2026h[?25l[A[A[A[A[A[A[A[1Gpulling manifest [K
pulling 4824460d29f2: 100% ▕██████████████████▏  42 GB                         [K
pulling 948af2743fc7: 100% ▕██████████████████▏ 1.5 KB                         [K
pulling bc371a43ce90: 100% ▕██████████████████▏ 7.6 KB                         [K
pulling 53a87df39647: 100% ▕██████████████████▏ 5.6 KB                         [K
pulling 56bb8bd477a5: 100% ▕██████████████████▏   96 B                         [K
pulling c7091aa45e9b: 100% ▕██████████████████▏  562 B                         [K
verifying sha256 digest ⠇ [K[?25h[?2026l[?2026h[?25l[A[A[A[A[A[A[A[1Gpulling manifest [K
pulling 4824460d29f2: 100% ▕██████████████████▏  42 GB                         [K
pulling 948af2743fc7: 100% ▕██████████████████▏ 1.5 KB                         [K
pulling bc371a43ce90: 100% ▕██████████████████▏ 7.6 KB                         [K
pulling 53a87df39647: 100% ▕██████████████████▏ 5.6 KB                         [K
pulling 56bb8bd477a5: 100% ▕██████████████████▏   96 B                         [K
pulling c7091aa45e9b: 100% ▕██████████████████▏  562 B                         [K
verifying sha256 digest ⠏ [K[?25h[?2026l[?2026h[?25l[A[A[A[A[A[A[A[1Gpulling manifest [K
pulling 4824460d29f2: 100% ▕██████████████████▏  42 GB                         [K
pulling 948af2743fc7: 100% ▕██████████████████▏ 1.5 KB                         [K
pulling bc371a43ce90: 100% ▕██████████████████▏ 7.6 KB                         [K
pulling 53a87df39647: 100% ▕██████████████████▏ 5.6 KB                         [K
pulling 56bb8bd477a5: 100% ▕██████████████████▏   96 B                         [K
pulling c7091aa45e9b: 100% ▕██████████████████▏  562 B                         [K
verifying sha256 digest ⠋ [K[?25h[?2026l[?2026h[?25l[A[A[A[A[A[A[A[1Gpulling manifest [K
pulling 4824460d29f2: 100% ▕██████████████████▏  42 GB                         [K
pulling 948af2743fc7: 100% ▕██████████████████▏ 1.5 KB                         [K
pulling bc371a43ce90: 100% ▕██████████████████▏ 7.6 KB                         [K
pulling 53a87df39647: 100% ▕██████████████████▏ 5.6 KB                         [K
pulling 56bb8bd477a5: 100% ▕██████████████████▏   96 B                         [K
pulling c7091aa45e9b: 100% ▕██████████████████▏  562 B                         [K
verifying sha256 digest ⠙ [K[?25h[?2026l[?2026h[?25l[A[A[A[A[A[A[A[1Gpulling manifest [K
pulling 4824460d29f2: 100% ▕██████████████████▏  42 GB                         [K
pulling 948af2743fc7: 100% ▕██████████████████▏ 1.5 KB                         [K
pulling bc371a43ce90: 100% ▕██████████████████▏ 7.6 KB                         [K
pulling 53a87df39647: 100% ▕██████████████████▏ 5.6 KB                         [K
pulling 56bb8bd477a5: 100% ▕██████████████████▏   96 B                         [K
pulling c7091aa45e9b: 100% ▕██████████████████▏  562 B                         [K
verifying sha256 digest ⠹ [K[?25h[?2026l[?2026h[?25l[A[A[A[A[A[A[A[1Gpulling manifest [K
pulling 4824460d29f2: 100% ▕██████████████████▏  42 GB                         [K
pulling 948af2743fc7: 100% ▕██████████████████▏ 1.5 KB                         [K
pulling bc371a43ce90: 100% ▕██████████████████▏ 7.6 KB                         [K
pulling 53a87df39647: 100% ▕██████████████████▏ 5.6 KB                         [K
pulling 56bb8bd477a5: 100% ▕██████████████████▏   96 B                         [K
pulling c7091aa45e9b: 100% ▕██████████████████▏  562 B                         [K
verifying sha256 digest ⠸ [K[?25h[?2026l[?2026h[?25l[A[A[A[A[A[A[A[1Gpulling manifest [K
pulling 4824460d29f2: 100% ▕██████████████████▏  42 GB                         [K
pulling 948af2743fc7: 100% ▕██████████████████▏ 1.5 KB                         [K
pulling bc371a43ce90: 100% ▕██████████████████▏ 7.6 KB                         [K
pulling 53a87df39647: 100% ▕██████████████████▏ 5.6 KB                         [K
pulling 56bb8bd477a5: 100% ▕██████████████████▏   96 B                         [K
pulling c7091aa45e9b: 100% ▕██████████████████▏  562 B                         [K
verifying sha256 digest ⠼ [K[?25h[?2026l[?2026h[?25l[A[A[A[A[A[A[A[1Gpulling manifest [K
pulling 4824460d29f2: 100% ▕██████████████████▏  42 GB                         [K
pulling 948af2743fc7: 100% ▕██████████████████▏ 1.5 KB                         [K
pulling bc371a43ce90: 100% ▕██████████████████▏ 7.6 KB                         [K
pulling 53a87df39647: 100% ▕██████████████████▏ 5.6 KB                         [K
pulling 56bb8bd477a5: 100% ▕██████████████████▏   96 B                         [K
pulling c7091aa45e9b: 100% ▕██████████████████▏  562 B                         [K
verifying sha256 digest ⠴ [K[?25h[?2026l[?2026h[?25l[A[A[A[A[A[A[A[1Gpulling manifest [K
pulling 4824460d29f2: 100% ▕██████████████████▏  42 GB                         [K
pulling 948af2743fc7: 100% ▕██████████████████▏ 1.5 KB                         [K
pulling bc371a43ce90: 100% ▕██████████████████▏ 7.6 KB                         [K
pulling 53a87df39647: 100% ▕██████████████████▏ 5.6 KB                         [K
pulling 56bb8bd477a5: 100% ▕██████████████████▏   96 B                         [K
pulling c7091aa45e9b: 100% ▕██████████████████▏  562 B                         [K
verifying sha256 digest ⠦ [K[?25h[?2026l[?2026h[?25l[A[A[A[A[A[A[A[1Gpulling manifest [K
pulling 4824460d29f2: 100% ▕██████████████████▏  42 GB                         [K
pulling 948af2743fc7: 100% ▕██████████████████▏ 1.5 KB                         [K
pulling bc371a43ce90: 100% ▕██████████████████▏ 7.6 KB                         [K
pulling 53a87df39647: 100% ▕██████████████████▏ 5.6 KB                         [K
pulling 56bb8bd477a5: 100% ▕██████████████████▏   96 B                         [K
pulling c7091aa45e9b: 100% ▕██████████████████▏  562 B                         [K
verifying sha256 digest ⠧ [K[?25h[?2026l[?2026h[?25l[A[A[A[A[A[A[A[1Gpulling manifest [K
pulling 4824460d29f2: 100% ▕██████████████████▏  42 GB                         [K
pulling 948af2743fc7: 100% ▕██████████████████▏ 1.5 KB                         [K
pulling bc371a43ce90: 100% ▕██████████████████▏ 7.6 KB                         [K
pulling 53a87df39647: 100% ▕██████████████████▏ 5.6 KB                         [K
pulling 56bb8bd477a5: 100% ▕██████████████████▏   96 B                         [K
pulling c7091aa45e9b: 100% ▕██████████████████▏  562 B                         [K
verifying sha256 digest ⠇ [K[?25h[?2026l[?2026h[?25l[A[A[A[A[A[A[A[1Gpulling manifest [K
pulling 4824460d29f2: 100% ▕██████████████████▏  42 GB                         [K
pulling 948af2743fc7: 100% ▕██████████████████▏ 1.5 KB                         [K
pulling bc371a43ce90: 100% ▕██████████████████▏ 7.6 KB                         [K
pulling 53a87df39647: 100% ▕██████████████████▏ 5.6 KB                         [K
pulling 56bb8bd477a5: 100% ▕██████████████████▏   96 B                         [K
pulling c7091aa45e9b: 100% ▕██████████████████▏  562 B                         [K
verifying sha256 digest ⠏ [K[?25h[?2026l[?2026h[?25l[A[A[A[A[A[A[A[1Gpulling manifest [K
pulling 4824460d29f2: 100% ▕██████████████████▏  42 GB                         [K
pulling 948af2743fc7: 100% ▕██████████████████▏ 1.5 KB                         [K
pulling bc371a43ce90: 100% ▕██████████████████▏ 7.6 KB                         [K
pulling 53a87df39647: 100% ▕██████████████████▏ 5.6 KB                         [K
pulling 56bb8bd477a5: 100% ▕██████████████████▏   96 B                         [K
pulling c7091aa45e9b: 100% ▕██████████████████▏  562 B                         [K
verifying sha256 digest ⠋ [K[?25h[?2026l[?2026h[?25l[A[A[A[A[A[A[A[1Gpulling manifest [K
pulling 4824460d29f2: 100% ▕██████████████████▏  42 GB                         [K
pulling 948af2743fc7: 100% ▕██████████████████▏ 1.5 KB                         [K
pulling bc371a43ce90: 100% ▕██████████████████▏ 7.6 KB                         [K
pulling 53a87df39647: 100% ▕██████████████████▏ 5.6 KB                         [K
pulling 56bb8bd477a5: 100% ▕██████████████████▏   96 B                         [K
pulling c7091aa45e9b: 100% ▕██████████████████▏  562 B                         [K
verifying sha256 digest ⠙ [K[?25h[?2026l[?2026h[?25l[A[A[A[A[A[A[A[1Gpulling manifest [K
pulling 4824460d29f2: 100% ▕██████████████████▏  42 GB                         [K
pulling 948af2743fc7: 100% ▕██████████████████▏ 1.5 KB                         [K
pulling bc371a43ce90: 100% ▕██████████████████▏ 7.6 KB                         [K
pulling 53a87df39647: 100% ▕██████████████████▏ 5.6 KB                         [K
pulling 56bb8bd477a5: 100% ▕██████████████████▏   96 B                         [K
pulling c7091aa45e9b: 100% ▕██████████████████▏  562 B                         [K
verifying sha256 digest ⠹ [K[?25h[?2026l[?2026h[?25l[A[A[A[A[A[A[A[1Gpulling manifest [K
pulling 4824460d29f2: 100% ▕██████████████████▏  42 GB                         [K
pulling 948af2743fc7: 100% ▕██████████████████▏ 1.5 KB                         [K
pulling bc371a43ce90: 100% ▕██████████████████▏ 7.6 KB                         [K
pulling 53a87df39647: 100% ▕██████████████████▏ 5.6 KB                         [K
pulling 56bb8bd477a5: 100% ▕██████████████████▏   96 B                         [K
pulling c7091aa45e9b: 100% ▕██████████████████▏  562 B                         [K
verifying sha256 digest ⠸ [K[?25h[?2026l[?2026h[?25l[A[A[A[A[A[A[A[1Gpulling manifest [K
pulling 4824460d29f2: 100% ▕██████████████████▏  42 GB                         [K
pulling 948af2743fc7: 100% ▕██████████████████▏ 1.5 KB                         [K
pulling bc371a43ce90: 100% ▕██████████████████▏ 7.6 KB                         [K
pulling 53a87df39647: 100% ▕██████████████████▏ 5.6 KB                         [K
pulling 56bb8bd477a5: 100% ▕██████████████████▏   96 B                         [K
pulling c7091aa45e9b: 100% ▕██████████████████▏  562 B                         [K
verifying sha256 digest ⠼ [K[?25h[?2026l[?2026h[?25l[A[A[A[A[A[A[A[1Gpulling manifest [K
pulling 4824460d29f2: 100% ▕██████████████████▏  42 GB                         [K
pulling 948af2743fc7: 100% ▕██████████████████▏ 1.5 KB                         [K
pulling bc371a43ce90: 100% ▕██████████████████▏ 7.6 KB                         [K
pulling 53a87df39647: 100% ▕██████████████████▏ 5.6 KB                         [K
pulling 56bb8bd477a5: 100% ▕██████████████████▏   96 B                         [K
pulling c7091aa45e9b: 100% ▕██████████████████▏  562 B                         [K
verifying sha256 digest ⠴ [K[?25h[?2026l[?2026h[?25l[A[A[A[A[A[A[A[1Gpulling manifest [K
pulling 4824460d29f2: 100% ▕██████████████████▏  42 GB                         [K
pulling 948af2743fc7: 100% ▕██████████████████▏ 1.5 KB                         [K
pulling bc371a43ce90: 100% ▕██████████████████▏ 7.6 KB                         [K
pulling 53a87df39647: 100% ▕██████████████████▏ 5.6 KB                         [K
pulling 56bb8bd477a5: 100% ▕██████████████████▏   96 B                         [K
pulling c7091aa45e9b: 100% ▕██████████████████▏  562 B                         [K
verifying sha256 digest ⠦ [K[?25h[?2026l[?2026h[?25l[A[A[A[A[A[A[A[1Gpulling manifest [K
pulling 4824460d29f2: 100% ▕██████████████████▏  42 GB                         [K
pulling 948af2743fc7: 100% ▕██████████████████▏ 1.5 KB                         [K
pulling bc371a43ce90: 100% ▕██████████████████▏ 7.6 KB                         [K
pulling 53a87df39647: 100% ▕██████████████████▏ 5.6 KB                         [K
pulling 56bb8bd477a5: 100% ▕██████████████████▏   96 B                         [K
pulling c7091aa45e9b: 100% ▕██████████████████▏  562 B                         [K
verifying sha256 digest ⠧ [K[?25h[?2026l[?2026h[?25l[A[A[A[A[A[A[A[1Gpulling manifest [K
pulling 4824460d29f2: 100% ▕██████████████████▏  42 GB                         [K
pulling 948af2743fc7: 100% ▕██████████████████▏ 1.5 KB                         [K
pulling bc371a43ce90: 100% ▕██████████████████▏ 7.6 KB                         [K
pulling 53a87df39647: 100% ▕██████████████████▏ 5.6 KB                         [K
pulling 56bb8bd477a5: 100% ▕██████████████████▏   96 B                         [K
pulling c7091aa45e9b: 100% ▕██████████████████▏  562 B                         [K
verifying sha256 digest ⠇ [K[?25h[?2026l[?2026h[?25l[A[A[A[A[A[A[A[1Gpulling manifest [K
pulling 4824460d29f2: 100% ▕██████████████████▏  42 GB                         [K
pulling 948af2743fc7: 100% ▕██████████████████▏ 1.5 KB                         [K
pulling bc371a43ce90: 100% ▕██████████████████▏ 7.6 KB                         [K
pulling 53a87df39647: 100% ▕██████████████████▏ 5.6 KB                         [K
pulling 56bb8bd477a5: 100% ▕██████████████████▏   96 B                         [K
pulling c7091aa45e9b: 100% ▕██████████████████▏  562 B                         [K
verifying sha256 digest ⠏ [K[?25h[?2026l[?2026h[?25l[A[A[A[A[A[A[A[1Gpulling manifest [K
pulling 4824460d29f2: 100% ▕██████████████████▏  42 GB                         [K
pulling 948af2743fc7: 100% ▕██████████████████▏ 1.5 KB                         [K
pulling bc371a43ce90: 100% ▕██████████████████▏ 7.6 KB                         [K
pulling 53a87df39647: 100% ▕██████████████████▏ 5.6 KB                         [K
pulling 56bb8bd477a5: 100% ▕██████████████████▏   96 B                         [K
pulling c7091aa45e9b: 100% ▕██████████████████▏  562 B                         [K
verifying sha256 digest ⠋ [K[?25h[?2026l[?2026h[?25l[A[A[A[A[A[A[A[1Gpulling manifest [K
pulling 4824460d29f2: 100% ▕██████████████████▏  42 GB                         [K
pulling 948af2743fc7: 100% ▕██████████████████▏ 1.5 KB                         [K
pulling bc371a43ce90: 100% ▕██████████████████▏ 7.6 KB                         [K
pulling 53a87df39647: 100% ▕██████████████████▏ 5.6 KB                         [K
pulling 56bb8bd477a5: 100% ▕██████████████████▏   96 B                         [K
pulling c7091aa45e9b: 100% ▕██████████████████▏  562 B                         [K
verifying sha256 digest ⠙ [K[?25h[?2026l[?2026h[?25l[A[A[A[A[A[A[A[1Gpulling manifest [K
pulling 4824460d29f2: 100% ▕██████████████████▏  42 GB                         [K
pulling 948af2743fc7: 100% ▕██████████████████▏ 1.5 KB                         [K
pulling bc371a43ce90: 100% ▕██████████████████▏ 7.6 KB                         [K
pulling 53a87df39647: 100% ▕██████████████████▏ 5.6 KB                         [K
pulling 56bb8bd477a5: 100% ▕██████████████████▏   96 B                         [K
pulling c7091aa45e9b: 100% ▕██████████████████▏  562 B                         [K
verifying sha256 digest ⠹ [K[?25h[?2026l[?2026h[?25l[A[A[A[A[A[A[A[1Gpulling manifest [K
pulling 4824460d29f2: 100% ▕██████████████████▏  42 GB                         [K
pulling 948af2743fc7: 100% ▕██████████████████▏ 1.5 KB                         [K
pulling bc371a43ce90: 100% ▕██████████████████▏ 7.6 KB                         [K
pulling 53a87df39647: 100% ▕██████████████████▏ 5.6 KB                         [K
pulling 56bb8bd477a5: 100% ▕██████████████████▏   96 B                         [K
pulling c7091aa45e9b: 100% ▕██████████████████▏  562 B                         [K
verifying sha256 digest ⠸ [K[?25h[?2026l[?2026h[?25l[A[A[A[A[A[A[A[1Gpulling manifest [K
pulling 4824460d29f2: 100% ▕██████████████████▏  42 GB                         [K
pulling 948af2743fc7: 100% ▕██████████████████▏ 1.5 KB                         [K
pulling bc371a43ce90: 100% ▕██████████████████▏ 7.6 KB                         [K
pulling 53a87df39647: 100% ▕██████████████████▏ 5.6 KB                         [K
pulling 56bb8bd477a5: 100% ▕██████████████████▏   96 B                         [K
pulling c7091aa45e9b: 100% ▕██████████████████▏  562 B                         [K
verifying sha256 digest ⠼ [K[?25h[?2026l[?2026h[?25l[A[A[A[A[A[A[A[1Gpulling manifest [K
pulling 4824460d29f2: 100% ▕██████████████████▏  42 GB                         [K
pulling 948af2743fc7: 100% ▕██████████████████▏ 1.5 KB                         [K
pulling bc371a43ce90: 100% ▕██████████████████▏ 7.6 KB                         [K
pulling 53a87df39647: 100% ▕██████████████████▏ 5.6 KB                         [K
pulling 56bb8bd477a5: 100% ▕██████████████████▏   96 B                         [K
pulling c7091aa45e9b: 100% ▕██████████████████▏  562 B                         [K
verifying sha256 digest ⠴ [K[?25h[?2026l[?2026h[?25l[A[A[A[A[A[A[A[1Gpulling manifest [K
pulling 4824460d29f2: 100% ▕██████████████████▏  42 GB                         [K
pulling 948af2743fc7: 100% ▕██████████████████▏ 1.5 KB                         [K
pulling bc371a43ce90: 100% ▕██████████████████▏ 7.6 KB                         [K
pulling 53a87df39647: 100% ▕██████████████████▏ 5.6 KB                         [K
pulling 56bb8bd477a5: 100% ▕██████████████████▏   96 B                         [K
pulling c7091aa45e9b: 100% ▕██████████████████▏  562 B                         [K
verifying sha256 digest ⠦ [K[?25h[?2026l[?2026h[?25l[A[A[A[A[A[A[A[1Gpulling manifest [K
pulling 4824460d29f2: 100% ▕██████████████████▏  42 GB                         [K
pulling 948af2743fc7: 100% ▕██████████████████▏ 1.5 KB                         [K
pulling bc371a43ce90: 100% ▕██████████████████▏ 7.6 KB                         [K
pulling 53a87df39647: 100% ▕██████████████████▏ 5.6 KB                         [K
pulling 56bb8bd477a5: 100% ▕██████████████████▏   96 B                         [K
pulling c7091aa45e9b: 100% ▕██████████████████▏  562 B                         [K
verifying sha256 digest ⠧ [K[?25h[?2026l[?2026h[?25l[A[A[A[A[A[A[A[1Gpulling manifest [K
pulling 4824460d29f2: 100% ▕██████████████████▏  42 GB                         [K
pulling 948af2743fc7: 100% ▕██████████████████▏ 1.5 KB                         [K
pulling bc371a43ce90: 100% ▕██████████████████▏ 7.6 KB                         [K
pulling 53a87df39647: 100% ▕██████████████████▏ 5.6 KB                         [K
pulling 56bb8bd477a5: 100% ▕██████████████████▏   96 B                         [K
pulling c7091aa45e9b: 100% ▕██████████████████▏  562 B                         [K
verifying sha256 digest ⠇ [K[?25h[?2026l[?2026h[?25l[A[A[A[A[A[A[A[1Gpulling manifest [K
pulling 4824460d29f2: 100% ▕██████████████████▏  42 GB                         [K
pulling 948af2743fc7: 100% ▕██████████████████▏ 1.5 KB                         [K
pulling bc371a43ce90: 100% ▕██████████████████▏ 7.6 KB                         [K
pulling 53a87df39647: 100% ▕██████████████████▏ 5.6 KB                         [K
pulling 56bb8bd477a5: 100% ▕██████████████████▏   96 B                         [K
pulling c7091aa45e9b: 100% ▕██████████████████▏  562 B                         [K
verifying sha256 digest ⠏ [K[?25h[?2026l[?2026h[?25l[A[A[A[A[A[A[A[1Gpulling manifest [K
pulling 4824460d29f2: 100% ▕██████████████████▏  42 GB                         [K
pulling 948af2743fc7: 100% ▕██████████████████▏ 1.5 KB                         [K
pulling bc371a43ce90: 100% ▕██████████████████▏ 7.6 KB                         [K
pulling 53a87df39647: 100% ▕██████████████████▏ 5.6 KB                         [K
pulling 56bb8bd477a5: 100% ▕██████████████████▏   96 B                         [K
pulling c7091aa45e9b: 100% ▕██████████████████▏  562 B                         [K
verifying sha256 digest ⠋ [K[?25h[?2026l[?2026h[?25l[A[A[A[A[A[A[A[1Gpulling manifest [K
pulling 4824460d29f2: 100% ▕██████████████████▏  42 GB                         [K
pulling 948af2743fc7: 100% ▕██████████████████▏ 1.5 KB                         [K
pulling bc371a43ce90: 100% ▕██████████████████▏ 7.6 KB                         [K
pulling 53a87df39647: 100% ▕██████████████████▏ 5.6 KB                         [K
pulling 56bb8bd477a5: 100% ▕██████████████████▏   96 B                         [K
pulling c7091aa45e9b: 100% ▕██████████████████▏  562 B                         [K
verifying sha256 digest ⠙ [K[?25h[?2026l[?2026h[?25l[A[A[A[A[A[A[A[1Gpulling manifest [K
pulling 4824460d29f2: 100% ▕██████████████████▏  42 GB                         [K
pulling 948af2743fc7: 100% ▕██████████████████▏ 1.5 KB                         [K
pulling bc371a43ce90: 100% ▕██████████████████▏ 7.6 KB                         [K
pulling 53a87df39647: 100% ▕██████████████████▏ 5.6 KB                         [K
pulling 56bb8bd477a5: 100% ▕██████████████████▏   96 B                         [K
pulling c7091aa45e9b: 100% ▕██████████████████▏  562 B                         [K
verifying sha256 digest ⠹ [K[?25h[?2026l[?2026h[?25l[A[A[A[A[A[A[A[1Gpulling manifest [K
pulling 4824460d29f2: 100% ▕██████████████████▏  42 GB                         [K
pulling 948af2743fc7: 100% ▕██████████████████▏ 1.5 KB                         [K
pulling bc371a43ce90: 100% ▕██████████████████▏ 7.6 KB                         [K
pulling 53a87df39647: 100% ▕██████████████████▏ 5.6 KB                         [K
pulling 56bb8bd477a5: 100% ▕██████████████████▏   96 B                         [K
pulling c7091aa45e9b: 100% ▕██████████████████▏  562 B                         [K
verifying sha256 digest ⠸ [K[?25h[?2026l[?2026h[?25l[A[A[A[A[A[A[A[1Gpulling manifest [K
pulling 4824460d29f2: 100% ▕██████████████████▏  42 GB                         [K
pulling 948af2743fc7: 100% ▕██████████████████▏ 1.5 KB                         [K
pulling bc371a43ce90: 100% ▕██████████████████▏ 7.6 KB                         [K
pulling 53a87df39647: 100% ▕██████████████████▏ 5.6 KB                         [K
pulling 56bb8bd477a5: 100% ▕██████████████████▏   96 B                         [K
pulling c7091aa45e9b: 100% ▕██████████████████▏  562 B                         [K
verifying sha256 digest ⠼ [K[?25h[?2026l[?2026h[?25l[A[A[A[A[A[A[A[1Gpulling manifest [K
pulling 4824460d29f2: 100% ▕██████████████████▏  42 GB                         [K
pulling 948af2743fc7: 100% ▕██████████████████▏ 1.5 KB                         [K
pulling bc371a43ce90: 100% ▕██████████████████▏ 7.6 KB                         [K
pulling 53a87df39647: 100% ▕██████████████████▏ 5.6 KB                         [K
pulling 56bb8bd477a5: 100% ▕██████████████████▏   96 B                         [K
pulling c7091aa45e9b: 100% ▕██████████████████▏  562 B                         [K
verifying sha256 digest ⠴ [K[?25h[?2026l[?2026h[?25l[A[A[A[A[A[A[A[1Gpulling manifest [K
pulling 4824460d29f2: 100% ▕██████████████████▏  42 GB                         [K
pulling 948af2743fc7: 100% ▕██████████████████▏ 1.5 KB                         [K
pulling bc371a43ce90: 100% ▕██████████████████▏ 7.6 KB                         [K
pulling 53a87df39647: 100% ▕██████████████████▏ 5.6 KB                         [K
pulling 56bb8bd477a5: 100% ▕██████████████████▏   96 B                         [K
pulling c7091aa45e9b: 100% ▕██████████████████▏  562 B                         [K
verifying sha256 digest ⠦ [K[?25h[?2026l[?2026h[?25l[A[A[A[A[A[A[A[1Gpulling manifest [K
pulling 4824460d29f2: 100% ▕██████████████████▏  42 GB                         [K
pulling 948af2743fc7: 100% ▕██████████████████▏ 1.5 KB                         [K
pulling bc371a43ce90: 100% ▕██████████████████▏ 7.6 KB                         [K
pulling 53a87df39647: 100% ▕██████████████████▏ 5.6 KB                         [K
pulling 56bb8bd477a5: 100% ▕██████████████████▏   96 B                         [K
pulling c7091aa45e9b: 100% ▕██████████████████▏  562 B                         [K
verifying sha256 digest ⠧ [K[?25h[?2026l[?2026h[?25l[A[A[A[A[A[A[A[1Gpulling manifest [K
pulling 4824460d29f2: 100% ▕██████████████████▏  42 GB                         [K
pulling 948af2743fc7: 100% ▕██████████████████▏ 1.5 KB                         [K
pulling bc371a43ce90: 100% ▕██████████████████▏ 7.6 KB                         [K
pulling 53a87df39647: 100% ▕██████████████████▏ 5.6 KB                         [K
pulling 56bb8bd477a5: 100% ▕██████████████████▏   96 B                         [K
pulling c7091aa45e9b: 100% ▕██████████████████▏  562 B                         [K
verifying sha256 digest ⠇ [K[?25h[?2026l[?2026h[?25l[A[A[A[A[A[A[A[1Gpulling manifest [K
pulling 4824460d29f2: 100% ▕██████████████████▏  42 GB                         [K
pulling 948af2743fc7: 100% ▕██████████████████▏ 1.5 KB                         [K
pulling bc371a43ce90: 100% ▕██████████████████▏ 7.6 KB                         [K
pulling 53a87df39647: 100% ▕██████████████████▏ 5.6 KB                         [K
pulling 56bb8bd477a5: 100% ▕██████████████████▏   96 B                         [K
pulling c7091aa45e9b: 100% ▕██████████████████▏  562 B                         [K
verifying sha256 digest ⠏ [K[?25h[?2026l[?2026h[?25l[A[A[A[A[A[A[A[1Gpulling manifest [K
pulling 4824460d29f2: 100% ▕██████████████████▏  42 GB                         [K
pulling 948af2743fc7: 100% ▕██████████████████▏ 1.5 KB                         [K
pulling bc371a43ce90: 100% ▕██████████████████▏ 7.6 KB                         [K
pulling 53a87df39647: 100% ▕██████████████████▏ 5.6 KB                         [K
pulling 56bb8bd477a5: 100% ▕██████████████████▏   96 B                         [K
pulling c7091aa45e9b: 100% ▕██████████████████▏  562 B                         [K
verifying sha256 digest ⠋ [K[?25h[?2026l[?2026h[?25l[A[A[A[A[A[A[A[1Gpulling manifest [K
pulling 4824460d29f2: 100% ▕██████████████████▏  42 GB                         [K
pulling 948af2743fc7: 100% ▕██████████████████▏ 1.5 KB                         [K
pulling bc371a43ce90: 100% ▕██████████████████▏ 7.6 KB                         [K
pulling 53a87df39647: 100% ▕██████████████████▏ 5.6 KB                         [K
pulling 56bb8bd477a5: 100% ▕██████████████████▏   96 B                         [K
pulling c7091aa45e9b: 100% ▕██████████████████▏  562 B                         [K
verifying sha256 digest ⠙ [K[?25h[?2026l[?2026h[?25l[A[A[A[A[A[A[A[1Gpulling manifest [K
pulling 4824460d29f2: 100% ▕██████████████████▏  42 GB                         [K
pulling 948af2743fc7: 100% ▕██████████████████▏ 1.5 KB                         [K
pulling bc371a43ce90: 100% ▕██████████████████▏ 7.6 KB                         [K
pulling 53a87df39647: 100% ▕██████████████████▏ 5.6 KB                         [K
pulling 56bb8bd477a5: 100% ▕██████████████████▏   96 B                         [K
pulling c7091aa45e9b: 100% ▕██████████████████▏  562 B                         [K
verifying sha256 digest ⠹ [K[?25h[?2026l[?2026h[?25l[A[A[A[A[A[A[A[1Gpulling manifest [K
pulling 4824460d29f2: 100% ▕██████████████████▏  42 GB                         [K
pulling 948af2743fc7: 100% ▕██████████████████▏ 1.5 KB                         [K
pulling bc371a43ce90: 100% ▕██████████████████▏ 7.6 KB                         [K
pulling 53a87df39647: 100% ▕██████████████████▏ 5.6 KB                         [K
pulling 56bb8bd477a5: 100% ▕██████████████████▏   96 B                         [K
pulling c7091aa45e9b: 100% ▕██████████████████▏  562 B                         [K
verifying sha256 digest ⠸ [K[?25h[?2026l[?2026h[?25l[A[A[A[A[A[A[A[1Gpulling manifest [K
pulling 4824460d29f2: 100% ▕██████████████████▏  42 GB                         [K
pulling 948af2743fc7: 100% ▕██████████████████▏ 1.5 KB                         [K
pulling bc371a43ce90: 100% ▕██████████████████▏ 7.6 KB                         [K
pulling 53a87df39647: 100% ▕██████████████████▏ 5.6 KB                         [K
pulling 56bb8bd477a5: 100% ▕██████████████████▏   96 B                         [K
pulling c7091aa45e9b: 100% ▕██████████████████▏  562 B                         [K
verifying sha256 digest ⠼ [K[?25h[?2026l[?2026h[?25l[A[A[A[A[A[A[A[1Gpulling manifest [K
pulling 4824460d29f2: 100% ▕██████████████████▏  42 GB                         [K
pulling 948af2743fc7: 100% ▕██████████████████▏ 1.5 KB                         [K
pulling bc371a43ce90: 100% ▕██████████████████▏ 7.6 KB                         [K
pulling 53a87df39647: 100% ▕██████████████████▏ 5.6 KB                         [K
pulling 56bb8bd477a5: 100% ▕██████████████████▏   96 B                         [K
pulling c7091aa45e9b: 100% ▕██████████████████▏  562 B                         [K
verifying sha256 digest ⠴ [K[?25h[?2026l[?2026h[?25l[A[A[A[A[A[A[A[1Gpulling manifest [K
pulling 4824460d29f2: 100% ▕██████████████████▏  42 GB                         [K
pulling 948af2743fc7: 100% ▕██████████████████▏ 1.5 KB                         [K
pulling bc371a43ce90: 100% ▕██████████████████▏ 7.6 KB                         [K
pulling 53a87df39647: 100% ▕██████████████████▏ 5.6 KB                         [K
pulling 56bb8bd477a5: 100% ▕██████████████████▏   96 B                         [K
pulling c7091aa45e9b: 100% ▕██████████████████▏  562 B                         [K
verifying sha256 digest ⠦ [K[?25h[?2026l[?2026h[?25l[A[A[A[A[A[A[A[1Gpulling manifest [K
pulling 4824460d29f2: 100% ▕██████████████████▏  42 GB                         [K
pulling 948af2743fc7: 100% ▕██████████████████▏ 1.5 KB                         [K
pulling bc371a43ce90: 100% ▕██████████████████▏ 7.6 KB                         [K
pulling 53a87df39647: 100% ▕██████████████████▏ 5.6 KB                         [K
pulling 56bb8bd477a5: 100% ▕██████████████████▏   96 B                         [K
pulling c7091aa45e9b: 100% ▕██████████████████▏  562 B                         [K
verifying sha256 digest ⠧ [K[?25h[?2026l[?2026h[?25l[A[A[A[A[A[A[A[1Gpulling manifest [K
pulling 4824460d29f2: 100% ▕██████████████████▏  42 GB                         [K
pulling 948af2743fc7: 100% ▕██████████████████▏ 1.5 KB                         [K
pulling bc371a43ce90: 100% ▕██████████████████▏ 7.6 KB                         [K
pulling 53a87df39647: 100% ▕██████████████████▏ 5.6 KB                         [K
pulling 56bb8bd477a5: 100% ▕██████████████████▏   96 B                         [K
pulling c7091aa45e9b: 100% ▕██████████████████▏  562 B                         [K
verifying sha256 digest ⠇ [K[?25h[?2026l[?2026h[?25l[A[A[A[A[A[A[A[1Gpulling manifest [K
pulling 4824460d29f2: 100% ▕██████████████████▏  42 GB                         [K
pulling 948af2743fc7: 100% ▕██████████████████▏ 1.5 KB                         [K
pulling bc371a43ce90: 100% ▕██████████████████▏ 7.6 KB                         [K
pulling 53a87df39647: 100% ▕██████████████████▏ 5.6 KB                         [K
pulling 56bb8bd477a5: 100% ▕██████████████████▏   96 B                         [K
pulling c7091aa45e9b: 100% ▕██████████████████▏  562 B                         [K
verifying sha256 digest ⠏ [K[?25h[?2026l[?2026h[?25l[A[A[A[A[A[A[A[1Gpulling manifest [K
pulling 4824460d29f2: 100% ▕██████████████████▏  42 GB                         [K
pulling 948af2743fc7: 100% ▕██████████████████▏ 1.5 KB                         [K
pulling bc371a43ce90: 100% ▕██████████████████▏ 7.6 KB                         [K
pulling 53a87df39647: 100% ▕██████████████████▏ 5.6 KB                         [K
pulling 56bb8bd477a5: 100% ▕██████████████████▏   96 B                         [K
pulling c7091aa45e9b: 100% ▕██████████████████▏  562 B                         [K
verifying sha256 digest ⠋ [K[?25h[?2026l[?2026h[?25l[A[A[A[A[A[A[A[1Gpulling manifest [K
pulling 4824460d29f2: 100% ▕██████████████████▏  42 GB                         [K
pulling 948af2743fc7: 100% ▕██████████████████▏ 1.5 KB                         [K
pulling bc371a43ce90: 100% ▕██████████████████▏ 7.6 KB                         [K
pulling 53a87df39647: 100% ▕██████████████████▏ 5.6 KB                         [K
pulling 56bb8bd477a5: 100% ▕██████████████████▏   96 B                         [K
pulling c7091aa45e9b: 100% ▕██████████████████▏  562 B                         [K
verifying sha256 digest ⠙ [K[?25h[?2026l[?2026h[?25l[A[A[A[A[A[A[A[1Gpulling manifest [K
pulling 4824460d29f2: 100% ▕██████████████████▏  42 GB                         [K
pulling 948af2743fc7: 100% ▕██████████████████▏ 1.5 KB                         [K
pulling bc371a43ce90: 100% ▕██████████████████▏ 7.6 KB                         [K
pulling 53a87df39647: 100% ▕██████████████████▏ 5.6 KB                         [K
pulling 56bb8bd477a5: 100% ▕██████████████████▏   96 B                         [K
pulling c7091aa45e9b: 100% ▕██████████████████▏  562 B                         [K
verifying sha256 digest ⠹ [K[?25h[?2026l[?2026h[?25l[A[A[A[A[A[A[A[1Gpulling manifest [K
pulling 4824460d29f2: 100% ▕██████████████████▏  42 GB                         [K
pulling 948af2743fc7: 100% ▕██████████████████▏ 1.5 KB                         [K
pulling bc371a43ce90: 100% ▕██████████████████▏ 7.6 KB                         [K
pulling 53a87df39647: 100% ▕██████████████████▏ 5.6 KB                         [K
pulling 56bb8bd477a5: 100% ▕██████████████████▏   96 B                         [K
pulling c7091aa45e9b: 100% ▕██████████████████▏  562 B                         [K
verifying sha256 digest ⠸ [K[?25h[?2026l[?2026h[?25l[A[A[A[A[A[A[A[1Gpulling manifest [K
pulling 4824460d29f2: 100% ▕██████████████████▏  42 GB                         [K
pulling 948af2743fc7: 100% ▕██████████████████▏ 1.5 KB                         [K
pulling bc371a43ce90: 100% ▕██████████████████▏ 7.6 KB                         [K
pulling 53a87df39647: 100% ▕██████████████████▏ 5.6 KB                         [K
pulling 56bb8bd477a5: 100% ▕██████████████████▏   96 B                         [K
pulling c7091aa45e9b: 100% ▕██████████████████▏  562 B                         [K
verifying sha256 digest ⠼ [K[?25h[?2026l[?2026h[?25l[A[A[A[A[A[A[A[1Gpulling manifest [K
pulling 4824460d29f2: 100% ▕██████████████████▏  42 GB                         [K
pulling 948af2743fc7: 100% ▕██████████████████▏ 1.5 KB                         [K
pulling bc371a43ce90: 100% ▕██████████████████▏ 7.6 KB                         [K
pulling 53a87df39647: 100% ▕██████████████████▏ 5.6 KB                         [K
pulling 56bb8bd477a5: 100% ▕██████████████████▏   96 B                         [K
pulling c7091aa45e9b: 100% ▕██████████████████▏  562 B                         [K
verifying sha256 digest ⠴ [K[?25h[?2026l[?2026h[?25l[A[A[A[A[A[A[A[1Gpulling manifest [K
pulling 4824460d29f2: 100% ▕██████████████████▏  42 GB                         [K
pulling 948af2743fc7: 100% ▕██████████████████▏ 1.5 KB                         [K
pulling bc371a43ce90: 100% ▕██████████████████▏ 7.6 KB                         [K
pulling 53a87df39647: 100% ▕██████████████████▏ 5.6 KB                         [K
pulling 56bb8bd477a5: 100% ▕██████████████████▏   96 B                         [K
pulling c7091aa45e9b: 100% ▕██████████████████▏  562 B                         [K
verifying sha256 digest ⠦ [K[?25h[?2026l[?2026h[?25l[A[A[A[A[A[A[A[1Gpulling manifest [K
pulling 4824460d29f2: 100% ▕██████████████████▏  42 GB                         [K
pulling 948af2743fc7: 100% ▕██████████████████▏ 1.5 KB                         [K
pulling bc371a43ce90: 100% ▕██████████████████▏ 7.6 KB                         [K
pulling 53a87df39647: 100% ▕██████████████████▏ 5.6 KB                         [K
pulling 56bb8bd477a5: 100% ▕██████████████████▏   96 B                         [K
pulling c7091aa45e9b: 100% ▕██████████████████▏  562 B                         [K
verifying sha256 digest ⠧ [K[?25h[?2026l[?2026h[?25l[A[A[A[A[A[A[A[1Gpulling manifest [K
pulling 4824460d29f2: 100% ▕██████████████████▏  42 GB                         [K
pulling 948af2743fc7: 100% ▕██████████████████▏ 1.5 KB                         [K
pulling bc371a43ce90: 100% ▕██████████████████▏ 7.6 KB                         [K
pulling 53a87df39647: 100% ▕██████████████████▏ 5.6 KB                         [K
pulling 56bb8bd477a5: 100% ▕██████████████████▏   96 B                         [K
pulling c7091aa45e9b: 100% ▕██████████████████▏  562 B                         [K
verifying sha256 digest ⠇ [K[?25h[?2026l[?2026h[?25l[A[A[A[A[A[A[A[1Gpulling manifest [K
pulling 4824460d29f2: 100% ▕██████████████████▏  42 GB                         [K
pulling 948af2743fc7: 100% ▕██████████████████▏ 1.5 KB                         [K
pulling bc371a43ce90: 100% ▕██████████████████▏ 7.6 KB                         [K
pulling 53a87df39647: 100% ▕██████████████████▏ 5.6 KB                         [K
pulling 56bb8bd477a5: 100% ▕██████████████████▏   96 B                         [K
pulling c7091aa45e9b: 100% ▕██████████████████▏  562 B                         [K
verifying sha256 digest ⠏ [K[?25h[?2026l[?2026h[?25l[A[A[A[A[A[A[A[1Gpulling manifest [K
pulling 4824460d29f2: 100% ▕██████████████████▏  42 GB                         [K
pulling 948af2743fc7: 100% ▕██████████████████▏ 1.5 KB                         [K
pulling bc371a43ce90: 100% ▕██████████████████▏ 7.6 KB                         [K
pulling 53a87df39647: 100% ▕██████████████████▏ 5.6 KB                         [K
pulling 56bb8bd477a5: 100% ▕██████████████████▏   96 B                         [K
pulling c7091aa45e9b: 100% ▕██████████████████▏  562 B                         [K
verifying sha256 digest ⠋ [K[?25h[?2026l[?2026h[?25l[A[A[A[A[A[A[A[1Gpulling manifest [K
pulling 4824460d29f2: 100% ▕██████████████████▏  42 GB                         [K
pulling 948af2743fc7: 100% ▕██████████████████▏ 1.5 KB                         [K
pulling bc371a43ce90: 100% ▕██████████████████▏ 7.6 KB                         [K
pulling 53a87df39647: 100% ▕██████████████████▏ 5.6 KB                         [K
pulling 56bb8bd477a5: 100% ▕██████████████████▏   96 B                         [K
pulling c7091aa45e9b: 100% ▕██████████████████▏  562 B                         [K
verifying sha256 digest ⠙ [K[?25h[?2026l[?2026h[?25l[A[A[A[A[A[A[A[1Gpulling manifest [K
pulling 4824460d29f2: 100% ▕██████████████████▏  42 GB                         [K
pulling 948af2743fc7: 100% ▕██████████████████▏ 1.5 KB                         [K
pulling bc371a43ce90: 100% ▕██████████████████▏ 7.6 KB                         [K
pulling 53a87df39647: 100% ▕██████████████████▏ 5.6 KB                         [K
pulling 56bb8bd477a5: 100% ▕██████████████████▏   96 B                         [K
pulling c7091aa45e9b: 100% ▕██████████████████▏  562 B                         [K
verifying sha256 digest ⠹ [K[?25h[?2026l[?2026h[?25l[A[A[A[A[A[A[A[1Gpulling manifest [K
pulling 4824460d29f2: 100% ▕██████████████████▏  42 GB                         [K
pulling 948af2743fc7: 100% ▕██████████████████▏ 1.5 KB                         [K
pulling bc371a43ce90: 100% ▕██████████████████▏ 7.6 KB                         [K
pulling 53a87df39647: 100% ▕██████████████████▏ 5.6 KB                         [K
pulling 56bb8bd477a5: 100% ▕██████████████████▏   96 B                         [K
pulling c7091aa45e9b: 100% ▕██████████████████▏  562 B                         [K
verifying sha256 digest ⠸ [K[?25h[?2026l[?2026h[?25l[A[A[A[A[A[A[A[1Gpulling manifest [K
pulling 4824460d29f2: 100% ▕██████████████████▏  42 GB                         [K
pulling 948af2743fc7: 100% ▕██████████████████▏ 1.5 KB                         [K
pulling bc371a43ce90: 100% ▕██████████████████▏ 7.6 KB                         [K
pulling 53a87df39647: 100% ▕██████████████████▏ 5.6 KB                         [K
pulling 56bb8bd477a5: 100% ▕██████████████████▏   96 B                         [K
pulling c7091aa45e9b: 100% ▕██████████████████▏  562 B                         [K
verifying sha256 digest ⠼ [K[?25h[?2026l[?2026h[?25l[A[A[A[A[A[A[A[1Gpulling manifest [K
pulling 4824460d29f2: 100% ▕██████████████████▏  42 GB                         [K
pulling 948af2743fc7: 100% ▕██████████████████▏ 1.5 KB                         [K
pulling bc371a43ce90: 100% ▕██████████████████▏ 7.6 KB                         [K
pulling 53a87df39647: 100% ▕██████████████████▏ 5.6 KB                         [K
pulling 56bb8bd477a5: 100% ▕██████████████████▏   96 B                         [K
pulling c7091aa45e9b: 100% ▕██████████████████▏  562 B                         [K
verifying sha256 digest ⠴ [K[?25h[?2026l[?2026h[?25l[A[A[A[A[A[A[A[1Gpulling manifest [K
pulling 4824460d29f2: 100% ▕██████████████████▏  42 GB                         [K
pulling 948af2743fc7: 100% ▕██████████████████▏ 1.5 KB                         [K
pulling bc371a43ce90: 100% ▕██████████████████▏ 7.6 KB                         [K
pulling 53a87df39647: 100% ▕██████████████████▏ 5.6 KB                         [K
pulling 56bb8bd477a5: 100% ▕██████████████████▏   96 B                         [K
pulling c7091aa45e9b: 100% ▕██████████████████▏  562 B                         [K
verifying sha256 digest ⠦ [K[?25h[?2026l[?2026h[?25l[A[A[A[A[A[A[A[1Gpulling manifest [K
pulling 4824460d29f2: 100% ▕██████████████████▏  42 GB                         [K
pulling 948af2743fc7: 100% ▕██████████████████▏ 1.5 KB                         [K
pulling bc371a43ce90: 100% ▕██████████████████▏ 7.6 KB                         [K
pulling 53a87df39647: 100% ▕██████████████████▏ 5.6 KB                         [K
pulling 56bb8bd477a5: 100% ▕██████████████████▏   96 B                         [K
pulling c7091aa45e9b: 100% ▕██████████████████▏  562 B                         [K
verifying sha256 digest ⠧ [K[?25h[?2026l[?2026h[?25l[A[A[A[A[A[A[A[1Gpulling manifest [K
pulling 4824460d29f2: 100% ▕██████████████████▏  42 GB                         [K
pulling 948af2743fc7: 100% ▕██████████████████▏ 1.5 KB                         [K
pulling bc371a43ce90: 100% ▕██████████████████▏ 7.6 KB                         [K
pulling 53a87df39647: 100% ▕██████████████████▏ 5.6 KB                         [K
pulling 56bb8bd477a5: 100% ▕██████████████████▏   96 B                         [K
pulling c7091aa45e9b: 100% ▕██████████████████▏  562 B                         [K
verifying sha256 digest ⠇ [K[?25h[?2026l[?2026h[?25l[A[A[A[A[A[A[A[1Gpulling manifest [K
pulling 4824460d29f2: 100% ▕██████████████████▏  42 GB                         [K
pulling 948af2743fc7: 100% ▕██████████████████▏ 1.5 KB                         [K
pulling bc371a43ce90: 100% ▕██████████████████▏ 7.6 KB                         [K
pulling 53a87df39647: 100% ▕██████████████████▏ 5.6 KB                         [K
pulling 56bb8bd477a5: 100% ▕██████████████████▏   96 B                         [K
pulling c7091aa45e9b: 100% ▕██████████████████▏  562 B                         [K
verifying sha256 digest ⠏ [K[?25h[?2026l[?2026h[?25l[A[A[A[A[A[A[A[1Gpulling manifest [K
pulling 4824460d29f2: 100% ▕██████████████████▏  42 GB                         [K
pulling 948af2743fc7: 100% ▕██████████████████▏ 1.5 KB                         [K
pulling bc371a43ce90: 100% ▕██████████████████▏ 7.6 KB                         [K
pulling 53a87df39647: 100% ▕██████████████████▏ 5.6 KB                         [K
pulling 56bb8bd477a5: 100% ▕██████████████████▏   96 B                         [K
pulling c7091aa45e9b: 100% ▕██████████████████▏  562 B                         [K
verifying sha256 digest ⠋ [K[?25h[?2026l[?2026h[?25l[A[A[A[A[A[A[A[1Gpulling manifest [K
pulling 4824460d29f2: 100% ▕██████████████████▏  42 GB                         [K
pulling 948af2743fc7: 100% ▕██████████████████▏ 1.5 KB                         [K
pulling bc371a43ce90: 100% ▕██████████████████▏ 7.6 KB                         [K
pulling 53a87df39647: 100% ▕██████████████████▏ 5.6 KB                         [K
pulling 56bb8bd477a5: 100% ▕██████████████████▏   96 B                         [K
pulling c7091aa45e9b: 100% ▕██████████████████▏  562 B                         [K
verifying sha256 digest ⠙ [K[?25h[?2026l[?2026h[?25l[A[A[A[A[A[A[A[1Gpulling manifest [K
pulling 4824460d29f2: 100% ▕██████████████████▏  42 GB                         [K
pulling 948af2743fc7: 100% ▕██████████████████▏ 1.5 KB                         [K
pulling bc371a43ce90: 100% ▕██████████████████▏ 7.6 KB                         [K
pulling 53a87df39647: 100% ▕██████████████████▏ 5.6 KB                         [K
pulling 56bb8bd477a5: 100% ▕██████████████████▏   96 B                         [K
pulling c7091aa45e9b: 100% ▕██████████████████▏  562 B                         [K
verifying sha256 digest ⠹ [K[?25h[?2026l[?2026h[?25l[A[A[A[A[A[A[A[1Gpulling manifest [K
pulling 4824460d29f2: 100% ▕██████████████████▏  42 GB                         [K
pulling 948af2743fc7: 100% ▕██████████████████▏ 1.5 KB                         [K
pulling bc371a43ce90: 100% ▕██████████████████▏ 7.6 KB                         [K
pulling 53a87df39647: 100% ▕██████████████████▏ 5.6 KB                         [K
pulling 56bb8bd477a5: 100% ▕██████████████████▏   96 B                         [K
pulling c7091aa45e9b: 100% ▕██████████████████▏  562 B                         [K
verifying sha256 digest ⠸ [K[?25h[?2026l[?2026h[?25l[A[A[A[A[A[A[A[1Gpulling manifest [K
pulling 4824460d29f2: 100% ▕██████████████████▏  42 GB                         [K
pulling 948af2743fc7: 100% ▕██████████████████▏ 1.5 KB                         [K
pulling bc371a43ce90: 100% ▕██████████████████▏ 7.6 KB                         [K
pulling 53a87df39647: 100% ▕██████████████████▏ 5.6 KB                         [K
pulling 56bb8bd477a5: 100% ▕██████████████████▏   96 B                         [K
pulling c7091aa45e9b: 100% ▕██████████████████▏  562 B                         [K
verifying sha256 digest ⠼ [K[?25h[?2026l[?2026h[?25l[A[A[A[A[A[A[A[1Gpulling manifest [K
pulling 4824460d29f2: 100% ▕██████████████████▏  42 GB                         [K
pulling 948af2743fc7: 100% ▕██████████████████▏ 1.5 KB                         [K
pulling bc371a43ce90: 100% ▕██████████████████▏ 7.6 KB                         [K
pulling 53a87df39647: 100% ▕██████████████████▏ 5.6 KB                         [K
pulling 56bb8bd477a5: 100% ▕██████████████████▏   96 B                         [K
pulling c7091aa45e9b: 100% ▕██████████████████▏  562 B                         [K
verifying sha256 digest ⠴ [K[?25h[?2026l[?2026h[?25l[A[A[A[A[A[A[A[1Gpulling manifest [K
pulling 4824460d29f2: 100% ▕██████████████████▏  42 GB                         [K
pulling 948af2743fc7: 100% ▕██████████████████▏ 1.5 KB                         [K
pulling bc371a43ce90: 100% ▕██████████████████▏ 7.6 KB                         [K
pulling 53a87df39647: 100% ▕██████████████████▏ 5.6 KB                         [K
pulling 56bb8bd477a5: 100% ▕██████████████████▏   96 B                         [K
pulling c7091aa45e9b: 100% ▕██████████████████▏  562 B                         [K
verifying sha256 digest ⠦ [K[?25h[?2026l[?2026h[?25l[A[A[A[A[A[A[A[1Gpulling manifest [K
pulling 4824460d29f2: 100% ▕██████████████████▏  42 GB                         [K
pulling 948af2743fc7: 100% ▕██████████████████▏ 1.5 KB                         [K
pulling bc371a43ce90: 100% ▕██████████████████▏ 7.6 KB                         [K
pulling 53a87df39647: 100% ▕██████████████████▏ 5.6 KB                         [K
pulling 56bb8bd477a5: 100% ▕██████████████████▏   96 B                         [K
pulling c7091aa45e9b: 100% ▕██████████████████▏  562 B                         [K
verifying sha256 digest ⠧ [K[?25h[?2026l[?2026h[?25l[A[A[A[A[A[A[A[1Gpulling manifest [K
pulling 4824460d29f2: 100% ▕██████████████████▏  42 GB                         [K
pulling 948af2743fc7: 100% ▕██████████████████▏ 1.5 KB                         [K
pulling bc371a43ce90: 100% ▕██████████████████▏ 7.6 KB                         [K
pulling 53a87df39647: 100% ▕██████████████████▏ 5.6 KB                         [K
pulling 56bb8bd477a5: 100% ▕██████████████████▏   96 B                         [K
pulling c7091aa45e9b: 100% ▕██████████████████▏  562 B                         [K
verifying sha256 digest ⠇ [K[?25h[?2026l[?2026h[?25l[A[A[A[A[A[A[A[1Gpulling manifest [K
pulling 4824460d29f2: 100% ▕██████████████████▏  42 GB                         [K
pulling 948af2743fc7: 100% ▕██████████████████▏ 1.5 KB                         [K
pulling bc371a43ce90: 100% ▕██████████████████▏ 7.6 KB                         [K
pulling 53a87df39647: 100% ▕██████████████████▏ 5.6 KB                         [K
pulling 56bb8bd477a5: 100% ▕██████████████████▏   96 B                         [K
pulling c7091aa45e9b: 100% ▕██████████████████▏  562 B                         [K
verifying sha256 digest ⠏ [K[?25h[?2026l[?2026h[?25l[A[A[A[A[A[A[A[1Gpulling manifest [K
pulling 4824460d29f2: 100% ▕██████████████████▏  42 GB                         [K
pulling 948af2743fc7: 100% ▕██████████████████▏ 1.5 KB                         [K
pulling bc371a43ce90: 100% ▕██████████████████▏ 7.6 KB                         [K
pulling 53a87df39647: 100% ▕██████████████████▏ 5.6 KB                         [K
pulling 56bb8bd477a5: 100% ▕██████████████████▏   96 B                         [K
pulling c7091aa45e9b: 100% ▕██████████████████▏  562 B                         [K
verifying sha256 digest ⠋ [K[?25h[?2026l[?2026h[?25l[A[A[A[A[A[A[A[1Gpulling manifest [K
pulling 4824460d29f2: 100% ▕██████████████████▏  42 GB                         [K
pulling 948af2743fc7: 100% ▕██████████████████▏ 1.5 KB                         [K
pulling bc371a43ce90: 100% ▕██████████████████▏ 7.6 KB                         [K
pulling 53a87df39647: 100% ▕██████████████████▏ 5.6 KB                         [K
pulling 56bb8bd477a5: 100% ▕██████████████████▏   96 B                         [K
pulling c7091aa45e9b: 100% ▕██████████████████▏  562 B                         [K
verifying sha256 digest ⠙ [K[?25h[?2026l[?2026h[?25l[A[A[A[A[A[A[A[1Gpulling manifest [K
pulling 4824460d29f2: 100% ▕██████████████████▏  42 GB                         [K
pulling 948af2743fc7: 100% ▕██████████████████▏ 1.5 KB                         [K
pulling bc371a43ce90: 100% ▕██████████████████▏ 7.6 KB                         [K
pulling 53a87df39647: 100% ▕██████████████████▏ 5.6 KB                         [K
pulling 56bb8bd477a5: 100% ▕██████████████████▏   96 B                         [K
pulling c7091aa45e9b: 100% ▕██████████████████▏  562 B                         [K
verifying sha256 digest ⠹ [K[?25h[?2026l[?2026h[?25l[A[A[A[A[A[A[A[1Gpulling manifest [K
pulling 4824460d29f2: 100% ▕██████████████████▏  42 GB                         [K
pulling 948af2743fc7: 100% ▕██████████████████▏ 1.5 KB                         [K
pulling bc371a43ce90: 100% ▕██████████████████▏ 7.6 KB                         [K
pulling 53a87df39647: 100% ▕██████████████████▏ 5.6 KB                         [K
pulling 56bb8bd477a5: 100% ▕██████████████████▏   96 B                         [K
pulling c7091aa45e9b: 100% ▕██████████████████▏  562 B                         [K
verifying sha256 digest ⠸ [K[?25h[?2026l[?2026h[?25l[A[A[A[A[A[A[A[1Gpulling manifest [K
pulling 4824460d29f2: 100% ▕██████████████████▏  42 GB                         [K
pulling 948af2743fc7: 100% ▕██████████████████▏ 1.5 KB                         [K
pulling bc371a43ce90: 100% ▕██████████████████▏ 7.6 KB                         [K
pulling 53a87df39647: 100% ▕██████████████████▏ 5.6 KB                         [K
pulling 56bb8bd477a5: 100% ▕██████████████████▏   96 B                         [K
pulling c7091aa45e9b: 100% ▕██████████████████▏  562 B                         [K
verifying sha256 digest ⠼ [K[?25h[?2026l[?2026h[?25l[A[A[A[A[A[A[A[1Gpulling manifest [K
pulling 4824460d29f2: 100% ▕██████████████████▏  42 GB                         [K
pulling 948af2743fc7: 100% ▕██████████████████▏ 1.5 KB                         [K
pulling bc371a43ce90: 100% ▕██████████████████▏ 7.6 KB                         [K
pulling 53a87df39647: 100% ▕██████████████████▏ 5.6 KB                         [K
pulling 56bb8bd477a5: 100% ▕██████████████████▏   96 B                         [K
pulling c7091aa45e9b: 100% ▕██████████████████▏  562 B                         [K
verifying sha256 digest ⠴ [K[?25h[?2026l[?2026h[?25l[A[A[A[A[A[A[A[1Gpulling manifest [K
pulling 4824460d29f2: 100% ▕██████████████████▏  42 GB                         [K
pulling 948af2743fc7: 100% ▕██████████████████▏ 1.5 KB                         [K
pulling bc371a43ce90: 100% ▕██████████████████▏ 7.6 KB                         [K
pulling 53a87df39647: 100% ▕██████████████████▏ 5.6 KB                         [K
pulling 56bb8bd477a5: 100% ▕██████████████████▏   96 B                         [K
pulling c7091aa45e9b: 100% ▕██████████████████▏  562 B                         [K
verifying sha256 digest ⠦ [K[?25h[?2026l[?2026h[?25l[A[A[A[A[A[A[A[1Gpulling manifest [K
pulling 4824460d29f2: 100% ▕██████████████████▏  42 GB                         [K
pulling 948af2743fc7: 100% ▕██████████████████▏ 1.5 KB                         [K
pulling bc371a43ce90: 100% ▕██████████████████▏ 7.6 KB                         [K
pulling 53a87df39647: 100% ▕██████████████████▏ 5.6 KB                         [K
pulling 56bb8bd477a5: 100% ▕██████████████████▏   96 B                         [K
pulling c7091aa45e9b: 100% ▕██████████████████▏  562 B                         [K
verifying sha256 digest ⠧ [K[?25h[?2026l[?2026h[?25l[A[A[A[A[A[A[A[1Gpulling manifest [K
pulling 4824460d29f2: 100% ▕██████████████████▏  42 GB                         [K
pulling 948af2743fc7: 100% ▕██████████████████▏ 1.5 KB                         [K
pulling bc371a43ce90: 100% ▕██████████████████▏ 7.6 KB                         [K
pulling 53a87df39647: 100% ▕██████████████████▏ 5.6 KB                         [K
pulling 56bb8bd477a5: 100% ▕██████████████████▏   96 B                         [K
pulling c7091aa45e9b: 100% ▕██████████████████▏  562 B                         [K
verifying sha256 digest ⠇ [K[?25h[?2026l[?2026h[?25l[A[A[A[A[A[A[A[1Gpulling manifest [K
pulling 4824460d29f2: 100% ▕██████████████████▏  42 GB                         [K
pulling 948af2743fc7: 100% ▕██████████████████▏ 1.5 KB                         [K
pulling bc371a43ce90: 100% ▕██████████████████▏ 7.6 KB                         [K
pulling 53a87df39647: 100% ▕██████████████████▏ 5.6 KB                         [K
pulling 56bb8bd477a5: 100% ▕██████████████████▏   96 B                         [K
pulling c7091aa45e9b: 100% ▕██████████████████▏  562 B                         [K
verifying sha256 digest ⠏ [K[?25h[?2026l[?2026h[?25l[A[A[A[A[A[A[A[1Gpulling manifest [K
pulling 4824460d29f2: 100% ▕██████████████████▏  42 GB                         [K
pulling 948af2743fc7: 100% ▕██████████████████▏ 1.5 KB                         [K
pulling bc371a43ce90: 100% ▕██████████████████▏ 7.6 KB                         [K
pulling 53a87df39647: 100% ▕██████████████████▏ 5.6 KB                         [K
pulling 56bb8bd477a5: 100% ▕██████████████████▏   96 B                         [K
pulling c7091aa45e9b: 100% ▕██████████████████▏  562 B                         [K
verifying sha256 digest ⠋ [K[?25h[?2026l[?2026h[?25l[A[A[A[A[A[A[A[1Gpulling manifest [K
pulling 4824460d29f2: 100% ▕██████████████████▏  42 GB                         [K
pulling 948af2743fc7: 100% ▕██████████████████▏ 1.5 KB                         [K
pulling bc371a43ce90: 100% ▕██████████████████▏ 7.6 KB                         [K
pulling 53a87df39647: 100% ▕██████████████████▏ 5.6 KB                         [K
pulling 56bb8bd477a5: 100% ▕██████████████████▏   96 B                         [K
pulling c7091aa45e9b: 100% ▕██████████████████▏  562 B                         [K
verifying sha256 digest ⠙ [K[?25h[?2026l[?2026h[?25l[A[A[A[A[A[A[A[1Gpulling manifest [K
pulling 4824460d29f2: 100% ▕██████████████████▏  42 GB                         [K
pulling 948af2743fc7: 100% ▕██████████████████▏ 1.5 KB                         [K
pulling bc371a43ce90: 100% ▕██████████████████▏ 7.6 KB                         [K
pulling 53a87df39647: 100% ▕██████████████████▏ 5.6 KB                         [K
pulling 56bb8bd477a5: 100% ▕██████████████████▏   96 B                         [K
pulling c7091aa45e9b: 100% ▕██████████████████▏  562 B                         [K
verifying sha256 digest ⠹ [K[?25h[?2026l[?2026h[?25l[A[A[A[A[A[A[A[1Gpulling manifest [K
pulling 4824460d29f2: 100% ▕██████████████████▏  42 GB                         [K
pulling 948af2743fc7: 100% ▕██████████████████▏ 1.5 KB                         [K
pulling bc371a43ce90: 100% ▕██████████████████▏ 7.6 KB                         [K
pulling 53a87df39647: 100% ▕██████████████████▏ 5.6 KB                         [K
pulling 56bb8bd477a5: 100% ▕██████████████████▏   96 B                         [K
pulling c7091aa45e9b: 100% ▕██████████████████▏  562 B                         [K
verifying sha256 digest ⠸ [K[?25h[?2026l[?2026h[?25l[A[A[A[A[A[A[A[1Gpulling manifest [K
pulling 4824460d29f2: 100% ▕██████████████████▏  42 GB                         [K
pulling 948af2743fc7: 100% ▕██████████████████▏ 1.5 KB                         [K
pulling bc371a43ce90: 100% ▕██████████████████▏ 7.6 KB                         [K
pulling 53a87df39647: 100% ▕██████████████████▏ 5.6 KB                         [K
pulling 56bb8bd477a5: 100% ▕██████████████████▏   96 B                         [K
pulling c7091aa45e9b: 100% ▕██████████████████▏  562 B                         [K
verifying sha256 digest ⠼ [K[?25h[?2026l[?2026h[?25l[A[A[A[A[A[A[A[1Gpulling manifest [K
pulling 4824460d29f2: 100% ▕██████████████████▏  42 GB                         [K
pulling 948af2743fc7: 100% ▕██████████████████▏ 1.5 KB                         [K
pulling bc371a43ce90: 100% ▕██████████████████▏ 7.6 KB                         [K
pulling 53a87df39647: 100% ▕██████████████████▏ 5.6 KB                         [K
pulling 56bb8bd477a5: 100% ▕██████████████████▏   96 B                         [K
pulling c7091aa45e9b: 100% ▕██████████████████▏  562 B                         [K
verifying sha256 digest ⠴ [K[?25h[?2026l[?2026h[?25l[A[A[A[A[A[A[A[1Gpulling manifest [K
pulling 4824460d29f2: 100% ▕██████████████████▏  42 GB                         [K
pulling 948af2743fc7: 100% ▕██████████████████▏ 1.5 KB                         [K
pulling bc371a43ce90: 100% ▕██████████████████▏ 7.6 KB                         [K
pulling 53a87df39647: 100% ▕██████████████████▏ 5.6 KB                         [K
pulling 56bb8bd477a5: 100% ▕██████████████████▏   96 B                         [K
pulling c7091aa45e9b: 100% ▕██████████████████▏  562 B                         [K
verifying sha256 digest ⠦ [K[?25h[?2026l[?2026h[?25l[A[A[A[A[A[A[A[1Gpulling manifest [K
pulling 4824460d29f2: 100% ▕██████████████████▏  42 GB                         [K
pulling 948af2743fc7: 100% ▕██████████████████▏ 1.5 KB                         [K
pulling bc371a43ce90: 100% ▕██████████████████▏ 7.6 KB                         [K
pulling 53a87df39647: 100% ▕██████████████████▏ 5.6 KB                         [K
pulling 56bb8bd477a5: 100% ▕██████████████████▏   96 B                         [K
pulling c7091aa45e9b: 100% ▕██████████████████▏  562 B                         [K
verifying sha256 digest ⠧ [K[?25h[?2026l[?2026h[?25l[A[A[A[A[A[A[A[1Gpulling manifest [K
pulling 4824460d29f2: 100% ▕██████████████████▏  42 GB                         [K
pulling 948af2743fc7: 100% ▕██████████████████▏ 1.5 KB                         [K
pulling bc371a43ce90: 100% ▕██████████████████▏ 7.6 KB                         [K
pulling 53a87df39647: 100% ▕██████████████████▏ 5.6 KB                         [K
pulling 56bb8bd477a5: 100% ▕██████████████████▏   96 B                         [K
pulling c7091aa45e9b: 100% ▕██████████████████▏  562 B                         [K
verifying sha256 digest ⠇ [K[?25h[?2026l[?2026h[?25l[A[A[A[A[A[A[A[1Gpulling manifest [K
pulling 4824460d29f2: 100% ▕██████████████████▏  42 GB                         [K
pulling 948af2743fc7: 100% ▕██████████████████▏ 1.5 KB                         [K
pulling bc371a43ce90: 100% ▕██████████████████▏ 7.6 KB                         [K
pulling 53a87df39647: 100% ▕██████████████████▏ 5.6 KB                         [K
pulling 56bb8bd477a5: 100% ▕██████████████████▏   96 B                         [K
pulling c7091aa45e9b: 100% ▕██████████████████▏  562 B                         [K
verifying sha256 digest ⠏ [K[?25h[?2026l[?2026h[?25l[A[A[A[A[A[A[A[1Gpulling manifest [K
pulling 4824460d29f2: 100% ▕██████████████████▏  42 GB                         [K
pulling 948af2743fc7: 100% ▕██████████████████▏ 1.5 KB                         [K
pulling bc371a43ce90: 100% ▕██████████████████▏ 7.6 KB                         [K
pulling 53a87df39647: 100% ▕██████████████████▏ 5.6 KB                         [K
pulling 56bb8bd477a5: 100% ▕██████████████████▏   96 B                         [K
pulling c7091aa45e9b: 100% ▕██████████████████▏  562 B                         [K
verifying sha256 digest ⠋ [K[?25h[?2026l[?2026h[?25l[A[A[A[A[A[A[A[1Gpulling manifest [K
pulling 4824460d29f2: 100% ▕██████████████████▏  42 GB                         [K
pulling 948af2743fc7: 100% ▕██████████████████▏ 1.5 KB                         [K
pulling bc371a43ce90: 100% ▕██████████████████▏ 7.6 KB                         [K
pulling 53a87df39647: 100% ▕██████████████████▏ 5.6 KB                         [K
pulling 56bb8bd477a5: 100% ▕██████████████████▏   96 B                         [K
pulling c7091aa45e9b: 100% ▕██████████████████▏  562 B                         [K
verifying sha256 digest ⠙ [K[?25h[?2026l[?2026h[?25l[A[A[A[A[A[A[A[1Gpulling manifest [K
pulling 4824460d29f2: 100% ▕██████████████████▏  42 GB                         [K
pulling 948af2743fc7: 100% ▕██████████████████▏ 1.5 KB                         [K
pulling bc371a43ce90: 100% ▕██████████████████▏ 7.6 KB                         [K
pulling 53a87df39647: 100% ▕██████████████████▏ 5.6 KB                         [K
pulling 56bb8bd477a5: 100% ▕██████████████████▏   96 B                         [K
pulling c7091aa45e9b: 100% ▕██████████████████▏  562 B                         [K
verifying sha256 digest ⠹ [K[?25h[?2026l[?2026h[?25l[A[A[A[A[A[A[A[1Gpulling manifest [K
pulling 4824460d29f2: 100% ▕██████████████████▏  42 GB                         [K
pulling 948af2743fc7: 100% ▕██████████████████▏ 1.5 KB                         [K
pulling bc371a43ce90: 100% ▕██████████████████▏ 7.6 KB                         [K
pulling 53a87df39647: 100% ▕██████████████████▏ 5.6 KB                         [K
pulling 56bb8bd477a5: 100% ▕██████████████████▏   96 B                         [K
pulling c7091aa45e9b: 100% ▕██████████████████▏  562 B                         [K
verifying sha256 digest ⠸ [K[?25h[?2026l[?2026h[?25l[A[A[A[A[A[A[A[1Gpulling manifest [K
pulling 4824460d29f2: 100% ▕██████████████████▏  42 GB                         [K
pulling 948af2743fc7: 100% ▕██████████████████▏ 1.5 KB                         [K
pulling bc371a43ce90: 100% ▕██████████████████▏ 7.6 KB                         [K
pulling 53a87df39647: 100% ▕██████████████████▏ 5.6 KB                         [K
pulling 56bb8bd477a5: 100% ▕██████████████████▏   96 B                         [K
pulling c7091aa45e9b: 100% ▕██████████████████▏  562 B                         [K
verifying sha256 digest ⠼ [K[?25h[?2026l[?2026h[?25l[A[A[A[A[A[A[A[1Gpulling manifest [K
pulling 4824460d29f2: 100% ▕██████████████████▏  42 GB                         [K
pulling 948af2743fc7: 100% ▕██████████████████▏ 1.5 KB                         [K
pulling bc371a43ce90: 100% ▕██████████████████▏ 7.6 KB                         [K
pulling 53a87df39647: 100% ▕██████████████████▏ 5.6 KB                         [K
pulling 56bb8bd477a5: 100% ▕██████████████████▏   96 B                         [K
pulling c7091aa45e9b: 100% ▕██████████████████▏  562 B                         [K
verifying sha256 digest ⠴ [K[?25h[?2026l[?2026h[?25l[A[A[A[A[A[A[A[1Gpulling manifest [K
pulling 4824460d29f2: 100% ▕██████████████████▏  42 GB                         [K
pulling 948af2743fc7: 100% ▕██████████████████▏ 1.5 KB                         [K
pulling bc371a43ce90: 100% ▕██████████████████▏ 7.6 KB                         [K
pulling 53a87df39647: 100% ▕██████████████████▏ 5.6 KB                         [K
pulling 56bb8bd477a5: 100% ▕██████████████████▏   96 B                         [K
pulling c7091aa45e9b: 100% ▕██████████████████▏  562 B                         [K
verifying sha256 digest ⠦ [K[?25h[?2026l[?2026h[?25l[A[A[A[A[A[A[A[1Gpulling manifest [K
pulling 4824460d29f2: 100% ▕██████████████████▏  42 GB                         [K
pulling 948af2743fc7: 100% ▕██████████████████▏ 1.5 KB                         [K
pulling bc371a43ce90: 100% ▕██████████████████▏ 7.6 KB                         [K
pulling 53a87df39647: 100% ▕██████████████████▏ 5.6 KB                         [K
pulling 56bb8bd477a5: 100% ▕██████████████████▏   96 B                         [K
pulling c7091aa45e9b: 100% ▕██████████████████▏  562 B                         [K
verifying sha256 digest ⠧ [K[?25h[?2026l[?2026h[?25l[A[A[A[A[A[A[A[1Gpulling manifest [K
pulling 4824460d29f2: 100% ▕██████████████████▏  42 GB                         [K
pulling 948af2743fc7: 100% ▕██████████████████▏ 1.5 KB                         [K
pulling bc371a43ce90: 100% ▕██████████████████▏ 7.6 KB                         [K
pulling 53a87df39647: 100% ▕██████████████████▏ 5.6 KB                         [K
pulling 56bb8bd477a5: 100% ▕██████████████████▏   96 B                         [K
pulling c7091aa45e9b: 100% ▕██████████████████▏  562 B                         [K
verifying sha256 digest ⠇ [K[?25h[?2026l[?2026h[?25l[A[A[A[A[A[A[A[1Gpulling manifest [K
pulling 4824460d29f2: 100% ▕██████████████████▏  42 GB                         [K
pulling 948af2743fc7: 100% ▕██████████████████▏ 1.5 KB                         [K
pulling bc371a43ce90: 100% ▕██████████████████▏ 7.6 KB                         [K
pulling 53a87df39647: 100% ▕██████████████████▏ 5.6 KB                         [K
pulling 56bb8bd477a5: 100% ▕██████████████████▏   96 B                         [K
pulling c7091aa45e9b: 100% ▕██████████████████▏  562 B                         [K
verifying sha256 digest ⠏ [K[?25h[?2026l[?2026h[?25l[A[A[A[A[A[A[A[1Gpulling manifest [K
pulling 4824460d29f2: 100% ▕██████████████████▏  42 GB                         [K
pulling 948af2743fc7: 100% ▕██████████████████▏ 1.5 KB                         [K
pulling bc371a43ce90: 100% ▕██████████████████▏ 7.6 KB                         [K
pulling 53a87df39647: 100% ▕██████████████████▏ 5.6 KB                         [K
pulling 56bb8bd477a5: 100% ▕██████████████████▏   96 B                         [K
pulling c7091aa45e9b: 100% ▕██████████████████▏  562 B                         [K
verifying sha256 digest ⠋ [K[?25h[?2026l[?2026h[?25l[A[A[A[A[A[A[A[1Gpulling manifest [K
pulling 4824460d29f2: 100% ▕██████████████████▏  42 GB                         [K
pulling 948af2743fc7: 100% ▕██████████████████▏ 1.5 KB                         [K
pulling bc371a43ce90: 100% ▕██████████████████▏ 7.6 KB                         [K
pulling 53a87df39647: 100% ▕██████████████████▏ 5.6 KB                         [K
pulling 56bb8bd477a5: 100% ▕██████████████████▏   96 B                         [K
pulling c7091aa45e9b: 100% ▕██████████████████▏  562 B                         [K
verifying sha256 digest ⠙ [K[?25h[?2026l[?2026h[?25l[A[A[A[A[A[A[A[1Gpulling manifest [K
pulling 4824460d29f2: 100% ▕██████████████████▏  42 GB                         [K
pulling 948af2743fc7: 100% ▕██████████████████▏ 1.5 KB                         [K
pulling bc371a43ce90: 100% ▕██████████████████▏ 7.6 KB                         [K
pulling 53a87df39647: 100% ▕██████████████████▏ 5.6 KB                         [K
pulling 56bb8bd477a5: 100% ▕██████████████████▏   96 B                         [K
pulling c7091aa45e9b: 100% ▕██████████████████▏  562 B                         [K
verifying sha256 digest ⠹ [K[?25h[?2026l[?2026h[?25l[A[A[A[A[A[A[A[1Gpulling manifest [K
pulling 4824460d29f2: 100% ▕██████████████████▏  42 GB                         [K
pulling 948af2743fc7: 100% ▕██████████████████▏ 1.5 KB                         [K
pulling bc371a43ce90: 100% ▕██████████████████▏ 7.6 KB                         [K
pulling 53a87df39647: 100% ▕██████████████████▏ 5.6 KB                         [K
pulling 56bb8bd477a5: 100% ▕██████████████████▏   96 B                         [K
pulling c7091aa45e9b: 100% ▕██████████████████▏  562 B                         [K
verifying sha256 digest ⠸ [K[?25h[?2026l[?2026h[?25l[A[A[A[A[A[A[A[1Gpulling manifest [K
pulling 4824460d29f2: 100% ▕██████████████████▏  42 GB                         [K
pulling 948af2743fc7: 100% ▕██████████████████▏ 1.5 KB                         [K
pulling bc371a43ce90: 100% ▕██████████████████▏ 7.6 KB                         [K
pulling 53a87df39647: 100% ▕██████████████████▏ 5.6 KB                         [K
pulling 56bb8bd477a5: 100% ▕██████████████████▏   96 B                         [K
pulling c7091aa45e9b: 100% ▕██████████████████▏  562 B                         [K
verifying sha256 digest ⠼ [K[?25h[?2026l[?2026h[?25l[A[A[A[A[A[A[A[1Gpulling manifest [K
pulling 4824460d29f2: 100% ▕██████████████████▏  42 GB                         [K
pulling 948af2743fc7: 100% ▕██████████████████▏ 1.5 KB                         [K
pulling bc371a43ce90: 100% ▕██████████████████▏ 7.6 KB                         [K
pulling 53a87df39647: 100% ▕██████████████████▏ 5.6 KB                         [K
pulling 56bb8bd477a5: 100% ▕██████████████████▏   96 B                         [K
pulling c7091aa45e9b: 100% ▕██████████████████▏  562 B                         [K
verifying sha256 digest ⠴ [K[?25h[?2026l[?2026h[?25l[A[A[A[A[A[A[A[1Gpulling manifest [K
pulling 4824460d29f2: 100% ▕██████████████████▏  42 GB                         [K
pulling 948af2743fc7: 100% ▕██████████████████▏ 1.5 KB                         [K
pulling bc371a43ce90: 100% ▕██████████████████▏ 7.6 KB                         [K
pulling 53a87df39647: 100% ▕██████████████████▏ 5.6 KB                         [K
pulling 56bb8bd477a5: 100% ▕██████████████████▏   96 B                         [K
pulling c7091aa45e9b: 100% ▕██████████████████▏  562 B                         [K
verifying sha256 digest ⠦ [K[?25h[?2026l[?2026h[?25l[A[A[A[A[A[A[A[1Gpulling manifest [K
pulling 4824460d29f2: 100% ▕██████████████████▏  42 GB                         [K
pulling 948af2743fc7: 100% ▕██████████████████▏ 1.5 KB                         [K
pulling bc371a43ce90: 100% ▕██████████████████▏ 7.6 KB                         [K
pulling 53a87df39647: 100% ▕██████████████████▏ 5.6 KB                         [K
pulling 56bb8bd477a5: 100% ▕██████████████████▏   96 B                         [K
pulling c7091aa45e9b: 100% ▕██████████████████▏  562 B                         [K
verifying sha256 digest ⠧ [K[?25h[?2026l[?2026h[?25l[A[A[A[A[A[A[A[1Gpulling manifest [K
pulling 4824460d29f2: 100% ▕██████████████████▏  42 GB                         [K
pulling 948af2743fc7: 100% ▕██████████████████▏ 1.5 KB                         [K
pulling bc371a43ce90: 100% ▕██████████████████▏ 7.6 KB                         [K
pulling 53a87df39647: 100% ▕██████████████████▏ 5.6 KB                         [K
pulling 56bb8bd477a5: 100% ▕██████████████████▏   96 B                         [K
pulling c7091aa45e9b: 100% ▕██████████████████▏  562 B                         [K
verifying sha256 digest ⠇ [K[?25h[?2026l[?2026h[?25l[A[A[A[A[A[A[A[1Gpulling manifest [K
pulling 4824460d29f2: 100% ▕██████████████████▏  42 GB                         [K
pulling 948af2743fc7: 100% ▕██████████████████▏ 1.5 KB                         [K
pulling bc371a43ce90: 100% ▕██████████████████▏ 7.6 KB                         [K
pulling 53a87df39647: 100% ▕██████████████████▏ 5.6 KB                         [K
pulling 56bb8bd477a5: 100% ▕██████████████████▏   96 B                         [K
pulling c7091aa45e9b: 100% ▕██████████████████▏  562 B                         [K
verifying sha256 digest ⠏ [K[?25h[?2026l[?2026h[?25l[A[A[A[A[A[A[A[1Gpulling manifest [K
pulling 4824460d29f2: 100% ▕██████████████████▏  42 GB                         [K
pulling 948af2743fc7: 100% ▕██████████████████▏ 1.5 KB                         [K
pulling bc371a43ce90: 100% ▕██████████████████▏ 7.6 KB                         [K
pulling 53a87df39647: 100% ▕██████████████████▏ 5.6 KB                         [K
pulling 56bb8bd477a5: 100% ▕██████████████████▏   96 B                         [K
pulling c7091aa45e9b: 100% ▕██████████████████▏  562 B                         [K
verifying sha256 digest ⠋ [K[?25h[?2026l[?2026h[?25l[A[A[A[A[A[A[A[1Gpulling manifest [K
pulling 4824460d29f2: 100% ▕██████████████████▏  42 GB                         [K
pulling 948af2743fc7: 100% ▕██████████████████▏ 1.5 KB                         [K
pulling bc371a43ce90: 100% ▕██████████████████▏ 7.6 KB                         [K
pulling 53a87df39647: 100% ▕██████████████████▏ 5.6 KB                         [K
pulling 56bb8bd477a5: 100% ▕██████████████████▏   96 B                         [K
pulling c7091aa45e9b: 100% ▕██████████████████▏  562 B                         [K
verifying sha256 digest ⠙ [K[?25h[?2026l[?2026h[?25l[A[A[A[A[A[A[A[1Gpulling manifest [K
pulling 4824460d29f2: 100% ▕██████████████████▏  42 GB                         [K
pulling 948af2743fc7: 100% ▕██████████████████▏ 1.5 KB                         [K
pulling bc371a43ce90: 100% ▕██████████████████▏ 7.6 KB                         [K
pulling 53a87df39647: 100% ▕██████████████████▏ 5.6 KB                         [K
pulling 56bb8bd477a5: 100% ▕██████████████████▏   96 B                         [K
pulling c7091aa45e9b: 100% ▕██████████████████▏  562 B                         [K
verifying sha256 digest ⠹ [K[?25h[?2026l[?2026h[?25l[A[A[A[A[A[A[A[1Gpulling manifest [K
pulling 4824460d29f2: 100% ▕██████████████████▏  42 GB                         [K
pulling 948af2743fc7: 100% ▕██████████████████▏ 1.5 KB                         [K
pulling bc371a43ce90: 100% ▕██████████████████▏ 7.6 KB                         [K
pulling 53a87df39647: 100% ▕██████████████████▏ 5.6 KB                         [K
pulling 56bb8bd477a5: 100% ▕██████████████████▏   96 B                         [K
pulling c7091aa45e9b: 100% ▕██████████████████▏  562 B                         [K
verifying sha256 digest ⠸ [K[?25h[?2026l[?2026h[?25l[A[A[A[A[A[A[A[1Gpulling manifest [K
pulling 4824460d29f2: 100% ▕██████████████████▏  42 GB                         [K
pulling 948af2743fc7: 100% ▕██████████████████▏ 1.5 KB                         [K
pulling bc371a43ce90: 100% ▕██████████████████▏ 7.6 KB                         [K
pulling 53a87df39647: 100% ▕██████████████████▏ 5.6 KB                         [K
pulling 56bb8bd477a5: 100% ▕██████████████████▏   96 B                         [K
pulling c7091aa45e9b: 100% ▕██████████████████▏  562 B                         [K
verifying sha256 digest ⠼ [K[?25h[?2026l[?2026h[?25l[A[A[A[A[A[A[A[1Gpulling manifest [K
pulling 4824460d29f2: 100% ▕██████████████████▏  42 GB                         [K
pulling 948af2743fc7: 100% ▕██████████████████▏ 1.5 KB                         [K
pulling bc371a43ce90: 100% ▕██████████████████▏ 7.6 KB                         [K
pulling 53a87df39647: 100% ▕██████████████████▏ 5.6 KB                         [K
pulling 56bb8bd477a5: 100% ▕██████████████████▏   96 B                         [K
pulling c7091aa45e9b: 100% ▕██████████████████▏  562 B                         [K
verifying sha256 digest ⠴ [K[?25h[?2026l[?2026h[?25l[A[A[A[A[A[A[A[1Gpulling manifest [K
pulling 4824460d29f2: 100% ▕██████████████████▏  42 GB                         [K
pulling 948af2743fc7: 100% ▕██████████████████▏ 1.5 KB                         [K
pulling bc371a43ce90: 100% ▕██████████████████▏ 7.6 KB                         [K
pulling 53a87df39647: 100% ▕██████████████████▏ 5.6 KB                         [K
pulling 56bb8bd477a5: 100% ▕██████████████████▏   96 B                         [K
pulling c7091aa45e9b: 100% ▕██████████████████▏  562 B                         [K
verifying sha256 digest ⠦ [K[?25h[?2026l[?2026h[?25l[A[A[A[A[A[A[A[1Gpulling manifest [K
pulling 4824460d29f2: 100% ▕██████████████████▏  42 GB                         [K
pulling 948af2743fc7: 100% ▕██████████████████▏ 1.5 KB                         [K
pulling bc371a43ce90: 100% ▕██████████████████▏ 7.6 KB                         [K
pulling 53a87df39647: 100% ▕██████████████████▏ 5.6 KB                         [K
pulling 56bb8bd477a5: 100% ▕██████████████████▏   96 B                         [K
pulling c7091aa45e9b: 100% ▕██████████████████▏  562 B                         [K
verifying sha256 digest ⠧ [K[?25h[?2026l[?2026h[?25l[A[A[A[A[A[A[A[1Gpulling manifest [K
pulling 4824460d29f2: 100% ▕██████████████████▏  42 GB                         [K
pulling 948af2743fc7: 100% ▕██████████████████▏ 1.5 KB                         [K
pulling bc371a43ce90: 100% ▕██████████████████▏ 7.6 KB                         [K
pulling 53a87df39647: 100% ▕██████████████████▏ 5.6 KB                         [K
pulling 56bb8bd477a5: 100% ▕██████████████████▏   96 B                         [K
pulling c7091aa45e9b: 100% ▕██████████████████▏  562 B                         [K
verifying sha256 digest ⠇ [K[?25h[?2026l[?2026h[?25l[A[A[A[A[A[A[A[1Gpulling manifest [K
pulling 4824460d29f2: 100% ▕██████████████████▏  42 GB                         [K
pulling 948af2743fc7: 100% ▕██████████████████▏ 1.5 KB                         [K
pulling bc371a43ce90: 100% ▕██████████████████▏ 7.6 KB                         [K
pulling 53a87df39647: 100% ▕██████████████████▏ 5.6 KB                         [K
pulling 56bb8bd477a5: 100% ▕██████████████████▏   96 B                         [K
pulling c7091aa45e9b: 100% ▕██████████████████▏  562 B                         [K
verifying sha256 digest ⠏ [K[?25h[?2026l[?2026h[?25l[A[A[A[A[A[A[A[1Gpulling manifest [K
pulling 4824460d29f2: 100% ▕██████████████████▏  42 GB                         [K
pulling 948af2743fc7: 100% ▕██████████████████▏ 1.5 KB                         [K
pulling bc371a43ce90: 100% ▕██████████████████▏ 7.6 KB                         [K
pulling 53a87df39647: 100% ▕██████████████████▏ 5.6 KB                         [K
pulling 56bb8bd477a5: 100% ▕██████████████████▏   96 B                         [K
pulling c7091aa45e9b: 100% ▕██████████████████▏  562 B                         [K
verifying sha256 digest ⠋ [K[?25h[?2026l[?2026h[?25l[A[A[A[A[A[A[A[1Gpulling manifest [K
pulling 4824460d29f2: 100% ▕██████████████████▏  42 GB                         [K
pulling 948af2743fc7: 100% ▕██████████████████▏ 1.5 KB                         [K
pulling bc371a43ce90: 100% ▕██████████████████▏ 7.6 KB                         [K
pulling 53a87df39647: 100% ▕██████████████████▏ 5.6 KB                         [K
pulling 56bb8bd477a5: 100% ▕██████████████████▏   96 B                         [K
pulling c7091aa45e9b: 100% ▕██████████████████▏  562 B                         [K
verifying sha256 digest ⠙ [K[?25h[?2026l[?2026h[?25l[A[A[A[A[A[A[A[1Gpulling manifest [K
pulling 4824460d29f2: 100% ▕██████████████████▏  42 GB                         [K
pulling 948af2743fc7: 100% ▕██████████████████▏ 1.5 KB                         [K
pulling bc371a43ce90: 100% ▕██████████████████▏ 7.6 KB                         [K
pulling 53a87df39647: 100% ▕██████████████████▏ 5.6 KB                         [K
pulling 56bb8bd477a5: 100% ▕██████████████████▏   96 B                         [K
pulling c7091aa45e9b: 100% ▕██████████████████▏  562 B                         [K
verifying sha256 digest ⠹ [K[?25h[?2026l[?2026h[?25l[A[A[A[A[A[A[A[1Gpulling manifest [K
pulling 4824460d29f2: 100% ▕██████████████████▏  42 GB                         [K
pulling 948af2743fc7: 100% ▕██████████████████▏ 1.5 KB                         [K
pulling bc371a43ce90: 100% ▕██████████████████▏ 7.6 KB                         [K
pulling 53a87df39647: 100% ▕██████████████████▏ 5.6 KB                         [K
pulling 56bb8bd477a5: 100% ▕██████████████████▏   96 B                         [K
pulling c7091aa45e9b: 100% ▕██████████████████▏  562 B                         [K
verifying sha256 digest ⠸ [K[?25h[?2026l[?2026h[?25l[A[A[A[A[A[A[A[1Gpulling manifest [K
pulling 4824460d29f2: 100% ▕██████████████████▏  42 GB                         [K
pulling 948af2743fc7: 100% ▕██████████████████▏ 1.5 KB                         [K
pulling bc371a43ce90: 100% ▕██████████████████▏ 7.6 KB                         [K
pulling 53a87df39647: 100% ▕██████████████████▏ 5.6 KB                         [K
pulling 56bb8bd477a5: 100% ▕██████████████████▏   96 B                         [K
pulling c7091aa45e9b: 100% ▕██████████████████▏  562 B                         [K
verifying sha256 digest ⠼ [K[?25h[?2026l[?2026h[?25l[A[A[A[A[A[A[A[1Gpulling manifest [K
pulling 4824460d29f2: 100% ▕██████████████████▏  42 GB                         [K
pulling 948af2743fc7: 100% ▕██████████████████▏ 1.5 KB                         [K
pulling bc371a43ce90: 100% ▕██████████████████▏ 7.6 KB                         [K
pulling 53a87df39647: 100% ▕██████████████████▏ 5.6 KB                         [K
pulling 56bb8bd477a5: 100% ▕██████████████████▏   96 B                         [K
pulling c7091aa45e9b: 100% ▕██████████████████▏  562 B                         [K
verifying sha256 digest ⠴ [K[?25h[?2026l[?2026h[?25l[A[A[A[A[A[A[A[1Gpulling manifest [K
pulling 4824460d29f2: 100% ▕██████████████████▏  42 GB                         [K
pulling 948af2743fc7: 100% ▕██████████████████▏ 1.5 KB                         [K
pulling bc371a43ce90: 100% ▕██████████████████▏ 7.6 KB                         [K
pulling 53a87df39647: 100% ▕██████████████████▏ 5.6 KB                         [K
pulling 56bb8bd477a5: 100% ▕██████████████████▏   96 B                         [K
pulling c7091aa45e9b: 100% ▕██████████████████▏  562 B                         [K
verifying sha256 digest ⠦ [K[?25h[?2026l[?2026h[?25l[A[A[A[A[A[A[A[1Gpulling manifest [K
pulling 4824460d29f2: 100% ▕██████████████████▏  42 GB                         [K
pulling 948af2743fc7: 100% ▕██████████████████▏ 1.5 KB                         [K
pulling bc371a43ce90: 100% ▕██████████████████▏ 7.6 KB                         [K
pulling 53a87df39647: 100% ▕██████████████████▏ 5.6 KB                         [K
pulling 56bb8bd477a5: 100% ▕██████████████████▏   96 B                         [K
pulling c7091aa45e9b: 100% ▕██████████████████▏  562 B                         [K
verifying sha256 digest ⠧ [K[?25h[?2026l[?2026h[?25l[A[A[A[A[A[A[A[1Gpulling manifest [K
pulling 4824460d29f2: 100% ▕██████████████████▏  42 GB                         [K
pulling 948af2743fc7: 100% ▕██████████████████▏ 1.5 KB                         [K
pulling bc371a43ce90: 100% ▕██████████████████▏ 7.6 KB                         [K
pulling 53a87df39647: 100% ▕██████████████████▏ 5.6 KB                         [K
pulling 56bb8bd477a5: 100% ▕██████████████████▏   96 B                         [K
pulling c7091aa45e9b: 100% ▕██████████████████▏  562 B                         [K
verifying sha256 digest ⠇ [K[?25h[?2026l[?2026h[?25l[A[A[A[A[A[A[A[1Gpulling manifest [K
pulling 4824460d29f2: 100% ▕██████████████████▏  42 GB                         [K
pulling 948af2743fc7: 100% ▕██████████████████▏ 1.5 KB                         [K
pulling bc371a43ce90: 100% ▕██████████████████▏ 7.6 KB                         [K
pulling 53a87df39647: 100% ▕██████████████████▏ 5.6 KB                         [K
pulling 56bb8bd477a5: 100% ▕██████████████████▏   96 B                         [K
pulling c7091aa45e9b: 100% ▕██████████████████▏  562 B                         [K
verifying sha256 digest ⠏ [K[?25h[?2026l[?2026h[?25l[A[A[A[A[A[A[A[1Gpulling manifest [K
pulling 4824460d29f2: 100% ▕██████████████████▏  42 GB                         [K
pulling 948af2743fc7: 100% ▕██████████████████▏ 1.5 KB                         [K
pulling bc371a43ce90: 100% ▕██████████████████▏ 7.6 KB                         [K
pulling 53a87df39647: 100% ▕██████████████████▏ 5.6 KB                         [K
pulling 56bb8bd477a5: 100% ▕██████████████████▏   96 B                         [K
pulling c7091aa45e9b: 100% ▕██████████████████▏  562 B                         [K
verifying sha256 digest ⠋ [K[?25h[?2026l[?2026h[?25l[A[A[A[A[A[A[A[1Gpulling manifest [K
pulling 4824460d29f2: 100% ▕██████████████████▏  42 GB                         [K
pulling 948af2743fc7: 100% ▕██████████████████▏ 1.5 KB                         [K
pulling bc371a43ce90: 100% ▕██████████████████▏ 7.6 KB                         [K
pulling 53a87df39647: 100% ▕██████████████████▏ 5.6 KB                         [K
pulling 56bb8bd477a5: 100% ▕██████████████████▏   96 B                         [K
pulling c7091aa45e9b: 100% ▕██████████████████▏  562 B                         [K
verifying sha256 digest ⠙ [K[?25h[?2026l[?2026h[?25l[A[A[A[A[A[A[A[1Gpulling manifest [K
pulling 4824460d29f2: 100% ▕██████████████████▏  42 GB                         [K
pulling 948af2743fc7: 100% ▕██████████████████▏ 1.5 KB                         [K
pulling bc371a43ce90: 100% ▕██████████████████▏ 7.6 KB                         [K
pulling 53a87df39647: 100% ▕██████████████████▏ 5.6 KB                         [K
pulling 56bb8bd477a5: 100% ▕██████████████████▏   96 B                         [K
pulling c7091aa45e9b: 100% ▕██████████████████▏  562 B                         [K
verifying sha256 digest ⠹ [K[?25h[?2026l[?2026h[?25l[A[A[A[A[A[A[A[1Gpulling manifest [K
pulling 4824460d29f2: 100% ▕██████████████████▏  42 GB                         [K
pulling 948af2743fc7: 100% ▕██████████████████▏ 1.5 KB                         [K
pulling bc371a43ce90: 100% ▕██████████████████▏ 7.6 KB                         [K
pulling 53a87df39647: 100% ▕██████████████████▏ 5.6 KB                         [K
pulling 56bb8bd477a5: 100% ▕██████████████████▏   96 B                         [K
pulling c7091aa45e9b: 100% ▕██████████████████▏  562 B                         [K
verifying sha256 digest ⠸ [K[?25h[?2026l[?2026h[?25l[A[A[A[A[A[A[A[1Gpulling manifest [K
pulling 4824460d29f2: 100% ▕██████████████████▏  42 GB                         [K
pulling 948af2743fc7: 100% ▕██████████████████▏ 1.5 KB                         [K
pulling bc371a43ce90: 100% ▕██████████████████▏ 7.6 KB                         [K
pulling 53a87df39647: 100% ▕██████████████████▏ 5.6 KB                         [K
pulling 56bb8bd477a5: 100% ▕██████████████████▏   96 B                         [K
pulling c7091aa45e9b: 100% ▕██████████████████▏  562 B                         [K
verifying sha256 digest ⠼ [K[?25h[?2026l[?2026h[?25l[A[A[A[A[A[A[A[1Gpulling manifest [K
pulling 4824460d29f2: 100% ▕██████████████████▏  42 GB                         [K
pulling 948af2743fc7: 100% ▕██████████████████▏ 1.5 KB                         [K
pulling bc371a43ce90: 100% ▕██████████████████▏ 7.6 KB                         [K
pulling 53a87df39647: 100% ▕██████████████████▏ 5.6 KB                         [K
pulling 56bb8bd477a5: 100% ▕██████████████████▏   96 B                         [K
pulling c7091aa45e9b: 100% ▕██████████████████▏  562 B                         [K
verifying sha256 digest ⠴ [K[?25h[?2026l[?2026h[?25l[A[A[A[A[A[A[A[1Gpulling manifest [K
pulling 4824460d29f2: 100% ▕██████████████████▏  42 GB                         [K
pulling 948af2743fc7: 100% ▕██████████████████▏ 1.5 KB                         [K
pulling bc371a43ce90: 100% ▕██████████████████▏ 7.6 KB                         [K
pulling 53a87df39647: 100% ▕██████████████████▏ 5.6 KB                         [K
pulling 56bb8bd477a5: 100% ▕██████████████████▏   96 B                         [K
pulling c7091aa45e9b: 100% ▕██████████████████▏  562 B                         [K
verifying sha256 digest ⠦ [K[?25h[?2026l[?2026h[?25l[A[A[A[A[A[A[A[1Gpulling manifest [K
pulling 4824460d29f2: 100% ▕██████████████████▏  42 GB                         [K
pulling 948af2743fc7: 100% ▕██████████████████▏ 1.5 KB                         [K
pulling bc371a43ce90: 100% ▕██████████████████▏ 7.6 KB                         [K
pulling 53a87df39647: 100% ▕██████████████████▏ 5.6 KB                         [K
pulling 56bb8bd477a5: 100% ▕██████████████████▏   96 B                         [K
pulling c7091aa45e9b: 100% ▕██████████████████▏  562 B                         [K
verifying sha256 digest ⠧ [K[?25h[?2026l[?2026h[?25l[A[A[A[A[A[A[A[1Gpulling manifest [K
pulling 4824460d29f2: 100% ▕██████████████████▏  42 GB                         [K
pulling 948af2743fc7: 100% ▕██████████████████▏ 1.5 KB                         [K
pulling bc371a43ce90: 100% ▕██████████████████▏ 7.6 KB                         [K
pulling 53a87df39647: 100% ▕██████████████████▏ 5.6 KB                         [K
pulling 56bb8bd477a5: 100% ▕██████████████████▏   96 B                         [K
pulling c7091aa45e9b: 100% ▕██████████████████▏  562 B                         [K
verifying sha256 digest ⠇ [K[?25h[?2026l[?2026h[?25l[A[A[A[A[A[A[A[1Gpulling manifest [K
pulling 4824460d29f2: 100% ▕██████████████████▏  42 GB                         [K
pulling 948af2743fc7: 100% ▕██████████████████▏ 1.5 KB                         [K
pulling bc371a43ce90: 100% ▕██████████████████▏ 7.6 KB                         [K
pulling 53a87df39647: 100% ▕██████████████████▏ 5.6 KB                         [K
pulling 56bb8bd477a5: 100% ▕██████████████████▏   96 B                         [K
pulling c7091aa45e9b: 100% ▕██████████████████▏  562 B                         [K
verifying sha256 digest ⠏ [K[?25h[?2026l[?2026h[?25l[A[A[A[A[A[A[A[1Gpulling manifest [K
pulling 4824460d29f2: 100% ▕██████████████████▏  42 GB                         [K
pulling 948af2743fc7: 100% ▕██████████████████▏ 1.5 KB                         [K
pulling bc371a43ce90: 100% ▕██████████████████▏ 7.6 KB                         [K
pulling 53a87df39647: 100% ▕██████████████████▏ 5.6 KB                         [K
pulling 56bb8bd477a5: 100% ▕██████████████████▏   96 B                         [K
pulling c7091aa45e9b: 100% ▕██████████████████▏  562 B                         [K
verifying sha256 digest ⠋ [K[?25h[?2026l[?2026h[?25l[A[A[A[A[A[A[A[1Gpulling manifest [K
pulling 4824460d29f2: 100% ▕██████████████████▏  42 GB                         [K
pulling 948af2743fc7: 100% ▕██████████████████▏ 1.5 KB                         [K
pulling bc371a43ce90: 100% ▕██████████████████▏ 7.6 KB                         [K
pulling 53a87df39647: 100% ▕██████████████████▏ 5.6 KB                         [K
pulling 56bb8bd477a5: 100% ▕██████████████████▏   96 B                         [K
pulling c7091aa45e9b: 100% ▕██████████████████▏  562 B                         [K
verifying sha256 digest ⠙ [K[?25h[?2026l[?2026h[?25l[A[A[A[A[A[A[A[1Gpulling manifest [K
pulling 4824460d29f2: 100% ▕██████████████████▏  42 GB                         [K
pulling 948af2743fc7: 100% ▕██████████████████▏ 1.5 KB                         [K
pulling bc371a43ce90: 100% ▕██████████████████▏ 7.6 KB                         [K
pulling 53a87df39647: 100% ▕██████████████████▏ 5.6 KB                         [K
pulling 56bb8bd477a5: 100% ▕██████████████████▏   96 B                         [K
pulling c7091aa45e9b: 100% ▕██████████████████▏  562 B                         [K
verifying sha256 digest ⠹ [K[?25h[?2026l[?2026h[?25l[A[A[A[A[A[A[A[1Gpulling manifest [K
pulling 4824460d29f2: 100% ▕██████████████████▏  42 GB                         [K
pulling 948af2743fc7: 100% ▕██████████████████▏ 1.5 KB                         [K
pulling bc371a43ce90: 100% ▕██████████████████▏ 7.6 KB                         [K
pulling 53a87df39647: 100% ▕██████████████████▏ 5.6 KB                         [K
pulling 56bb8bd477a5: 100% ▕██████████████████▏   96 B                         [K
pulling c7091aa45e9b: 100% ▕██████████████████▏  562 B                         [K
verifying sha256 digest ⠸ [K[?25h[?2026l[?2026h[?25l[A[A[A[A[A[A[A[1Gpulling manifest [K
pulling 4824460d29f2: 100% ▕██████████████████▏  42 GB                         [K
pulling 948af2743fc7: 100% ▕██████████████████▏ 1.5 KB                         [K
pulling bc371a43ce90: 100% ▕██████████████████▏ 7.6 KB                         [K
pulling 53a87df39647: 100% ▕██████████████████▏ 5.6 KB                         [K
pulling 56bb8bd477a5: 100% ▕██████████████████▏   96 B                         [K
pulling c7091aa45e9b: 100% ▕██████████████████▏  562 B                         [K
verifying sha256 digest ⠼ [K[?25h[?2026l[?2026h[?25l[A[A[A[A[A[A[A[1Gpulling manifest [K
pulling 4824460d29f2: 100% ▕██████████████████▏  42 GB                         [K
pulling 948af2743fc7: 100% ▕██████████████████▏ 1.5 KB                         [K
pulling bc371a43ce90: 100% ▕██████████████████▏ 7.6 KB                         [K
pulling 53a87df39647: 100% ▕██████████████████▏ 5.6 KB                         [K
pulling 56bb8bd477a5: 100% ▕██████████████████▏   96 B                         [K
pulling c7091aa45e9b: 100% ▕██████████████████▏  562 B                         [K
verifying sha256 digest ⠴ [K[?25h[?2026l[?2026h[?25l[A[A[A[A[A[A[A[1Gpulling manifest [K
pulling 4824460d29f2: 100% ▕██████████████████▏  42 GB                         [K
pulling 948af2743fc7: 100% ▕██████████████████▏ 1.5 KB                         [K
pulling bc371a43ce90: 100% ▕██████████████████▏ 7.6 KB                         [K
pulling 53a87df39647: 100% ▕██████████████████▏ 5.6 KB                         [K
pulling 56bb8bd477a5: 100% ▕██████████████████▏   96 B                         [K
pulling c7091aa45e9b: 100% ▕██████████████████▏  562 B                         [K
verifying sha256 digest ⠦ [K[?25h[?2026l[?2026h[?25l[A[A[A[A[A[A[A[1Gpulling manifest [K
pulling 4824460d29f2: 100% ▕██████████████████▏  42 GB                         [K
pulling 948af2743fc7: 100% ▕██████████████████▏ 1.5 KB                         [K
pulling bc371a43ce90: 100% ▕██████████████████▏ 7.6 KB                         [K
pulling 53a87df39647: 100% ▕██████████████████▏ 5.6 KB                         [K
pulling 56bb8bd477a5: 100% ▕██████████████████▏   96 B                         [K
pulling c7091aa45e9b: 100% ▕██████████████████▏  562 B                         [K
verifying sha256 digest ⠧ [K[?25h[?2026l[?2026h[?25l[A[A[A[A[A[A[A[1Gpulling manifest [K
pulling 4824460d29f2: 100% ▕██████████████████▏  42 GB                         [K
pulling 948af2743fc7: 100% ▕██████████████████▏ 1.5 KB                         [K
pulling bc371a43ce90: 100% ▕██████████████████▏ 7.6 KB                         [K
pulling 53a87df39647: 100% ▕██████████████████▏ 5.6 KB                         [K
pulling 56bb8bd477a5: 100% ▕██████████████████▏   96 B                         [K
pulling c7091aa45e9b: 100% ▕██████████████████▏  562 B                         [K
verifying sha256 digest ⠇ [K[?25h[?2026l[?2026h[?25l[A[A[A[A[A[A[A[1Gpulling manifest [K
pulling 4824460d29f2: 100% ▕██████████████████▏  42 GB                         [K
pulling 948af2743fc7: 100% ▕██████████████████▏ 1.5 KB                         [K
pulling bc371a43ce90: 100% ▕██████████████████▏ 7.6 KB                         [K
pulling 53a87df39647: 100% ▕██████████████████▏ 5.6 KB                         [K
pulling 56bb8bd477a5: 100% ▕██████████████████▏   96 B                         [K
pulling c7091aa45e9b: 100% ▕██████████████████▏  562 B                         [K
verifying sha256 digest ⠏ [K[?25h[?2026l[?2026h[?25l[A[A[A[A[A[A[A[1Gpulling manifest [K
pulling 4824460d29f2: 100% ▕██████████████████▏  42 GB                         [K
pulling 948af2743fc7: 100% ▕██████████████████▏ 1.5 KB                         [K
pulling bc371a43ce90: 100% ▕██████████████████▏ 7.6 KB                         [K
pulling 53a87df39647: 100% ▕██████████████████▏ 5.6 KB                         [K
pulling 56bb8bd477a5: 100% ▕██████████████████▏   96 B                         [K
pulling c7091aa45e9b: 100% ▕██████████████████▏  562 B                         [K
verifying sha256 digest ⠋ [K[?25h[?2026l[?2026h[?25l[A[A[A[A[A[A[A[1Gpulling manifest [K
pulling 4824460d29f2: 100% ▕██████████████████▏  42 GB                         [K
pulling 948af2743fc7: 100% ▕██████████████████▏ 1.5 KB                         [K
pulling bc371a43ce90: 100% ▕██████████████████▏ 7.6 KB                         [K
pulling 53a87df39647: 100% ▕██████████████████▏ 5.6 KB                         [K
pulling 56bb8bd477a5: 100% ▕██████████████████▏   96 B                         [K
pulling c7091aa45e9b: 100% ▕██████████████████▏  562 B                         [K
verifying sha256 digest ⠙ [K[?25h[?2026l[?2026h[?25l[A[A[A[A[A[A[A[1Gpulling manifest [K
pulling 4824460d29f2: 100% ▕██████████████████▏  42 GB                         [K
pulling 948af2743fc7: 100% ▕██████████████████▏ 1.5 KB                         [K
pulling bc371a43ce90: 100% ▕██████████████████▏ 7.6 KB                         [K
pulling 53a87df39647: 100% ▕██████████████████▏ 5.6 KB                         [K
pulling 56bb8bd477a5: 100% ▕██████████████████▏   96 B                         [K
pulling c7091aa45e9b: 100% ▕██████████████████▏  562 B                         [K
verifying sha256 digest ⠹ [K[?25h[?2026l[?2026h[?25l[A[A[A[A[A[A[A[1Gpulling manifest [K
pulling 4824460d29f2: 100% ▕██████████████████▏  42 GB                         [K
pulling 948af2743fc7: 100% ▕██████████████████▏ 1.5 KB                         [K
pulling bc371a43ce90: 100% ▕██████████████████▏ 7.6 KB                         [K
pulling 53a87df39647: 100% ▕██████████████████▏ 5.6 KB                         [K
pulling 56bb8bd477a5: 100% ▕██████████████████▏   96 B                         [K
pulling c7091aa45e9b: 100% ▕██████████████████▏  562 B                         [K
verifying sha256 digest ⠸ [K[?25h[?2026l[?2026h[?25l[A[A[A[A[A[A[A[1Gpulling manifest [K
pulling 4824460d29f2: 100% ▕██████████████████▏  42 GB                         [K
pulling 948af2743fc7: 100% ▕██████████████████▏ 1.5 KB                         [K
pulling bc371a43ce90: 100% ▕██████████████████▏ 7.6 KB                         [K
pulling 53a87df39647: 100% ▕██████████████████▏ 5.6 KB                         [K
pulling 56bb8bd477a5: 100% ▕██████████████████▏   96 B                         [K
pulling c7091aa45e9b: 100% ▕██████████████████▏  562 B                         [K
verifying sha256 digest ⠼ [K[?25h[?2026l[?2026h[?25l[A[A[A[A[A[A[A[1Gpulling manifest [K
pulling 4824460d29f2: 100% ▕██████████████████▏  42 GB                         [K
pulling 948af2743fc7: 100% ▕██████████████████▏ 1.5 KB                         [K
pulling bc371a43ce90: 100% ▕██████████████████▏ 7.6 KB                         [K
pulling 53a87df39647: 100% ▕██████████████████▏ 5.6 KB                         [K
pulling 56bb8bd477a5: 100% ▕██████████████████▏   96 B                         [K
pulling c7091aa45e9b: 100% ▕██████████████████▏  562 B                         [K
verifying sha256 digest ⠴ [K[?25h[?2026l[?2026h[?25l[A[A[A[A[A[A[A[1Gpulling manifest [K
pulling 4824460d29f2: 100% ▕██████████████████▏  42 GB                         [K
pulling 948af2743fc7: 100% ▕██████████████████▏ 1.5 KB                         [K
pulling bc371a43ce90: 100% ▕██████████████████▏ 7.6 KB                         [K
pulling 53a87df39647: 100% ▕██████████████████▏ 5.6 KB                         [K
pulling 56bb8bd477a5: 100% ▕██████████████████▏   96 B                         [K
pulling c7091aa45e9b: 100% ▕██████████████████▏  562 B                         [K
verifying sha256 digest ⠦ [K[?25h[?2026l[?2026h[?25l[A[A[A[A[A[A[A[1Gpulling manifest [K
pulling 4824460d29f2: 100% ▕██████████████████▏  42 GB                         [K
pulling 948af2743fc7: 100% ▕██████████████████▏ 1.5 KB                         [K
pulling bc371a43ce90: 100% ▕██████████████████▏ 7.6 KB                         [K
pulling 53a87df39647: 100% ▕██████████████████▏ 5.6 KB                         [K
pulling 56bb8bd477a5: 100% ▕██████████████████▏   96 B                         [K
pulling c7091aa45e9b: 100% ▕██████████████████▏  562 B                         [K
verifying sha256 digest ⠧ [K[?25h[?2026l[?2026h[?25l[A[A[A[A[A[A[A[1Gpulling manifest [K
pulling 4824460d29f2: 100% ▕██████████████████▏  42 GB                         [K
pulling 948af2743fc7: 100% ▕██████████████████▏ 1.5 KB                         [K
pulling bc371a43ce90: 100% ▕██████████████████▏ 7.6 KB                         [K
pulling 53a87df39647: 100% ▕██████████████████▏ 5.6 KB                         [K
pulling 56bb8bd477a5: 100% ▕██████████████████▏   96 B                         [K
pulling c7091aa45e9b: 100% ▕██████████████████▏  562 B                         [K
verifying sha256 digest ⠇ [K[?25h[?2026l[?2026h[?25l[A[A[A[A[A[A[A[1Gpulling manifest [K
pulling 4824460d29f2: 100% ▕██████████████████▏  42 GB                         [K
pulling 948af2743fc7: 100% ▕██████████████████▏ 1.5 KB                         [K
pulling bc371a43ce90: 100% ▕██████████████████▏ 7.6 KB                         [K
pulling 53a87df39647: 100% ▕██████████████████▏ 5.6 KB                         [K
pulling 56bb8bd477a5: 100% ▕██████████████████▏   96 B                         [K
pulling c7091aa45e9b: 100% ▕██████████████████▏  562 B                         [K
verifying sha256 digest ⠏ [K[?25h[?2026l[?2026h[?25l[A[A[A[A[A[A[A[1Gpulling manifest [K
pulling 4824460d29f2: 100% ▕██████████████████▏  42 GB                         [K
pulling 948af2743fc7: 100% ▕██████████████████▏ 1.5 KB                         [K
pulling bc371a43ce90: 100% ▕██████████████████▏ 7.6 KB                         [K
pulling 53a87df39647: 100% ▕██████████████████▏ 5.6 KB                         [K
pulling 56bb8bd477a5: 100% ▕██████████████████▏   96 B                         [K
pulling c7091aa45e9b: 100% ▕██████████████████▏  562 B                         [K
verifying sha256 digest ⠋ [K[?25h[?2026l[?2026h[?25l[A[A[A[A[A[A[A[1Gpulling manifest [K
pulling 4824460d29f2: 100% ▕██████████████████▏  42 GB                         [K
pulling 948af2743fc7: 100% ▕██████████████████▏ 1.5 KB                         [K
pulling bc371a43ce90: 100% ▕██████████████████▏ 7.6 KB                         [K
pulling 53a87df39647: 100% ▕██████████████████▏ 5.6 KB                         [K
pulling 56bb8bd477a5: 100% ▕██████████████████▏   96 B                         [K
pulling c7091aa45e9b: 100% ▕██████████████████▏  562 B                         [K
verifying sha256 digest ⠙ [K[?25h[?2026l[?2026h[?25l[A[A[A[A[A[A[A[1Gpulling manifest [K
pulling 4824460d29f2: 100% ▕██████████████████▏  42 GB                         [K
pulling 948af2743fc7: 100% ▕██████████████████▏ 1.5 KB                         [K
pulling bc371a43ce90: 100% ▕██████████████████▏ 7.6 KB                         [K
pulling 53a87df39647: 100% ▕██████████████████▏ 5.6 KB                         [K
pulling 56bb8bd477a5: 100% ▕██████████████████▏   96 B                         [K
pulling c7091aa45e9b: 100% ▕██████████████████▏  562 B                         [K
verifying sha256 digest ⠹ [K[?25h[?2026l[?2026h[?25l[A[A[A[A[A[A[A[1Gpulling manifest [K
pulling 4824460d29f2: 100% ▕██████████████████▏  42 GB                         [K
pulling 948af2743fc7: 100% ▕██████████████████▏ 1.5 KB                         [K
pulling bc371a43ce90: 100% ▕██████████████████▏ 7.6 KB                         [K
pulling 53a87df39647: 100% ▕██████████████████▏ 5.6 KB                         [K
pulling 56bb8bd477a5: 100% ▕██████████████████▏   96 B                         [K
pulling c7091aa45e9b: 100% ▕██████████████████▏  562 B                         [K
verifying sha256 digest ⠸ [K[?25h[?2026l[?2026h[?25l[A[A[A[A[A[A[A[1Gpulling manifest [K
pulling 4824460d29f2: 100% ▕██████████████████▏  42 GB                         [K
pulling 948af2743fc7: 100% ▕██████████████████▏ 1.5 KB                         [K
pulling bc371a43ce90: 100% ▕██████████████████▏ 7.6 KB                         [K
pulling 53a87df39647: 100% ▕██████████████████▏ 5.6 KB                         [K
pulling 56bb8bd477a5: 100% ▕██████████████████▏   96 B                         [K
pulling c7091aa45e9b: 100% ▕██████████████████▏  562 B                         [K
verifying sha256 digest ⠼ [K[?25h[?2026l[?2026h[?25l[A[A[A[A[A[A[A[1Gpulling manifest [K
pulling 4824460d29f2: 100% ▕██████████████████▏  42 GB                         [K
pulling 948af2743fc7: 100% ▕██████████████████▏ 1.5 KB                         [K
pulling bc371a43ce90: 100% ▕██████████████████▏ 7.6 KB                         [K
pulling 53a87df39647: 100% ▕██████████████████▏ 5.6 KB                         [K
pulling 56bb8bd477a5: 100% ▕██████████████████▏   96 B                         [K
pulling c7091aa45e9b: 100% ▕██████████████████▏  562 B                         [K
verifying sha256 digest ⠴ [K[?25h[?2026l[?2026h[?25l[A[A[A[A[A[A[A[1Gpulling manifest [K
pulling 4824460d29f2: 100% ▕██████████████████▏  42 GB                         [K
pulling 948af2743fc7: 100% ▕██████████████████▏ 1.5 KB                         [K
pulling bc371a43ce90: 100% ▕██████████████████▏ 7.6 KB                         [K
pulling 53a87df39647: 100% ▕██████████████████▏ 5.6 KB                         [K
pulling 56bb8bd477a5: 100% ▕██████████████████▏   96 B                         [K
pulling c7091aa45e9b: 100% ▕██████████████████▏  562 B                         [K
verifying sha256 digest ⠦ [K[?25h[?2026l[?2026h[?25l[A[A[A[A[A[A[A[1Gpulling manifest [K
pulling 4824460d29f2: 100% ▕██████████████████▏  42 GB                         [K
pulling 948af2743fc7: 100% ▕██████████████████▏ 1.5 KB                         [K
pulling bc371a43ce90: 100% ▕██████████████████▏ 7.6 KB                         [K
pulling 53a87df39647: 100% ▕██████████████████▏ 5.6 KB                         [K
pulling 56bb8bd477a5: 100% ▕██████████████████▏   96 B                         [K
pulling c7091aa45e9b: 100% ▕██████████████████▏  562 B                         [K
verifying sha256 digest ⠧ [K[?25h[?2026l[?2026h[?25l[A[A[A[A[A[A[A[1Gpulling manifest [K
pulling 4824460d29f2: 100% ▕██████████████████▏  42 GB                         [K
pulling 948af2743fc7: 100% ▕██████████████████▏ 1.5 KB                         [K
pulling bc371a43ce90: 100% ▕██████████████████▏ 7.6 KB                         [K
pulling 53a87df39647: 100% ▕██████████████████▏ 5.6 KB                         [K
pulling 56bb8bd477a5: 100% ▕██████████████████▏   96 B                         [K
pulling c7091aa45e9b: 100% ▕██████████████████▏  562 B                         [K
verifying sha256 digest ⠇ [K[?25h[?2026l[?2026h[?25l[A[A[A[A[A[A[A[1Gpulling manifest [K
pulling 4824460d29f2: 100% ▕██████████████████▏  42 GB                         [K
pulling 948af2743fc7: 100% ▕██████████████████▏ 1.5 KB                         [K
pulling bc371a43ce90: 100% ▕██████████████████▏ 7.6 KB                         [K
pulling 53a87df39647: 100% ▕██████████████████▏ 5.6 KB                         [K
pulling 56bb8bd477a5: 100% ▕██████████████████▏   96 B                         [K
pulling c7091aa45e9b: 100% ▕██████████████████▏  562 B                         [K
verifying sha256 digest ⠏ [K[?25h[?2026l[?2026h[?25l[A[A[A[A[A[A[A[1Gpulling manifest [K
pulling 4824460d29f2: 100% ▕██████████████████▏  42 GB                         [K
pulling 948af2743fc7: 100% ▕██████████████████▏ 1.5 KB                         [K
pulling bc371a43ce90: 100% ▕██████████████████▏ 7.6 KB                         [K
pulling 53a87df39647: 100% ▕██████████████████▏ 5.6 KB                         [K
pulling 56bb8bd477a5: 100% ▕██████████████████▏   96 B                         [K
pulling c7091aa45e9b: 100% ▕██████████████████▏  562 B                         [K
verifying sha256 digest ⠋ [K[?25h[?2026l[?2026h[?25l[A[A[A[A[A[A[A[1Gpulling manifest [K
pulling 4824460d29f2: 100% ▕██████████████████▏  42 GB                         [K
pulling 948af2743fc7: 100% ▕██████████████████▏ 1.5 KB                         [K
pulling bc371a43ce90: 100% ▕██████████████████▏ 7.6 KB                         [K
pulling 53a87df39647: 100% ▕██████████████████▏ 5.6 KB                         [K
pulling 56bb8bd477a5: 100% ▕██████████████████▏   96 B                         [K
pulling c7091aa45e9b: 100% ▕██████████████████▏  562 B                         [K
verifying sha256 digest ⠙ [K[?25h[?2026l[?2026h[?25l[A[A[A[A[A[A[A[1Gpulling manifest [K
pulling 4824460d29f2: 100% ▕██████████████████▏  42 GB                         [K
pulling 948af2743fc7: 100% ▕██████████████████▏ 1.5 KB                         [K
pulling bc371a43ce90: 100% ▕██████████████████▏ 7.6 KB                         [K
pulling 53a87df39647: 100% ▕██████████████████▏ 5.6 KB                         [K
pulling 56bb8bd477a5: 100% ▕██████████████████▏   96 B                         [K
pulling c7091aa45e9b: 100% ▕██████████████████▏  562 B                         [K
verifying sha256 digest ⠹ [K[?25h[?2026l[?2026h[?25l[A[A[A[A[A[A[A[1Gpulling manifest [K
pulling 4824460d29f2: 100% ▕██████████████████▏  42 GB                         [K
pulling 948af2743fc7: 100% ▕██████████████████▏ 1.5 KB                         [K
pulling bc371a43ce90: 100% ▕██████████████████▏ 7.6 KB                         [K
pulling 53a87df39647: 100% ▕██████████████████▏ 5.6 KB                         [K
pulling 56bb8bd477a5: 100% ▕██████████████████▏   96 B                         [K
pulling c7091aa45e9b: 100% ▕██████████████████▏  562 B                         [K
verifying sha256 digest ⠸ [K[?25h[?2026l[?2026h[?25l[A[A[A[A[A[A[A[1Gpulling manifest [K
pulling 4824460d29f2: 100% ▕██████████████████▏  42 GB                         [K
pulling 948af2743fc7: 100% ▕██████████████████▏ 1.5 KB                         [K
pulling bc371a43ce90: 100% ▕██████████████████▏ 7.6 KB                         [K
pulling 53a87df39647: 100% ▕██████████████████▏ 5.6 KB                         [K
pulling 56bb8bd477a5: 100% ▕██████████████████▏   96 B                         [K
pulling c7091aa45e9b: 100% ▕██████████████████▏  562 B                         [K
verifying sha256 digest ⠼ [K[?25h[?2026l[?2026h[?25l[A[A[A[A[A[A[A[1Gpulling manifest [K
pulling 4824460d29f2: 100% ▕██████████████████▏  42 GB                         [K
pulling 948af2743fc7: 100% ▕██████████████████▏ 1.5 KB                         [K
pulling bc371a43ce90: 100% ▕██████████████████▏ 7.6 KB                         [K
pulling 53a87df39647: 100% ▕██████████████████▏ 5.6 KB                         [K
pulling 56bb8bd477a5: 100% ▕██████████████████▏   96 B                         [K
pulling c7091aa45e9b: 100% ▕██████████████████▏  562 B                         [K
verifying sha256 digest ⠴ [K[?25h[?2026l[?2026h[?25l[A[A[A[A[A[A[A[1Gpulling manifest [K
pulling 4824460d29f2: 100% ▕██████████████████▏  42 GB                         [K
pulling 948af2743fc7: 100% ▕██████████████████▏ 1.5 KB                         [K
pulling bc371a43ce90: 100% ▕██████████████████▏ 7.6 KB                         [K
pulling 53a87df39647: 100% ▕██████████████████▏ 5.6 KB                         [K
pulling 56bb8bd477a5: 100% ▕██████████████████▏   96 B                         [K
pulling c7091aa45e9b: 100% ▕██████████████████▏  562 B                         [K
verifying sha256 digest [K
writing manifest [K
success [K[?25h[?2026l
